sku_id,mes,estoque_inicial,vendas_unidades,compras_unidades,estoque_final,dias_ruptura
1,2021-01,7.2,4.9,4.9,7.2,0
1,2021-02,7.2,6.4,5.9,6.7,0
1,2021-03,6.7,5.9,6.5,7.3,0
1,2021-04,7.3,3.5,3.1,6.9,0
1,2021-05,6.9,6.9,7.1,7.1,3
1,2021-06,7.1,6.5,6.9,7.5,0
1,2021-07,7.5,5.4,5.0,7.1,0
1,2021-08,7.1,4.9,4.3,6.5,0
1,2021-09,6.5,4.7,5.4,7.2,0
1,2021-10,7.2,3.6,3.2,6.9,0
1,2021-11,6.9,6.9,10.0,10.0,4
1,2021-12,10.0,6.2,5.2,9.0,0
1,2022-01,9.0,4.3,2.5,7.2,0
1,2022-02,7.2,4.7,4.4,7.0,0
1,2022-03,7.0,7.0,7.3,7.3,2
1,2022-04,7.3,4.8,4.3,6.7,0
1,2022-05,6.7,6.6,6.9,7.1,0
1,2022-06,7.1,6.9,7.2,7.4,0
1,2022-07,7.4,5.6,5.6,7.4,0
1,2022-08,7.4,6.2,6.3,7.5,0
1,2022-09,7.5,4.5,4.2,7.2,0
1,2022-10,7.2,5.1,4.8,6.9,0
1,2022-11,6.9,6.9,9.0,9.0,4
1,2022-12,9.0,5.9,5.2,8.2,0
1,2023-01,8.2,4.6,3.2,6.8,0
1,2023-02,6.8,6.8,6.6,6.6,2
1,2023-03,6.6,6.6,7.5,7.5,0
1,2023-04,7.5,5.4,5.1,7.1,0
1,2023-05,7.1,4.4,4.6,7.3,0
1,2023-06,7.3,5.6,4.8,6.5,0
1,2023-07,6.5,4.4,4.6,6.6,0
1,2023-08,6.6,5.2,6.0,7.4,0
1,2023-09,7.4,5.5,4.9,6.9,0
1,2023-10,6.9,5.6,6.0,7.2,0
1,2023-11,7.2,7.2,9.2,9.2,0
1,2023-12,9.2,7.6,7.7,9.3,0
1,2024-01,9.3,6.8,4.7,7.3,0
1,2024-02,7.3,5.1,4.6,6.8,0
1,2024-03,6.8,5.7,5.4,6.5,0
1,2024-04,6.5,5.0,4.9,6.4,0
1,2024-05,6.4,5.7,6.4,7.2,0
1,2024-06,7.2,6.8,6.8,7.1,0
1,2024-07,7.1,4.9,5.1,7.3,0
1,2024-08,7.3,4.8,4.8,7.3,0
1,2024-09,7.3,5.3,5.4,7.4,0
1,2024-10,7.4,5.1,4.2,6.5,0
1,2024-11,6.5,6.5,9.7,9.7,6
1,2024-12,9.7,6.9,5.5,8.3,0
1,2025-01,8.3,1.9,0.8,7.2,0
1,2025-02,7.2,3.6,3.3,6.9,0
1,2025-03,6.9,6.6,7.0,7.2,0
1,2025-04,7.2,5.1,4.5,6.6,0
1,2025-05,6.6,5.4,6.3,7.5,0
1,2025-06,7.5,4.9,4.0,6.6,0
1,2025-07,6.6,6.6,6.7,6.7,0
1,2025-08,6.7,6.4,6.4,6.6,0
1,2025-09,6.6,5.6,5.3,6.3,0
1,2025-10,6.3,6.0,7.0,7.4,0
1,2025-11,7.4,7.4,10.3,10.3,3
1,2025-12,10.3,6.1,4.3,8.5,0
2,2021-01,199.7,48.7,51.0,202.0,0
2,2021-02,202.0,61.5,59.5,200.0,0
2,2021-03,200.0,47.7,49.7,202.1,0
2,2021-04,202.1,55.0,51.7,198.7,0
2,2021-05,198.7,49.8,47.9,196.8,0
2,2021-06,196.8,39.1,38.0,195.8,0
2,2021-07,195.8,55.0,59.2,199.9,0
2,2021-08,199.9,40.6,41.1,200.5,0
2,2021-09,200.5,48.4,42.7,194.8,0
2,2021-10,194.8,59.7,67.0,202.1,0
2,2021-11,202.1,100.7,167.5,268.9,0
2,2021-12,268.9,58.8,41.1,251.3,0
2,2022-01,251.3,19.5,0.0,231.8,0
2,2022-02,231.8,49.8,18.1,200.1,0
2,2022-03,200.1,57.1,57.8,200.9,0
2,2022-04,200.9,53.4,47.4,194.9,0
2,2022-05,194.9,64.8,71.3,201.4,0
2,2022-06,201.4,47.2,42.0,196.2,0
2,2022-07,196.2,66.4,65.6,195.5,0
2,2022-08,195.5,58.4,56.0,193.1,0
2,2022-09,193.1,53.0,53.9,194.0,0
2,2022-10,194.0,52.1,55.2,197.0,0
2,2022-11,197.0,79.3,173.0,290.6,0
2,2022-12,290.6,72.2,29.3,247.7,0
2,2023-01,247.7,48.7,0.6,199.6,0
2,2023-02,199.6,47.3,45.6,198.0,0
2,2023-03,198.0,48.9,52.1,201.2,0
2,2023-04,201.2,47.8,40.5,193.9,0
2,2023-05,193.9,59.8,63.0,197.1,0
2,2023-06,197.1,57.7,53.2,192.6,0
2,2023-07,192.6,36.1,42.8,199.3,0
2,2023-08,199.3,46.6,47.6,200.2,0
2,2023-09,200.2,40.5,40.6,200.4,0
2,2023-10,200.4,49.2,47.7,198.9,0
2,2023-11,198.9,70.5,150.1,278.5,0
2,2023-12,278.5,57.3,29.2,250.4,0
2,2024-01,250.4,56.8,5.7,199.3,0
2,2024-02,199.3,47.2,42.1,194.2,0
2,2024-03,194.2,53.0,60.1,201.4,0
2,2024-04,201.4,49.0,47.3,199.7,0
2,2024-05,199.7,56.8,48.8,191.6,0
2,2024-06,191.6,56.4,61.0,196.2,0
2,2024-07,196.2,48.6,44.6,192.2,0
2,2024-08,192.2,54.9,57.2,194.6,0
2,2024-09,194.6,52.5,51.3,193.3,0
2,2024-10,193.3,64.2,65.6,194.7,0
2,2024-11,194.7,67.3,159.5,286.9,0
2,2024-12,286.9,65.8,24.6,245.7,0
2,2025-01,245.7,50.9,5.1,199.9,0
2,2025-02,199.9,49.3,50.8,201.4,0
2,2025-03,201.4,69.6,66.0,197.8,0
2,2025-04,197.8,53.9,51.5,195.3,0
2,2025-05,195.3,60.8,58.4,192.8,0
2,2025-06,192.8,61.4,65.0,196.4,0
2,2025-07,196.4,53.8,53.0,195.7,0
2,2025-08,195.7,54.2,56.9,198.4,0
2,2025-09,198.4,44.2,44.3,198.5,0
2,2025-10,198.5,45.2,45.2,198.5,0
2,2025-11,198.5,75.2,153.9,277.2,0
2,2025-12,277.2,48.7,22.1,250.5,0
3,2021-01,20.7,15.3,15.9,21.4,0
3,2021-02,21.4,20.1,18.9,20.2,0
3,2021-03,20.2,17.8,17.8,20.1,0
3,2021-04,20.1,16.1,15.0,19.0,0
3,2021-05,19.0,13.1,14.5,20.5,0
3,2021-06,20.5,12.8,12.9,20.6,0
3,2021-07,20.6,14.7,14.7,20.6,0
3,2021-08,20.6,12.2,11.5,19.9,0
3,2021-09,19.9,14.8,13.3,18.4,0
3,2021-10,18.4,9.9,12.1,20.6,0
3,2021-11,20.6,20.3,28.9,29.3,0
3,2021-12,29.3,17.2,11.8,24.0,0
3,2022-01,24.0,14.8,11.9,21.0,0
3,2022-02,21.0,15.0,13.8,19.8,0
3,2022-03,19.8,13.7,13.2,19.2,0
3,2022-04,19.2,16.2,17.5,20.5,0
3,2022-05,20.5,16.2,14.8,19.1,0
3,2022-06,19.1,15.1,14.9,18.9,0
3,2022-07,18.9,17.7,17.5,18.6,0
3,2022-08,18.6,16.0,16.3,18.9,0
3,2022-09,18.9,15.3,16.6,20.2,0
3,2022-10,20.2,14.9,15.8,21.0,0
3,2022-11,21.0,21.0,30.8,30.8,5
3,2022-12,30.8,15.6,9.3,24.6,0
3,2023-01,24.6,12.6,7.8,19.8,0
3,2023-02,19.8,16.3,17.5,20.9,0
3,2023-03,20.9,16.5,15.2,19.6,0
3,2023-04,19.6,19.6,21.2,21.2,1
3,2023-05,21.2,8.9,8.3,20.5,0
3,2023-06,20.5,14.1,12.6,19.1,0
3,2023-07,19.1,9.2,10.9,20.7,0
3,2023-08,20.7,19.5,20.4,21.7,0
3,2023-09,21.7,18.2,15.2,18.8,0
3,2023-10,18.8,18.8,18.8,18.8,4
3,2023-11,18.8,18.8,28.3,28.3,3
3,2023-12,28.3,20.2,18.4,26.5,0
3,2024-01,26.5,16.9,10.4,20.0,0
3,2024-02,20.0,10.2,11.2,21.0,0
3,2024-03,21.0,14.1,13.3,20.2,0
3,2024-04,20.2,15.9,15.6,19.9,0
3,2024-05,19.9,11.3,11.0,19.6,0
3,2024-06,19.6,13.6,13.7,19.6,0
3,2024-07,19.6,18.0,17.8,19.4,0
3,2024-08,19.4,16.3,15.3,18.4,0
3,2024-09,18.4,12.1,14.2,20.5,0
3,2024-10,20.5,12.5,11.9,20.0,0
3,2024-11,20.0,20.0,29.3,29.3,4
3,2024-12,29.3,15.1,11.8,25.9,0
3,2025-01,25.9,12.9,6.7,19.7,0
3,2025-02,19.7,14.7,16.4,21.3,0
3,2025-03,21.3,17.5,17.5,21.4,0
3,2025-04,21.4,13.4,11.0,19.0,0
3,2025-05,19.0,14.2,14.9,19.6,0
3,2025-06,19.6,15.3,17.0,21.3,0
3,2025-07,21.3,13.8,13.8,21.3,0
3,2025-08,21.3,14.3,12.3,19.3,0
3,2025-09,19.3,19.0,19.5,19.8,0
3,2025-10,19.8,19.3,20.8,21.3,0
3,2025-11,21.3,21.3,25.8,25.8,2
3,2025-12,25.8,19.5,19.1,25.3,0
4,2021-01,17.3,2.7,2.7,17.3,0
4,2021-02,17.3,3.2,2.8,16.9,0
4,2021-03,16.9,1.6,2.2,17.4,0
4,2021-04,17.4,4.0,4.1,17.5,0
4,2021-05,17.5,4.1,3.5,16.9,0
4,2021-06,16.9,3.5,3.5,16.9,0
4,2021-07,16.9,3.0,3.2,17.1,0
4,2021-08,17.1,4.2,4.2,17.2,0
4,2021-09,17.2,2.7,2.4,16.9,0
4,2021-10,16.9,3.4,4.0,17.5,0
4,2021-11,17.5,5.3,12.9,25.1,0
4,2021-12,25.1,3.4,0.0,21.7,0
4,2022-01,21.7,4.6,0.2,17.3,0
4,2022-02,17.3,3.6,3.8,17.5,0
4,2022-03,17.5,3.9,3.3,16.8,0
4,2022-04,16.8,3.3,3.9,17.4,0
4,2022-05,17.4,4.0,3.4,16.8,0
4,2022-06,16.8,2.8,3.3,17.4,0
4,2022-07,17.4,4.2,3.6,16.8,0
4,2022-08,16.8,3.1,3.3,17.0,0
4,2022-09,17.0,3.6,4.1,17.5,0
4,2022-10,17.5,2.7,2.2,17.0,0
4,2022-11,17.0,5.0,13.7,25.8,0
4,2022-12,25.8,4.5,0.4,21.6,0
4,2023-01,21.6,3.2,0.0,18.4,0
4,2023-02,18.4,2.6,1.6,17.4,0
4,2023-03,17.4,3.8,3.9,17.5,0
4,2023-04,17.5,4.2,3.9,17.2,0
4,2023-05,17.2,2.6,2.6,17.2,0
4,2023-06,17.2,3.8,3.4,16.8,0
4,2023-07,16.8,3.9,4.0,16.9,0
4,2023-08,16.9,4.0,4.4,17.3,0
4,2023-09,17.3,2.6,2.3,17.0,0
4,2023-10,17.0,3.7,4.0,17.3,0
4,2023-11,17.3,5.4,13.2,25.1,0
4,2023-12,25.1,4.6,1.1,21.6,0
4,2024-01,21.6,2.9,0.0,18.8,0
4,2024-02,18.8,4.4,3.0,17.3,0
4,2024-03,17.3,3.8,3.7,17.2,0
4,2024-04,17.2,3.6,3.5,17.1,0
4,2024-05,17.1,4.5,4.6,17.3,0
4,2024-06,17.3,3.8,3.5,17.0,0
4,2024-07,17.0,4.2,4.4,17.3,0
4,2024-08,17.3,4.0,4.2,17.4,0
4,2024-09,17.4,3.8,3.9,17.5,0
4,2024-10,17.5,3.2,3.1,17.4,0
4,2024-11,17.4,5.6,13.2,25.0,0
4,2024-12,25.0,4.8,1.2,21.5,0
4,2025-01,21.5,3.8,0.0,17.7,0
4,2025-02,17.7,3.0,2.7,17.4,0
4,2025-03,17.4,3.3,3.4,17.5,0
4,2025-04,17.5,5.5,5.5,17.5,0
4,2025-05,17.5,4.0,3.8,17.4,0
4,2025-06,17.4,3.1,2.8,17.1,0
4,2025-07,17.1,3.2,3.0,17.0,0
4,2025-08,17.0,3.1,3.0,16.9,0
4,2025-09,16.9,2.9,3.4,17.5,0
4,2025-10,17.5,2.6,2.1,17.0,0
4,2025-11,17.0,5.1,13.7,25.6,0
4,2025-12,25.6,5.0,1.1,21.7,0
5,2021-01,15.9,7.9,7.1,15.1,0
5,2021-02,15.1,12.9,11.7,13.9,0
5,2021-03,13.9,8.4,10.0,15.6,0
5,2021-04,15.6,7.0,6.6,15.1,0
5,2021-05,15.1,12.0,12.5,15.6,0
5,2021-06,15.6,9.7,9.1,15.1,0
5,2021-07,15.1,8.6,9.8,16.2,0
5,2021-08,16.2,9.7,9.5,16.1,0
5,2021-09,16.1,11.5,10.9,15.5,0
5,2021-10,15.5,14.2,14.5,15.7,0
5,2021-11,15.7,15.7,23.0,23.0,5
5,2021-12,23.0,14.4,10.4,19.0,0
5,2022-01,19.0,8.0,4.7,15.6,0
5,2022-02,15.6,11.9,12.7,16.4,0
5,2022-03,16.4,12.9,10.8,14.3,0
5,2022-04,14.3,10.9,12.2,15.7,0
5,2022-05,15.7,11.7,12.2,16.2,0
5,2022-06,16.2,13.7,11.6,14.1,0
5,2022-07,14.1,9.8,10.4,14.7,0
5,2022-08,14.7,7.4,8.7,16.1,0
5,2022-09,16.1,11.6,9.9,14.3,0
5,2022-10,14.3,8.4,9.4,15.3,0
5,2022-11,15.3,15.3,23.4,23.4,5
5,2022-12,23.4,12.1,9.0,20.3,0
5,2023-01,20.3,11.5,6.1,14.9,0
5,2023-02,14.9,9.4,10.2,15.6,0
5,2023-03,15.6,8.4,7.5,14.8,0
5,2023-04,14.8,10.2,10.5,15.1,0
5,2023-05,15.1,11.7,11.3,14.7,0
5,2023-06,14.7,11.0,11.0,14.7,0
5,2023-07,14.7,6.5,7.4,15.6,0
5,2023-08,15.6,8.8,9.0,15.9,0
5,2023-09,15.9,10.1,10.6,16.4,0
5,2023-10,16.4,8.5,8.3,16.2,0
5,2023-11,16.2,15.6,22.1,22.7,0
5,2023-12,22.7,14.2,10.6,19.1,0
5,2024-01,19.1,8.7,5.3,15.8,0
5,2024-02,15.8,14.2,13.7,15.3,0
5,2024-03,15.3,12.8,12.0,14.5,0
5,2024-04,14.5,13.5,15.5,16.6,0
5,2024-05,16.6,14.4,12.4,14.6,0
5,2024-06,14.6,10.1,10.9,15.4,0
5,2024-07,15.4,11.7,11.4,15.0,0
5,2024-08,15.0,10.3,11.1,15.9,0
5,2024-09,15.9,9.2,9.1,15.7,0
5,2024-10,15.7,12.1,12.2,15.8,0
5,2024-11,15.8,15.8,24.0,24.0,3
5,2024-12,24.0,15.3,11.5,20.2,0
5,2025-01,20.2,14.0,9.2,15.4,0
5,2025-02,15.4,11.0,10.5,14.9,0
5,2025-03,14.9,7.6,7.4,14.7,0
5,2025-04,14.7,12.8,13.0,15.0,0
5,2025-05,15.0,9.2,9.5,15.3,0
5,2025-06,15.3,12.5,13.4,16.2,0
5,2025-07,16.2,9.1,8.1,15.3,0
5,2025-08,15.3,12.6,12.7,15.4,0
5,2025-09,15.4,9.2,8.6,14.9,0
5,2025-10,14.9,13.6,13.0,14.3,0
5,2025-11,14.3,10.4,18.7,22.6,0
5,2025-12,22.6,11.3,7.8,19.1,0
6,2021-01,19.7,10.9,9.4,18.2,0
6,2021-02,18.2,11.5,11.9,18.5,0
6,2021-03,18.5,11.1,10.5,18.0,0
6,2021-04,18.0,16.6,16.3,17.7,0
6,2021-05,17.7,9.5,11.7,19.8,0
6,2021-06,19.8,10.3,10.4,19.9,0
6,2021-07,19.9,9.7,8.5,18.7,0
6,2021-08,18.7,13.0,12.7,18.4,0
6,2021-09,18.4,9.6,9.4,18.2,0
6,2021-10,18.2,8.8,9.8,19.2,0
6,2021-11,19.2,15.8,25.6,29.0,0
6,2021-12,29.0,12.7,7.2,23.5,0
6,2022-01,23.5,11.7,7.4,19.1,0
6,2022-02,19.1,7.2,7.6,19.6,0
6,2022-03,19.6,12.7,11.8,18.7,0
6,2022-04,18.7,11.6,11.0,18.1,0
6,2022-05,18.1,10.4,11.8,19.5,0
6,2022-06,19.5,9.9,10.0,19.6,0
6,2022-07,19.6,11.9,10.5,18.3,0
6,2022-08,18.3,10.5,10.3,18.0,0
6,2022-09,18.0,11.9,12.7,18.9,0
6,2022-10,18.9,14.7,13.8,18.0,0
6,2022-11,18.0,16.3,28.0,29.8,0
6,2022-12,29.8,16.1,11.2,25.0,0
6,2023-01,25.0,12.3,6.8,19.5,0
6,2023-02,19.5,9.9,9.8,19.4,0
6,2023-03,19.4,13.7,12.9,18.6,0
6,2023-04,18.6,12.6,11.8,17.8,0
6,2023-05,17.8,9.2,11.1,19.7,0
6,2023-06,19.7,11.7,10.3,18.3,0
6,2023-07,18.3,14.8,13.9,17.4,0
6,2023-08,17.4,13.0,15.0,19.4,0
6,2023-09,19.4,12.6,12.1,18.8,0
6,2023-10,18.8,10.3,9.5,18.0,0
6,2023-11,18.0,16.1,25.4,27.3,0
6,2023-12,27.3,14.8,11.2,23.8,0
6,2024-01,23.8,9.7,4.8,18.9,0
6,2024-02,18.9,7.8,8.4,19.6,0
6,2024-03,19.6,14.3,14.4,19.7,0
6,2024-04,19.7,9.8,9.7,19.6,0
6,2024-05,19.6,7.9,8.4,20.1,0
6,2024-06,20.1,6.0,5.9,20.0,0
6,2024-07,20.0,14.3,12.5,18.2,0
6,2024-08,18.2,10.8,11.7,19.1,0
6,2024-09,19.1,9.4,9.9,19.6,0
6,2024-10,19.6,8.9,9.1,19.8,0
6,2024-11,19.8,18.2,27.6,29.2,0
6,2024-12,29.2,13.3,7.4,23.3,0
6,2025-01,23.3,8.5,4.2,19.1,0
6,2025-02,19.1,11.9,10.8,18.1,0
6,2025-03,18.1,11.1,11.3,18.3,0
6,2025-04,18.3,9.9,11.1,19.5,0
6,2025-05,19.5,9.8,8.9,18.6,0
6,2025-06,18.6,9.8,9.3,18.2,0
6,2025-07,18.2,11.1,11.6,18.6,0
6,2025-08,18.6,10.1,10.3,18.9,0
6,2025-09,18.9,8.9,9.4,19.4,0
6,2025-10,19.4,13.1,13.3,19.6,0
6,2025-11,19.6,18.8,25.4,26.1,0
6,2025-12,26.1,13.6,11.6,24.1,0
7,2021-01,5.3,3.7,3.8,5.5,0
7,2021-02,5.5,2.5,2.3,5.3,0
7,2021-03,5.3,3.6,3.7,5.4,0
7,2021-04,5.4,2.8,2.4,5.0,0
7,2021-05,5.0,2.7,2.8,5.1,0
7,2021-06,5.1,2.7,3.0,5.4,0
7,2021-07,5.4,3.4,3.1,5.2,0
7,2021-08,5.2,2.6,2.6,5.2,0
7,2021-09,5.2,3.3,3.1,5.1,0
7,2021-10,5.1,2.9,3.3,5.4,0
7,2021-11,5.4,4.2,6.4,7.7,0
7,2021-12,7.7,3.8,2.5,6.4,0
7,2022-01,6.4,2.9,1.6,5.1,0
7,2022-02,5.1,3.2,3.2,5.1,0
7,2022-03,5.1,3.0,3.0,5.2,0
7,2022-04,5.2,3.4,3.4,5.1,0
7,2022-05,5.1,2.2,2.4,5.3,0
7,2022-06,5.3,3.2,2.8,4.9,0
7,2022-07,4.9,3.1,3.1,4.8,0
7,2022-08,4.8,2.3,2.6,5.2,0
7,2022-09,5.2,3.0,2.8,4.9,0
7,2022-10,4.9,3.1,3.5,5.3,0
7,2022-11,5.3,3.2,5.7,7.8,0
7,2022-12,7.8,2.8,1.4,6.4,0
7,2023-01,6.4,2.9,1.8,5.3,0
7,2023-02,5.3,3.0,3.0,5.3,0
7,2023-03,5.3,1.8,1.8,5.3,0
7,2023-04,5.3,2.5,2.5,5.4,0
7,2023-05,5.4,2.6,2.2,4.9,0
7,2023-06,4.9,2.8,3.0,5.2,0
7,2023-07,5.2,2.6,2.7,5.2,0
7,2023-08,5.2,2.3,2.5,5.4,0
7,2023-09,5.4,3.0,2.6,5.0,0
7,2023-10,5.0,3.1,3.2,5.0,0
7,2023-11,5.0,4.7,7.3,7.6,0
7,2023-12,7.6,3.0,2.1,6.7,0
7,2024-01,6.7,2.8,1.5,5.3,0
7,2024-02,5.3,3.2,2.9,5.0,0
7,2024-03,5.0,3.4,3.6,5.2,0
7,2024-04,5.2,3.4,3.0,4.9,0
7,2024-05,4.9,2.1,2.2,5.0,0
7,2024-06,5.0,2.2,2.3,5.1,0
7,2024-07,5.1,2.8,2.9,5.2,0
7,2024-08,5.2,2.7,2.9,5.4,0
7,2024-09,5.4,1.6,1.4,5.3,0
7,2024-10,5.3,4.1,4.1,5.3,0
7,2024-11,5.3,4.2,6.7,7.8,0
7,2024-12,7.8,4.6,3.1,6.3,0
7,2025-01,6.3,2.9,2.0,5.4,0
7,2025-02,5.4,3.2,2.7,4.8,0
7,2025-03,4.8,3.2,3.8,5.4,0
7,2025-04,5.4,2.9,2.4,4.9,0
7,2025-05,4.9,2.6,3.0,5.4,0
7,2025-06,5.4,2.8,2.7,5.3,0
7,2025-07,5.3,3.7,3.5,5.1,0
7,2025-08,5.1,2.2,2.3,5.2,0
7,2025-09,5.2,2.5,2.4,5.1,0
7,2025-10,5.1,2.9,3.0,5.2,0
7,2025-11,5.2,4.3,6.1,7.0,0
7,2025-12,7.0,3.6,3.0,6.4,0
8,2021-01,7.8,6.1,5.8,7.6,0
8,2021-02,7.6,4.9,4.7,7.4,0
8,2021-03,7.4,7.4,7.1,7.1,3
8,2021-04,7.1,7.1,7.9,7.9,4
8,2021-05,7.9,6.1,6.2,8.0,0
8,2021-06,8.0,6.7,5.8,7.1,0
8,2021-07,7.1,6.5,6.8,7.5,0
8,2021-08,7.5,6.2,6.3,7.6,0
8,2021-09,7.6,6.9,6.9,7.6,0
8,2021-10,7.6,5.3,4.7,7.0,0
8,2021-11,7.0,7.0,9.7,9.7,4
8,2021-12,9.7,6.5,6.4,9.6,0
8,2022-01,9.6,6.5,4.0,7.2,0
8,2022-02,7.2,6.0,6.1,7.3,0
8,2022-03,7.3,5.9,6.2,7.6,0
8,2022-04,7.6,7.1,6.8,7.3,0
8,2022-05,7.3,5.5,5.3,7.2,0
8,2022-06,7.2,5.8,6.6,8.0,0
8,2022-07,8.0,6.5,5.9,7.4,0
8,2022-08,7.4,7.4,7.2,7.2,3
8,2022-09,7.2,7.2,8.1,8.1,3
8,2022-10,8.1,6.8,5.9,7.1,0
8,2022-11,7.1,7.1,10.3,10.3,6
8,2022-12,10.3,8.2,8.0,10.0,0
8,2023-01,10.0,4.8,2.7,7.9,0
8,2023-02,7.9,6.8,6.7,7.9,0
8,2023-03,7.9,7.1,6.2,7.1,0
8,2023-04,7.1,6.0,6.8,7.9,0
8,2023-05,7.9,4.5,3.9,7.3,0
8,2023-06,7.3,6.8,6.4,6.9,0
8,2023-07,6.9,5.5,6.1,7.5,0
8,2023-08,7.5,6.0,5.5,6.9,0
8,2023-09,6.9,5.2,5.4,7.0,0
8,2023-10,7.0,6.2,6.2,7.0,0
8,2023-11,7.0,7.0,10.5,10.5,1
8,2023-12,10.5,7.2,6.4,9.7,0
8,2024-01,9.7,6.8,5.0,7.9,0
8,2024-02,7.9,5.8,5.3,7.4,0
8,2024-03,7.4,5.7,5.5,7.3,0
8,2024-04,7.3,7.3,7.9,7.9,1
8,2024-05,7.9,7.9,8.0,8.0,3
8,2024-06,8.0,5.9,5.6,7.7,0
8,2024-07,7.7,5.7,5.2,7.2,0
8,2024-08,7.2,5.0,5.7,8.0,0
8,2024-09,8.0,6.4,6.4,8.0,0
8,2024-10,8.0,7.1,7.0,7.9,0
8,2024-11,7.9,7.9,11.4,11.4,4
8,2024-12,11.4,7.0,5.3,9.7,0
8,2025-01,9.7,6.6,4.9,8.0,0
8,2025-02,8.0,6.1,5.2,7.1,0
8,2025-03,7.1,5.6,6.4,7.9,0
8,2025-04,7.9,4.9,4.6,7.6,0
8,2025-05,7.6,6.5,6.5,7.6,0
8,2025-06,7.6,6.1,6.2,7.8,0
8,2025-07,7.8,7.4,7.2,7.5,0
8,2025-08,7.5,5.3,4.8,7.0,0
8,2025-09,7.0,6.1,6.4,7.3,0
8,2025-10,7.3,6.5,6.3,7.1,0
8,2025-11,7.1,7.1,11.8,11.8,4
8,2025-12,11.8,7.2,5.0,9.7,0
9,2021-01,14.7,6.5,6.4,14.6,0
9,2021-02,14.6,7.5,7.8,14.9,0
9,2021-03,14.9,8.3,7.2,13.8,0
9,2021-04,13.8,7.2,7.9,14.4,0
9,2021-05,14.4,7.4,6.9,14.0,0
9,2021-06,14.0,8.8,9.3,14.5,0
9,2021-07,14.5,9.7,9.4,14.2,0
9,2021-08,14.2,8.6,7.8,13.4,0
9,2021-09,13.4,7.8,8.5,14.1,0
9,2021-10,14.1,8.7,8.5,13.9,0
9,2021-11,13.9,11.5,17.9,20.3,0
9,2021-12,20.3,9.3,7.6,18.6,0
9,2022-01,18.6,6.6,2.8,14.8,0
9,2022-02,14.8,9.1,8.3,14.1,0
9,2022-03,14.1,7.9,8.3,14.4,0
9,2022-04,14.4,10.9,11.3,14.8,0
9,2022-05,14.8,8.9,7.8,13.7,0
9,2022-06,13.7,8.0,7.7,13.4,0
9,2022-07,13.4,7.5,8.3,14.2,0
9,2022-08,14.2,8.3,8.2,14.1,0
9,2022-09,14.1,9.2,9.2,14.2,0
9,2022-10,14.2,8.1,9.0,15.0,0
9,2022-11,15.0,13.2,17.8,19.5,0
9,2022-12,19.5,9.3,7.2,17.5,0
9,2023-01,17.5,7.0,4.2,14.7,0
9,2023-02,14.7,7.6,7.7,14.7,0
9,2023-03,14.7,4.7,4.4,14.4,0
9,2023-04,14.4,5.5,5.6,14.5,0
9,2023-05,14.5,7.7,8.1,14.8,0
9,2023-06,14.8,9.2,8.3,13.9,0
9,2023-07,13.9,5.8,6.5,14.5,0
9,2023-08,14.5,7.5,7.3,14.3,0
9,2023-09,14.3,9.1,8.7,13.9,0
9,2023-10,13.9,5.9,7.0,15.0,0
9,2023-11,15.0,9.7,16.2,21.6,0
9,2023-12,21.6,7.0,3.5,18.1,0
9,2024-01,18.1,8.4,5.1,14.8,0
9,2024-02,14.8,8.1,7.1,13.9,0
9,2024-03,13.9,5.5,6.0,14.3,0
9,2024-04,14.3,9.1,9.0,14.2,0
9,2024-05,14.2,6.9,6.7,14.1,0
9,2024-06,14.1,7.1,7.1,14.1,0
9,2024-07,14.1,8.2,8.9,14.9,0
9,2024-08,14.9,8.6,8.4,14.7,0
9,2024-09,14.7,6.2,6.2,14.7,0
9,2024-10,14.7,7.8,6.9,13.7,0
9,2024-11,13.7,10.8,19.1,22.0,0
9,2024-12,22.0,11.3,7.5,18.2,0
9,2025-01,18.2,6.5,2.7,14.4,0
9,2025-02,14.4,9.4,9.9,14.8,0
9,2025-03,14.8,5.2,4.4,14.1,0
9,2025-04,14.1,8.3,8.7,14.5,0
9,2025-05,14.5,9.6,10.2,15.1,0
9,2025-06,15.1,8.4,8.3,15.0,0
9,2025-07,15.0,9.3,9.0,14.7,0
9,2025-08,14.7,8.9,7.6,13.4,0
9,2025-09,13.4,5.6,6.1,13.9,0
9,2025-10,13.9,6.7,6.7,13.9,0
9,2025-11,13.9,12.5,18.2,19.7,0
9,2025-12,19.7,9.7,8.3,18.3,0
10,2021-01,8.4,3.5,3.3,8.2,0
10,2021-02,8.2,4.2,3.9,7.9,0
10,2021-03,7.9,3.7,4.2,8.4,0
10,2021-04,8.4,3.4,3.5,8.4,0
10,2021-05,8.4,4.3,4.2,8.3,0
10,2021-06,8.3,3.4,3.4,8.3,0
10,2021-07,8.3,5.1,5.4,8.5,0
10,2021-08,8.5,3.3,3.3,8.5,0
10,2021-09,8.5,3.5,3.4,8.5,0
10,2021-10,8.5,4.4,4.6,8.6,0
10,2021-11,8.6,4.5,7.7,11.8,0
10,2021-12,11.8,5.0,3.7,10.5,0
10,2022-01,10.5,4.5,2.3,8.4,0
10,2022-02,8.4,3.9,3.4,7.9,0
10,2022-03,7.9,4.7,5.3,8.5,0
10,2022-04,8.5,3.9,3.6,8.1,0
10,2022-05,8.1,4.1,4.2,8.2,0
10,2022-06,8.2,4.7,4.2,7.7,0
10,2022-07,7.7,4.1,4.6,8.2,0
10,2022-08,8.2,3.3,3.1,8.0,0
10,2022-09,8.0,3.2,3.3,8.1,0
10,2022-10,8.1,3.5,3.8,8.4,0
10,2022-11,8.4,6.0,10.2,12.6,0
10,2022-12,12.6,3.7,1.7,10.6,0
10,2023-01,10.6,4.0,1.8,8.4,0
10,2023-02,8.4,4.8,4.9,8.6,0
10,2023-03,8.6,3.6,3.0,8.0,0
10,2023-04,8.0,3.2,3.3,8.1,0
10,2023-05,8.1,4.6,4.3,7.8,0
10,2023-06,7.8,3.9,4.4,8.2,0
10,2023-07,8.2,5.7,6.0,8.5,0
10,2023-08,8.5,4.0,4.0,8.6,0
10,2023-09,8.6,4.1,4.1,8.6,0
10,2023-10,8.6,4.3,3.8,8.1,0
10,2023-11,8.1,6.1,9.7,11.7,0
10,2023-12,11.7,5.7,4.5,10.5,0
10,2024-01,10.5,4.2,2.1,8.4,0
10,2024-02,8.4,3.9,4.0,8.4,0
10,2024-03,8.4,3.7,3.3,8.1,0
10,2024-04,8.1,3.4,3.8,8.5,0
10,2024-05,8.5,5.5,4.8,7.8,0
10,2024-06,7.8,4.3,5.1,8.6,0
10,2024-07,8.6,4.9,4.3,8.0,0
10,2024-08,8.0,4.1,3.8,7.8,0
10,2024-09,7.8,4.1,4.7,8.4,0
10,2024-10,8.4,4.5,4.6,8.5,0
10,2024-11,8.5,6.2,8.7,11.0,0
10,2024-12,11.0,5.8,4.9,10.1,0
10,2025-01,10.1,4.7,2.8,8.2,0
10,2025-02,8.2,4.4,4.8,8.6,0
10,2025-03,8.6,4.1,3.4,7.8,0
10,2025-04,7.8,4.7,5.5,8.7,0
10,2025-05,8.7,4.2,3.9,8.3,0
10,2025-06,8.3,4.9,5.1,8.5,0
10,2025-07,8.5,3.3,3.1,8.3,0
10,2025-08,8.3,5.2,4.7,7.9,0
10,2025-09,7.9,4.1,4.5,8.3,0
10,2025-10,8.3,2.7,2.6,8.2,0
10,2025-11,8.2,6.3,9.1,11.0,0
10,2025-12,11.0,5.7,5.3,10.6,0
11,2021-01,5.3,5.3,5.1,5.1,19
11,2021-02,5.1,5.1,5.1,5.1,22
11,2021-03,5.1,5.1,4.7,4.7,20
11,2021-04,4.7,4.7,4.6,4.6,19
11,2021-05,4.6,4.6,5.2,5.2,19
11,2021-06,5.2,5.2,4.5,4.5,20
11,2021-07,4.5,4.5,4.8,4.8,23
11,2021-08,4.8,4.8,5.5,5.5,21
11,2021-09,5.5,5.5,5.5,5.5,16
11,2021-10,5.5,5.5,5.3,5.3,20
11,2021-11,5.3,5.3,6.9,6.9,22
11,2021-12,6.9,6.9,5.8,5.8,20
11,2022-01,5.8,5.8,4.8,4.8,18
11,2022-02,4.8,4.8,4.7,4.7,23
11,2022-03,4.7,4.7,4.7,4.7,22
11,2022-04,4.7,4.7,4.7,4.7,20
11,2022-05,4.7,4.7,4.8,4.8,23
11,2022-06,4.8,4.8,4.6,4.6,15
11,2022-07,4.6,4.6,4.8,4.8,23
11,2022-08,4.8,4.8,5.3,5.3,17
11,2022-09,5.3,5.3,5.1,5.1,19
11,2022-10,5.1,5.1,5.0,5.0,19
11,2022-11,5.0,5.0,7.6,7.6,23
11,2022-12,7.6,7.6,6.0,6.0,16
11,2023-01,6.0,6.0,5.5,5.5,18
11,2023-02,5.5,5.5,4.9,4.9,20
11,2023-03,4.9,4.9,5.1,5.1,21
11,2023-04,5.1,5.1,4.8,4.8,22
11,2023-05,4.8,4.8,4.8,4.8,20
11,2023-06,4.8,4.8,5.0,5.0,23
11,2023-07,5.0,5.0,4.6,4.6,20
11,2023-08,4.6,4.6,5.0,5.0,22
11,2023-09,5.0,5.0,5.4,5.4,20
11,2023-10,5.4,5.4,5.0,5.0,14
11,2023-11,5.0,5.0,7.8,7.8,24
11,2023-12,7.8,7.8,6.8,6.8,15
11,2024-01,6.8,6.8,4.8,4.8,15
11,2024-02,4.8,4.8,5.4,5.4,21
11,2024-03,5.4,5.4,4.8,4.8,18
11,2024-04,4.8,4.8,5.2,5.2,19
11,2024-05,5.2,5.2,5.5,5.5,21
11,2024-06,5.5,5.5,5.0,5.0,21
11,2024-07,5.0,5.0,5.2,5.2,19
11,2024-08,5.2,5.2,5.3,5.3,19
11,2024-09,5.3,5.3,5.3,5.3,20
11,2024-10,5.3,5.3,4.8,4.8,20
11,2024-11,4.8,4.8,8.0,8.0,23
11,2024-12,8.0,8.0,6.5,6.5,20
11,2025-01,6.5,6.5,4.7,4.7,16
11,2025-02,4.7,4.7,4.9,4.9,19
11,2025-03,4.9,4.9,4.6,4.6,19
11,2025-04,4.6,4.6,5.4,5.4,21
11,2025-05,5.4,5.4,4.9,4.9,18
11,2025-06,4.9,4.9,5.1,5.1,18
11,2025-07,5.1,5.1,5.0,5.0,16
11,2025-08,5.0,5.0,4.9,4.9,23
11,2025-09,4.9,4.9,5.3,5.3,21
11,2025-10,5.3,5.3,5.5,5.5,17
11,2025-11,5.5,5.5,6.9,6.9,23
11,2025-12,6.9,6.9,6.9,6.9,20
12,2021-01,7.5,2.9,2.7,7.2,0
12,2021-02,7.2,2.9,2.8,7.1,0
12,2021-03,7.1,4.6,4.8,7.4,0
12,2021-04,7.4,3.5,3.6,7.5,0
12,2021-05,7.5,4.2,3.7,7.1,0
12,2021-06,7.1,3.5,3.7,7.3,0
12,2021-07,7.3,4.6,4.1,6.9,0
12,2021-08,6.9,3.3,4.0,7.5,0
12,2021-09,7.5,3.9,3.6,7.2,0
12,2021-10,7.2,3.9,4.4,7.7,0
12,2021-11,7.7,5.4,8.7,10.9,0
12,2021-12,10.9,5.1,3.5,9.3,0
12,2022-01,9.3,3.4,1.3,7.3,0
12,2022-02,7.3,4.2,4.5,7.5,0
12,2022-03,7.5,3.2,2.7,7.1,0
12,2022-04,7.1,5.0,5.2,7.3,0
12,2022-05,7.3,5.2,4.6,6.7,0
12,2022-06,6.7,4.8,5.0,6.9,0
12,2022-07,6.9,3.1,3.3,7.2,0
12,2022-08,7.2,5.2,5.5,7.5,0
12,2022-09,7.5,4.6,4.3,7.2,0
12,2022-10,7.2,4.1,3.9,6.9,0
12,2022-11,6.9,6.0,9.6,10.5,0
12,2022-12,10.5,5.5,4.2,9.3,0
12,2023-01,9.3,4.2,2.3,7.4,0
12,2023-02,7.4,3.9,4.2,7.6,0
12,2023-03,7.6,4.8,4.3,7.1,0
12,2023-04,7.1,3.9,4.2,7.4,0
12,2023-05,7.4,3.8,3.7,7.2,0
12,2023-06,7.2,4.1,4.1,7.2,0
12,2023-07,7.2,4.0,3.9,7.2,0
12,2023-08,7.2,4.2,4.1,7.1,0
12,2023-09,7.1,6.4,6.5,7.1,0
12,2023-10,7.1,3.7,4.0,7.4,0
12,2023-11,7.4,6.2,9.4,10.6,0
12,2023-12,10.6,5.7,4.6,9.5,0
12,2024-01,9.5,3.0,1.0,7.5,0
12,2024-02,7.5,3.9,3.6,7.2,0
12,2024-03,7.2,3.0,3.2,7.4,0
12,2024-04,7.4,3.6,3.7,7.6,0
12,2024-05,7.6,3.0,2.8,7.3,0
12,2024-06,7.3,4.2,3.8,6.9,0
12,2024-07,6.9,3.6,4.4,7.7,0
12,2024-08,7.7,4.8,4.0,6.9,0
12,2024-09,6.9,3.8,4.1,7.1,0
12,2024-10,7.1,3.8,3.9,7.2,0
12,2024-11,7.2,5.5,8.7,10.4,0
12,2024-12,10.4,4.5,3.0,8.9,0
12,2025-01,8.9,4.8,3.5,7.6,0
12,2025-02,7.6,3.1,3.1,7.6,0
12,2025-03,7.6,4.9,4.7,7.4,0
12,2025-04,7.4,3.9,3.5,6.9,0
12,2025-05,6.9,3.2,3.5,7.2,0
12,2025-06,7.2,4.1,3.9,7.1,0
12,2025-07,7.1,3.6,3.6,7.1,0
12,2025-08,7.1,3.6,3.6,7.1,0
12,2025-09,7.1,4.9,5.0,7.2,0
12,2025-10,7.2,4.5,4.1,6.8,0
12,2025-11,6.8,3.9,7.5,10.3,0
12,2025-12,10.3,4.9,3.4,8.7,0
13,2021-01,4.1,4.1,4.2,4.2,17
13,2021-02,4.2,4.2,4.1,4.1,21
13,2021-03,4.1,4.1,3.5,3.5,19
13,2021-04,3.5,3.5,3.7,3.7,23
13,2021-05,3.7,3.7,4.1,4.1,24
13,2021-06,4.1,4.1,4.2,4.2,18
13,2021-07,4.2,4.2,3.8,3.8,22
13,2021-08,3.8,3.8,3.7,3.7,23
13,2021-09,3.7,3.7,3.8,3.8,23
13,2021-10,3.8,3.8,3.6,3.6,17
13,2021-11,3.6,3.6,6.0,6.0,25
13,2021-12,6.0,6.0,4.8,4.8,21
13,2022-01,4.8,4.8,4.2,4.2,18
13,2022-02,4.2,4.2,4.3,4.3,19
13,2022-03,4.3,4.3,4.0,4.0,19
13,2022-04,4.0,4.0,3.7,3.7,21
13,2022-05,3.7,3.7,4.0,4.0,24
13,2022-06,4.0,4.0,4.0,4.0,20
13,2022-07,4.0,4.0,3.6,3.6,18
13,2022-08,3.6,3.6,4.0,4.0,17
13,2022-09,4.0,4.0,3.7,3.7,21
13,2022-10,3.7,3.7,4.0,4.0,21
13,2022-11,4.0,4.0,6.1,6.1,24
13,2022-12,6.1,6.1,4.7,4.7,17
13,2023-01,4.7,4.7,4.0,4.0,19
13,2023-02,4.0,4.0,4.2,4.2,19
13,2023-03,4.2,4.2,4.0,4.0,22
13,2023-04,4.0,4.0,4.2,4.2,22
13,2023-05,4.2,4.2,4.3,4.3,21
13,2023-06,4.3,4.3,3.5,3.5,21
13,2023-07,3.5,3.5,3.9,3.9,20
13,2023-08,3.9,3.9,3.5,3.5,22
13,2023-09,3.5,3.5,3.9,3.9,23
13,2023-10,3.9,3.9,4.1,4.1,21
13,2023-11,4.1,4.1,6.1,6.1,24
13,2023-12,6.1,6.1,4.8,4.8,18
13,2024-01,4.8,4.8,3.6,3.6,20
13,2024-02,3.6,3.6,3.7,3.7,22
13,2024-03,3.7,3.7,3.6,3.6,23
13,2024-04,3.6,3.6,3.6,3.6,23
13,2024-05,3.6,3.6,3.5,3.5,21
13,2024-06,3.5,3.5,3.7,3.7,20
13,2024-07,3.7,3.7,3.9,3.9,20
13,2024-08,3.9,3.9,3.6,3.6,21
13,2024-09,3.6,3.6,3.8,3.8,19
13,2024-10,3.8,3.8,3.8,3.8,19
13,2024-11,3.8,3.8,5.5,5.5,24
13,2024-12,5.5,5.5,4.7,4.7,22
13,2025-01,4.7,4.7,3.7,3.7,20
13,2025-02,3.7,3.7,3.7,3.7,16
13,2025-03,3.7,3.7,4.1,4.1,22
13,2025-04,4.1,4.1,3.8,3.8,21
13,2025-05,3.8,3.8,4.1,4.1,20
13,2025-06,4.1,4.1,4.0,4.0,11
13,2025-07,4.0,4.0,3.8,3.8,19
13,2025-08,3.8,3.8,4.0,4.0,21
13,2025-09,4.0,4.0,3.8,3.8,23
13,2025-10,3.8,3.8,4.2,4.2,22
13,2025-11,4.2,4.2,5.1,5.1,23
13,2025-12,5.1,5.1,5.3,5.3,20
14,2021-01,51.4,17.2,14.7,48.9,0
14,2021-02,48.9,15.0,15.3,49.2,0
14,2021-03,49.2,17.1,17.8,49.9,0
14,2021-04,49.9,14.6,14.5,49.8,0
14,2021-05,49.8,19.4,18.6,49.0,0
14,2021-06,49.0,15.8,16.0,49.3,0
14,2021-07,49.3,18.5,19.8,50.6,0
14,2021-08,50.6,14.7,15.8,51.6,0
14,2021-09,51.6,18.2,17.8,51.3,0
14,2021-10,51.3,11.5,11.3,51.0,0
14,2021-11,51.0,21.8,42.7,71.9,0
14,2021-12,71.9,21.7,13.7,63.8,0
14,2022-01,63.8,19.6,6.9,51.1,0
14,2022-02,51.1,16.0,16.7,51.7,0
14,2022-03,51.7,21.5,20.8,51.0,0
14,2022-04,51.0,20.6,19.0,49.4,0
14,2022-05,49.4,10.4,11.4,50.4,0
14,2022-06,50.4,16.8,16.1,49.7,0
14,2022-07,49.7,16.7,18.1,51.1,0
14,2022-08,51.1,18.1,16.3,49.4,0
14,2022-09,49.4,19.7,22.0,51.6,0
14,2022-10,51.6,15.1,14.0,50.6,0
14,2022-11,50.6,26.7,51.2,75.1,0
14,2022-12,75.1,15.1,4.0,64.1,0
14,2023-01,64.1,18.1,5.2,51.2,0
14,2023-02,51.2,12.8,12.6,50.9,0
14,2023-03,50.9,12.8,13.6,51.8,0
14,2023-04,51.8,18.9,16.0,48.9,0
14,2023-05,48.9,14.3,17.5,52.1,0
14,2023-06,52.1,18.1,15.0,48.9,0
14,2023-07,48.9,16.1,18.0,50.8,0
14,2023-08,50.8,17.1,17.1,50.7,0
14,2023-09,50.7,15.2,13.5,49.1,0
14,2023-10,49.1,11.4,12.4,50.0,0
14,2023-11,50.0,27.5,47.8,70.4,0
14,2023-12,70.4,24.2,16.8,63.0,0
14,2024-01,63.0,16.7,4.7,51.1,0
14,2024-02,51.1,16.0,15.1,50.1,0
14,2024-03,50.1,14.2,14.2,50.1,0
14,2024-04,50.1,13.6,15.6,52.1,0
14,2024-05,52.1,13.5,13.1,51.7,0
14,2024-06,51.7,12.4,10.6,49.8,0
14,2024-07,49.8,15.9,17.9,51.9,0
14,2024-08,51.9,19.9,17.0,48.9,0
14,2024-09,48.9,15.0,17.4,51.3,0
14,2024-10,51.3,17.6,16.9,50.5,0
14,2024-11,50.5,25.2,45.0,70.3,0
14,2024-12,70.3,18.3,12.0,64.0,0
14,2025-01,64.0,18.3,5.0,50.6,0
14,2025-02,50.6,16.1,15.5,50.1,0
14,2025-03,50.1,20.7,21.4,50.7,0
14,2025-04,50.7,20.3,19.0,49.4,0
14,2025-05,49.4,15.6,18.1,51.9,0
14,2025-06,51.9,15.6,15.6,51.9,0
14,2025-07,51.9,21.4,20.5,51.0,0
14,2025-08,51.0,13.6,12.7,50.1,0
14,2025-09,50.1,22.0,24.0,52.1,0
14,2025-10,52.1,20.2,16.9,48.8,0
14,2025-11,48.8,22.5,43.0,69.4,0
14,2025-12,69.4,20.2,14.6,63.7,0
15,2021-01,23.8,14.8,12.9,21.9,0
15,2021-02,21.9,14.4,15.7,23.2,0
15,2021-03,23.2,10.6,10.3,23.0,0
15,2021-04,23.0,12.4,12.0,22.6,0
15,2021-05,22.6,7.8,8.0,22.7,0
15,2021-06,22.7,9.1,9.1,22.8,0
15,2021-07,22.8,10.7,12.0,24.2,0
15,2021-08,24.2,8.8,7.5,22.8,0
15,2021-09,22.8,8.5,9.4,23.7,0
15,2021-10,23.7,10.6,10.3,23.3,0
15,2021-11,23.3,14.7,23.9,32.5,0
15,2021-12,32.5,16.4,13.9,29.9,0
15,2022-01,29.9,7.5,1.3,23.8,0
15,2022-02,23.8,8.8,8.1,23.1,0
15,2022-03,23.1,12.9,12.5,22.7,0
15,2022-04,22.7,12.9,13.8,23.7,0
15,2022-05,23.7,14.1,14.2,23.7,0
15,2022-06,23.7,10.2,9.0,22.6,0
15,2022-07,22.6,9.4,9.9,23.0,0
15,2022-08,23.0,13.4,12.7,22.4,0
15,2022-09,22.4,12.9,14.7,24.1,0
15,2022-10,24.1,9.4,7.9,22.7,0
15,2022-11,22.7,20.3,32.3,34.7,0
15,2022-12,34.7,14.4,9.1,29.4,0
15,2023-01,29.4,13.2,7.4,23.6,0
15,2023-02,23.6,11.2,11.9,24.3,0
15,2023-03,24.3,10.3,10.1,24.1,0
15,2023-04,24.1,12.4,10.9,22.5,0
15,2023-05,22.5,11.1,11.4,22.8,0
15,2023-06,22.8,11.5,12.6,23.9,0
15,2023-07,23.9,10.4,8.9,22.4,0
15,2023-08,22.4,11.2,12.3,23.4,0
15,2023-09,23.4,12.5,11.4,22.2,0
15,2023-10,22.2,6.2,8.0,24.1,0
15,2023-11,24.1,17.6,26.4,32.9,0
15,2023-12,32.9,9.9,6.5,29.5,0
15,2024-01,29.5,13.0,6.5,23.0,0
15,2024-02,23.0,10.2,9.4,22.2,0
15,2024-03,22.2,13.5,12.9,21.5,0
15,2024-04,21.5,10.9,12.7,23.4,0
15,2024-05,23.4,14.4,12.9,21.9,0
15,2024-06,21.9,10.9,12.1,23.2,0
15,2024-07,23.2,9.5,9.6,23.2,0
15,2024-08,23.2,9.7,9.4,22.9,0
15,2024-09,22.9,11.8,10.8,22.0,0
15,2024-10,22.0,12.4,14.7,24.3,0
15,2024-11,24.3,14.4,23.8,33.7,0
15,2024-12,33.7,18.5,13.2,28.3,0
15,2025-01,28.3,10.2,5.4,23.5,0
15,2025-02,23.5,10.8,11.3,24.0,0
15,2025-03,24.0,8.5,7.1,22.6,0
15,2025-04,22.6,13.1,12.8,22.3,0
15,2025-05,22.3,11.2,11.3,22.4,0
15,2025-06,22.4,9.0,9.1,22.5,0
15,2025-07,22.5,9.7,10.7,23.5,0
15,2025-08,23.5,10.8,9.6,22.2,0
15,2025-09,22.2,13.2,14.8,23.8,0
15,2025-10,23.8,13.6,12.8,22.9,0
15,2025-11,22.9,14.0,21.9,30.8,0
15,2025-12,30.8,11.0,10.2,30.0,0
16,2021-01,7.4,5.9,5.9,7.4,0
16,2021-02,7.4,5.8,5.5,7.1,0
16,2021-03,7.1,4.5,4.3,6.9,0
16,2021-04,6.9,5.2,5.8,7.6,0
16,2021-05,7.6,6.0,5.1,6.7,0
16,2021-06,6.7,4.3,4.7,7.1,0
16,2021-07,7.1,5.8,5.5,6.9,0
16,2021-08,6.9,6.5,7.1,7.5,0
16,2021-09,7.5,7.5,6.7,6.7,0
16,2021-10,6.7,6.1,6.1,6.8,0
16,2021-11,6.8,6.8,9.5,9.5,4
16,2021-12,9.5,7.9,7.3,8.9,0
16,2022-01,8.9,6.1,4.6,7.4,0
16,2022-02,7.4,6.8,6.5,7.1,0
16,2022-03,7.1,6.4,5.8,6.5,0
16,2022-04,6.5,5.5,6.0,7.0,0
16,2022-05,7.0,6.6,6.7,7.1,0
16,2022-06,7.1,5.9,6.0,7.3,0
16,2022-07,7.3,7.3,7.3,7.3,5
16,2022-08,7.3,5.9,5.3,6.7,0
16,2022-09,6.7,4.8,5.0,6.9,0
16,2022-10,6.9,6.9,7.3,7.3,4
16,2022-11,7.3,7.3,10.4,10.4,7
16,2022-12,10.4,7.7,6.2,8.9,0
16,2023-01,8.9,5.9,4.6,7.6,0
16,2023-02,7.6,6.2,5.5,6.9,0
16,2023-03,6.9,6.5,6.2,6.6,0
16,2023-04,6.6,3.9,4.4,7.2,0
16,2023-05,7.2,7.2,6.4,6.4,5
16,2023-06,6.4,5.8,6.6,7.2,0
16,2023-07,7.2,6.4,5.7,6.5,0
16,2023-08,6.5,6.5,6.7,6.7,2
16,2023-09,6.7,6.7,7.3,7.3,2
16,2023-10,7.3,3.9,4.1,7.5,0
16,2023-11,7.5,7.5,9.8,9.8,2
16,2023-12,9.8,6.9,5.7,8.6,0
16,2024-01,8.6,7.2,5.4,6.7,0
16,2024-02,6.7,6.7,6.6,6.6,2
16,2024-03,6.6,6.6,7.3,7.3,0
16,2024-04,7.3,6.1,5.3,6.5,0
16,2024-05,6.5,6.5,6.6,6.6,1
16,2024-06,6.6,6.6,6.6,6.6,1
16,2024-07,6.6,6.6,6.6,6.6,1
16,2024-08,6.6,6.6,7.6,7.6,5
16,2024-09,7.6,4.8,4.5,7.2,0
16,2024-10,7.2,5.4,4.8,6.6,0
16,2024-11,6.6,6.6,10.9,10.9,7
16,2024-12,10.9,9.3,7.5,9.2,0
16,2025-01,9.2,5.7,4.0,7.5,0
16,2025-02,7.5,7.0,6.6,7.0,0
16,2025-03,7.0,6.5,6.9,7.5,0
16,2025-04,7.5,6.3,5.8,6.9,0
16,2025-05,6.9,6.9,7.2,7.2,2
16,2025-06,7.2,6.2,6.2,7.1,0
16,2025-07,7.1,6.7,7.0,7.4,0
16,2025-08,7.4,7.1,6.7,7.0,0
16,2025-09,7.0,7.0,6.9,6.9,1
16,2025-10,6.9,4.5,5.2,7.6,0
16,2025-11,7.6,7.6,11.2,11.2,4
16,2025-12,11.2,8.1,5.4,8.4,0
17,2021-01,18.1,18.1,18.5,18.5,19
17,2021-02,18.5,18.5,18.8,18.8,14
17,2021-03,18.8,18.8,15.4,15.4,18
17,2021-04,15.4,15.4,18.6,18.6,20
17,2021-05,18.6,18.6,18.4,18.4,21
17,2021-06,18.4,18.4,18.0,18.0,18
17,2021-07,18.0,18.0,18.7,18.7,21
17,2021-08,18.7,18.7,17.0,17.0,19
17,2021-09,17.0,17.0,16.7,16.7,20
17,2021-10,16.7,16.7,15.4,15.4,19
17,2021-11,15.4,15.4,27.0,27.0,22
17,2021-12,27.0,27.0,23.5,23.5,18
17,2022-01,23.5,23.5,16.1,16.1,18
17,2022-02,16.1,16.1,17.1,17.1,15
17,2022-03,17.1,17.1,16.7,16.7,18
17,2022-04,16.7,16.7,15.8,15.8,19
17,2022-05,15.8,15.8,16.4,16.4,21
17,2022-06,16.4,16.4,18.4,18.4,17
17,2022-07,18.4,18.4,17.6,17.6,22
17,2022-08,17.6,17.6,17.2,17.2,19
17,2022-09,17.2,17.2,17.3,17.3,20
17,2022-10,17.3,17.3,16.5,16.5,19
17,2022-11,16.5,16.5,24.2,24.2,24
17,2022-12,24.2,24.2,20.0,20.0,19
17,2023-01,20.0,20.0,16.2,16.2,19
17,2023-02,16.2,16.2,15.8,15.8,19
17,2023-03,15.8,15.8,16.7,16.7,21
17,2023-04,16.7,16.7,18.6,18.6,21
17,2023-05,18.6,18.6,18.3,18.3,22
17,2023-06,18.3,18.3,16.8,16.8,20
17,2023-07,16.8,16.8,18.6,18.6,19
17,2023-08,18.6,18.6,17.9,17.9,21
17,2023-09,17.9,17.9,17.9,17.9,17
17,2023-10,17.9,17.9,17.0,17.0,20
17,2023-11,17.0,17.0,23.2,23.2,23
17,2023-12,23.2,23.2,23.0,23.0,18
17,2024-01,23.0,23.0,17.1,17.1,15
17,2024-02,17.1,17.1,15.9,15.9,20
17,2024-03,15.9,15.9,17.0,17.0,16
17,2024-04,17.0,17.0,18.5,18.5,20
17,2024-05,18.5,18.5,16.6,16.6,12
17,2024-06,16.6,16.6,17.8,17.8,13
17,2024-07,17.8,17.8,17.8,17.8,20
17,2024-08,17.8,17.8,15.9,15.9,19
17,2024-09,15.9,15.9,16.4,16.4,21
17,2024-10,16.4,16.4,18.6,18.6,20
17,2024-11,18.6,18.6,27.1,27.1,19
17,2024-12,27.1,27.1,19.6,19.6,19
17,2025-01,19.6,19.6,18.3,18.3,17
17,2025-02,18.3,18.3,18.4,18.4,17
17,2025-03,18.4,18.4,18.3,18.3,18
17,2025-04,18.3,18.3,16.4,16.4,4
17,2025-05,16.4,16.4,18.1,18.1,14
17,2025-06,18.1,18.1,17.7,17.7,20
17,2025-07,17.7,17.7,18.0,18.0,13
17,2025-08,18.0,18.0,15.7,15.7,19
17,2025-09,15.7,15.7,18.5,18.5,21
17,2025-10,18.5,18.5,18.5,18.5,15
17,2025-11,18.5,18.5,25.2,25.2,21
17,2025-12,25.2,25.2,21.2,21.2,14
18,2021-01,18.6,10.9,10.2,17.9,0
18,2021-02,17.9,12.1,11.1,16.9,0
18,2021-03,16.9,8.1,9.8,18.7,0
18,2021-04,18.7,10.6,11.0,19.1,0
18,2021-05,19.1,11.0,11.0,19.1,0
18,2021-06,19.1,9.4,7.6,17.3,0
18,2021-07,17.3,13.0,13.1,17.4,0
18,2021-08,17.4,8.9,8.7,17.3,0
18,2021-09,17.3,11.2,13.0,19.1,0
18,2021-10,19.1,10.2,8.8,17.7,0
18,2021-11,17.7,17.6,27.3,27.4,0
18,2021-12,27.4,10.4,5.5,22.5,0
18,2022-01,22.5,10.7,6.3,18.2,0
18,2022-02,18.2,10.0,9.1,17.2,0
18,2022-03,17.2,9.6,10.1,17.8,0
18,2022-04,17.8,10.4,9.9,17.3,0
18,2022-05,17.3,11.3,11.6,17.6,0
18,2022-06,17.6,9.6,10.9,18.8,0
18,2022-07,18.8,8.4,8.4,18.8,0
18,2022-08,18.8,9.6,8.5,17.8,0
18,2022-09,17.8,8.3,8.3,17.7,0
18,2022-10,17.7,7.2,8.2,18.7,0
18,2022-11,18.7,14.2,20.0,24.5,0
18,2022-12,24.5,13.4,12.2,23.4,0
18,2023-01,23.4,12.0,6.8,18.1,0
18,2023-02,18.1,11.4,12.1,18.8,0
18,2023-03,18.8,10.3,10.2,18.7,0
18,2023-04,18.7,11.0,9.4,17.1,0
18,2023-05,17.1,11.1,12.6,18.5,0
18,2023-06,18.5,12.0,11.7,18.1,0
18,2023-07,18.1,8.0,7.5,17.6,0
18,2023-08,17.6,10.2,10.3,17.7,0
18,2023-09,17.7,9.7,9.5,17.6,0
18,2023-10,17.6,8.7,9.2,18.1,0
18,2023-11,18.1,14.4,21.2,24.8,0
18,2023-12,24.8,14.4,13.4,23.8,0
18,2024-01,23.8,10.1,4.7,18.4,0
18,2024-02,18.4,13.2,12.4,17.5,0
18,2024-03,17.5,10.9,10.4,17.0,0
18,2024-04,17.0,11.5,11.4,17.0,0
18,2024-05,17.0,10.8,10.8,17.0,0
18,2024-06,17.0,10.4,12.2,18.8,0
18,2024-07,18.8,11.0,10.8,18.5,0
18,2024-08,18.5,11.1,9.8,17.2,0
18,2024-09,17.2,8.6,9.4,18.1,0
18,2024-10,18.1,8.9,8.6,17.8,0
18,2024-11,17.8,15.9,24.6,26.5,0
18,2024-12,26.5,13.5,9.6,22.6,0
18,2025-01,22.6,7.7,3.4,18.3,0
18,2025-02,18.3,8.8,9.4,19.0,0
18,2025-03,19.0,7.9,7.3,18.4,0
18,2025-04,18.4,12.9,12.9,18.4,0
18,2025-05,18.4,10.3,10.2,18.2,0
18,2025-06,18.2,10.4,9.4,17.2,0
18,2025-07,17.2,10.4,11.7,18.5,0
18,2025-08,18.5,12.6,11.6,17.5,0
18,2025-09,17.5,11.0,10.7,17.2,0
18,2025-10,17.2,11.1,11.5,17.6,0
18,2025-11,17.6,15.9,22.9,24.6,0
18,2025-12,24.6,11.4,10.4,23.5,0
19,2021-01,19.6,9.9,8.5,18.2,0
19,2021-02,18.2,7.6,9.4,20.0,0
19,2021-03,20.0,8.5,7.1,18.5,0
19,2021-04,18.5,11.5,11.5,18.4,0
19,2021-05,18.4,14.1,14.9,19.2,0
19,2021-06,19.2,14.3,13.1,17.9,0
19,2021-07,17.9,10.8,11.7,18.9,0
19,2021-08,18.9,10.7,9.9,18.0,0
19,2021-09,18.0,15.1,16.0,19.0,0
19,2021-10,19.0,12.3,13.1,19.8,0
19,2021-11,19.8,19.0,25.3,26.1,0
19,2021-12,26.1,14.6,11.7,23.2,0
19,2022-01,23.2,13.4,8.8,18.5,0
19,2022-02,18.5,12.0,11.3,17.8,0
19,2022-03,17.8,14.7,14.1,17.2,0
19,2022-04,17.2,10.0,12.1,19.3,0
19,2022-05,19.3,9.2,9.2,19.4,0
19,2022-06,19.4,13.0,13.5,19.9,0
19,2022-07,19.9,7.7,6.8,19.1,0
19,2022-08,19.1,12.9,11.7,18.0,0
19,2022-09,18.0,14.3,14.6,18.3,0
19,2022-10,18.3,12.9,14.7,20.1,0
19,2022-11,20.1,17.6,24.8,27.3,0
19,2022-12,27.3,16.2,12.9,24.0,0
19,2023-01,24.0,12.2,6.8,18.5,0
19,2023-02,18.5,8.8,8.7,18.4,0
19,2023-03,18.4,11.7,12.8,19.6,0
19,2023-04,19.6,10.0,10.2,19.8,0
19,2023-05,19.8,15.1,13.6,18.3,0
19,2023-06,18.3,13.5,15.1,19.9,0
19,2023-07,19.9,11.6,10.2,18.6,0
19,2023-08,18.6,12.6,12.7,18.7,0
19,2023-09,18.7,11.3,10.9,18.3,0
19,2023-10,18.3,14.9,16.1,19.5,0
19,2023-11,19.5,15.5,22.3,26.3,0
19,2023-12,26.3,19.1,18.0,25.1,0
19,2024-01,25.1,14.3,8.6,19.4,0
19,2024-02,19.4,9.8,9.3,18.9,0
19,2024-03,18.9,11.0,10.7,18.5,0
19,2024-04,18.5,12.5,11.8,17.8,0
19,2024-05,17.8,13.0,13.7,18.5,0
19,2024-06,18.5,14.2,14.6,18.9,0
19,2024-07,18.9,11.0,10.7,18.7,0
19,2024-08,18.7,10.0,10.8,19.5,0
19,2024-09,19.5,11.9,11.4,19.0,0
19,2024-10,19.0,7.3,8.2,19.9,0
19,2024-11,19.9,15.4,20.7,25.1,0
19,2024-12,25.1,14.0,12.5,23.7,0
19,2025-01,23.7,9.5,5.4,19.6,0
19,2025-02,19.6,16.9,17.2,19.9,0
19,2025-03,19.9,13.4,12.9,19.5,0
19,2025-04,19.5,11.7,11.4,19.2,0
19,2025-05,19.2,13.4,12.9,18.6,0
19,2025-06,18.6,11.9,12.5,19.3,0
19,2025-07,19.3,10.5,10.7,19.5,0
19,2025-08,19.5,13.0,13.1,19.6,0
19,2025-09,19.6,9.2,8.9,19.3,0
19,2025-10,19.3,10.3,10.7,19.7,0
19,2025-11,19.7,19.3,23.9,24.3,0
19,2025-12,24.3,15.2,15.0,24.1,0
20,2021-01,13.2,5.7,5.2,12.8,0
20,2021-02,12.8,7.1,6.7,12.4,0
20,2021-03,12.4,8.5,9.5,13.5,0
20,2021-04,13.5,9.4,8.4,12.5,0
20,2021-05,12.5,4.9,5.4,12.9,0
20,2021-06,12.9,11.5,11.2,12.6,0
20,2021-07,12.6,10.7,11.7,13.5,0
20,2021-08,13.5,6.3,5.9,13.1,0
20,2021-09,13.1,9.6,8.9,12.4,0
20,2021-10,12.4,7.4,8.2,13.3,0
20,2021-11,13.3,12.8,16.2,16.6,0
20,2021-12,16.6,10.1,10.4,16.9,0
20,2022-01,16.9,11.9,7.9,13.0,0
20,2022-02,13.0,11.3,11.2,12.8,0
20,2022-03,12.8,7.3,7.6,13.2,0
20,2022-04,13.2,10.0,9.1,12.3,0
20,2022-05,12.3,12.1,13.2,13.4,0
20,2022-06,13.4,8.8,7.7,12.3,0
20,2022-07,12.3,10.8,11.8,13.2,0
20,2022-08,13.2,8.3,8.3,13.3,0
20,2022-09,13.3,9.9,10.0,13.4,0
20,2022-10,13.4,7.6,7.6,13.4,0
20,2022-11,13.4,13.0,17.3,17.6,0
20,2022-12,17.6,10.8,9.3,16.2,0
20,2023-01,16.2,8.1,5.2,13.2,0
20,2023-02,13.2,7.8,6.8,12.2,0
20,2023-03,12.2,7.3,8.1,13.1,0
20,2023-04,13.1,8.9,7.8,11.9,0
20,2023-05,11.9,9.1,9.3,12.1,0
20,2023-06,12.1,8.1,8.1,12.2,0
20,2023-07,12.2,9.6,9.4,12.0,0
20,2023-08,12.0,9.9,9.7,11.7,0
20,2023-09,11.7,7.9,8.7,12.6,0
20,2023-10,12.6,6.1,6.8,13.3,0
20,2023-11,13.3,13.3,16.7,16.7,0
20,2023-12,16.7,11.0,10.6,16.3,0
20,2024-01,16.3,8.1,4.8,13.0,0
20,2024-02,13.0,11.2,11.1,13.0,0
20,2024-03,13.0,6.0,5.4,12.4,0
20,2024-04,12.4,9.5,8.8,11.7,0
20,2024-05,11.7,8.8,10.0,12.9,0
20,2024-06,12.9,8.6,7.7,11.9,0
20,2024-07,11.9,5.7,6.1,12.4,0
20,2024-08,12.4,7.5,7.7,12.6,0
20,2024-09,12.6,9.1,8.9,12.4,0
20,2024-10,12.4,11.2,11.1,12.3,0
20,2024-11,12.3,11.7,16.3,16.9,0
20,2024-12,16.9,8.7,8.4,16.5,0
20,2025-01,16.5,9.5,5.6,12.6,0
20,2025-02,12.6,11.5,12.4,13.5,0
20,2025-03,13.5,9.0,8.1,12.6,0
20,2025-04,12.6,5.9,5.7,12.4,0
20,2025-05,12.4,8.0,8.0,12.4,0
20,2025-06,12.4,9.7,9.1,11.8,0
20,2025-07,11.8,6.8,7.3,12.3,0
20,2025-08,12.3,10.6,9.9,11.6,0
20,2025-09,11.6,7.7,9.4,13.3,0
20,2025-10,13.3,9.9,9.3,12.7,0
20,2025-11,12.7,12.7,18.6,18.6,0
20,2025-12,18.6,12.5,10.8,16.9,0
21,2021-01,13.6,11.7,10.5,12.5,0
21,2021-02,12.5,9.2,9.7,12.9,0
21,2021-03,12.9,10.3,10.4,13.1,0
21,2021-04,13.1,9.6,8.7,12.2,0
21,2021-05,12.2,10.8,12.7,14.1,0
21,2021-06,14.1,9.5,8.3,12.9,0
21,2021-07,12.9,6.9,7.4,13.5,0
21,2021-08,13.5,12.5,11.8,12.7,0
21,2021-09,12.7,6.7,7.0,13.0,0
21,2021-10,13.0,10.5,9.6,12.2,0
21,2021-11,12.2,12.2,18.1,18.1,6
21,2021-12,18.1,9.6,7.5,16.0,0
21,2022-01,16.0,8.7,5.6,12.9,0
21,2022-02,12.9,8.9,9.7,13.8,0
21,2022-03,13.8,9.6,8.3,12.5,0
21,2022-04,12.5,10.8,10.8,12.4,0
21,2022-05,12.4,7.2,8.7,13.9,0
21,2022-06,13.9,9.1,8.9,13.8,0
21,2022-07,13.8,11.0,10.4,13.2,0
21,2022-08,13.2,11.2,10.6,12.7,0
21,2022-09,12.7,11.3,12.6,14.0,0
21,2022-10,14.0,10.9,10.4,13.6,0
21,2022-11,13.6,13.4,17.8,18.0,0
21,2022-12,18.0,10.1,8.9,16.8,0
21,2023-01,16.8,11.4,8.2,13.6,0
21,2023-02,13.6,9.2,8.6,13.0,0
21,2023-03,13.0,10.7,9.7,11.9,0
21,2023-04,11.9,7.8,9.8,14.0,0
21,2023-05,14.0,6.6,6.1,13.4,0
21,2023-06,13.4,10.1,10.5,13.8,0
21,2023-07,13.8,12.2,11.6,13.2,0
21,2023-08,13.2,8.5,8.8,13.5,0
21,2023-09,13.5,7.2,7.6,13.9,0
21,2023-10,13.9,10.3,10.1,13.7,0
21,2023-11,13.7,13.7,17.4,17.4,2
21,2023-12,17.4,10.9,10.4,16.8,0
21,2024-01,16.8,7.0,3.4,13.2,0
21,2024-02,13.2,12.1,11.2,12.3,0
21,2024-03,12.3,8.7,9.8,13.4,0
21,2024-04,13.4,11.9,12.0,13.5,0
21,2024-05,13.5,6.9,6.5,13.0,0
21,2024-06,13.0,9.9,11.0,14.1,0
21,2024-07,14.1,8.1,7.1,13.1,0
21,2024-08,13.1,9.0,9.9,14.0,0
21,2024-09,14.0,10.3,10.1,13.9,0
21,2024-10,13.9,8.9,7.9,12.9,0
21,2024-11,12.9,12.9,18.2,18.2,4
21,2024-12,18.2,12.3,10.4,16.3,0
21,2025-01,16.3,8.2,5.2,13.3,0
21,2025-02,13.3,7.2,7.3,13.4,0
21,2025-03,13.4,7.8,8.4,14.0,0
21,2025-04,14.0,10.9,10.9,13.9,0
21,2025-05,13.9,7.6,7.4,13.8,0
21,2025-06,13.8,6.0,5.7,13.5,0
21,2025-07,13.5,10.8,10.2,12.9,0
21,2025-08,12.9,11.2,12.0,13.7,0
21,2025-09,13.7,7.3,6.8,13.2,0
21,2025-10,13.2,10.5,9.5,12.2,0
21,2025-11,12.2,12.2,17.2,17.2,1
21,2025-12,17.2,9.9,8.9,16.2,0
22,2021-01,7.8,2.9,2.6,7.5,0
22,2021-02,7.5,3.3,3.4,7.6,0
22,2021-03,7.6,2.9,3.1,7.8,0
22,2021-04,7.8,2.2,2.3,7.9,0
22,2021-05,7.9,4.0,3.9,7.9,0
22,2021-06,7.9,2.9,2.9,7.9,0
22,2021-07,7.9,4.2,4.2,7.9,0
22,2021-08,7.9,3.3,3.0,7.6,0
22,2021-09,7.6,3.8,3.8,7.6,0
22,2021-10,7.6,4.2,4.3,7.8,0
22,2021-11,7.8,5.3,7.5,10.0,0
22,2021-12,10.0,3.7,3.3,9.6,0
22,2022-01,9.6,4.3,2.3,7.7,0
22,2022-02,7.7,4.3,4.1,7.4,0
22,2022-03,7.4,3.6,3.5,7.3,0
22,2022-04,7.3,4.0,4.6,8.0,0
22,2022-05,8.0,3.4,3.2,7.8,0
22,2022-06,7.8,3.5,3.0,7.3,0
22,2022-07,7.3,4.3,4.7,7.8,0
22,2022-08,7.8,3.4,3.6,7.9,0
22,2022-09,7.9,3.7,3.2,7.5,0
22,2022-10,7.5,5.2,5.1,7.4,0
22,2022-11,7.4,6.0,8.5,9.9,0
22,2022-12,9.9,4.1,3.6,9.4,0
22,2023-01,9.4,3.3,1.7,7.7,0
22,2023-02,7.7,4.3,4.2,7.5,0
22,2023-03,7.5,4.6,4.3,7.2,0
22,2023-04,7.2,4.7,5.4,8.0,0
22,2023-05,8.0,4.5,4.0,7.4,0
22,2023-06,7.4,4.4,4.9,7.9,0
22,2023-07,7.9,3.1,3.0,7.8,0
22,2023-08,7.8,4.2,3.8,7.4,0
22,2023-09,7.4,2.3,2.4,7.4,0
22,2023-10,7.4,4.4,4.4,7.4,0
22,2023-11,7.4,5.2,8.2,10.4,0
22,2023-12,10.4,5.5,4.9,9.7,0
22,2024-01,9.7,4.6,2.5,7.6,0
22,2024-02,7.6,4.2,3.9,7.2,0
22,2024-03,7.2,3.9,4.6,7.9,0
22,2024-04,7.9,3.8,3.4,7.5,0
22,2024-05,7.5,3.3,3.8,7.9,0
22,2024-06,7.9,3.8,3.1,7.3,0
22,2024-07,7.3,3.5,4.1,8.0,0
22,2024-08,8.0,3.8,3.2,7.3,0
22,2024-09,7.3,3.5,3.7,7.6,0
22,2024-10,7.6,3.9,4.1,7.8,0
22,2024-11,7.8,4.8,7.8,10.8,0
22,2024-12,10.8,4.2,3.0,9.6,0
22,2025-01,9.6,3.5,1.7,7.9,0
22,2025-02,7.9,4.6,4.6,7.9,0
22,2025-03,7.9,3.1,2.8,7.5,0
22,2025-04,7.5,3.4,3.3,7.4,0
22,2025-05,7.4,3.6,4.1,7.8,0
22,2025-06,7.8,5.1,5.3,8.0,0
22,2025-07,8.0,3.6,3.1,7.5,0
22,2025-08,7.5,3.2,3.3,7.7,0
22,2025-09,7.7,4.1,4.2,7.8,0
22,2025-10,7.8,3.2,2.8,7.4,0
22,2025-11,7.4,4.2,8.3,11.5,0
22,2025-12,11.5,4.4,2.4,9.5,0
23,2021-01,8.7,4.8,5.0,8.9,0
23,2021-02,8.9,7.3,6.6,8.3,0
23,2021-03,8.3,6.7,6.1,7.7,0
23,2021-04,7.7,6.4,7.6,8.8,0
23,2021-05,8.8,6.7,6.2,8.4,0
23,2021-06,8.4,5.3,5.1,8.2,0
23,2021-07,8.2,5.4,5.7,8.4,0
23,2021-08,8.4,4.1,4.3,8.6,0
23,2021-09,8.6,6.1,5.4,7.9,0
23,2021-10,7.9,6.6,6.5,7.8,0
23,2021-11,7.8,7.6,13.0,13.2,0
23,2021-12,13.2,8.6,5.6,10.2,0
23,2022-01,10.2,4.5,3.0,8.7,0
23,2022-02,8.7,5.3,5.5,8.8,0
23,2022-03,8.8,5.6,5.0,8.2,0
23,2022-04,8.2,6.6,7.1,8.7,0
23,2022-05,8.7,6.7,6.5,8.5,0
23,2022-06,8.5,4.7,4.4,8.1,0
23,2022-07,8.1,6.4,6.0,7.7,0
23,2022-08,7.7,7.7,8.2,8.2,2
23,2022-09,8.2,4.9,5.7,9.0,0
23,2022-10,9.0,6.2,5.6,8.3,0
23,2022-11,8.3,7.7,11.6,12.2,0
23,2022-12,12.2,7.7,6.3,10.7,0
23,2023-01,10.7,5.2,3.2,8.7,0
23,2023-02,8.7,6.3,6.1,8.5,0
23,2023-03,8.5,2.4,2.6,8.6,0
23,2023-04,8.6,4.7,4.7,8.6,0
23,2023-05,8.6,5.7,5.6,8.5,0
23,2023-06,8.5,6.1,5.5,8.0,0
23,2023-07,8.0,5.5,6.1,8.6,0
23,2023-08,8.6,4.9,4.7,8.4,0
23,2023-09,8.4,7.0,7.7,9.0,0
23,2023-10,9.0,3.5,3.4,8.9,0
23,2023-11,8.9,7.6,11.7,13.0,0
23,2023-12,13.0,7.9,5.6,10.7,0
23,2024-01,10.7,5.2,3.3,8.8,0
23,2024-02,8.8,5.9,5.2,8.0,0
23,2024-03,8.0,5.8,6.2,8.5,0
23,2024-04,8.5,5.2,5.2,8.5,0
23,2024-05,8.5,5.5,5.8,8.8,0
23,2024-06,8.8,4.3,3.9,8.4,0
23,2024-07,8.4,5.3,5.6,8.8,0
23,2024-08,8.8,5.4,5.2,8.6,0
23,2024-09,8.6,5.5,5.4,8.5,0
23,2024-10,8.5,4.7,4.3,8.1,0
23,2024-11,8.1,7.3,11.3,12.0,0
23,2024-12,12.0,5.0,3.9,11.0,0
23,2025-01,11.0,6.5,4.1,8.7,0
23,2025-02,8.7,4.8,4.5,8.3,0
23,2025-03,8.3,4.5,4.4,8.3,0
23,2025-04,8.3,3.3,3.5,8.4,0
23,2025-05,8.4,4.9,5.4,9.0,0
23,2025-06,9.0,6.4,5.7,8.3,0
23,2025-07,8.3,7.1,7.4,8.7,0
23,2025-08,8.7,3.5,3.5,8.6,0
23,2025-09,8.6,7.0,6.2,7.9,0
23,2025-10,7.9,4.9,5.1,8.1,0
23,2025-11,8.1,6.9,11.1,12.3,0
23,2025-12,12.3,6.8,5.5,11.0,0
24,2021-01,31.0,4.2,3.6,30.5,0
24,2021-02,30.5,6.7,6.9,30.7,0
24,2021-03,30.7,9.2,8.3,29.8,0
24,2021-04,29.8,8.7,9.2,30.3,0
24,2021-05,30.3,6.2,6.8,30.9,0
24,2021-06,30.9,5.7,6.1,31.3,0
24,2021-07,31.3,6.4,6.4,31.2,0
24,2021-08,31.2,8.4,7.1,29.8,0
24,2021-09,29.8,8.0,8.4,30.2,0
24,2021-10,30.2,6.8,7.4,30.8,0
24,2021-11,30.8,10.1,24.6,45.2,0
24,2021-12,45.2,7.8,1.3,38.8,0
24,2022-01,38.8,7.7,0.0,31.1,0
24,2022-02,31.1,6.7,7.0,31.4,0
24,2022-03,31.4,6.0,4.9,30.3,0
24,2022-04,30.3,6.3,6.3,30.2,0
24,2022-05,30.2,9.2,9.5,30.6,0
24,2022-06,30.6,5.1,5.2,30.7,0
24,2022-07,30.7,8.6,7.7,29.9,0
24,2022-08,29.9,8.6,9.2,30.5,0
24,2022-09,30.5,7.8,8.4,31.1,0
24,2022-10,31.1,6.5,5.5,30.1,0
24,2022-11,30.1,10.5,23.7,43.3,0
24,2022-12,43.3,9.6,4.6,38.3,0
24,2023-01,38.3,7.3,0.0,31.0,0
24,2023-02,31.0,5.1,4.5,30.5,0
24,2023-03,30.5,6.2,6.7,30.9,0
24,2023-04,30.9,6.9,5.9,30.0,0
24,2023-05,30.0,6.1,6.5,30.4,0
24,2023-06,30.4,7.6,8.0,30.8,0
24,2023-07,30.8,7.2,7.6,31.2,0
24,2023-08,31.2,9.4,9.4,31.1,0
24,2023-09,31.1,6.7,6.5,30.9,0
24,2023-10,30.9,7.0,6.6,30.5,0
24,2023-11,30.5,12.5,25.7,43.8,0
24,2023-12,43.8,10.1,5.1,38.8,0
24,2024-01,38.8,6.0,0.0,32.8,0
24,2024-02,32.8,8.1,5.9,30.6,0
24,2024-03,30.6,6.1,6.6,31.1,0
24,2024-04,31.1,7.8,7.5,30.9,0
24,2024-05,30.9,10.2,8.8,29.6,0
24,2024-06,29.6,6.9,8.2,30.9,0
24,2024-07,30.9,8.4,8.8,31.2,0
24,2024-08,31.2,8.0,7.0,30.3,0
24,2024-09,30.3,9.1,8.6,29.7,0
24,2024-10,29.7,6.6,8.3,31.4,0
24,2024-11,31.4,10.6,21.5,42.4,0
24,2024-12,42.4,9.9,5.8,38.3,0
24,2025-01,38.3,6.8,0.0,31.4,0
24,2025-02,31.4,6.5,5.2,30.1,0
24,2025-03,30.1,7.6,7.9,30.4,0
24,2025-04,30.4,8.2,8.3,30.5,0
24,2025-05,30.5,8.0,8.1,30.6,0
24,2025-06,30.6,6.2,5.8,30.2,0
24,2025-07,30.2,7.6,7.9,30.5,0
24,2025-08,30.5,7.4,7.3,30.4,0
24,2025-09,30.4,8.9,9.7,31.2,0
24,2025-10,31.2,6.4,5.6,30.4,0
24,2025-11,30.4,10.1,22.1,42.5,0
24,2025-12,42.5,11.1,6.9,38.3,0
25,2021-01,40.2,27.7,26.1,38.6,0
25,2021-02,38.6,22.5,24.8,40.9,0
25,2021-03,40.9,31.5,27.1,36.5,0
25,2021-04,36.5,26.3,30.9,41.2,0
25,2021-05,41.2,20.6,17.5,38.1,0
25,2021-06,38.1,15.8,18.3,40.5,0
25,2021-07,40.5,30.0,29.5,40.0,0
25,2021-08,40.0,30.3,28.1,37.9,0
25,2021-09,37.9,23.1,24.8,39.6,0
25,2021-10,39.6,21.9,22.7,40.4,0
25,2021-11,40.4,40.0,49.4,49.8,0
25,2021-12,49.8,40.8,36.3,45.4,0
25,2022-01,45.4,33.9,24.7,36.2,0
25,2022-02,36.2,21.4,21.6,36.4,0
25,2022-03,36.4,29.7,34.0,40.8,0
25,2022-04,40.8,33.8,28.3,35.2,0
25,2022-05,35.2,29.1,29.3,35.5,0
25,2022-06,35.5,27.7,30.9,38.7,0
25,2022-07,38.7,25.7,26.5,39.5,0
25,2022-08,39.5,16.9,15.6,38.2,0
25,2022-09,38.2,21.8,24.8,41.2,0
25,2022-10,41.2,22.6,20.2,38.8,0
25,2022-11,38.8,38.8,57.9,57.9,2
25,2022-12,57.9,35.5,24.7,47.1,0
25,2023-01,47.1,38.1,32.4,41.5,0
25,2023-02,41.5,36.9,32.8,37.4,0
25,2023-03,37.4,30.5,30.5,37.3,0
25,2023-04,37.3,30.1,34.6,41.7,0
25,2023-05,41.7,19.5,18.3,40.5,0
25,2023-06,40.5,21.6,22.1,41.1,0
25,2023-07,41.1,23.7,23.2,40.5,0
25,2023-08,40.5,20.2,19.9,40.2,0
25,2023-09,40.2,29.9,25.9,36.2,0
25,2023-10,36.2,24.5,29.2,40.9,0
25,2023-11,40.9,38.4,55.3,57.8,0
25,2023-12,57.8,38.0,26.2,45.9,0
25,2024-01,45.9,30.6,24.4,39.7,0
25,2024-02,39.7,37.0,38.1,40.9,0
25,2024-03,40.9,25.3,24.0,39.5,0
25,2024-04,39.5,32.5,33.2,40.2,0
25,2024-05,40.2,33.1,32.9,40.0,0
25,2024-06,40.0,29.2,28.6,39.4,0
25,2024-07,39.4,23.8,25.4,41.0,0
25,2024-08,41.0,19.6,16.8,38.2,0
25,2024-09,38.2,17.5,18.8,39.5,0
25,2024-10,39.5,34.6,35.6,40.5,0
25,2024-11,40.5,40.5,50.9,50.9,0
25,2024-12,50.9,40.3,40.1,50.7,0
25,2025-01,50.7,31.7,18.3,37.3,0
25,2025-02,37.3,29.3,32.0,39.9,0
25,2025-03,39.9,21.5,18.7,37.2,0
25,2025-04,37.2,29.3,33.5,41.4,0
25,2025-05,41.4,20.5,17.3,38.1,0
25,2025-06,38.1,34.4,35.9,39.6,0
25,2025-07,39.6,25.0,23.1,37.7,0
25,2025-08,37.7,32.0,32.1,37.8,0
25,2025-09,37.8,21.8,21.9,37.9,0
25,2025-10,37.9,17.1,19.4,40.2,0
25,2025-11,40.2,40.2,60.7,60.7,3
25,2025-12,60.7,37.8,28.4,51.3,0
26,2021-01,70.4,14.3,14.1,70.2,0
26,2021-02,70.2,13.3,13.5,70.4,0
26,2021-03,70.4,17.0,15.6,69.0,0
26,2021-04,69.0,15.0,14.7,68.7,0
26,2021-05,68.7,12.1,14.1,70.8,0
26,2021-06,70.8,17.4,15.8,69.2,0
26,2021-07,69.2,13.8,15.6,71.0,0
26,2021-08,71.0,16.1,16.1,71.0,0
26,2021-09,71.0,13.8,12.5,69.7,0
26,2021-10,69.7,18.1,19.3,70.9,0
26,2021-11,70.9,24.4,51.0,97.5,0
26,2021-12,97.5,17.5,8.2,88.3,0
26,2022-01,88.3,13.6,0.0,74.7,0
26,2022-02,74.7,13.2,9.1,70.5,0
26,2022-03,70.5,15.2,12.8,68.1,0
26,2022-04,68.1,15.3,16.5,69.3,0
26,2022-05,69.3,6.1,7.5,70.7,0
26,2022-06,70.7,9.4,8.0,69.2,0
26,2022-07,69.2,11.7,12.2,69.7,0
26,2022-08,69.7,17.3,16.6,69.0,0
26,2022-09,69.0,14.4,13.4,68.0,0
26,2022-10,68.0,9.2,10.6,69.4,0
26,2022-11,69.4,20.2,48.1,97.3,0
26,2022-12,97.3,15.6,5.9,87.6,0
26,2023-01,87.6,12.9,0.0,74.7,0
26,2023-02,74.7,11.6,7.5,70.7,0
26,2023-03,70.7,12.9,11.4,69.1,0
26,2023-04,69.1,11.3,11.7,69.6,0
26,2023-05,69.6,12.7,12.3,69.2,0
26,2023-06,69.2,11.9,12.4,69.8,0
26,2023-07,69.8,16.0,15.9,69.7,0
26,2023-08,69.7,13.1,11.7,68.3,0
26,2023-09,68.3,14.4,17.2,71.1,0
26,2023-10,71.1,12.4,10.0,68.8,0
26,2023-11,68.8,22.0,54.7,101.5,0
26,2023-12,101.5,17.8,4.0,87.7,0
26,2024-01,87.7,12.7,0.0,74.9,0
26,2024-02,74.9,16.5,10.7,69.1,0
26,2024-03,69.1,13.4,12.8,68.6,0
26,2024-04,68.6,19.8,18.6,67.4,0
26,2024-05,67.4,14.5,17.6,70.6,0
26,2024-06,70.6,14.3,13.8,70.1,0
26,2024-07,70.1,14.3,13.6,69.4,0
26,2024-08,69.4,17.1,17.2,69.5,0
26,2024-09,69.5,14.4,13.4,68.5,0
26,2024-10,68.5,12.9,15.1,70.7,0
26,2024-11,70.7,17.3,49.4,102.8,0
26,2024-12,102.8,21.6,6.2,87.4,0
26,2025-01,87.4,17.1,0.1,70.4,0
26,2025-02,70.4,17.7,17.5,70.2,0
26,2025-03,70.2,13.8,14.2,70.6,0
26,2025-04,70.6,11.2,9.8,69.2,0
26,2025-05,69.2,14.6,15.4,70.0,0
26,2025-06,70.0,11.7,12.5,70.7,0
26,2025-07,70.7,12.7,12.5,70.5,0
26,2025-08,70.5,17.0,16.8,70.4,0
26,2025-09,70.4,12.6,11.1,68.9,0
26,2025-10,68.9,10.9,11.4,69.3,0
26,2025-11,69.3,20.4,46.7,95.6,0
26,2025-12,95.6,13.2,4.8,87.2,0
27,2021-01,30.6,12.8,12.9,30.7,0
27,2021-02,30.7,21.0,18.5,28.3,0
27,2021-03,28.3,11.5,12.8,29.5,0
27,2021-04,29.5,17.4,17.8,29.9,0
27,2021-05,29.9,15.6,15.2,29.5,0
27,2021-06,29.5,17.9,19.5,31.1,0
27,2021-07,31.1,9.8,9.1,30.3,0
27,2021-08,30.3,19.3,17.2,28.2,0
27,2021-09,28.2,11.3,11.8,28.7,0
27,2021-10,28.7,18.4,20.5,30.8,0
27,2021-11,30.8,22.7,36.6,44.7,0
27,2021-12,44.7,23.9,15.5,36.2,0
27,2022-01,36.2,17.9,10.4,28.8,0
27,2022-02,28.8,15.2,14.7,28.3,0
27,2022-03,28.3,17.1,16.6,27.8,0
27,2022-04,27.8,15.6,18.8,31.0,0
27,2022-05,31.0,17.7,18.1,31.4,0
27,2022-06,31.4,11.7,9.7,29.4,0
27,2022-07,29.4,14.6,13.9,28.7,0
27,2022-08,28.7,13.8,16.3,31.2,0
27,2022-09,31.2,18.7,17.4,29.9,0
27,2022-10,29.9,13.0,13.0,29.9,0
27,2022-11,29.9,22.3,33.5,41.2,0
27,2022-12,41.2,16.1,11.7,36.8,0
27,2023-01,36.8,15.5,9.3,30.6,0
27,2023-02,30.6,16.7,16.1,30.0,0
27,2023-03,30.0,22.4,22.5,30.2,0
27,2023-04,30.2,14.7,14.3,29.8,0
27,2023-05,29.8,17.0,17.2,30.0,0
27,2023-06,30.0,15.5,15.6,30.1,0
27,2023-07,30.1,16.4,17.3,31.0,0
27,2023-08,31.0,17.3,15.5,29.2,0
27,2023-09,29.2,14.4,13.7,28.5,0
27,2023-10,28.5,11.2,13.1,30.3,0
27,2023-11,30.3,26.2,34.9,39.0,0
27,2023-12,39.0,20.2,19.0,37.9,0
27,2024-01,37.9,13.0,5.0,29.8,0
27,2024-02,29.8,17.4,16.7,29.1,0
27,2024-03,29.1,18.3,17.1,27.8,0
27,2024-04,27.8,10.8,12.1,29.1,0
27,2024-05,29.1,16.7,16.0,28.4,0
27,2024-06,28.4,15.1,16.0,29.3,0
27,2024-07,29.3,20.8,20.9,29.4,0
27,2024-08,29.4,12.9,12.2,28.6,0
27,2024-09,28.6,19.0,21.8,31.4,0
27,2024-10,31.4,14.2,12.9,30.1,0
27,2024-11,30.1,29.1,43.3,44.4,0
27,2024-12,44.4,23.1,15.3,36.5,0
27,2025-01,36.5,17.6,11.5,30.4,0
27,2025-02,30.4,15.1,13.9,29.2,0
27,2025-03,29.2,18.1,18.7,29.8,0
27,2025-04,29.8,19.9,20.9,30.8,0
27,2025-05,30.8,13.7,11.9,28.9,0
27,2025-06,28.9,15.9,15.5,28.6,0
27,2025-07,28.6,15.1,17.1,30.6,0
27,2025-08,30.6,17.9,17.3,30.0,0
27,2025-09,30.0,19.5,21.1,31.6,0
27,2025-10,31.6,10.8,8.7,29.4,0
27,2025-11,29.4,24.9,36.2,40.7,0
27,2025-12,40.7,16.8,13.0,36.9,0
28,2021-01,3.4,1.8,1.7,3.2,0
28,2021-02,3.2,1.9,2.1,3.5,0
28,2021-03,3.5,1.8,1.5,3.2,0
28,2021-04,3.2,2.2,2.1,3.1,0
28,2021-05,3.1,1.6,1.8,3.3,0
28,2021-06,3.3,1.8,1.8,3.3,0
28,2021-07,3.3,1.3,1.4,3.4,0
28,2021-08,3.4,2.3,2.1,3.2,0
28,2021-09,3.2,1.5,1.7,3.3,0
28,2021-10,3.3,1.8,1.9,3.4,0
28,2021-11,3.4,2.9,4.2,4.7,0
28,2021-12,4.7,2.3,1.7,4.0,0
28,2022-01,4.0,1.2,0.5,3.3,0
28,2022-02,3.3,2.2,2.3,3.4,0
28,2022-03,3.4,2.3,1.9,3.1,0
28,2022-04,3.1,2.0,2.0,3.1,0
28,2022-05,3.1,1.8,2.2,3.4,0
28,2022-06,3.4,2.0,1.7,3.2,0
28,2022-07,3.2,2.8,3.0,3.4,0
28,2022-08,3.4,1.7,1.4,3.1,0
28,2022-09,3.1,1.7,1.7,3.2,0
28,2022-10,3.2,2.3,2.2,3.1,0
28,2022-11,3.1,3.1,4.6,4.6,4
28,2022-12,4.6,2.9,2.2,4.0,0
28,2023-01,4.0,2.0,1.4,3.3,0
28,2023-02,3.3,0.9,1.0,3.4,0
28,2023-03,3.4,2.6,2.3,3.1,0
28,2023-04,3.1,1.8,1.9,3.2,0
28,2023-05,3.2,2.2,2.2,3.2,0
28,2023-06,3.2,1.4,1.5,3.3,0
28,2023-07,3.3,2.3,2.2,3.2,0
28,2023-08,3.2,2.0,2.2,3.4,0
28,2023-09,3.4,2.5,2.5,3.4,0
28,2023-10,3.4,1.1,0.9,3.3,0
28,2023-11,3.3,3.0,4.8,5.0,0
28,2023-12,5.0,2.5,1.6,4.1,0
28,2024-01,4.1,1.9,1.0,3.2,0
28,2024-02,3.2,2.1,2.3,3.5,0
28,2024-03,3.5,1.9,1.6,3.2,0
28,2024-04,3.2,2.3,2.1,3.0,0
28,2024-05,3.0,1.6,1.6,3.1,0
28,2024-06,3.1,2.2,2.3,3.2,0
28,2024-07,3.2,2.4,2.7,3.5,0
28,2024-08,3.5,1.6,1.3,3.2,0
28,2024-09,3.2,2.7,2.9,3.4,0
28,2024-10,3.4,2.0,1.7,3.1,0
28,2024-11,3.1,2.7,4.7,5.1,0
28,2024-12,5.1,2.7,1.6,4.0,0
28,2025-01,4.0,2.2,1.4,3.3,0
28,2025-02,3.3,2.1,2.3,3.5,0
28,2025-03,3.5,1.4,1.2,3.3,0
28,2025-04,3.3,2.3,2.2,3.3,0
28,2025-05,3.3,2.3,2.5,3.4,0
28,2025-06,3.4,1.7,1.7,3.4,0
28,2025-07,3.4,2.6,2.5,3.2,0
28,2025-08,3.2,2.0,1.9,3.2,0
28,2025-09,3.2,2.1,2.2,3.3,0
28,2025-10,3.3,1.5,1.6,3.4,0
28,2025-11,3.4,3.1,4.7,5.0,0
28,2025-12,5.0,2.1,1.3,4.2,0
29,2021-01,1.1,1.1,1.1,1.1,18
29,2021-02,1.1,1.1,1.2,1.2,11
29,2021-03,1.2,1.2,1.2,1.2,17
29,2021-04,1.2,1.2,1.1,1.1,19
29,2021-05,1.1,1.1,1.1,1.1,17
29,2021-06,1.1,1.1,1.2,1.2,6
29,2021-07,1.2,1.2,1.1,1.1,15
29,2021-08,1.1,1.1,1.0,1.0,12
29,2021-09,1.0,1.0,1.2,1.2,13
29,2021-10,1.2,1.2,1.2,1.2,13
29,2021-11,1.2,1.2,1.6,1.6,21
29,2021-12,1.6,1.6,1.2,1.2,11
29,2022-01,1.2,1.2,1.2,1.2,14
29,2022-02,1.2,1.2,1.1,1.1,17
29,2022-03,1.1,1.1,1.1,1.1,14
29,2022-04,1.1,1.1,1.1,1.1,17
29,2022-05,1.1,1.1,1.1,1.1,14
29,2022-06,1.1,1.1,1.2,1.2,19
29,2022-07,1.2,1.2,1.0,1.0,15
29,2022-08,1.0,1.0,1.2,1.2,15
29,2022-09,1.2,1.2,1.1,1.1,14
29,2022-10,1.1,1.1,1.2,1.2,14
29,2022-11,1.2,1.2,1.4,1.4,19
29,2022-12,1.4,1.4,1.2,1.2,14
29,2023-01,1.2,1.2,1.0,1.0,5
29,2023-02,1.0,1.0,1.1,1.1,17
29,2023-03,1.1,1.1,1.1,1.1,9
29,2023-04,1.1,1.1,1.2,1.2,14
29,2023-05,1.2,1.2,1.2,1.2,13
29,2023-06,1.2,1.2,1.1,1.1,13
29,2023-07,1.1,1.1,1.1,1.1,15
29,2023-08,1.1,1.1,1.2,1.2,17
29,2023-09,1.2,1.2,1.0,1.0,13
29,2023-10,1.0,1.0,1.1,1.1,19
29,2023-11,1.1,1.1,1.7,1.7,21
29,2023-12,1.7,1.7,1.3,1.3,14
29,2024-01,1.3,1.3,1.0,1.0,14
29,2024-02,1.0,1.0,1.0,1.0,17
29,2024-03,1.0,1.0,1.2,1.2,16
29,2024-04,1.2,1.2,1.0,1.0,14
29,2024-05,1.0,1.0,1.0,1.0,18
29,2024-06,1.0,1.0,1.0,1.0,9
29,2024-07,1.0,1.0,1.0,1.0,12
29,2024-08,1.0,1.0,1.0,1.0,18
29,2024-09,1.0,1.0,1.1,1.1,20
29,2024-10,1.1,1.1,1.0,1.0,14
29,2024-11,1.0,1.0,1.7,1.7,20
29,2024-12,1.7,1.7,1.4,1.4,5
29,2025-01,1.4,1.4,1.0,1.0,11
29,2025-02,1.0,1.0,1.0,1.0,16
29,2025-03,1.0,1.0,1.1,1.1,15
29,2025-04,1.1,1.1,1.1,1.1,9
29,2025-05,1.1,1.1,1.1,1.1,18
29,2025-06,1.1,1.1,1.1,1.1,17
29,2025-07,1.1,1.1,1.0,1.0,19
29,2025-08,1.0,1.0,1.0,1.0,19
29,2025-09,1.0,1.0,1.1,1.1,15
29,2025-10,1.1,1.1,1.1,1.1,16
29,2025-11,1.1,1.1,1.7,1.7,21
29,2025-12,1.7,1.7,1.4,1.4,12
30,2021-01,8.8,8.8,9.0,9.0,13
30,2021-02,9.0,9.0,7.8,7.8,6
30,2021-03,7.8,7.8,8.6,8.6,13
30,2021-04,8.6,8.6,8.3,8.3,16
30,2021-05,8.3,8.3,8.8,8.8,14
30,2021-06,8.8,8.8,7.6,7.6,9
30,2021-07,7.6,7.6,9.2,9.2,5
30,2021-08,9.2,9.2,8.6,8.6,12
30,2021-09,8.6,8.6,8.5,8.5,13
30,2021-10,8.5,8.5,8.8,8.8,18
30,2021-11,8.8,8.8,12.0,12.0,17
30,2021-12,12.0,12.0,9.7,9.7,13
30,2022-01,9.7,9.7,8.3,8.3,14
30,2022-02,8.3,8.3,8.4,8.4,15
30,2022-03,8.4,8.4,8.8,8.8,10
30,2022-04,8.8,8.8,7.9,7.9,13
30,2022-05,7.9,7.9,7.6,7.6,12
30,2022-06,7.6,7.6,8.8,8.8,14
30,2022-07,8.8,8.8,7.7,7.7,15
30,2022-08,7.7,7.7,9.0,9.0,9
30,2022-09,9.0,9.0,8.0,8.0,15
30,2022-10,8.0,8.0,8.7,8.7,18
30,2022-11,8.7,8.7,11.1,11.1,19
30,2022-12,11.1,11.1,10.4,10.4,12
30,2023-01,10.4,10.4,8.4,8.4,15
30,2023-02,8.4,8.4,7.7,7.7,15
30,2023-03,7.7,7.7,8.7,8.7,9
30,2023-04,8.7,8.7,7.9,7.9,10
30,2023-05,7.9,7.9,8.8,8.8,15
30,2023-06,8.8,8.8,8.1,8.1,13
30,2023-07,8.1,8.1,8.4,8.4,16
30,2023-08,8.4,8.4,8.6,8.6,15
30,2023-09,8.6,8.6,8.2,8.2,11
30,2023-10,8.2,8.2,8.6,8.6,13
30,2023-11,8.6,8.6,11.6,11.6,19
30,2023-12,11.6,11.6,9.9,9.9,16
30,2024-01,9.9,9.9,7.6,7.6,14
30,2024-02,7.6,7.6,7.8,7.8,18
30,2024-03,7.8,7.8,8.2,8.2,16
30,2024-04,8.2,8.2,8.8,8.8,14
30,2024-05,8.8,8.8,8.6,8.6,11
30,2024-06,8.6,8.6,8.0,8.0,8
30,2024-07,8.0,8.0,8.6,8.6,14
30,2024-08,8.6,8.6,8.9,8.9,14
30,2024-09,8.9,8.9,8.6,8.6,10
30,2024-10,8.6,8.6,8.6,8.6,6
30,2024-11,8.6,8.6,12.6,12.6,15
30,2024-12,12.6,12.6,10.3,10.3,3
30,2025-01,10.3,10.3,8.6,8.6,14
30,2025-02,8.6,8.6,8.8,8.8,17
30,2025-03,8.8,8.8,8.5,8.5,15
30,2025-04,8.5,8.5,9.1,9.1,15
30,2025-05,9.1,9.1,7.5,7.5,14
30,2025-06,7.5,7.5,8.7,8.7,11
30,2025-07,8.7,8.7,7.5,7.5,18
30,2025-08,7.5,7.5,8.7,8.7,15
30,2025-09,8.7,8.7,8.2,8.2,13
30,2025-10,8.2,8.2,7.6,7.6,13
30,2025-11,7.6,7.6,11.9,11.9,18
30,2025-12,11.9,11.9,10.4,10.4,12
31,2021-01,4.5,4.5,4.4,4.4,20
31,2021-02,4.4,4.4,3.9,3.9,17
31,2021-03,3.9,3.9,4.7,4.7,18
31,2021-04,4.7,4.7,3.9,3.9,15
31,2021-05,3.9,3.9,4.2,4.2,19
31,2021-06,4.2,4.2,3.9,3.9,17
31,2021-07,3.9,3.9,4.3,4.3,17
31,2021-08,4.3,4.3,4.5,4.5,20
31,2021-09,4.5,4.5,4.4,4.4,15
31,2021-10,4.4,4.4,4.0,4.0,17
31,2021-11,4.0,4.0,5.9,5.9,20
31,2021-12,5.9,5.9,5.2,5.2,17
31,2022-01,5.2,5.2,3.8,3.8,10
31,2022-02,3.8,3.8,4.7,4.7,14
31,2022-03,4.7,4.7,4.1,4.1,13
31,2022-04,4.1,4.1,4.6,4.6,17
31,2022-05,4.6,4.6,4.4,4.4,13
31,2022-06,4.4,4.4,4.7,4.7,20
31,2022-07,4.7,4.7,3.9,3.9,17
31,2022-08,3.9,3.9,4.7,4.7,18
31,2022-09,4.7,4.7,3.9,3.9,16
31,2022-10,3.9,3.9,3.9,3.9,20
31,2022-11,3.9,3.9,6.5,6.5,22
31,2022-12,6.5,6.5,5.6,5.6,17
31,2023-01,5.6,5.6,4.5,4.5,13
31,2023-02,4.5,4.5,4.1,4.1,16
31,2023-03,4.1,4.1,4.4,4.4,19
31,2023-04,4.4,4.4,4.3,4.3,16
31,2023-05,4.3,4.3,4.1,4.1,12
31,2023-06,4.1,4.1,4.6,4.6,12
31,2023-07,4.6,4.6,4.5,4.5,16
31,2023-08,4.5,4.5,4.3,4.3,17
31,2023-09,4.3,4.3,3.9,3.9,21
31,2023-10,3.9,3.9,4.0,4.0,15
31,2023-11,4.0,4.0,6.4,6.4,21
31,2023-12,6.4,6.4,5.0,5.0,14
31,2024-01,5.0,5.0,4.0,4.0,19
31,2024-02,4.0,4.0,4.2,4.2,18
31,2024-03,4.2,4.2,4.0,4.0,17
31,2024-04,4.0,4.0,4.3,4.3,19
31,2024-05,4.3,4.3,4.1,4.1,2
31,2024-06,4.1,4.1,4.5,4.5,20
31,2024-07,4.5,4.5,4.6,4.6,17
31,2024-08,4.6,4.6,4.6,4.6,18
31,2024-09,4.6,4.6,4.2,4.2,10
31,2024-10,4.2,4.2,4.0,4.0,20
31,2024-11,4.0,4.0,6.1,6.1,23
31,2024-12,6.1,6.1,5.3,5.3,19
31,2025-01,5.3,5.3,3.9,3.9,14
31,2025-02,3.9,3.9,4.3,4.3,21
31,2025-03,4.3,4.3,4.4,4.4,19
31,2025-04,4.4,4.4,4.3,4.3,17
31,2025-05,4.3,4.3,4.5,4.5,11
31,2025-06,4.5,4.5,4.7,4.7,19
31,2025-07,4.7,4.7,4.1,4.1,16
31,2025-08,4.1,4.1,4.5,4.5,21
31,2025-09,4.5,4.5,4.5,4.5,17
31,2025-10,4.5,4.5,4.3,4.3,12
31,2025-11,4.3,4.3,6.4,6.4,21
31,2025-12,6.4,6.4,5.7,5.7,15
32,2021-01,4.4,4.4,4.5,4.5,14
32,2021-02,4.5,4.5,4.4,4.4,13
32,2021-03,4.4,4.4,4.1,4.1,15
32,2021-04,4.1,4.1,4.6,4.6,17
32,2021-05,4.6,4.6,4.4,4.4,15
32,2021-06,4.4,4.4,4.5,4.5,16
32,2021-07,4.5,4.5,3.9,3.9,9
32,2021-08,3.9,3.9,4.4,4.4,15
32,2021-09,4.4,4.4,4.4,4.4,14
32,2021-10,4.4,4.4,4.3,4.3,16
32,2021-11,4.3,4.3,6.1,6.1,16
32,2021-12,6.1,6.1,4.9,4.9,12
32,2022-01,4.9,4.9,4.3,4.3,13
32,2022-02,4.3,4.3,3.9,3.9,17
32,2022-03,3.9,3.9,4.3,4.3,15
32,2022-04,4.3,4.3,4.4,4.4,8
32,2022-05,4.4,4.4,4.4,4.4,14
32,2022-06,4.4,4.4,4.5,4.5,9
32,2022-07,4.5,4.5,3.9,3.9,16
32,2022-08,3.9,3.9,4.4,4.4,12
32,2022-09,4.4,4.4,4.1,4.1,7
32,2022-10,4.1,4.1,4.0,4.0,13
32,2022-11,4.0,4.0,6.1,6.1,19
32,2022-12,6.1,6.1,4.8,4.8,12
32,2023-01,4.8,4.8,3.8,3.8,10
32,2023-02,3.8,3.8,4.5,4.5,18
32,2023-03,4.5,4.5,4.5,4.5,15
32,2023-04,4.5,4.5,4.2,4.2,15
32,2023-05,4.2,3.3,3.1,4.1,0
32,2023-06,4.1,4.1,3.8,3.8,14
32,2023-07,3.8,3.8,3.8,3.8,10
32,2023-08,3.8,3.8,4.0,4.0,16
32,2023-09,4.0,4.0,4.5,4.5,15
32,2023-10,4.5,4.5,3.8,3.8,10
32,2023-11,3.8,3.8,6.0,6.0,19
32,2023-12,6.0,6.0,4.7,4.7,10
32,2024-01,4.7,4.7,4.5,4.5,8
32,2024-02,4.5,4.5,3.9,3.9,9
32,2024-03,3.9,3.9,4.4,4.4,17
32,2024-04,4.4,4.4,3.9,3.9,13
32,2024-05,3.9,3.9,3.9,3.9,15
32,2024-06,3.9,3.9,4.4,4.4,15
32,2024-07,4.4,4.4,4.5,4.5,7
32,2024-08,4.5,4.5,4.2,4.2,13
32,2024-09,4.2,4.2,4.1,4.1,13
32,2024-10,4.1,4.1,4.4,4.4,17
32,2024-11,4.4,4.4,5.7,5.7,17
32,2024-12,5.7,5.7,5.7,5.7,9
32,2025-01,5.7,5.7,3.8,3.8,9
32,2025-02,3.8,3.8,4.1,4.1,16
32,2025-03,4.1,4.1,4.6,4.6,14
32,2025-04,4.6,4.6,3.8,3.8,14
32,2025-05,3.8,3.8,4.0,4.0,14
32,2025-06,4.0,4.0,4.0,4.0,16
32,2025-07,4.0,4.0,4.3,4.3,13
32,2025-08,4.3,4.3,4.3,4.3,8
32,2025-09,4.3,4.3,4.2,4.2,15
32,2025-10,4.2,4.2,3.8,3.8,17
32,2025-11,3.8,3.8,6.2,6.2,20
32,2025-12,6.2,6.2,4.8,4.8,12
33,2021-01,58.9,46.9,45.5,57.6,0
33,2021-02,57.6,57.6,58.5,58.5,0
33,2021-03,58.5,51.1,50.3,57.7,0
33,2021-04,57.7,33.6,34.6,58.7,0
33,2021-05,58.7,55.1,57.1,60.7,0
33,2021-06,60.7,54.8,55.6,61.4,0
33,2021-07,61.4,48.8,42.2,54.9,0
33,2021-08,54.9,50.6,53.1,57.5,0
33,2021-09,57.5,43.9,44.6,58.1,0
33,2021-10,58.1,52.5,54.4,60.0,0
33,2021-11,60.0,60.0,76.4,76.4,3
33,2021-12,76.4,59.4,49.8,66.8,0
33,2022-01,66.8,56.3,50.7,61.3,0
33,2022-02,61.3,49.4,43.7,55.6,0
33,2022-03,55.6,48.9,45.2,52.0,0
33,2022-04,52.0,52.0,58.9,58.9,4
33,2022-05,58.9,46.5,45.2,57.7,0
33,2022-06,57.7,57.6,56.7,56.7,0
33,2022-07,56.7,50.9,47.3,53.2,0
33,2022-08,53.2,44.2,52.0,61.0,0
33,2022-09,61.0,44.9,42.4,58.5,0
33,2022-10,58.5,53.5,49.4,54.4,0
33,2022-11,54.4,54.4,72.8,72.8,11
33,2022-12,72.8,52.9,54.5,74.3,0
33,2023-01,74.3,38.7,22.8,58.5,0
33,2023-02,58.5,58.5,51.9,51.9,1
33,2023-03,51.9,51.9,53.0,53.0,2
33,2023-04,53.0,50.6,52.0,54.4,0
33,2023-05,54.4,36.0,42.2,60.6,0
33,2023-06,60.6,57.9,53.4,56.0,0
33,2023-07,56.0,35.7,37.7,57.9,0
33,2023-08,57.9,56.2,49.4,51.1,0
33,2023-09,51.1,46.5,56.2,60.8,0
33,2023-10,60.8,49.0,41.7,53.6,0
33,2023-11,53.6,53.6,80.4,80.4,6
33,2023-12,80.4,53.2,44.0,71.3,0
33,2024-01,71.3,45.1,28.9,55.1,0
33,2024-02,55.1,53.5,59.6,61.2,0
33,2024-03,61.2,31.1,26.5,56.6,0
33,2024-04,56.6,36.4,34.5,54.7,0
33,2024-05,54.7,54.6,61.2,61.3,0
33,2024-06,61.3,51.0,42.9,53.2,0
33,2024-07,53.2,53.2,53.1,53.1,5
33,2024-08,53.1,37.9,39.4,54.5,0
33,2024-09,54.5,40.2,40.3,54.7,0
33,2024-10,54.7,47.9,51.8,58.6,0
33,2024-11,58.6,58.6,79.5,79.5,5
33,2024-12,79.5,62.5,52.5,69.5,0
33,2025-01,69.5,50.4,36.7,55.8,0
33,2025-02,55.8,54.5,51.0,52.3,0
33,2025-03,52.3,32.8,36.3,55.8,0
33,2025-04,55.8,50.3,46.7,52.2,0
33,2025-05,52.2,43.8,43.4,51.8,0
33,2025-06,51.8,43.0,51.3,60.1,0
33,2025-07,60.1,60.1,52.6,52.6,1
33,2025-08,52.6,45.6,52.9,59.8,0
33,2025-09,59.8,58.9,60.2,61.2,0
33,2025-10,61.2,61.2,56.8,56.8,4
33,2025-11,56.8,56.8,82.2,82.2,5
33,2025-12,82.2,60.3,48.5,70.4,0
34,2021-01,24.3,8.1,7.5,23.8,0
34,2021-02,23.8,6.4,6.8,24.1,0
34,2021-03,24.1,5.7,5.3,23.7,0
34,2021-04,23.7,6.4,7.2,24.5,0
34,2021-05,24.5,6.8,6.4,24.2,0
34,2021-06,24.2,6.7,6.9,24.4,0
34,2021-07,24.4,6.1,6.0,24.3,0
34,2021-08,24.3,6.6,6.8,24.4,0
34,2021-09,24.4,5.9,5.9,24.5,0
34,2021-10,24.5,6.7,6.6,24.4,0
34,2021-11,24.4,9.9,17.8,32.3,0
34,2021-12,32.3,8.4,6.4,30.2,0
34,2022-01,30.2,3.3,0.0,26.9,0
34,2022-02,26.9,4.8,2.0,24.2,0
34,2022-03,24.2,5.3,4.8,23.7,0
34,2022-04,23.7,5.3,6.0,24.5,0
34,2022-05,24.5,6.2,6.1,24.4,0
34,2022-06,24.4,4.8,4.8,24.4,0
34,2022-07,24.4,7.2,7.0,24.1,0
34,2022-08,24.1,8.9,8.5,23.7,0
34,2022-09,23.7,7.1,7.6,24.2,0
34,2022-10,24.2,6.9,7.2,24.6,0
34,2022-11,24.6,8.7,17.3,33.2,0
34,2022-12,33.2,6.2,3.1,30.2,0
34,2023-01,30.2,7.3,1.3,24.3,0
34,2023-02,24.3,5.6,5.6,24.4,0
34,2023-03,24.4,6.2,6.1,24.3,0
34,2023-04,24.3,6.7,5.8,23.5,0
34,2023-05,23.5,6.0,6.7,24.1,0
34,2023-06,24.1,5.4,5.1,23.8,0
34,2023-07,23.8,6.0,6.7,24.6,0
34,2023-08,24.6,6.8,6.7,24.5,0
34,2023-09,24.5,5.5,4.9,23.9,0
34,2023-10,23.9,5.7,5.7,23.9,0
34,2023-11,23.9,10.6,19.6,32.9,0
34,2023-12,32.9,7.8,5.2,30.3,0
34,2024-01,30.3,4.7,0.0,25.5,0
34,2024-02,25.5,5.6,4.5,24.4,0
34,2024-03,24.4,4.8,4.6,24.2,0
34,2024-04,24.2,7.3,6.7,23.6,0
34,2024-05,23.6,4.7,5.1,24.0,0
34,2024-06,24.0,6.9,6.5,23.6,0
34,2024-07,23.6,7.5,8.1,24.3,0
34,2024-08,24.3,8.6,8.8,24.5,0
34,2024-09,24.5,5.1,4.2,23.6,0
34,2024-10,23.6,5.8,6.2,24.1,0
34,2024-11,24.1,7.8,18.4,34.7,0
34,2024-12,34.7,8.6,3.9,30.0,0
34,2025-01,30.0,7.9,2.1,24.3,0
34,2025-02,24.3,9.3,9.2,24.2,0
34,2025-03,24.2,6.9,6.5,23.7,0
34,2025-04,23.7,6.3,6.4,23.9,0
34,2025-05,23.9,6.1,6.0,23.7,0
34,2025-06,23.7,5.3,5.2,23.7,0
34,2025-07,23.7,4.8,5.3,24.2,0
34,2025-08,24.2,4.7,5.1,24.6,0
34,2025-09,24.6,8.7,8.8,24.7,0
34,2025-10,24.7,6.4,5.9,24.1,0
34,2025-11,24.1,11.1,21.3,34.2,0
34,2025-12,34.2,9.0,4.5,29.8,0
35,2021-01,14.1,8.0,7.7,13.8,0
35,2021-02,13.8,7.9,7.0,12.9,0
35,2021-03,12.9,6.3,7.2,13.8,0
35,2021-04,13.8,10.1,9.7,13.4,0
35,2021-05,13.4,8.5,8.3,13.3,0
35,2021-06,13.3,9.1,9.8,14.0,0
35,2021-07,14.0,5.2,5.5,14.3,0
35,2021-08,14.3,10.1,8.8,13.1,0
35,2021-09,13.1,7.1,8.2,14.2,0
35,2021-10,14.2,7.4,7.2,14.0,0
35,2021-11,14.0,14.0,18.8,18.8,1
35,2021-12,18.8,10.0,8.1,17.0,0
35,2022-01,17.0,7.8,4.2,13.5,0
35,2022-02,13.5,11.0,11.6,14.0,0
35,2022-03,14.0,5.6,5.8,14.3,0
35,2022-04,14.3,9.3,8.6,13.5,0
35,2022-05,13.5,11.5,12.6,14.6,0
35,2022-06,14.6,12.3,12.2,14.5,0
35,2022-07,14.5,11.8,10.0,12.7,0
35,2022-08,12.7,7.0,7.1,12.8,0
35,2022-09,12.8,9.8,10.5,13.6,0
35,2022-10,13.6,11.0,10.5,13.1,0
35,2022-11,13.1,13.1,20.0,20.0,2
35,2022-12,20.0,11.1,8.4,17.4,0
35,2023-01,17.4,7.6,4.2,13.9,0
35,2023-02,13.9,10.5,11.0,14.4,0
35,2023-03,14.4,7.0,6.8,14.2,0
35,2023-04,14.2,6.6,5.5,13.1,0
35,2023-05,13.1,7.9,8.1,13.4,0
35,2023-06,13.4,9.4,9.6,13.6,0
35,2023-07,13.6,11.6,11.4,13.4,0
35,2023-08,13.4,8.9,8.5,13.1,0
35,2023-09,13.1,10.9,11.8,13.9,0
35,2023-10,13.9,7.8,6.9,13.0,0
35,2023-11,13.0,12.8,18.7,18.9,0
35,2023-12,18.9,11.0,8.8,16.6,0
35,2024-01,16.6,8.2,5.3,13.7,0
35,2024-02,13.7,11.3,10.5,13.0,0
35,2024-03,13.0,6.9,7.8,13.9,0
35,2024-04,13.9,6.7,7.2,14.4,0
35,2024-05,14.4,11.3,11.4,14.6,0
35,2024-06,14.6,9.8,9.3,14.0,0
35,2024-07,14.0,10.5,9.2,12.7,0
35,2024-08,12.7,8.0,8.9,13.5,0
35,2024-09,13.5,10.4,10.4,13.4,0
35,2024-10,13.4,6.4,7.0,14.0,0
35,2024-11,14.0,13.3,17.9,18.6,0
35,2024-12,18.6,12.2,11.1,17.4,0
35,2025-01,17.4,6.0,2.7,14.2,0
35,2025-02,14.2,8.1,7.2,13.2,0
35,2025-03,13.2,7.0,7.5,13.7,0
35,2025-04,13.7,7.9,7.5,13.3,0
35,2025-05,13.3,8.8,9.2,13.7,0
35,2025-06,13.7,8.6,8.9,14.0,0
35,2025-07,14.0,5.9,5.9,14.0,0
35,2025-08,14.0,10.4,10.2,13.8,0
35,2025-09,13.8,7.1,7.1,13.8,0
35,2025-10,13.8,9.8,10.0,14.0,0
35,2025-11,14.0,12.3,17.7,19.5,0
35,2025-12,19.5,8.9,6.1,16.7,0
36,2021-01,44.1,44.1,45.4,45.4,15
36,2021-02,45.4,45.4,41.1,41.1,9
36,2021-03,41.1,41.1,42.4,42.4,15
36,2021-04,42.4,42.4,42.3,42.3,9
36,2021-05,42.3,42.3,43.5,43.5,15
36,2021-06,43.5,43.5,37.8,37.8,5
36,2021-07,37.8,37.8,45.6,45.6,15
36,2021-08,45.6,45.6,45.6,45.6,11
36,2021-09,45.6,45.6,40.7,40.7,9
36,2021-10,40.7,40.7,43.4,43.4,9
36,2021-11,43.4,43.4,66.3,66.3,16
36,2021-12,66.3,66.3,55.3,55.3,2
36,2022-01,55.3,55.3,39.4,39.4,3
36,2022-02,39.4,39.4,42.1,42.1,14
36,2022-03,42.1,42.1,40.8,40.8,14
36,2022-04,40.8,40.8,45.0,45.0,11
36,2022-05,45.0,45.0,42.7,42.7,13
36,2022-06,42.7,42.7,45.5,45.5,15
36,2022-07,45.5,45.5,46.0,46.0,11
36,2022-08,46.0,46.0,44.1,44.1,12
36,2022-09,44.1,44.1,41.9,41.9,13
36,2022-10,41.9,41.9,39.3,39.3,9
36,2022-11,39.3,39.3,55.6,55.6,19
36,2022-12,55.6,55.6,54.1,54.1,10
36,2023-01,54.1,54.1,42.5,42.5,11
36,2023-02,42.5,42.5,45.8,45.8,11
36,2023-03,45.8,45.8,39.8,39.8,14
36,2023-04,39.8,39.8,46.0,46.0,11
36,2023-05,46.0,46.0,43.7,43.7,10
36,2023-06,43.7,43.7,43.4,43.4,10
36,2023-07,43.4,43.4,44.0,44.0,13
36,2023-08,44.0,44.0,45.8,45.8,11
36,2023-09,45.8,45.8,40.5,40.5,7
36,2023-10,40.5,40.5,43.5,43.5,13
36,2023-11,43.5,43.5,62.5,62.5,17
36,2023-12,62.5,62.5,50.8,50.8,9
36,2024-01,50.8,50.8,40.0,40.0,5
36,2024-02,40.0,40.0,45.1,45.1,16
36,2024-03,45.1,45.1,39.3,39.3,7
36,2024-04,39.3,39.3,45.2,45.2,15
36,2024-05,45.2,45.2,43.6,43.6,12
36,2024-06,43.6,43.6,45.8,45.8,16
36,2024-07,45.8,45.8,45.5,45.5,12
36,2024-08,45.5,45.5,45.8,45.8,10
36,2024-09,45.8,45.8,38.2,38.2,13
36,2024-10,38.2,38.2,38.9,38.9,13
36,2024-11,38.9,38.9,55.0,55.0,16
36,2024-12,55.0,55.0,48.5,48.5,11
36,2025-01,48.5,48.5,40.8,40.8,10
36,2025-02,40.8,40.8,39.9,39.9,13
36,2025-03,39.9,39.9,45.8,45.8,17
36,2025-04,45.8,45.8,43.8,43.8,8
36,2025-05,43.8,43.8,44.4,44.4,14
36,2025-06,44.4,44.4,38.7,38.7,12
36,2025-07,38.7,38.7,41.4,41.4,13
36,2025-08,41.4,41.4,46.0,46.0,9
36,2025-09,46.0,46.0,39.3,39.3,11
36,2025-10,39.3,39.3,45.5,45.5,10
36,2025-11,45.5,45.5,60.2,60.2,15
36,2025-12,60.2,60.2,53.5,53.5,5
37,2021-01,112.2,53.3,53.8,112.7,0
37,2021-02,112.7,33.9,31.1,109.9,0
37,2021-03,109.9,38.5,42.5,113.9,0
37,2021-04,113.9,53.7,48.1,108.3,0
37,2021-05,108.3,47.2,48.3,109.4,0
37,2021-06,109.4,58.2,55.4,106.5,0
37,2021-07,106.5,49.7,51.1,107.9,0
37,2021-08,107.9,52.9,54.2,109.2,0
37,2021-09,109.2,47.8,48.7,110.1,0
37,2021-10,110.1,49.4,48.2,109.0,0
37,2021-11,109.0,83.8,124.2,149.4,0
37,2021-12,149.4,51.0,41.2,139.5,0
37,2022-01,139.5,66.5,37.6,110.6,0
37,2022-02,110.6,60.9,55.7,105.3,0
37,2022-03,105.3,36.5,44.1,112.9,0
37,2022-04,112.9,57.9,48.9,104.0,0
37,2022-05,104.0,51.1,55.9,108.8,0
37,2022-06,108.8,49.0,51.5,111.3,0
37,2022-07,111.3,52.8,49.6,108.1,0
37,2022-08,108.1,53.3,58.4,113.1,0
37,2022-09,113.1,46.6,44.9,111.4,0
37,2022-10,111.4,50.0,49.8,111.2,0
37,2022-11,111.2,90.2,127.9,148.8,0
37,2022-12,148.8,53.4,42.9,138.3,0
37,2023-01,138.3,63.7,37.8,112.4,0
37,2023-02,112.4,46.9,45.7,111.2,0
37,2023-03,111.2,59.7,60.4,111.9,0
37,2023-04,111.9,41.4,35.9,106.4,0
37,2023-05,106.4,46.7,51.5,111.1,0
37,2023-06,111.1,52.3,46.8,105.6,0
37,2023-07,105.6,34.3,36.2,107.5,0
37,2023-08,107.5,41.7,41.5,107.3,0
37,2023-09,107.3,70.0,74.4,111.7,0
37,2023-10,111.7,62.7,62.2,111.2,0
37,2023-11,111.2,88.9,127.4,149.6,0
37,2023-12,149.6,74.5,56.2,131.3,0
37,2024-01,131.3,49.1,31.1,113.3,0
37,2024-02,113.3,72.2,71.1,112.2,0
37,2024-03,112.2,76.9,74.9,110.2,0
37,2024-04,110.2,43.4,42.5,109.3,0
37,2024-05,109.3,54.6,57.2,111.9,0
37,2024-06,111.9,53.5,50.7,109.2,0
37,2024-07,109.2,54.2,53.7,108.7,0
37,2024-08,108.7,64.0,63.1,107.7,0
37,2024-09,107.7,54.9,60.9,113.7,0
37,2024-10,113.7,56.1,55.0,112.7,0
37,2024-11,112.7,79.6,117.2,150.2,0
37,2024-12,150.2,55.8,40.0,134.4,0
37,2025-01,134.4,72.0,48.5,111.0,0
37,2025-02,111.0,41.0,37.6,107.6,0
37,2025-03,107.6,51.6,57.4,113.4,0
37,2025-04,113.4,52.7,49.3,109.9,0
37,2025-05,109.9,58.6,58.8,110.1,0
37,2025-06,110.1,60.9,61.6,110.8,0
37,2025-07,110.8,35.5,37.3,112.6,0
37,2025-08,112.6,56.6,55.2,111.2,0
37,2025-09,111.2,44.8,40.4,106.8,0
37,2025-10,106.8,59.5,58.0,105.3,0
37,2025-11,105.3,60.6,121.0,165.8,0
37,2025-12,165.8,71.1,44.8,139.6,0
38,2021-01,3.3,2.3,2.3,3.4,0
38,2021-02,3.4,2.6,2.5,3.3,0
38,2021-03,3.3,2.4,2.3,3.2,0
38,2021-04,3.2,2.1,1.9,3.1,0
38,2021-05,3.1,2.8,2.7,2.9,0
38,2021-06,2.9,2.8,2.9,3.0,0
38,2021-07,3.0,2.7,2.9,3.1,0
38,2021-08,3.1,1.9,2.1,3.3,0
38,2021-09,3.3,2.1,2.1,3.4,0
38,2021-10,3.4,2.3,2.2,3.3,0
38,2021-11,3.3,3.2,4.4,4.5,0
38,2021-12,4.5,2.3,1.8,4.0,0
38,2022-01,4.0,2.8,2.0,3.3,0
38,2022-02,3.3,2.5,2.7,3.4,0
38,2022-03,3.4,1.9,1.7,3.2,0
38,2022-04,3.2,1.7,1.8,3.3,0
38,2022-05,3.3,2.7,2.8,3.4,0
38,2022-06,3.4,3.0,3.1,3.5,0
38,2022-07,3.5,2.5,2.4,3.4,0
38,2022-08,3.4,2.4,2.0,3.1,0
38,2022-09,3.1,2.3,2.6,3.3,0
38,2022-10,3.3,2.1,1.9,3.1,0
38,2022-11,3.1,3.1,4.9,4.9,7
38,2022-12,4.9,3.2,2.2,3.8,0
38,2023-01,3.8,2.3,1.9,3.4,0
38,2023-02,3.4,1.4,1.3,3.3,0
38,2023-03,3.3,1.6,1.5,3.3,0
38,2023-04,3.3,2.2,2.3,3.3,0
38,2023-05,3.3,1.9,1.7,3.1,0
38,2023-06,3.1,2.4,2.6,3.3,0
38,2023-07,3.3,2.8,2.7,3.1,0
38,2023-08,3.1,2.5,2.3,3.0,0
38,2023-09,3.0,2.4,2.4,3.0,0
38,2023-10,3.0,2.5,3.0,3.5,0
38,2023-11,3.5,3.0,3.9,4.3,0
38,2023-12,4.3,3.1,2.7,3.9,0
38,2024-01,3.9,2.2,1.6,3.4,0
38,2024-02,3.4,2.2,2.1,3.2,0
38,2024-03,3.2,2.3,2.5,3.3,0
38,2024-04,3.3,1.7,1.6,3.3,0
38,2024-05,3.3,2.4,2.1,3.0,0
38,2024-06,3.0,2.4,2.6,3.2,0
38,2024-07,3.2,2.0,1.9,3.2,0
38,2024-08,3.2,2.0,2.0,3.2,0
38,2024-09,3.2,2.0,2.2,3.3,0
38,2024-10,3.3,3.3,3.4,3.4,1
38,2024-11,3.4,3.3,4.3,4.4,0
38,2024-12,4.4,3.3,3.0,4.1,0
38,2025-01,4.1,1.3,0.5,3.3,0
38,2025-02,3.3,1.8,1.9,3.3,0
38,2025-03,3.3,1.7,1.5,3.1,0
38,2025-04,3.1,2.1,2.1,3.1,0
38,2025-05,3.1,2.6,2.8,3.2,0
38,2025-06,3.2,2.5,2.3,3.0,0
38,2025-07,3.0,2.3,2.3,2.9,0
38,2025-08,2.9,2.5,2.7,3.1,0
38,2025-09,3.1,2.2,2.2,3.0,0
38,2025-10,3.0,2.3,2.7,3.5,0
38,2025-11,3.5,3.5,4.2,4.2,4
38,2025-12,4.2,3.2,3.0,4.0,0
39,2021-01,45.3,12.8,12.8,45.2,0
39,2021-02,45.2,20.3,17.7,42.6,0
39,2021-03,42.6,21.6,22.9,43.9,0
39,2021-04,43.9,23.0,23.4,44.4,0
39,2021-05,44.4,19.3,21.1,46.2,0
39,2021-06,46.2,15.8,13.5,43.9,0
39,2021-07,43.9,20.0,19.1,43.0,0
39,2021-08,43.0,20.0,20.5,43.6,0
39,2021-09,43.6,18.5,18.5,43.6,0
39,2021-10,43.6,24.9,23.5,42.2,0
39,2021-11,42.2,24.1,42.5,60.6,0
39,2021-12,60.6,28.8,22.6,54.3,0
39,2022-01,54.3,21.9,12.3,44.7,0
39,2022-02,44.7,19.2,20.3,45.7,0
39,2022-03,45.7,18.5,16.9,44.0,0
39,2022-04,44.0,16.0,15.3,43.3,0
39,2022-05,43.3,18.8,19.7,44.2,0
39,2022-06,44.2,21.4,20.8,43.6,0
39,2022-07,43.6,17.2,18.6,45.0,0
39,2022-08,45.0,28.4,26.3,43.0,0
39,2022-09,43.0,15.9,18.5,45.6,0
39,2022-10,45.6,21.9,20.0,43.7,0
39,2022-11,43.7,28.4,47.8,63.2,0
39,2022-12,63.2,31.6,25.8,57.3,0
39,2023-01,57.3,19.5,7.5,45.3,0
39,2023-02,45.3,19.5,19.7,45.5,0
39,2023-03,45.5,28.1,25.1,42.5,0
39,2023-04,42.5,19.3,22.5,45.6,0
39,2023-05,45.6,21.1,21.5,46.0,0
39,2023-06,46.0,18.2,18.1,45.9,0
39,2023-07,45.9,23.2,23.4,46.1,0
39,2023-08,46.1,22.0,22.0,46.1,0
39,2023-09,46.1,17.1,15.7,44.6,0
39,2023-10,44.6,22.3,22.5,44.9,0
39,2023-11,44.9,28.7,44.9,61.1,0
39,2023-12,61.1,28.1,23.2,56.2,0
39,2024-01,56.2,16.9,5.3,44.7,0
39,2024-02,44.7,24.5,22.3,42.4,0
39,2024-03,42.4,25.1,27.4,44.8,0
39,2024-04,44.8,17.8,16.5,43.4,0
39,2024-05,43.4,20.9,19.5,42.0,0
39,2024-06,42.0,23.6,25.3,43.8,0
39,2024-07,43.8,16.0,15.6,43.4,0
39,2024-08,43.4,21.5,23.7,45.6,0
39,2024-09,45.6,22.3,20.2,43.4,0
39,2024-10,43.4,16.5,15.9,42.8,0
39,2024-11,42.8,27.5,48.5,63.8,0
39,2024-12,63.8,31.4,22.1,54.5,0
39,2025-01,54.5,22.6,11.6,43.5,0
39,2025-02,43.5,20.0,21.2,44.7,0
39,2025-03,44.7,17.1,17.4,45.1,0
39,2025-04,45.1,23.6,23.0,44.5,0
39,2025-05,44.5,18.9,19.6,45.2,0
39,2025-06,45.2,29.8,26.5,41.9,0
39,2025-07,41.9,22.4,22.6,42.0,0
39,2025-08,42.0,25.3,29.6,46.3,0
39,2025-09,46.3,22.0,20.2,44.5,0
39,2025-10,44.5,27.1,26.5,43.9,0
39,2025-11,43.9,32.1,52.0,63.8,0
39,2025-12,63.8,22.9,15.5,56.4,0
40,2021-01,7.5,3.8,3.5,7.1,0
40,2021-02,7.1,4.2,4.2,7.1,0
40,2021-03,7.1,5.0,5.1,7.2,0
40,2021-04,7.2,3.3,3.5,7.5,0
40,2021-05,7.5,4.6,4.1,6.9,0
40,2021-06,6.9,5.0,5.2,7.1,0
40,2021-07,7.1,4.0,4.2,7.3,0
40,2021-08,7.3,4.3,3.8,6.8,0
40,2021-09,6.8,3.4,3.7,7.1,0
40,2021-10,7.1,4.6,5.0,7.4,0
40,2021-11,7.4,6.4,8.6,9.5,0
40,2021-12,9.5,4.7,3.9,8.7,0
40,2022-01,8.7,4.6,3.1,7.2,0
40,2022-02,7.2,3.9,4.4,7.7,0
40,2022-03,7.7,3.7,3.1,7.1,0
40,2022-04,7.1,3.1,3.5,7.5,0
40,2022-05,7.5,3.5,3.0,7.1,0
40,2022-06,7.1,3.8,3.8,7.1,0
40,2022-07,7.1,5.0,5.4,7.5,0
40,2022-08,7.5,4.6,4.6,7.5,0
40,2022-09,7.5,4.1,3.8,7.2,0
40,2022-10,7.2,3.1,2.8,7.0,0
40,2022-11,7.0,5.5,8.0,9.4,0
40,2022-12,9.4,4.6,4.2,9.1,0
40,2023-01,9.1,5.1,3.4,7.4,0
40,2023-02,7.4,3.9,3.8,7.3,0
40,2023-03,7.3,5.8,5.2,6.7,0
40,2023-04,6.7,4.4,4.6,6.9,0
40,2023-05,6.9,3.5,4.1,7.5,0
40,2023-06,7.5,4.1,3.9,7.3,0
40,2023-07,7.3,3.4,3.5,7.4,0
40,2023-08,7.4,4.3,4.0,7.0,0
40,2023-09,7.0,2.5,2.8,7.3,0
40,2023-10,7.3,4.9,4.5,6.9,0
40,2023-11,6.9,5.9,8.5,9.5,0
40,2023-12,9.5,5.6,5.6,9.6,0
40,2024-01,9.6,3.1,0.9,7.3,0
40,2024-02,7.3,5.7,5.6,7.2,0
40,2024-03,7.2,3.1,3.5,7.6,0
40,2024-04,7.6,4.1,3.6,7.0,0
40,2024-05,7.0,3.1,3.5,7.5,0
40,2024-06,7.5,3.8,3.3,7.0,0
40,2024-07,7.0,4.2,4.1,6.9,0
40,2024-08,6.9,2.9,3.1,7.0,0
40,2024-09,7.0,3.9,4.0,7.1,0
40,2024-10,7.1,4.3,4.7,7.5,0
40,2024-11,7.5,5.1,8.5,10.9,0
40,2024-12,10.9,5.6,3.9,9.2,0
40,2025-01,9.2,3.9,2.0,7.4,0
40,2025-02,7.4,3.1,3.1,7.4,0
40,2025-03,7.4,3.5,3.7,7.6,0
40,2025-04,7.6,3.4,3.3,7.5,0
40,2025-05,7.5,3.9,3.9,7.5,0
40,2025-06,7.5,4.4,4.0,7.0,0
40,2025-07,7.0,4.0,3.9,6.9,0
40,2025-08,6.9,4.2,4.3,7.0,0
40,2025-09,7.0,4.0,4.3,7.4,0
40,2025-10,7.4,4.4,4.3,7.3,0
40,2025-11,7.3,6.6,10.6,11.3,0
40,2025-12,11.3,5.8,3.5,9.0,0
41,2021-01,4.3,4.3,4.4,4.4,14
41,2021-02,4.4,4.4,4.0,4.0,17
41,2021-03,4.0,4.0,3.9,3.9,15
41,2021-04,3.9,3.9,4.4,4.4,15
41,2021-05,4.4,4.4,4.0,4.0,17
41,2021-06,4.0,4.0,4.0,4.0,17
41,2021-07,4.0,4.0,3.8,3.8,13
41,2021-08,3.8,3.8,4.0,4.0,12
41,2021-09,4.0,4.0,3.8,3.8,15
41,2021-10,3.8,3.8,4.2,4.2,14
41,2021-11,4.2,4.2,6.5,6.5,20
41,2021-12,6.5,6.5,4.9,4.9,6
41,2022-01,4.9,4.9,4.5,4.5,13
41,2022-02,4.5,4.5,3.8,3.8,14
41,2022-03,3.8,3.8,3.7,3.7,20
41,2022-04,3.7,3.7,4.4,4.4,18
41,2022-05,4.4,4.4,3.7,3.7,15
41,2022-06,3.7,3.7,4.2,4.2,6
41,2022-07,4.2,4.2,3.8,3.8,15
41,2022-08,3.8,3.8,4.4,4.4,18
41,2022-09,4.4,4.4,3.7,3.7,17
41,2022-10,3.7,3.7,3.7,3.7,17
41,2022-11,3.7,3.7,5.6,5.6,21
41,2022-12,5.6,5.6,5.2,5.2,15
41,2023-01,5.2,5.2,3.9,3.9,12
41,2023-02,3.9,3.9,4.5,4.5,17
41,2023-03,4.5,4.5,3.8,3.8,19
41,2023-04,3.8,3.8,3.8,3.8,15
41,2023-05,3.8,3.8,4.4,4.4,13
41,2023-06,4.4,4.4,4.3,4.3,11
41,2023-07,4.3,4.3,3.7,3.7,14
41,2023-08,3.7,3.7,4.2,4.2,16
41,2023-09,4.2,4.2,3.8,3.8,18
41,2023-10,3.8,3.8,4.4,4.4,18
41,2023-11,4.4,4.4,6.1,6.1,18
41,2023-12,6.1,6.1,4.8,4.8,11
41,2024-01,4.8,4.8,4.3,4.3,16
41,2024-02,4.3,4.3,4.0,4.0,18
41,2024-03,4.0,4.0,4.5,4.5,18
41,2024-04,4.5,4.5,4.3,4.3,14
41,2024-05,4.3,4.3,4.2,4.2,12
41,2024-06,4.2,4.2,3.8,3.8,14
41,2024-07,3.8,3.8,4.2,4.2,15
41,2024-08,4.2,4.2,4.3,4.3,11
41,2024-09,4.3,4.3,3.9,3.9,15
41,2024-10,3.9,3.9,4.0,4.0,17
41,2024-11,4.0,4.0,5.4,5.4,16
41,2024-12,5.4,5.4,5.0,5.0,15
41,2025-01,5.0,5.0,4.4,4.4,11
41,2025-02,4.4,4.4,4.1,4.1,18
41,2025-03,4.1,4.1,3.8,3.8,18
41,2025-04,3.8,3.8,3.7,3.7,15
41,2025-05,3.7,3.7,4.2,4.2,19
41,2025-06,4.2,4.2,4.4,4.4,15
41,2025-07,4.4,4.4,4.1,4.1,17
41,2025-08,4.1,4.1,3.7,3.7,12
41,2025-09,3.7,3.7,4.1,4.1,19
41,2025-10,4.1,4.1,3.7,3.7,18
41,2025-11,3.7,3.7,6.4,6.4,19
41,2025-12,6.4,6.4,5.3,5.3,13
42,2021-01,21.9,7.6,7.3,21.6,0
42,2021-02,21.6,13.0,12.6,21.2,0
42,2021-03,21.2,15.0,15.2,21.3,0
42,2021-04,21.3,10.8,11.5,22.1,0
42,2021-05,22.1,13.2,13.7,22.5,0
42,2021-06,22.5,14.0,13.6,22.1,0
42,2021-07,22.1,12.5,12.0,21.6,0
42,2021-08,21.6,10.1,10.2,21.6,0
42,2021-09,21.6,8.6,7.8,20.8,0
42,2021-10,20.8,11.3,11.3,20.8,0
42,2021-11,20.8,17.3,25.6,29.1,0
42,2021-12,29.1,13.5,12.2,27.7,0
42,2022-01,27.7,11.3,4.7,21.2,0
42,2022-02,21.2,11.2,12.3,22.3,0
42,2022-03,22.3,8.0,7.5,21.8,0
42,2022-04,21.8,11.2,11.2,21.8,0
42,2022-05,21.8,11.7,12.2,22.3,0
42,2022-06,22.3,14.6,13.0,20.7,0
42,2022-07,20.7,11.7,13.0,22.0,0
42,2022-08,22.0,12.0,10.6,20.7,0
42,2022-09,20.7,11.2,12.5,22.0,0
42,2022-10,22.0,9.9,8.9,21.0,0
42,2022-11,21.0,13.6,22.2,29.6,0
42,2022-12,29.6,15.4,11.3,25.6,0
42,2023-01,25.6,9.7,5.8,21.7,0
42,2023-02,21.7,12.1,12.9,22.5,0
42,2023-03,22.5,12.0,10.5,20.9,0
42,2023-04,20.9,10.8,12.2,22.3,0
42,2023-05,22.3,11.6,9.8,20.5,0
42,2023-06,20.5,12.8,12.4,20.0,0
42,2023-07,20.0,13.6,15.4,21.9,0
42,2023-08,21.9,11.7,11.1,21.3,0
42,2023-09,21.3,9.8,10.1,21.6,0
42,2023-10,21.6,10.4,10.8,22.0,0
42,2023-11,22.0,15.6,25.0,31.5,0
42,2023-12,31.5,17.4,11.9,26.0,0
42,2024-01,26.0,9.0,5.1,22.1,0
42,2024-02,22.1,8.2,8.1,22.0,0
42,2024-03,22.0,13.9,14.1,22.3,0
42,2024-04,22.3,10.5,9.5,21.3,0
42,2024-05,21.3,9.6,8.9,20.6,0
42,2024-06,20.6,11.8,13.4,22.2,0
42,2024-07,22.2,13.5,12.7,21.4,0
42,2024-08,21.4,10.0,10.9,22.3,0
42,2024-09,22.3,7.8,7.3,21.8,0
42,2024-10,21.8,10.8,9.8,20.8,0
42,2024-11,20.8,14.7,24.9,31.1,0
42,2024-12,31.1,17.1,13.0,27.0,0
42,2025-01,27.0,9.6,4.3,21.6,0
42,2025-02,21.6,11.7,10.4,20.4,0
42,2025-03,20.4,13.7,14.3,20.9,0
42,2025-04,20.9,10.9,11.1,21.1,0
42,2025-05,21.1,10.1,9.7,20.7,0
42,2025-06,20.7,13.8,13.6,20.5,0
42,2025-07,20.5,11.2,12.2,21.4,0
42,2025-08,21.4,10.0,10.6,22.1,0
42,2025-09,22.1,11.5,10.2,20.7,0
42,2025-10,20.7,13.0,14.9,22.6,0
42,2025-11,22.6,18.0,25.7,30.3,0
42,2025-12,30.3,15.2,12.2,27.3,0
43,2021-01,9.6,6.8,5.8,8.6,0
43,2021-02,8.6,7.1,7.4,9.0,0
43,2021-03,9.0,6.1,5.8,8.6,0
43,2021-04,8.6,8.3,9.8,10.1,0
43,2021-05,10.1,7.5,6.1,8.7,0
43,2021-06,8.7,7.7,8.2,9.2,0
43,2021-07,9.2,9.0,8.7,8.8,0
43,2021-08,8.8,8.5,9.2,9.5,0
43,2021-09,9.5,4.8,4.5,9.2,0
43,2021-10,9.2,8.0,8.3,9.5,0
43,2021-11,9.5,9.5,14.2,14.2,2
43,2021-12,14.2,7.6,5.5,12.1,0
43,2022-01,12.1,8.3,5.3,9.0,0
43,2022-02,9.0,6.3,6.1,8.8,0
43,2022-03,8.8,7.6,7.9,9.2,0
43,2022-04,9.2,7.4,6.9,8.7,0
43,2022-05,8.7,5.8,7.1,10.0,0
43,2022-06,10.0,8.4,7.6,9.2,0
43,2022-07,9.2,5.6,5.9,9.4,0
43,2022-08,9.4,8.0,7.8,9.2,0
43,2022-09,9.2,8.5,8.8,9.6,0
43,2022-10,9.6,7.5,7.3,9.4,0
43,2022-11,9.4,9.4,14.4,14.4,6
43,2022-12,14.4,11.1,9.0,12.3,0
43,2023-01,12.3,8.9,5.8,9.3,0
43,2023-02,9.3,9.0,8.6,8.9,0
43,2023-03,8.9,8.1,9.2,10.0,0
43,2023-04,10.0,6.2,5.2,9.1,0
43,2023-05,9.1,7.0,7.7,9.9,0
43,2023-06,9.9,5.4,4.6,9.1,0
43,2023-07,9.1,8.4,8.5,9.2,0
43,2023-08,9.2,8.1,8.8,9.9,0
43,2023-09,9.9,9.5,7.9,8.3,0
43,2023-10,8.3,5.6,6.5,9.2,0
43,2023-11,9.2,9.2,14.4,14.4,8
43,2023-12,14.4,8.9,6.5,12.0,0
43,2024-01,12.0,7.7,4.8,9.0,0
43,2024-02,9.0,5.4,5.8,9.4,0
43,2024-03,9.4,8.5,8.3,9.3,0
43,2024-04,9.3,8.0,8.8,10.0,0
43,2024-05,10.0,7.1,6.3,9.1,0
43,2024-06,9.1,6.8,7.4,9.7,0
43,2024-07,9.7,7.5,6.6,8.9,0
43,2024-08,8.9,4.7,5.6,9.8,0
43,2024-09,9.8,7.4,6.7,9.1,0
43,2024-10,9.1,7.7,7.5,8.9,0
43,2024-11,8.9,8.9,13.4,13.4,5
43,2024-12,13.4,10.5,8.9,11.8,0
43,2025-01,11.8,9.2,6.1,8.7,0
43,2025-02,8.7,7.8,8.3,9.2,0
43,2025-03,9.2,7.7,8.5,10.0,0
43,2025-04,10.0,7.1,6.7,9.6,0
43,2025-05,9.6,7.6,7.0,9.0,0
43,2025-06,9.0,6.4,6.5,9.1,0
43,2025-07,9.1,8.0,8.5,9.6,0
43,2025-08,9.6,6.4,6.5,9.7,0
43,2025-09,9.7,6.7,6.1,9.1,0
43,2025-10,9.1,6.1,6.5,9.5,0
43,2025-11,9.5,9.2,14.1,14.5,0
43,2025-12,14.5,9.7,7.3,12.1,0
44,2021-01,18.4,10.6,9.2,17.0,0
44,2021-02,17.0,11.7,12.8,18.1,0
44,2021-03,18.1,11.8,12.4,18.6,0
44,2021-04,18.6,13.8,13.6,18.4,0
44,2021-05,18.4,11.4,10.4,17.4,0
44,2021-06,17.4,12.5,12.5,17.4,0
44,2021-07,17.4,14.3,13.9,17.1,0
44,2021-08,17.1,9.0,10.5,18.7,0
44,2021-09,18.7,9.6,8.3,17.3,0
44,2021-10,17.3,9.3,9.9,17.9,0
44,2021-11,17.9,16.3,23.2,24.8,0
44,2021-12,24.8,15.3,13.5,23.0,0
44,2022-01,23.0,10.4,5.3,17.9,0
44,2022-02,17.9,11.4,11.7,18.2,0
44,2022-03,18.2,11.8,12.5,19.0,0
44,2022-04,19.0,6.9,6.0,18.1,0
44,2022-05,18.1,14.3,15.2,19.0,0
44,2022-06,19.0,12.7,12.4,18.7,0
44,2022-07,18.7,10.5,9.2,17.3,0
44,2022-08,17.3,13.1,13.8,18.0,0
44,2022-09,18.0,12.7,13.1,18.5,0
44,2022-10,18.5,12.3,11.3,17.5,0
44,2022-11,17.5,17.3,25.3,25.5,0
44,2022-12,25.5,15.1,11.6,21.9,0
44,2023-01,21.9,10.2,6.6,18.3,0
44,2023-02,18.3,10.8,10.8,18.4,0
44,2023-03,18.4,11.7,10.9,17.5,0
44,2023-04,17.5,15.4,16.4,18.6,0
44,2023-05,18.6,12.9,12.7,18.3,0
44,2023-06,18.3,9.2,9.2,18.3,0
44,2023-07,18.3,11.5,12.0,18.8,0
44,2023-08,18.8,11.8,11.5,18.4,0
44,2023-09,18.4,12.7,12.9,18.7,0
44,2023-10,18.7,7.1,5.8,17.4,0
44,2023-11,17.4,15.4,23.7,25.6,0
44,2023-12,25.6,17.8,13.2,21.1,0
44,2024-01,21.1,12.1,9.0,18.0,0
44,2024-02,18.0,14.8,13.0,16.2,0
44,2024-03,16.2,12.1,14.1,18.2,0
44,2024-04,18.2,11.4,11.6,18.4,0
44,2024-05,18.4,10.0,9.0,17.4,0
44,2024-06,17.4,10.3,10.1,17.2,0
44,2024-07,17.2,10.8,11.1,17.5,0
44,2024-08,17.5,14.0,13.3,16.8,0
44,2024-09,16.8,13.7,13.7,16.8,0
44,2024-10,16.8,14.3,15.6,18.1,0
44,2024-11,18.1,16.7,22.9,24.3,0
44,2024-12,24.3,13.3,10.9,21.8,0
44,2025-01,21.8,12.3,7.8,17.3,0
44,2025-02,17.3,12.3,11.7,16.7,0
44,2025-03,16.7,12.7,15.0,19.1,0
44,2025-04,19.1,12.8,12.6,18.9,0
44,2025-05,18.9,13.0,11.0,16.9,0
44,2025-06,16.9,16.9,18.5,18.5,1
44,2025-07,18.5,11.9,11.6,18.2,0
44,2025-08,18.2,14.4,15.1,18.9,0
44,2025-09,18.9,13.6,11.9,17.3,0
44,2025-10,17.3,12.2,12.7,17.8,0
44,2025-11,17.8,17.8,25.6,25.6,1
44,2025-12,25.6,12.8,9.7,22.5,0
45,2021-01,10.9,7.0,6.8,10.7,0
45,2021-02,10.7,5.7,5.4,10.4,0
45,2021-03,10.4,7.8,7.7,10.2,0
45,2021-04,10.2,8.8,8.4,9.8,0
45,2021-05,9.8,7.6,8.3,10.5,0
45,2021-06,10.5,9.6,9.9,10.8,0
45,2021-07,10.8,8.4,8.4,10.8,0
45,2021-08,10.8,7.1,6.1,9.9,0
45,2021-09,9.9,9.4,10.3,10.8,0
45,2021-10,10.8,8.9,9.2,11.1,0
45,2021-11,11.1,11.1,16.1,16.1,2
45,2021-12,16.1,10.0,8.0,14.0,0
45,2022-01,14.0,6.7,3.5,10.8,0
45,2022-02,10.8,5.5,5.0,10.4,0
45,2022-03,10.4,9.1,9.9,11.1,0
45,2022-04,11.1,11.1,11.4,11.4,2
45,2022-05,11.4,9.6,8.8,10.6,0
45,2022-06,10.6,9.2,8.1,9.6,0
45,2022-07,9.6,8.5,9.1,10.2,0
45,2022-08,10.2,7.8,7.5,9.9,0
45,2022-09,9.9,9.9,10.7,10.7,2
45,2022-10,10.7,8.8,9.1,11.1,0
45,2022-11,11.1,11.1,16.5,16.5,6
45,2022-12,16.5,10.3,6.7,12.9,0
45,2023-01,12.9,9.4,6.4,9.9,0
45,2023-02,9.9,9.6,9.7,10.0,0
45,2023-03,10.0,7.1,8.1,10.9,0
45,2023-04,10.9,6.4,6.5,11.1,0
45,2023-05,11.1,9.2,8.6,10.4,0
45,2023-06,10.4,9.8,8.8,9.4,0
45,2023-07,9.4,9.3,9.7,9.9,0
45,2023-08,9.9,7.8,9.0,11.0,0
45,2023-09,11.0,6.0,6.1,11.1,0
45,2023-10,11.1,7.4,6.6,10.3,0
45,2023-11,10.3,10.3,16.1,16.1,7
45,2023-12,16.1,11.8,9.3,13.7,0
45,2024-01,13.7,7.9,4.9,10.6,0
45,2024-02,10.6,9.6,9.3,10.2,0
45,2024-03,10.2,8.1,8.8,10.9,0
45,2024-04,10.9,7.1,6.2,10.0,0
45,2024-05,10.0,8.4,8.2,9.8,0
45,2024-06,9.8,7.3,7.4,10.0,0
45,2024-07,10.0,9.7,9.7,9.9,0
45,2024-08,9.9,7.3,8.4,11.0,0
45,2024-09,11.0,8.7,8.7,11.0,0
45,2024-10,11.0,10.2,9.0,9.8,0
45,2024-11,9.8,9.8,13.6,13.6,6
45,2024-12,13.6,9.4,9.8,14.0,0
45,2025-01,14.0,9.8,6.9,11.1,0
45,2025-02,11.1,9.1,7.7,9.6,0
45,2025-03,9.6,9.6,9.8,9.8,1
45,2025-04,9.8,8.2,8.6,10.2,0
45,2025-05,10.2,9.0,8.3,9.5,0
45,2025-06,9.5,8.2,8.7,10.0,0
45,2025-07,10.0,9.2,10.0,10.8,0
45,2025-08,10.8,8.5,8.4,10.7,0
45,2025-09,10.7,7.8,7.7,10.6,0
45,2025-10,10.6,6.7,6.0,9.9,0
45,2025-11,9.9,9.9,15.2,15.2,3
45,2025-12,15.2,10.0,8.0,13.2,0
46,2021-01,118.5,16.2,14.7,117.0,0
46,2021-02,117.0,19.3,19.3,117.0,0
46,2021-03,117.0,21.7,20.0,115.4,0
46,2021-04,115.4,24.8,24.3,114.8,0
46,2021-05,114.8,22.8,22.6,114.7,0
46,2021-06,114.7,20.2,21.8,116.2,0
46,2021-07,116.2,28.1,26.3,114.5,0
46,2021-08,114.5,20.0,24.0,118.5,0
46,2021-09,118.5,23.0,20.2,115.6,0
46,2021-10,115.6,19.3,22.7,119.0,0
46,2021-11,119.0,30.1,76.4,165.3,0
46,2021-12,165.3,28.4,9.7,146.6,0
46,2022-01,146.6,22.1,0.0,124.5,0
46,2022-02,124.5,29.5,23.0,118.0,0
46,2022-03,118.0,17.6,17.5,117.9,0
46,2022-04,117.9,19.2,20.5,119.1,0
46,2022-05,119.1,22.2,21.3,118.3,0
46,2022-06,118.3,24.6,23.4,117.1,0
46,2022-07,117.1,27.1,26.4,116.4,0
46,2022-08,116.4,18.3,19.2,117.3,0
46,2022-09,117.3,28.1,27.6,116.8,0
46,2022-10,116.8,17.4,18.4,117.7,0
46,2022-11,117.7,32.7,74.3,159.3,0
46,2022-12,159.3,27.3,15.3,147.3,0
46,2023-01,147.3,27.4,0.0,119.9,0
46,2023-02,119.9,15.3,13.1,117.7,0
46,2023-03,117.7,25.4,27.2,119.6,0
46,2023-04,119.6,20.8,17.5,116.3,0
46,2023-05,116.3,22.3,20.9,114.9,0
46,2023-06,114.9,23.0,27.5,119.4,0
46,2023-07,119.4,19.1,18.4,118.7,0
46,2023-08,118.7,21.7,20.4,117.3,0
46,2023-09,117.3,19.1,20.5,118.7,0
46,2023-10,118.7,22.3,19.5,116.0,0
46,2023-11,116.0,37.1,81.6,160.5,0
46,2023-12,160.5,24.3,10.2,146.4,0
46,2024-01,146.4,25.9,0.0,120.5,0
46,2024-02,120.5,27.2,23.5,116.8,0
46,2024-03,116.8,21.1,23.7,119.5,0
46,2024-04,119.5,28.6,28.4,119.3,0
46,2024-05,119.3,22.7,22.9,119.5,0
46,2024-06,119.5,27.7,25.2,117.0,0
46,2024-07,117.0,21.3,21.1,116.8,0
46,2024-08,116.8,20.6,19.5,115.7,0
46,2024-09,115.7,25.5,25.6,115.8,0
46,2024-10,115.8,22.5,21.9,115.3,0
46,2024-11,115.3,29.9,86.5,171.9,0
46,2024-12,171.9,28.6,4.6,147.9,0
46,2025-01,147.9,21.7,0.0,126.2,0
46,2025-02,126.2,22.1,13.6,117.7,0
46,2025-03,117.7,19.3,20.8,119.2,0
46,2025-04,119.2,16.8,16.5,118.9,0
46,2025-05,118.9,19.5,19.8,119.2,0
46,2025-06,119.2,24.9,22.1,116.4,0
46,2025-07,116.4,29.0,32.3,119.7,0
46,2025-08,119.7,24.8,23.5,118.4,0
46,2025-09,118.4,16.7,17.2,118.9,0
46,2025-10,118.9,20.8,17.6,115.7,0
46,2025-11,115.7,31.0,76.1,160.8,0
46,2025-12,160.8,33.2,17.7,145.3,0
47,2021-01,4.4,2.7,2.9,4.5,0
47,2021-02,4.5,2.9,2.7,4.3,0
47,2021-03,4.3,2.4,2.5,4.4,0
47,2021-04,4.4,2.3,2.0,4.1,0
47,2021-05,4.1,3.1,2.9,3.9,0
47,2021-06,3.9,2.2,2.4,4.1,0
47,2021-07,4.1,2.7,3.2,4.5,0
47,2021-08,4.5,2.0,1.7,4.3,0
47,2021-09,4.3,1.8,1.7,4.2,0
47,2021-10,4.2,2.6,2.7,4.4,0
47,2021-11,4.4,3.6,5.1,5.8,0
47,2021-12,5.8,2.8,2.1,5.1,0
47,2022-01,5.1,1.8,1.1,4.4,0
47,2022-02,4.4,2.6,2.6,4.4,0
47,2022-03,4.4,2.1,2.1,4.4,0
47,2022-04,4.4,3.3,3.0,4.2,0
47,2022-05,4.2,2.7,2.8,4.2,0
47,2022-06,4.2,2.2,2.2,4.1,0
47,2022-07,4.1,2.0,2.1,4.2,0
47,2022-08,4.2,2.5,2.6,4.4,0
47,2022-09,4.4,2.2,2.2,4.4,0
47,2022-10,4.4,1.9,1.7,4.2,0
47,2022-11,4.2,3.9,5.3,5.7,0
47,2022-12,5.7,2.8,2.5,5.4,0
47,2023-01,5.4,2.7,1.7,4.4,0
47,2023-02,4.4,2.2,2.0,4.1,0
47,2023-03,4.1,2.7,3.0,4.5,0
47,2023-04,4.5,2.6,2.4,4.3,0
47,2023-05,4.3,3.0,2.7,4.0,0
47,2023-06,4.0,2.9,3.2,4.3,0
47,2023-07,4.3,2.1,1.9,4.1,0
47,2023-08,4.1,2.9,3.3,4.5,0
47,2023-09,4.5,3.3,2.9,4.0,0
47,2023-10,4.0,2.1,2.5,4.4,0
47,2023-11,4.4,4.0,6.0,6.4,0
47,2023-12,6.4,3.1,2.0,5.3,0
47,2024-01,5.3,2.7,1.7,4.3,0
47,2024-02,4.3,3.7,3.6,4.2,0
47,2024-03,4.2,1.4,1.6,4.4,0
47,2024-04,4.4,2.0,1.8,4.2,0
47,2024-05,4.2,2.5,2.4,4.1,0
47,2024-06,4.1,2.0,2.3,4.3,0
47,2024-07,4.3,2.4,2.3,4.2,0
47,2024-08,4.2,2.9,2.8,4.1,0
47,2024-09,4.1,2.5,2.6,4.2,0
47,2024-10,4.2,2.1,2.1,4.3,0
47,2024-11,4.3,4.1,5.4,5.6,0
47,2024-12,5.6,3.3,2.8,5.0,0
47,2025-01,5.0,2.1,1.3,4.2,0
47,2025-02,4.2,2.7,2.9,4.3,0
47,2025-03,4.3,1.6,1.7,4.5,0
47,2025-04,4.5,1.7,1.4,4.2,0
47,2025-05,4.2,2.6,2.7,4.3,0
47,2025-06,4.3,2.4,2.4,4.3,0
47,2025-07,4.3,3.0,3.2,4.5,0
47,2025-08,4.5,2.4,2.1,4.2,0
47,2025-09,4.2,1.7,1.8,4.3,0
47,2025-10,4.3,3.6,3.5,4.2,0
47,2025-11,4.2,3.6,6.0,6.5,0
47,2025-12,6.5,3.2,2.2,5.5,0
48,2021-01,56.5,20.9,20.9,56.5,0
48,2021-02,56.5,32.7,33.3,57.1,0
48,2021-03,57.1,32.5,29.3,53.8,0
48,2021-04,53.8,27.8,27.7,53.6,0
48,2021-05,53.6,39.8,40.2,54.1,0
48,2021-06,54.1,28.7,28.3,53.7,0
48,2021-07,53.7,27.5,27.7,53.9,0
48,2021-08,53.9,34.1,35.5,55.3,0
48,2021-09,55.3,35.9,33.4,52.8,0
48,2021-10,52.8,36.0,39.4,56.2,0
48,2021-11,56.2,42.7,59.6,73.0,0
48,2021-12,73.0,44.6,39.6,68.0,0
48,2022-01,68.0,34.0,20.5,54.6,0
48,2022-02,54.6,22.9,23.9,55.6,0
48,2022-03,55.6,35.7,38.3,58.2,0
48,2022-04,58.2,29.8,29.1,57.4,0
48,2022-05,57.4,28.2,27.3,56.6,0
48,2022-06,56.6,26.4,27.0,57.3,0
48,2022-07,57.3,28.9,26.2,54.6,0
48,2022-08,54.6,35.2,32.8,52.2,0
48,2022-09,52.2,41.5,47.8,58.5,0
48,2022-10,58.5,33.7,31.5,56.4,0
48,2022-11,56.4,52.4,74.0,78.0,0
48,2022-12,78.0,44.6,35.8,69.2,0
48,2023-01,69.2,39.2,26.6,56.5,0
48,2023-02,56.5,27.4,26.1,55.2,0
48,2023-03,55.2,28.7,31.4,57.9,0
48,2023-04,57.9,27.4,25.9,56.3,0
48,2023-05,56.3,34.3,31.7,53.7,0
48,2023-06,53.7,25.6,24.4,52.5,0
48,2023-07,52.5,31.7,32.8,53.6,0
48,2023-08,53.6,30.2,32.1,55.5,0
48,2023-09,55.5,22.4,23.9,57.0,0
48,2023-10,57.0,29.3,27.7,55.4,0
48,2023-11,55.4,43.2,68.9,81.1,0
48,2023-12,81.1,41.4,28.4,68.2,0
48,2024-01,68.2,30.6,17.3,54.9,0
48,2024-02,54.9,26.5,25.8,54.2,0
48,2024-03,54.2,31.0,32.6,55.9,0
48,2024-04,55.9,38.1,39.5,57.3,0
48,2024-05,57.3,26.0,23.6,54.9,0
48,2024-06,54.9,35.9,38.7,57.7,0
48,2024-07,57.7,36.9,37.3,58.1,0
48,2024-08,58.1,30.8,30.5,57.7,0
48,2024-09,57.7,35.5,35.3,57.5,0
48,2024-10,57.5,33.4,33.1,57.2,0
48,2024-11,57.2,44.6,68.4,81.1,0
48,2024-12,81.1,38.4,25.9,68.6,0
48,2025-01,68.6,30.2,15.9,54.3,0
48,2025-02,54.3,19.6,20.0,54.7,0
48,2025-03,54.7,27.7,26.1,53.1,0
48,2025-04,53.1,26.6,26.6,53.2,0
48,2025-05,53.2,26.1,30.4,57.5,0
48,2025-06,57.5,37.8,36.8,56.4,0
48,2025-07,56.4,37.9,37.5,56.1,0
48,2025-08,56.1,24.5,26.1,57.7,0
48,2025-09,57.7,37.9,35.6,55.5,0
48,2025-10,55.5,35.7,32.2,52.0,0
48,2025-11,52.0,42.4,71.9,81.5,0
48,2025-12,81.5,46.2,32.5,67.9,0
49,2021-01,3.5,3.5,3.4,3.4,20
49,2021-02,3.4,3.4,3.6,3.6,21
49,2021-03,3.6,3.6,3.5,3.5,21
49,2021-04,3.5,3.5,3.2,3.2,17
49,2021-05,3.2,3.2,3.2,3.2,21
49,2021-06,3.2,3.2,3.1,3.1,22
49,2021-07,3.1,3.1,3.6,3.6,22
49,2021-08,3.6,3.6,3.4,3.4,19
49,2021-09,3.4,3.4,3.2,3.2,18
49,2021-10,3.2,3.2,3.2,3.2,22
49,2021-11,3.2,3.2,4.3,4.3,23
49,2021-12,4.3,4.3,3.8,3.8,20
49,2022-01,3.8,3.8,3.4,3.4,19
49,2022-02,3.4,3.4,3.6,3.6,21
49,2022-03,3.6,3.6,3.3,3.3,22
49,2022-04,3.3,3.3,3.3,3.3,22
49,2022-05,3.3,3.3,3.5,3.5,21
49,2022-06,3.5,3.5,3.0,3.0,21
49,2022-07,3.0,3.0,3.1,3.1,21
49,2022-08,3.1,3.1,3.0,3.0,22
49,2022-09,3.0,3.0,3.1,3.1,22
49,2022-10,3.1,3.1,3.4,3.4,20
49,2022-11,3.4,3.4,4.3,4.3,23
49,2022-12,4.3,4.3,3.8,3.8,22
49,2023-01,3.8,3.8,3.1,3.1,19
49,2023-02,3.1,3.1,3.6,3.6,22
49,2023-03,3.6,3.6,3.1,3.1,18
49,2023-04,3.1,3.1,3.0,3.0,20
49,2023-05,3.0,3.0,3.4,3.4,19
49,2023-06,3.4,3.4,3.4,3.4,19
49,2023-07,3.4,3.4,3.6,3.6,23
49,2023-08,3.6,3.6,3.3,3.3,22
49,2023-09,3.3,3.3,3.1,3.1,21
49,2023-10,3.1,3.1,3.1,3.1,16
49,2023-11,3.1,3.1,4.3,4.3,25
49,2023-12,4.3,4.3,4.1,4.1,19
49,2024-01,4.1,4.1,3.3,3.3,16
49,2024-02,3.3,3.3,3.5,3.5,23
49,2024-03,3.5,3.5,3.6,3.6,20
49,2024-04,3.6,3.6,3.6,3.6,22
49,2024-05,3.6,3.6,3.5,3.5,20
49,2024-06,3.5,3.5,3.2,3.2,19
49,2024-07,3.2,3.2,3.6,3.6,20
49,2024-08,3.6,3.6,3.6,3.6,14
49,2024-09,3.6,3.6,3.4,3.4,20
49,2024-10,3.4,3.4,3.2,3.2,19
49,2024-11,3.2,3.2,5.1,5.1,24
49,2024-12,5.1,5.1,4.0,4.0,18
49,2025-01,4.0,4.0,3.5,3.5,21
49,2025-02,3.5,3.5,3.5,3.5,19
49,2025-03,3.5,3.5,3.1,3.1,21
49,2025-04,3.1,3.1,3.2,3.2,23
49,2025-05,3.2,3.2,3.4,3.4,22
49,2025-06,3.4,3.4,3.3,3.3,22
49,2025-07,3.3,3.3,3.4,3.4,23
49,2025-08,3.4,3.4,3.2,3.2,20
49,2025-09,3.2,3.2,3.4,3.4,20
49,2025-10,3.4,3.4,3.1,3.1,14
49,2025-11,3.1,3.1,4.7,4.7,24
49,2025-12,4.7,4.7,4.2,4.2,19
50,2021-01,22.9,10.7,9.5,21.8,0
50,2021-02,21.8,9.9,11.0,22.9,0
50,2021-03,22.9,10.4,10.8,23.3,0
50,2021-04,23.3,12.9,11.7,22.1,0
50,2021-05,22.1,10.0,9.5,21.6,0
50,2021-06,21.6,11.6,13.4,23.4,0
50,2021-07,23.4,11.4,11.4,23.3,0
50,2021-08,23.3,10.0,8.9,22.2,0
50,2021-09,22.2,9.4,10.2,23.0,0
50,2021-10,23.0,11.1,11.5,23.4,0
50,2021-11,23.4,15.4,24.7,32.8,0
50,2021-12,32.8,14.0,10.1,28.9,0
50,2022-01,28.9,11.0,4.6,22.5,0
50,2022-02,22.5,14.3,12.8,20.9,0
50,2022-03,20.9,11.7,13.9,23.2,0
50,2022-04,23.2,12.1,10.4,21.5,0
50,2022-05,21.5,11.6,13.7,23.5,0
50,2022-06,23.5,13.4,12.7,22.8,0
50,2022-07,22.8,10.7,11.1,23.3,0
50,2022-08,23.3,16.0,16.1,23.4,0
50,2022-09,23.4,13.6,12.8,22.5,0
50,2022-10,22.5,12.7,11.4,21.2,0
50,2022-11,21.2,17.0,29.0,33.2,0
50,2022-12,33.2,13.1,8.3,28.4,0
50,2023-01,28.4,12.1,6.3,22.6,0
50,2023-02,22.6,14.2,15.0,23.4,0
50,2023-03,23.4,11.4,10.3,22.2,0
50,2023-04,22.2,11.5,11.1,21.8,0
50,2023-05,21.8,12.5,12.0,21.2,0
50,2023-06,21.2,10.3,11.2,22.1,0
50,2023-07,22.1,11.2,10.9,21.8,0
50,2023-08,21.8,13.3,13.1,21.7,0
50,2023-09,21.7,11.7,13.6,23.5,0
50,2023-10,23.5,12.5,11.0,22.0,0
50,2023-11,22.0,17.0,26.2,31.2,0
50,2023-12,31.2,13.1,10.9,29.0,0
50,2024-01,29.0,10.1,4.1,23.0,0
50,2024-02,23.0,10.9,10.1,22.1,0
50,2024-03,22.1,13.4,13.9,22.7,0
50,2024-04,22.7,13.6,13.9,23.1,0
50,2024-05,23.1,9.3,9.1,22.9,0
50,2024-06,22.9,11.4,11.5,23.0,0
50,2024-07,23.0,11.8,11.9,23.2,0
50,2024-08,23.2,9.1,7.8,21.9,0
50,2024-09,21.9,11.4,11.4,21.8,0
50,2024-10,21.8,11.8,13.3,23.3,0
50,2024-11,23.3,14.9,24.1,32.5,0
50,2024-12,32.5,16.2,13.0,29.2,0
50,2025-01,29.2,10.7,3.8,22.3,0
50,2025-02,22.3,10.6,11.0,22.7,0
50,2025-03,22.7,11.0,11.2,22.9,0
50,2025-04,22.9,11.5,10.5,21.9,0
50,2025-05,21.9,14.1,14.8,22.6,0
50,2025-06,22.6,8.8,8.3,22.1,0
50,2025-07,22.1,12.5,11.5,21.0,0
50,2025-08,21.0,13.0,13.3,21.3,0
50,2025-09,21.3,15.6,15.4,21.0,0
50,2025-10,21.0,12.8,12.8,21.1,0
50,2025-11,21.1,15.8,27.4,32.7,0
50,2025-12,32.7,15.1,10.2,27.8,0
51,2021-01,79.9,18.2,17.9,79.6,0
51,2021-02,79.6,21.4,19.1,77.4,0
51,2021-03,77.4,22.5,21.8,76.6,0
51,2021-04,76.6,24.4,25.6,77.8,0
51,2021-05,77.8,18.5,20.7,80.0,0
51,2021-06,80.0,18.0,18.9,80.8,0
51,2021-07,80.8,22.9,22.6,80.5,0
51,2021-08,80.5,20.7,17.4,77.2,0
51,2021-09,77.2,19.1,20.3,78.4,0
51,2021-10,78.4,23.5,23.3,78.2,0
51,2021-11,78.2,34.3,72.5,116.3,0
51,2021-12,116.3,28.0,11.9,100.3,0
51,2022-01,100.3,17.0,0.0,83.3,0
51,2022-02,83.3,11.0,6.6,78.8,0
51,2022-03,78.8,23.7,25.4,80.6,0
51,2022-04,80.6,19.5,16.5,77.5,0
51,2022-05,77.5,20.1,20.2,77.6,0
51,2022-06,77.6,27.9,27.8,77.4,0
51,2022-07,77.4,23.6,27.1,80.9,0
51,2022-08,80.9,21.2,20.9,80.6,0
51,2022-09,80.6,20.5,17.6,77.7,0
51,2022-10,77.7,14.7,14.4,77.4,0
51,2022-11,77.4,31.7,62.5,108.2,0
51,2022-12,108.2,25.0,15.1,98.3,0
51,2023-01,98.3,21.8,3.2,79.7,0
51,2023-02,79.7,25.4,22.8,77.1,0
51,2023-03,77.1,17.8,18.1,77.4,0
51,2023-04,77.4,22.3,25.2,80.3,0
51,2023-05,80.3,12.8,10.6,78.1,0
51,2023-06,78.1,13.9,15.7,79.9,0
51,2023-07,79.9,21.8,19.3,77.3,0
51,2023-08,77.3,23.4,23.1,77.0,0
51,2023-09,77.0,18.0,20.1,79.0,0
51,2023-10,79.0,24.5,24.1,78.7,0
51,2023-11,78.7,29.5,64.8,113.9,0
51,2023-12,113.9,29.4,13.2,97.8,0
51,2024-01,97.8,17.7,0.0,80.1,0
51,2024-02,80.1,17.3,16.8,79.5,0
51,2024-03,79.5,24.7,22.3,77.1,0
51,2024-04,77.1,25.2,27.9,79.8,0
51,2024-05,79.8,17.2,17.1,79.7,0
51,2024-06,79.7,25.5,23.6,77.8,0
51,2024-07,77.8,15.4,18.3,80.7,0
51,2024-08,80.7,21.9,19.1,77.9,0
51,2024-09,77.9,16.8,16.2,77.2,0
51,2024-10,77.2,17.6,20.7,80.4,0
51,2024-11,80.4,29.3,62.6,113.7,0
51,2024-12,113.7,24.8,10.2,99.2,0
51,2025-01,99.2,23.6,4.0,79.6,0
51,2025-02,79.6,19.5,18.5,78.6,0
51,2025-03,78.6,14.6,16.0,80.0,0
51,2025-04,80.0,23.7,24.4,80.6,0
51,2025-05,80.6,27.4,23.4,76.7,0
51,2025-06,76.7,14.1,17.7,80.3,0
51,2025-07,80.3,23.9,23.8,80.2,0
51,2025-08,80.2,14.7,12.9,78.5,0
51,2025-09,78.5,22.7,21.1,76.8,0
51,2025-10,76.8,19.1,21.9,79.7,0
51,2025-11,79.7,25.3,64.0,118.4,0
51,2025-12,118.4,25.8,7.4,99.9,0
52,2021-01,2.0,2.0,1.8,1.8,10
52,2021-02,1.8,1.8,1.9,1.9,19
52,2021-03,1.9,1.9,1.7,1.7,17
52,2021-04,1.7,1.7,1.9,1.9,17
52,2021-05,1.9,1.9,2.1,2.1,19
52,2021-06,2.1,2.1,1.9,1.9,16
52,2021-07,1.9,1.9,1.8,1.8,19
52,2021-08,1.8,1.8,1.9,1.9,17
52,2021-09,1.9,1.9,2.1,2.1,18
52,2021-10,2.1,2.1,2.0,2.0,20
52,2021-11,2.0,2.0,2.9,2.9,23
52,2021-12,2.9,2.9,2.4,2.4,16
52,2022-01,2.4,2.4,1.9,1.9,12
52,2022-02,1.9,1.9,2.1,2.1,18
52,2022-03,2.1,2.1,1.9,1.9,20
52,2022-04,1.9,1.9,2.1,2.1,20
52,2022-05,2.1,2.1,1.9,1.9,11
52,2022-06,1.9,1.9,1.9,1.9,20
52,2022-07,1.9,1.9,1.9,1.9,17
52,2022-08,1.9,1.9,1.9,1.9,21
52,2022-09,1.9,1.9,1.9,1.9,20
52,2022-10,1.9,1.9,1.9,1.9,21
52,2022-11,1.9,1.9,3.0,3.0,24
52,2022-12,3.0,3.0,2.5,2.5,17
52,2023-01,2.5,2.5,2.1,2.1,17
52,2023-02,2.1,2.1,2.1,2.1,20
52,2023-03,2.1,2.1,1.8,1.8,17
52,2023-04,1.8,1.8,1.8,1.8,19
52,2023-05,1.8,1.8,2.1,2.1,15
52,2023-06,2.1,2.1,2.0,2.0,19
52,2023-07,2.0,2.0,1.9,1.9,20
52,2023-08,1.9,1.9,2.0,2.0,18
52,2023-09,2.0,2.0,2.0,2.0,18
52,2023-10,2.0,2.0,1.8,1.8,22
52,2023-11,1.8,1.8,2.5,2.5,23
52,2023-12,2.5,2.5,2.6,2.6,20
52,2024-01,2.6,2.6,2.0,2.0,12
52,2024-02,2.0,2.0,2.1,2.1,21
52,2024-03,2.1,2.1,1.9,1.9,20
52,2024-04,1.9,1.9,1.8,1.8,23
52,2024-05,1.8,1.8,1.9,1.9,19
52,2024-06,1.9,1.9,1.7,1.7,18
52,2024-07,1.7,1.7,1.9,1.9,21
52,2024-08,1.9,1.9,2.0,2.0,20
52,2024-09,2.0,2.0,2.0,2.0,18
52,2024-10,2.0,2.0,1.8,1.8,21
52,2024-11,1.8,1.8,2.7,2.7,23
52,2024-12,2.7,2.7,2.3,2.3,18
52,2025-01,2.3,2.3,1.8,1.8,19
52,2025-02,1.8,1.8,1.8,1.8,20
52,2025-03,1.8,1.8,1.9,1.9,20
52,2025-04,1.9,1.9,1.8,1.8,13
52,2025-05,1.8,1.8,1.9,1.9,21
52,2025-06,1.9,1.9,2.1,2.1,16
52,2025-07,2.1,2.1,2.1,2.1,19
52,2025-08,2.1,2.1,1.8,1.8,18
52,2025-09,1.8,1.8,2.0,2.0,21
52,2025-10,2.0,2.0,1.8,1.8,21
52,2025-11,1.8,1.8,2.9,2.9,23
52,2025-12,2.9,2.9,2.2,2.2,19
53,2021-01,221.8,113.6,99.7,207.9,0
53,2021-02,207.9,140.5,142.0,209.5,0
53,2021-03,209.5,112.8,127.5,224.2,0
53,2021-04,224.2,70.0,60.1,214.3,0
53,2021-05,214.3,96.2,106.2,224.3,0
53,2021-06,224.3,101.5,94.2,217.0,0
53,2021-07,217.0,77.9,78.0,217.1,0
53,2021-08,217.1,87.1,93.2,223.2,0
53,2021-09,223.2,109.5,92.6,206.3,0
53,2021-10,206.3,97.2,99.6,208.8,0
53,2021-11,208.8,135.6,246.4,319.6,0
53,2021-12,319.6,97.3,56.9,279.2,0
53,2022-01,279.2,118.9,54.7,215.0,0
53,2022-02,215.0,110.4,120.7,225.3,0
53,2022-03,225.3,137.8,138.3,225.8,0
53,2022-04,225.8,78.8,77.5,224.5,0
53,2022-05,224.5,114.5,114.1,224.1,0
53,2022-06,224.1,115.5,112.3,220.9,0
53,2022-07,220.9,105.3,111.4,227.1,0
53,2022-08,227.1,89.5,75.2,212.7,0
53,2022-09,212.7,95.2,90.4,208.0,0
53,2022-10,208.0,103.7,100.2,204.5,0
53,2022-11,204.5,113.6,214.7,305.6,0
53,2022-12,305.6,140.8,106.7,271.5,0
53,2023-01,271.5,104.5,47.6,214.6,0
53,2023-02,214.6,96.8,91.9,209.7,0
53,2023-03,209.7,105.2,107.8,212.2,0
53,2023-04,212.2,105.2,97.8,204.9,0
53,2023-05,204.9,110.9,120.0,214.0,0
53,2023-06,214.0,106.3,101.2,208.9,0
53,2023-07,208.9,87.9,86.1,207.1,0
53,2023-08,207.1,91.7,104.1,219.5,0
53,2023-09,219.5,104.8,96.6,211.3,0
53,2023-10,211.3,101.8,112.4,221.9,0
53,2023-11,221.9,175.3,251.2,297.8,0
53,2023-12,297.8,117.1,82.5,263.2,0
53,2024-01,263.2,96.0,53.7,220.9,0
53,2024-02,220.9,97.4,87.7,211.2,0
53,2024-03,211.2,77.7,88.2,221.7,0
53,2024-04,221.7,105.3,107.3,223.7,0
53,2024-05,223.7,85.7,84.4,222.4,0
53,2024-06,222.4,94.9,94.7,222.3,0
53,2024-07,222.3,87.4,76.5,211.4,0
53,2024-08,211.4,99.7,112.5,224.2,0
53,2024-09,224.2,105.5,93.3,211.9,0
53,2024-10,211.9,57.7,66.7,220.9,0
53,2024-11,220.9,147.0,218.5,292.5,0
53,2024-12,292.5,133.5,121.7,280.7,0
53,2025-01,280.7,82.6,24.6,222.7,0
53,2025-02,222.7,94.0,85.7,214.4,0
53,2025-03,214.4,134.3,130.6,210.7,0
53,2025-04,210.7,94.2,106.2,222.7,0
53,2025-05,222.7,111.6,103.3,214.4,0
53,2025-06,214.4,83.8,95.7,226.3,0
53,2025-07,226.3,120.3,114.5,220.4,0
53,2025-08,220.4,70.2,72.3,222.5,0
53,2025-09,222.5,105.4,89.5,206.5,0
53,2025-10,206.5,95.5,101.6,212.7,0
53,2025-11,212.7,151.3,236.4,297.8,0
53,2025-12,297.8,127.0,106.0,276.8,0
54,2021-01,23.2,13.1,12.6,22.8,0
54,2021-02,22.8,13.5,13.1,22.4,0
54,2021-03,22.4,15.5,16.8,23.8,0
54,2021-04,23.8,10.9,9.1,22.0,0
54,2021-05,22.0,16.1,15.9,21.8,0
54,2021-06,21.8,12.9,13.9,22.8,0
54,2021-07,22.8,9.6,9.9,23.1,0
54,2021-08,23.1,9.9,9.4,22.5,0
54,2021-09,22.5,7.6,7.3,22.2,0
54,2021-10,22.2,12.0,13.1,23.3,0
54,2021-11,23.3,20.1,29.1,32.4,0
54,2021-12,32.4,19.2,16.0,29.1,0
54,2022-01,29.1,15.0,7.8,22.0,0
54,2022-02,22.0,12.9,12.7,21.8,0
54,2022-03,21.8,18.5,19.6,22.9,0
54,2022-04,22.9,15.0,15.8,23.8,0
54,2022-05,23.8,12.3,12.0,23.5,0
54,2022-06,23.5,12.3,12.5,23.6,0
54,2022-07,23.6,18.3,18.4,23.7,0
54,2022-08,23.7,14.1,13.2,22.8,0
54,2022-09,22.8,11.7,11.1,22.1,0
54,2022-10,22.1,12.4,11.9,21.6,0
54,2022-11,21.6,17.4,28.1,32.3,0
54,2022-12,32.3,13.8,10.1,28.6,0
54,2023-01,28.6,10.0,3.9,22.6,0
54,2023-02,22.6,10.2,10.8,23.2,0
54,2023-03,23.2,12.3,12.8,23.7,0
54,2023-04,23.7,16.0,15.2,22.9,0
54,2023-05,22.9,8.8,7.8,22.0,0
54,2023-06,22.0,6.4,6.9,22.5,0
54,2023-07,22.5,12.3,12.7,22.9,0
54,2023-08,22.9,13.4,12.5,22.0,0
54,2023-09,22.0,18.0,16.7,20.7,0
54,2023-10,20.7,17.8,18.1,20.9,0
54,2023-11,20.9,17.8,31.7,34.8,0
54,2023-12,34.8,19.7,14.3,29.4,0
54,2024-01,29.4,13.6,7.3,23.1,0
54,2024-02,23.1,10.4,10.8,23.6,0
54,2024-03,23.6,11.0,10.6,23.2,0
54,2024-04,23.2,12.5,11.8,22.5,0
54,2024-05,22.5,17.1,17.4,22.8,0
54,2024-06,22.8,13.6,14.4,23.7,0
54,2024-07,23.7,16.5,13.8,21.0,0
54,2024-08,21.0,12.1,12.3,21.2,0
54,2024-09,21.2,15.9,16.5,21.8,0
54,2024-10,21.8,11.7,11.8,21.8,0
54,2024-11,21.8,21.1,33.1,33.7,0
54,2024-12,33.7,16.9,11.8,28.7,0
54,2025-01,28.7,13.4,7.1,22.4,0
54,2025-02,22.4,8.6,9.6,23.5,0
54,2025-03,23.5,10.5,10.0,23.1,0
54,2025-04,23.1,10.2,9.8,22.7,0
54,2025-05,22.7,15.5,14.6,21.9,0
54,2025-06,21.9,12.4,14.3,23.8,0
54,2025-07,23.8,14.6,13.0,22.2,0
54,2025-08,22.2,12.8,13.4,22.8,0
54,2025-09,22.8,17.9,17.6,22.5,0
54,2025-10,22.5,14.7,15.6,23.4,0
54,2025-11,23.4,22.7,31.9,32.6,0
54,2025-12,32.6,18.2,14.9,29.3,0
55,2021-01,77.5,12.9,13.0,77.5,0
55,2021-02,77.5,14.8,15.1,77.8,0
55,2021-03,77.8,15.3,13.8,76.3,0
55,2021-04,76.3,13.4,13.7,76.6,0
55,2021-05,76.6,16.7,16.9,76.8,0
55,2021-06,76.8,12.2,12.4,76.9,0
55,2021-07,76.9,15.6,14.1,75.5,0
55,2021-08,75.5,9.7,11.0,76.8,0
55,2021-09,76.8,13.0,12.5,76.3,0
55,2021-10,76.3,12.3,12.2,76.2,0
55,2021-11,76.2,18.2,46.5,104.5,0
55,2021-12,104.5,19.1,10.2,95.6,0
55,2022-01,95.6,7.1,0.0,88.6,0
55,2022-02,88.6,14.6,3.6,77.5,0
55,2022-03,77.5,17.1,17.3,77.8,0
55,2022-04,77.8,9.0,7.9,76.6,0
55,2022-05,76.6,17.4,17.2,76.3,0
55,2022-06,76.3,13.7,14.2,76.8,0
55,2022-07,76.8,13.8,15.0,78.0,0
55,2022-08,78.0,12.7,12.3,77.6,0
55,2022-09,77.6,16.0,15.7,77.3,0
55,2022-10,77.3,17.2,16.3,76.5,0
55,2022-11,76.5,21.2,54.1,109.3,0
55,2022-12,109.3,17.4,4.6,96.5,0
55,2023-01,96.5,17.5,0.0,79.0,0
55,2023-02,79.0,14.3,11.5,76.2,0
55,2023-03,76.2,15.1,14.1,75.2,0
55,2023-04,75.2,13.5,14.5,76.2,0
55,2023-05,76.2,15.4,15.3,76.1,0
55,2023-06,76.1,15.8,15.1,75.5,0
55,2023-07,75.5,12.6,13.6,76.5,0
55,2023-08,76.5,11.1,11.6,76.9,0
55,2023-09,76.9,14.1,13.7,76.6,0
55,2023-10,76.6,11.2,11.5,76.8,0
55,2023-11,76.8,20.8,49.8,105.8,0
55,2023-12,105.8,20.9,10.4,95.3,0
55,2024-01,95.3,13.8,0.0,81.5,0
55,2024-02,81.5,8.2,3.7,77.0,0
55,2024-03,77.0,12.1,11.2,76.0,0
55,2024-04,76.0,15.1,15.2,76.1,0
55,2024-05,76.1,15.0,15.3,76.4,0
55,2024-06,76.4,12.6,11.8,75.6,0
55,2024-07,75.6,23.7,25.7,77.6,0
55,2024-08,77.6,16.0,15.1,76.7,0
55,2024-09,76.7,12.6,12.2,76.3,0
55,2024-10,76.3,18.5,17.8,75.5,0
55,2024-11,75.5,23.4,52.3,104.4,0
55,2024-12,104.4,24.8,15.0,94.6,0
55,2025-01,94.6,16.1,0.0,78.6,0
55,2025-02,78.6,15.2,12.9,76.2,0
55,2025-03,76.2,11.5,11.2,75.9,0
55,2025-04,75.9,14.8,15.7,76.9,0
55,2025-05,76.9,11.7,11.9,77.1,0
55,2025-06,77.1,17.2,18.0,77.8,0
55,2025-07,77.8,12.7,10.7,75.8,0
55,2025-08,75.8,21.0,20.6,75.4,0
55,2025-09,75.4,14.3,17.2,78.3,0
55,2025-10,78.3,20.5,20.1,77.8,0
55,2025-11,77.8,17.3,44.2,104.6,0
55,2025-12,104.6,17.1,7.9,95.5,0
56,2021-01,2.8,1.8,1.7,2.7,0
56,2021-02,2.7,2.1,2.3,2.8,0
56,2021-03,2.8,2.0,2.0,2.8,0
56,2021-04,2.8,1.5,1.5,2.8,0
56,2021-05,2.8,1.8,1.7,2.7,0
56,2021-06,2.7,2.2,2.0,2.5,0
56,2021-07,2.5,0.8,1.0,2.7,0
56,2021-08,2.7,1.7,1.7,2.7,0
56,2021-09,2.7,1.5,1.7,2.9,0
56,2021-10,2.9,1.7,1.8,2.9,0
56,2021-11,2.9,2.9,4.3,4.3,2
56,2021-12,4.3,2.5,1.6,3.4,0
56,2022-01,3.4,2.1,1.5,2.8,0
56,2022-02,2.8,2.0,2.0,2.9,0
56,2022-03,2.9,2.3,2.2,2.7,0
56,2022-04,2.7,2.5,2.4,2.7,0
56,2022-05,2.7,1.6,1.6,2.7,0
56,2022-06,2.7,1.7,1.7,2.7,0
56,2022-07,2.7,2.1,2.3,2.9,0
56,2022-08,2.9,1.8,1.7,2.8,0
56,2022-09,2.8,2.3,2.3,2.9,0
56,2022-10,2.9,1.8,1.7,2.8,0
56,2022-11,2.8,2.8,4.2,4.2,5
56,2022-12,4.2,2.5,1.6,3.3,0
56,2023-01,3.3,2.5,1.9,2.8,0
56,2023-02,2.8,2.0,2.1,2.9,0
56,2023-03,2.9,1.5,1.4,2.8,0
56,2023-04,2.8,1.9,1.8,2.7,0
56,2023-05,2.7,1.5,1.5,2.6,0
56,2023-06,2.6,2.0,1.9,2.5,0
56,2023-07,2.5,1.6,1.9,2.8,0
56,2023-08,2.8,2.4,2.5,2.9,0
56,2023-09,2.9,1.5,1.4,2.8,0
56,2023-10,2.8,2.2,2.3,2.9,0
56,2023-11,2.9,2.4,3.4,4.0,0
56,2023-12,4.0,2.1,1.5,3.4,0
56,2024-01,3.4,1.6,0.9,2.7,0
56,2024-02,2.7,1.7,1.7,2.7,0
56,2024-03,2.7,2.0,2.2,2.9,0
56,2024-04,2.9,1.7,1.6,2.8,0
56,2024-05,2.8,2.1,2.1,2.8,0
56,2024-06,2.8,2.4,2.2,2.6,0
56,2024-07,2.6,2.1,2.3,2.8,0
56,2024-08,2.8,1.4,1.3,2.7,0
56,2024-09,2.7,1.9,2.1,2.9,0
56,2024-10,2.9,2.2,1.9,2.6,0
56,2024-11,2.6,2.6,3.6,3.6,2
56,2024-12,3.6,2.6,2.6,3.5,0
56,2025-01,3.5,1.7,1.0,2.9,0
56,2025-02,2.9,1.9,1.7,2.7,0
56,2025-03,2.7,2.3,2.2,2.6,0
56,2025-04,2.6,1.6,1.7,2.8,0
56,2025-05,2.8,2.0,1.9,2.7,0
56,2025-06,2.7,1.9,1.9,2.7,0
56,2025-07,2.7,1.9,2.0,2.9,0
56,2025-08,2.9,2.1,2.1,2.8,0
56,2025-09,2.8,2.4,2.3,2.7,0
56,2025-10,2.7,1.9,1.8,2.6,0
56,2025-11,2.6,2.6,3.6,3.6,1
56,2025-12,3.6,2.4,2.0,3.2,0
57,2021-01,15.0,5.9,5.8,15.0,0
57,2021-02,15.0,7.3,7.3,15.0,0
57,2021-03,15.0,6.0,6.2,15.1,0
57,2021-04,15.1,9.7,9.3,14.7,0
57,2021-05,14.7,7.9,7.8,14.6,0
57,2021-06,14.6,5.5,6.1,15.3,0
57,2021-07,15.3,8.5,7.1,13.9,0
57,2021-08,13.9,8.1,8.6,14.4,0
57,2021-09,14.4,7.1,7.4,14.6,0
57,2021-10,14.6,6.9,7.1,14.9,0
57,2021-11,14.9,12.1,17.7,20.5,0
57,2021-12,20.5,10.3,8.3,18.5,0
57,2022-01,18.5,7.3,3.9,15.1,0
57,2022-02,15.1,5.2,4.7,14.6,0
57,2022-03,14.6,8.4,9.0,15.3,0
57,2022-04,15.3,7.1,6.4,14.6,0
57,2022-05,14.6,6.2,6.8,15.2,0
57,2022-06,15.2,7.7,7.0,14.5,0
57,2022-07,14.5,9.1,8.4,13.8,0
57,2022-08,13.8,3.0,4.1,14.9,0
57,2022-09,14.9,8.2,8.4,15.1,0
57,2022-10,15.1,8.0,7.4,14.5,0
57,2022-11,14.5,12.5,20.2,22.2,0
57,2022-12,22.2,12.4,9.2,19.0,0
57,2023-01,19.0,9.1,5.2,15.1,0
57,2023-02,15.1,7.7,6.6,14.1,0
57,2023-03,14.1,9.8,10.3,14.5,0
57,2023-04,14.5,8.6,8.0,13.8,0
57,2023-05,13.8,7.7,7.8,13.9,0
57,2023-06,13.9,8.1,9.4,15.2,0
57,2023-07,15.2,9.2,9.5,15.5,0
57,2023-08,15.5,9.8,9.0,14.7,0
57,2023-09,14.7,7.1,6.5,14.1,0
57,2023-10,14.1,7.5,8.1,14.7,0
57,2023-11,14.7,9.5,16.6,21.8,0
57,2023-12,21.8,11.1,8.0,18.7,0
57,2024-01,18.7,7.6,3.8,14.9,0
57,2024-02,14.9,10.2,10.5,15.2,0
57,2024-03,15.2,9.9,9.3,14.6,0
57,2024-04,14.6,8.2,7.4,13.8,0
57,2024-05,13.8,8.3,9.2,14.7,0
57,2024-06,14.7,6.9,7.5,15.2,0
57,2024-07,15.2,6.9,5.9,14.2,0
57,2024-08,14.2,8.0,8.9,15.1,0
57,2024-09,15.1,7.6,7.6,15.1,0
57,2024-10,15.1,10.3,10.6,15.3,0
57,2024-11,15.3,10.6,15.9,20.6,0
57,2024-12,20.6,10.8,8.5,18.4,0
57,2025-01,18.4,7.7,4.1,14.8,0
57,2025-02,14.8,8.1,8.6,15.3,0
57,2025-03,15.3,8.5,7.5,14.3,0
57,2025-04,14.3,6.3,7.0,15.0,0
57,2025-05,15.0,9.0,8.1,14.1,0
57,2025-06,14.1,9.7,10.2,14.5,0
57,2025-07,14.5,9.5,8.8,13.8,0
57,2025-08,13.8,7.7,9.1,15.2,0
57,2025-09,15.2,6.8,6.0,14.5,0
57,2025-10,14.5,9.2,10.2,15.5,0
57,2025-11,15.5,10.8,15.5,20.2,0
57,2025-12,20.2,10.2,8.7,18.7,0
58,2021-01,8.3,4.6,4.7,8.4,0
58,2021-02,8.4,5.0,4.4,7.9,0
58,2021-03,7.9,5.1,5.1,7.9,0
58,2021-04,7.9,5.7,6.2,8.4,0
58,2021-05,8.4,6.1,5.8,8.1,0
58,2021-06,8.1,5.3,5.7,8.5,0
58,2021-07,8.5,4.5,3.9,7.8,0
58,2021-08,7.8,5.9,5.8,7.7,0
58,2021-09,7.7,6.0,6.5,8.2,0
58,2021-10,8.2,5.3,4.6,7.5,0
58,2021-11,7.5,7.5,11.8,11.8,4
58,2021-12,11.8,5.7,3.6,9.8,0
58,2022-01,9.8,5.8,4.3,8.2,0
58,2022-02,8.2,5.5,5.4,8.2,0
58,2022-03,8.2,5.2,4.8,7.9,0
58,2022-04,7.9,3.9,4.1,8.0,0
58,2022-05,8.0,4.7,4.8,8.2,0
58,2022-06,8.2,3.8,3.9,8.2,0
58,2022-07,8.2,4.5,4.3,8.1,0
58,2022-08,8.1,4.3,4.5,8.3,0
58,2022-09,8.3,6.2,6.1,8.2,0
58,2022-10,8.2,3.3,3.4,8.3,0
58,2022-11,8.3,8.3,10.4,10.4,1
58,2022-12,10.4,7.2,7.0,10.2,0
58,2023-01,10.2,4.3,2.4,8.2,0
58,2023-02,8.2,4.8,4.6,8.0,0
58,2023-03,8.0,7.4,8.0,8.6,0
58,2023-04,8.6,4.6,4.5,8.5,0
58,2023-05,8.5,5.2,5.0,8.3,0
58,2023-06,8.3,5.0,4.5,7.7,0
58,2023-07,7.7,5.4,6.1,8.5,0
58,2023-08,8.5,5.1,5.1,8.4,0
58,2023-09,8.4,6.9,7.0,8.6,0
58,2023-10,8.6,5.0,4.0,7.7,0
58,2023-11,7.7,7.3,10.4,10.7,0
58,2023-12,10.7,7.0,6.1,9.9,0
58,2024-01,9.9,4.0,2.1,8.0,0
58,2024-02,8.0,5.1,5.6,8.5,0
58,2024-03,8.5,5.4,4.9,7.9,0
58,2024-04,7.9,5.5,5.4,7.8,0
58,2024-05,7.8,3.9,4.6,8.4,0
58,2024-06,8.4,6.7,6.3,8.0,0
58,2024-07,8.0,5.8,6.1,8.3,0
58,2024-08,8.3,4.5,4.5,8.4,0
58,2024-09,8.4,4.9,5.0,8.5,0
58,2024-10,8.5,6.0,5.6,8.0,0
58,2024-11,8.0,8.0,10.9,10.9,2
58,2024-12,10.9,5.9,5.6,10.5,0
58,2025-01,10.5,4.4,2.2,8.3,0
58,2025-02,8.3,6.5,5.6,7.4,0
58,2025-03,7.4,5.8,6.7,8.4,0
58,2025-04,8.4,5.2,4.9,8.1,0
58,2025-05,8.1,4.9,4.8,8.0,0
58,2025-06,8.0,5.2,4.8,7.6,0
58,2025-07,7.6,4.4,4.5,7.7,0
58,2025-08,7.7,6.2,6.9,8.4,0
58,2025-09,8.4,5.5,5.4,8.3,0
58,2025-10,8.3,5.6,5.8,8.5,0
58,2025-11,8.5,8.5,11.7,11.7,5
58,2025-12,11.7,7.0,5.9,10.6,0
59,2021-01,21.6,16.6,16.7,21.7,0
59,2021-02,21.7,12.4,12.3,21.5,0
59,2021-03,21.5,14.5,13.0,20.0,0
59,2021-04,20.0,10.3,11.5,21.1,0
59,2021-05,21.1,12.6,12.2,20.7,0
59,2021-06,20.7,9.2,9.2,20.7,0
59,2021-07,20.7,14.5,16.1,22.3,0
59,2021-08,22.3,10.6,9.8,21.5,0
59,2021-09,21.5,17.4,16.2,20.4,0
59,2021-10,20.4,13.1,13.5,20.7,0
59,2021-11,20.7,20.3,31.1,31.5,0
59,2021-12,31.5,19.3,13.7,25.9,0
59,2022-01,25.9,16.1,12.0,21.8,0
59,2022-02,21.8,14.1,13.6,21.3,0
59,2022-03,21.3,14.2,14.2,21.3,0
59,2022-04,21.3,12.4,12.1,21.0,0
59,2022-05,21.0,16.3,16.2,20.9,0
59,2022-06,20.9,10.9,10.7,20.7,0
59,2022-07,20.7,16.4,15.2,19.5,0
59,2022-08,19.5,14.3,14.1,19.3,0
59,2022-09,19.3,13.5,14.5,20.3,0
59,2022-10,20.3,16.0,15.1,19.5,0
59,2022-11,19.5,19.5,30.4,30.4,0
59,2022-12,30.4,18.3,15.0,27.1,0
59,2023-01,27.1,16.6,11.0,21.6,0
59,2023-02,21.6,14.9,13.6,20.3,0
59,2023-03,20.3,11.2,12.1,21.2,0
59,2023-04,21.2,16.1,17.0,22.0,0
59,2023-05,22.0,15.7,13.9,20.2,0
59,2023-06,20.2,17.6,16.4,18.9,0
59,2023-07,18.9,15.6,18.5,21.8,0
59,2023-08,21.8,12.1,11.3,21.0,0
59,2023-09,21.0,15.1,15.3,21.3,0
59,2023-10,21.3,15.5,16.5,22.2,0
59,2023-11,22.2,18.4,25.1,28.9,0
59,2023-12,28.9,20.3,16.9,25.5,0
59,2024-01,25.5,13.3,8.9,21.1,0
59,2024-02,21.1,16.0,16.0,21.1,0
59,2024-03,21.1,10.7,11.1,21.5,0
59,2024-04,21.5,16.2,14.0,19.3,0
59,2024-05,19.3,13.1,14.3,20.4,0
59,2024-06,20.4,12.1,12.0,20.3,0
59,2024-07,20.3,15.6,15.3,20.0,0
59,2024-08,20.0,16.1,17.4,21.2,0
59,2024-09,21.2,11.2,10.5,20.6,0
59,2024-10,20.6,16.9,17.8,21.4,0
59,2024-11,21.4,21.4,27.0,27.0,4
59,2024-12,27.0,17.9,16.8,26.0,0
59,2025-01,26.0,7.9,3.4,21.5,0
59,2025-02,21.5,15.8,15.6,21.3,0
59,2025-03,21.3,11.7,11.2,20.7,0
59,2025-04,20.7,15.3,15.7,21.1,0
59,2025-05,21.1,12.4,13.4,22.1,0
59,2025-06,22.1,18.4,18.7,22.4,0
59,2025-07,22.4,14.7,13.2,21.0,0
59,2025-08,21.0,9.8,9.7,20.9,0
59,2025-09,20.9,10.1,9.7,20.4,0
59,2025-10,20.4,18.0,16.6,18.9,0
59,2025-11,18.9,18.9,27.8,27.8,5
59,2025-12,27.8,18.4,16.6,26.0,0
60,2021-01,16.7,4.4,3.9,16.2,0
60,2021-02,16.2,4.1,4.0,16.1,0
60,2021-03,16.1,5.7,5.5,15.9,0
60,2021-04,15.9,4.2,5.3,16.9,0
60,2021-05,16.9,5.2,4.4,16.1,0
60,2021-06,16.1,4.2,4.6,16.6,0
60,2021-07,16.6,5.2,4.8,16.2,0
60,2021-08,16.2,7.2,7.4,16.5,0
60,2021-09,16.5,5.4,5.4,16.6,0
60,2021-10,16.6,7.2,7.4,16.8,0
60,2021-11,16.8,6.3,11.7,22.3,0
60,2021-12,22.3,6.0,4.2,20.5,0
60,2022-01,20.5,4.9,1.0,16.6,0
60,2022-02,16.6,4.7,4.5,16.4,0
60,2022-03,16.4,5.4,5.6,16.6,0
60,2022-04,16.6,5.4,4.7,15.9,0
60,2022-05,15.9,5.0,5.8,16.7,0
60,2022-06,16.7,6.1,6.3,16.8,0
60,2022-07,16.8,4.0,3.8,16.7,0
60,2022-08,16.7,4.2,4.4,16.9,0
60,2022-09,16.9,2.9,2.6,16.5,0
60,2022-10,16.5,4.9,4.6,16.3,0
60,2022-11,16.3,6.6,13.9,23.6,0
60,2022-12,23.6,6.3,3.7,21.1,0
60,2023-01,21.1,4.1,0.0,16.9,0
60,2023-02,16.9,4.0,3.4,16.3,0
60,2023-03,16.3,4.8,4.5,16.0,0
60,2023-04,16.0,4.2,4.2,16.0,0
60,2023-05,16.0,5.0,5.3,16.3,0
60,2023-06,16.3,5.0,5.0,16.3,0
60,2023-07,16.3,4.7,4.8,16.4,0
60,2023-08,16.4,5.4,4.9,15.9,0
60,2023-09,15.9,4.8,5.7,16.7,0
60,2023-10,16.7,4.4,4.0,16.3,0
60,2023-11,16.3,6.1,14.3,24.5,0
60,2023-12,24.5,6.2,2.4,20.7,0
60,2024-01,20.7,4.1,0.1,16.7,0
60,2024-02,16.7,5.6,5.7,16.9,0
60,2024-03,16.9,5.0,5.1,16.9,0
60,2024-04,16.9,4.3,3.5,16.1,0
60,2024-05,16.1,3.8,4.0,16.3,0
60,2024-06,16.3,3.7,4.1,16.7,0
60,2024-07,16.7,5.9,5.4,16.2,0
60,2024-08,16.2,3.0,3.0,16.3,0
60,2024-09,16.3,4.1,4.3,16.5,0
60,2024-10,16.5,7.0,6.9,16.4,0
60,2024-11,16.4,7.6,15.7,24.5,0
60,2024-12,24.5,7.3,3.6,20.7,0
60,2025-01,20.7,5.2,1.1,16.6,0
60,2025-02,16.6,4.9,4.5,16.2,0
60,2025-03,16.2,5.2,5.5,16.5,0
60,2025-04,16.5,3.1,3.4,16.8,0
60,2025-05,16.8,3.7,3.7,16.9,0
60,2025-06,16.9,4.1,4.0,16.7,0
60,2025-07,16.7,3.9,3.9,16.7,0
60,2025-08,16.7,3.8,3.2,16.2,0
60,2025-09,16.2,6.9,6.4,15.7,0
60,2025-10,15.7,4.0,4.5,16.2,0
60,2025-11,16.2,7.7,14.0,22.5,0
60,2025-12,22.5,4.3,2.7,20.9,0
61,2021-01,21.0,15.7,14.6,19.8,0
61,2021-02,19.8,10.8,11.3,20.3,0
61,2021-03,20.3,12.8,11.8,19.2,0
61,2021-04,19.2,15.2,14.5,18.5,0
61,2021-05,18.5,8.1,9.2,19.6,0
61,2021-06,19.6,15.0,14.3,18.9,0
61,2021-07,18.9,12.9,13.5,19.4,0
61,2021-08,19.4,13.8,15.7,21.4,0
61,2021-09,21.4,13.5,13.4,21.2,0
61,2021-10,21.2,10.2,8.6,19.7,0
61,2021-11,19.7,19.0,29.6,30.2,0
61,2021-12,30.2,11.3,6.5,25.4,0
61,2022-01,25.4,12.0,6.5,19.9,0
61,2022-02,19.9,11.3,12.1,20.7,0
61,2022-03,20.7,11.6,11.0,20.1,0
61,2022-04,20.1,13.0,13.1,20.2,0
61,2022-05,20.2,11.7,11.0,19.5,0
61,2022-06,19.5,10.9,11.8,20.4,0
61,2022-07,20.4,10.8,9.8,19.5,0
61,2022-08,19.5,11.8,11.6,19.4,0
61,2022-09,19.4,10.2,10.7,19.9,0
61,2022-10,19.9,12.2,11.3,19.0,0
61,2022-11,19.0,15.8,28.3,31.5,0
61,2022-12,31.5,14.8,9.5,26.3,0
61,2023-01,26.3,13.0,7.3,20.6,0
61,2023-02,20.6,11.2,10.4,19.8,0
61,2023-03,19.8,11.5,12.6,20.9,0
61,2023-04,20.9,9.1,8.7,20.5,0
61,2023-05,20.5,13.0,13.3,20.8,0
61,2023-06,20.8,10.5,9.6,19.9,0
61,2023-07,19.9,8.1,9.1,20.9,0
61,2023-08,20.9,11.1,11.7,21.5,0
61,2023-09,21.5,9.6,9.4,21.3,0
61,2023-10,21.3,10.4,9.0,19.9,0
61,2023-11,19.9,15.0,23.6,28.5,0
61,2023-12,28.5,13.8,10.9,25.6,0
61,2024-01,25.6,11.5,6.6,20.7,0
61,2024-02,20.7,12.7,12.9,20.9,0
61,2024-03,20.9,13.5,12.8,20.2,0
61,2024-04,20.2,11.0,11.7,20.9,0
61,2024-05,20.9,11.0,11.2,21.1,0
61,2024-06,21.1,9.0,9.1,21.2,0
61,2024-07,21.2,12.1,11.7,20.7,0
61,2024-08,20.7,15.1,15.5,21.1,0
61,2024-09,21.1,12.9,12.4,20.6,0
61,2024-10,20.6,10.8,11.2,21.0,0
61,2024-11,21.0,15.0,21.5,27.5,0
61,2024-12,27.5,16.9,15.6,26.2,0
61,2025-01,26.2,11.7,6.0,20.4,0
61,2025-02,20.4,10.2,9.7,19.9,0
61,2025-03,19.9,12.1,13.8,21.6,0
61,2025-04,21.6,6.8,6.3,21.0,0
61,2025-05,21.0,14.8,14.7,20.9,0
61,2025-06,20.9,12.5,11.2,19.7,0
61,2025-07,19.7,13.5,15.5,21.7,0
61,2025-08,21.7,12.2,10.2,19.8,0
61,2025-09,19.8,11.9,11.7,19.5,0
61,2025-10,19.5,15.7,17.1,20.9,0
61,2025-11,20.9,15.7,23.7,28.9,0
61,2025-12,28.9,14.3,10.2,24.9,0
62,2021-01,194.9,52.4,53.6,196.2,0
62,2021-02,196.2,59.1,55.8,192.9,0
62,2021-03,192.9,58.8,53.0,187.1,0
62,2021-04,187.1,46.2,47.1,188.1,0
62,2021-05,188.1,62.3,64.9,190.6,0
62,2021-06,190.6,65.1,60.4,185.9,0
62,2021-07,185.9,66.4,66.3,185.8,0
62,2021-08,185.8,56.8,59.1,188.0,0
62,2021-09,188.0,61.0,66.7,193.7,0
62,2021-10,193.7,55.5,50.8,189.0,0
62,2021-11,189.0,65.5,135.6,259.1,0
62,2021-12,259.1,85.9,66.7,239.9,0
62,2022-01,239.9,71.7,25.9,194.0,0
62,2022-02,194.0,48.8,42.8,188.0,0
62,2022-03,188.0,55.7,59.3,191.7,0
62,2022-04,191.7,61.2,55.5,186.0,0
62,2022-05,186.0,63.4,65.6,188.2,0
62,2022-06,188.2,60.1,69.1,197.2,0
62,2022-07,197.2,58.4,50.9,189.7,0
62,2022-08,189.7,61.5,69.8,198.0,0
62,2022-09,198.0,43.3,37.6,192.3,0
62,2022-10,192.3,61.2,60.1,191.2,0
62,2022-11,191.2,82.6,181.6,290.3,0
62,2022-12,290.3,94.7,43.0,238.6,0
62,2023-01,238.6,76.8,34.4,196.2,0
62,2023-02,196.2,63.3,60.6,193.5,0
62,2023-03,193.5,54.9,54.4,193.0,0
62,2023-04,193.0,67.4,71.3,196.9,0
62,2023-05,196.9,49.4,48.5,196.0,0
62,2023-06,196.0,73.6,71.5,193.9,0
62,2023-07,193.9,55.8,57.1,195.2,0
62,2023-08,195.2,59.8,58.7,194.2,0
62,2023-09,194.2,48.8,44.8,190.1,0
62,2023-10,190.1,50.7,56.8,196.1,0
62,2023-11,196.1,103.9,161.9,254.1,0
62,2023-12,254.1,79.1,70.2,245.2,0
62,2024-01,245.2,55.8,5.7,195.2,0
62,2024-02,195.2,69.8,61.6,187.0,0
62,2024-03,187.0,56.8,64.2,194.4,0
62,2024-04,194.4,61.4,57.1,190.1,0
62,2024-05,190.1,62.6,69.3,196.9,0
62,2024-06,196.9,51.4,50.6,196.1,0
62,2024-07,196.1,58.8,51.8,189.2,0
62,2024-08,189.2,67.9,72.3,193.5,0
62,2024-09,193.5,63.5,55.6,185.7,0
62,2024-10,185.7,44.3,53.8,195.2,0
62,2024-11,195.2,81.6,155.7,269.3,0
62,2024-12,269.3,98.5,64.6,235.4,0
62,2025-01,235.4,48.9,7.8,194.3,0
62,2025-02,194.3,52.1,46.9,189.1,0
62,2025-03,189.1,59.5,61.6,191.2,0
62,2025-04,191.2,45.4,43.8,189.6,0
62,2025-05,189.6,39.7,40.2,190.1,0
62,2025-06,190.1,72.8,69.8,187.0,0
62,2025-07,187.0,41.9,45.1,190.2,0
62,2025-08,190.2,70.4,70.6,190.4,0
62,2025-09,190.4,61.0,57.2,186.6,0
62,2025-10,186.6,62.4,68.0,192.2,0
62,2025-11,192.2,105.0,200.8,288.0,0
62,2025-12,288.0,61.9,16.0,242.1,0
63,2021-01,22.7,17.6,17.0,22.1,0
63,2021-02,22.1,13.7,14.2,22.7,0
63,2021-03,22.7,22.7,22.9,22.9,2
63,2021-04,22.9,14.0,12.7,21.6,0
63,2021-05,21.6,16.6,17.1,22.1,0
63,2021-06,22.1,13.7,12.3,20.8,0
63,2021-07,20.8,17.0,19.0,22.7,0
63,2021-08,22.7,13.9,12.1,21.0,0
63,2021-09,21.0,20.9,21.4,21.5,0
63,2021-10,21.5,15.6,15.9,21.9,0
63,2021-11,21.9,21.9,34.6,34.6,3
63,2021-12,34.6,25.3,19.0,28.3,0
63,2022-01,28.3,16.2,11.1,23.2,0
63,2022-02,23.2,20.7,20.8,23.3,0
63,2022-03,23.3,18.2,17.3,22.4,0
63,2022-04,22.4,15.2,13.6,20.9,0
63,2022-05,20.9,15.5,18.0,23.3,0
63,2022-06,23.3,19.1,19.3,23.5,0
63,2022-07,23.5,19.9,16.3,20.0,0
63,2022-08,20.0,20.0,19.8,19.8,0
63,2022-09,19.8,19.8,21.9,21.9,2
63,2022-10,21.9,19.8,18.1,20.2,0
63,2022-11,20.2,20.2,28.3,28.3,8
63,2022-12,28.3,21.2,20.5,27.7,0
63,2023-01,27.7,17.4,10.7,21.0,0
63,2023-02,21.0,14.3,15.1,21.8,0
63,2023-03,21.8,15.8,15.4,21.3,0
63,2023-04,21.3,17.5,18.0,21.8,0
63,2023-05,21.8,16.4,16.9,22.2,0
63,2023-06,22.2,11.7,11.9,22.5,0
63,2023-07,22.5,13.9,13.2,21.8,0
63,2023-08,21.8,21.8,21.0,21.0,0
63,2023-09,21.0,13.6,14.4,21.8,0
63,2023-10,21.8,21.4,19.7,20.1,0
63,2023-11,20.1,20.1,31.0,31.0,7
63,2023-12,31.0,23.7,20.5,27.8,0
63,2024-01,27.8,19.5,12.9,21.2,0
63,2024-02,21.2,16.1,16.9,21.9,0
63,2024-03,21.9,15.1,13.9,20.8,0
63,2024-04,20.8,16.0,16.0,20.9,0
63,2024-05,20.9,19.8,18.5,19.6,0
63,2024-06,19.6,14.2,16.2,21.6,0
63,2024-07,21.6,17.7,19.3,23.2,0
63,2024-08,23.2,18.4,16.1,20.9,0
63,2024-09,20.9,19.1,18.9,20.6,0
63,2024-10,20.6,18.8,21.6,23.5,0
63,2024-11,23.5,21.1,31.8,34.1,0
63,2024-12,34.1,27.5,19.4,26.0,0
63,2025-01,26.0,15.7,10.8,21.2,0
63,2025-02,21.2,19.7,18.5,19.9,0
63,2025-03,19.9,17.2,17.7,20.4,0
63,2025-04,20.4,17.0,19.1,22.5,0
63,2025-05,22.5,15.8,13.7,20.4,0
63,2025-06,20.4,20.4,23.1,23.1,2
63,2025-07,23.1,16.4,14.4,21.0,0
63,2025-08,21.0,13.7,14.8,22.2,0
63,2025-09,22.2,13.5,14.5,23.2,0
63,2025-10,23.2,15.6,15.5,23.0,0
63,2025-11,23.0,23.0,32.3,32.3,6
63,2025-12,32.3,20.7,16.2,27.7,0
64,2021-01,13.8,8.2,7.9,13.5,0
64,2021-02,13.5,10.9,11.1,13.7,0
64,2021-03,13.7,7.9,6.9,12.7,0
64,2021-04,12.7,12.7,12.0,12.0,4
64,2021-05,12.0,7.8,8.4,12.6,0
64,2021-06,12.6,10.4,11.3,13.6,0
64,2021-07,13.6,10.0,10.6,14.1,0
64,2021-08,14.1,9.6,8.6,13.1,0
64,2021-09,13.1,9.2,9.9,13.9,0
64,2021-10,13.9,12.3,12.1,13.7,0
64,2021-11,13.7,13.7,17.2,17.2,5
64,2021-12,17.2,12.3,12.2,17.0,0
64,2022-01,17.0,12.8,8.8,13.0,0
64,2022-02,13.0,12.7,13.1,13.4,0
64,2022-03,13.4,10.2,9.5,12.7,0
64,2022-04,12.7,11.8,12.7,13.7,0
64,2022-05,13.7,8.2,8.4,14.0,0
64,2022-06,14.0,8.1,7.2,13.1,0
64,2022-07,13.1,9.5,9.4,13.1,0
64,2022-08,13.1,13.1,13.3,13.3,4
64,2022-09,13.3,12.0,11.0,12.2,0
64,2022-10,12.2,11.1,10.8,11.9,0
64,2022-11,11.9,11.9,18.9,18.9,6
64,2022-12,18.9,9.8,7.8,16.9,0
64,2023-01,16.9,10.7,7.7,13.9,0
64,2023-02,13.9,13.7,12.1,12.3,0
64,2023-03,12.3,10.5,11.2,12.9,0
64,2023-04,12.9,6.3,7.2,13.8,0
64,2023-05,13.8,8.6,8.8,13.9,0
64,2023-06,13.9,12.2,10.7,12.4,0
64,2023-07,12.4,10.9,12.3,13.8,0
64,2023-08,13.8,10.9,11.2,14.1,0
64,2023-09,14.1,12.6,10.6,12.1,0
64,2023-10,12.1,12.1,12.6,12.6,5
64,2023-11,12.6,12.6,19.7,19.7,7
64,2023-12,19.7,13.2,10.4,17.0,0
64,2024-01,17.0,12.1,8.6,13.5,0
64,2024-02,13.5,10.0,10.5,13.9,0
64,2024-03,13.9,9.6,9.2,13.6,0
64,2024-04,13.6,9.4,8.9,13.1,0
64,2024-05,13.1,8.6,9.0,13.5,0
64,2024-06,13.5,9.2,8.3,12.6,0
64,2024-07,12.6,12.6,13.1,13.1,4
64,2024-08,13.1,8.6,9.6,14.1,0
64,2024-09,14.1,12.6,11.2,12.6,0
64,2024-10,12.6,11.2,11.0,12.4,0
64,2024-11,12.4,12.4,19.7,19.7,7
64,2024-12,19.7,14.6,11.2,16.3,0
64,2025-01,16.3,6.9,4.3,13.7,0
64,2025-02,13.7,10.8,11.3,14.2,0
64,2025-03,14.2,14.2,12.4,12.4,1
64,2025-04,12.4,12.4,12.2,12.2,0
64,2025-05,12.2,11.6,13.7,14.3,0
64,2025-06,14.3,7.3,6.8,13.7,0
64,2025-07,13.7,10.1,10.6,14.3,0
64,2025-08,14.3,12.9,11.3,12.7,0
64,2025-09,12.7,9.3,9.2,12.5,0
64,2025-10,12.5,11.7,12.4,13.3,0
64,2025-11,13.3,13.3,18.2,18.2,3
64,2025-12,18.2,13.8,11.1,15.5,0
65,2021-01,251.8,52.8,53.6,252.7,0
65,2021-02,252.7,72.1,68.1,248.6,0
65,2021-03,248.6,58.9,57.7,247.4,0
65,2021-04,247.4,44.9,49.6,252.1,0
65,2021-05,252.1,33.1,33.8,252.8,0
65,2021-06,252.8,52.6,52.7,252.8,0
65,2021-07,252.8,68.0,59.2,244.0,0
65,2021-08,244.0,64.7,76.0,255.3,0
65,2021-09,255.3,54.2,47.7,248.8,0
65,2021-10,248.8,58.8,63.1,253.0,0
65,2021-11,253.0,91.6,193.2,354.6,0
65,2021-12,354.6,87.5,41.5,308.6,0
65,2022-01,308.6,51.9,0.0,256.7,0
65,2022-02,256.7,50.5,41.1,247.2,0
65,2022-03,247.2,74.3,75.6,248.6,0
65,2022-04,248.6,59.7,57.9,246.7,0
65,2022-05,246.7,50.7,51.6,247.6,0
65,2022-06,247.6,76.0,75.2,246.8,0
65,2022-07,246.8,67.1,72.6,252.3,0
65,2022-08,252.3,55.4,48.2,245.1,0
65,2022-09,245.1,61.7,70.6,254.0,0
65,2022-10,254.0,63.4,61.3,252.0,0
65,2022-11,252.0,79.0,192.1,365.1,0
65,2022-12,365.1,68.6,17.9,314.4,0
65,2023-01,314.4,78.7,13.9,249.6,0
65,2023-02,249.6,66.4,59.8,243.0,0
65,2023-03,243.0,64.2,74.1,252.9,0
65,2023-04,252.9,64.3,54.2,242.8,0
65,2023-05,242.8,59.5,65.2,248.5,0
65,2023-06,248.5,84.6,91.9,255.8,0
65,2023-07,255.8,62.8,56.1,249.1,0
65,2023-08,249.1,73.8,76.3,251.6,0
65,2023-09,251.6,59.2,59.3,251.8,0
65,2023-10,251.8,69.9,65.3,247.2,0
65,2023-11,247.2,71.2,166.0,341.9,0
65,2023-12,341.9,77.5,51.2,315.7,0
65,2024-01,315.7,70.5,5.9,251.0,0
65,2024-02,251.0,65.5,60.4,245.9,0
65,2024-03,245.9,54.5,55.7,247.2,0
65,2024-04,247.2,68.3,75.4,254.4,0
65,2024-05,254.4,79.7,70.1,244.8,0
65,2024-06,244.8,37.5,42.3,249.6,0
65,2024-07,249.6,64.5,67.5,252.5,0
65,2024-08,252.5,63.9,65.7,254.3,0
65,2024-09,254.3,64.9,63.6,253.0,0
65,2024-10,253.0,50.8,50.5,252.7,0
65,2024-11,252.7,105.3,213.3,360.7,0
65,2024-12,360.7,67.0,19.6,313.4,0
65,2025-01,313.4,62.1,0.4,251.8,0
65,2025-02,251.8,69.9,67.2,249.0,0
65,2025-03,249.0,71.9,76.2,253.4,0
65,2025-04,253.4,79.6,76.1,249.9,0
65,2025-05,249.9,51.2,53.6,252.3,0
65,2025-06,252.3,54.8,53.7,251.1,0
65,2025-07,251.1,71.3,69.2,249.1,0
65,2025-08,249.1,68.9,72.3,252.5,0
65,2025-09,252.5,61.7,59.0,249.8,0
65,2025-10,249.8,35.7,37.8,251.8,0
65,2025-11,251.8,90.0,198.6,360.4,0
65,2025-12,360.4,76.5,28.8,312.7,0
66,2021-01,36.5,36.5,36.3,36.3,9
66,2021-02,36.3,36.3,33.6,33.6,4
66,2021-03,33.6,33.6,36.4,36.4,17
66,2021-04,36.4,36.4,36.5,36.5,12
66,2021-05,36.5,36.5,31.3,31.3,13
66,2021-06,31.3,31.3,36.9,36.9,19
66,2021-07,36.9,36.9,31.7,31.7,14
66,2021-08,31.7,31.7,34.3,34.3,8
66,2021-09,34.3,34.3,31.8,31.8,14
66,2021-10,31.8,31.8,36.2,36.2,19
66,2021-11,36.2,36.2,52.9,52.9,19
66,2021-12,52.9,52.9,40.4,40.4,13
66,2022-01,40.4,40.4,36.2,36.2,9
66,2022-02,36.2,36.2,32.9,32.9,7
66,2022-03,32.9,32.9,31.5,31.5,17
66,2022-04,31.5,31.5,33.7,33.7,17
66,2022-05,33.7,33.7,31.5,31.5,13
66,2022-06,31.5,31.5,32.4,32.4,18
66,2022-07,32.4,32.4,32.5,32.5,12
66,2022-08,32.5,32.5,35.6,35.6,17
66,2022-09,35.6,35.6,32.1,32.1,16
66,2022-10,32.1,32.1,33.9,33.9,14
66,2022-11,33.9,33.9,53.3,53.3,21
66,2022-12,53.3,53.3,47.1,47.1,8
66,2023-01,47.1,47.1,35.7,35.7,2
66,2023-02,35.7,35.7,33.7,33.7,13
66,2023-03,33.7,33.7,35.1,35.1,15
66,2023-04,35.1,35.1,33.0,33.0,19
66,2023-05,33.0,33.0,35.8,35.8,12
66,2023-06,35.8,35.8,36.6,36.6,13
66,2023-07,36.6,36.6,32.3,32.3,11
66,2023-08,32.3,32.3,38.1,38.1,15
66,2023-09,38.1,38.1,37.5,37.5,12
66,2023-10,37.5,37.5,38.2,38.2,16
66,2023-11,38.2,38.2,53.5,53.5,16
66,2023-12,53.5,53.5,43.5,43.5,8
66,2024-01,43.5,43.5,34.7,34.7,12
66,2024-02,34.7,34.7,31.5,31.5,14
66,2024-03,31.5,31.5,35.8,35.8,18
66,2024-04,35.8,35.8,35.3,35.3,12
66,2024-05,35.3,35.3,37.2,37.2,16
66,2024-06,37.2,37.2,31.2,31.2,11
66,2024-07,31.2,31.2,38.3,38.3,13
66,2024-08,38.3,38.3,38.0,38.0,15
66,2024-09,38.0,38.0,33.2,33.2,13
66,2024-10,33.2,33.2,34.4,34.4,15
66,2024-11,34.4,34.4,48.6,48.6,17
66,2024-12,48.6,48.6,45.2,45.2,10
66,2025-01,45.2,45.2,36.4,36.4,10
66,2025-02,36.4,36.4,36.5,36.5,11
66,2025-03,36.5,36.5,32.9,32.9,9
66,2025-04,32.9,32.9,38.2,38.2,13
66,2025-05,38.2,38.2,35.9,35.9,12
66,2025-06,35.9,35.9,35.7,35.7,9
66,2025-07,35.7,35.7,35.1,35.1,16
66,2025-08,35.1,35.1,31.7,31.7,8
66,2025-09,31.7,31.7,36.9,36.9,15
66,2025-10,36.9,36.9,31.4,31.4,13
66,2025-11,31.4,31.4,53.3,53.3,19
66,2025-12,53.3,53.3,41.3,41.3,10
67,2021-01,36.1,18.4,18.1,35.8,0
67,2021-02,35.8,20.5,19.4,34.8,0
67,2021-03,34.8,18.7,20.5,36.7,0
67,2021-04,36.7,20.8,18.4,34.3,0
67,2021-05,34.3,13.6,15.3,35.9,0
67,2021-06,35.9,8.3,7.4,35.1,0
67,2021-07,35.1,17.4,17.3,35.0,0
67,2021-08,35.0,20.6,21.6,35.9,0
67,2021-09,35.9,17.1,17.8,36.6,0
67,2021-10,36.6,20.1,20.0,36.5,0
67,2021-11,36.5,23.0,33.5,47.1,0
67,2021-12,47.1,22.8,20.7,45.0,0
67,2022-01,45.0,16.1,6.2,35.2,0
67,2022-02,35.2,18.8,18.0,34.4,0
67,2022-03,34.4,16.2,15.9,34.1,0
67,2022-04,34.1,22.3,24.6,36.5,0
67,2022-05,36.5,15.2,13.3,34.6,0
67,2022-06,34.6,18.4,20.7,36.8,0
67,2022-07,36.8,18.6,16.3,34.6,0
67,2022-08,34.6,14.3,14.5,34.8,0
67,2022-09,34.8,11.7,11.7,34.7,0
67,2022-10,34.7,11.8,11.6,34.5,0
67,2022-11,34.5,25.5,43.7,52.7,0
67,2022-12,52.7,20.8,12.7,44.6,0
67,2023-01,44.6,16.7,8.0,36.0,0
67,2023-02,36.0,15.8,14.7,34.9,0
67,2023-03,34.9,20.1,19.2,34.0,0
67,2023-04,34.0,15.8,16.2,34.5,0
67,2023-05,34.5,16.8,16.4,34.1,0
67,2023-06,34.1,20.0,20.3,34.4,0
67,2023-07,34.4,18.1,18.3,34.6,0
67,2023-08,34.6,12.7,14.1,36.0,0
67,2023-09,36.0,21.4,20.0,34.7,0
67,2023-10,34.7,14.2,15.8,36.3,0
67,2023-11,36.3,20.7,34.0,49.6,0
67,2023-12,49.6,22.2,18.5,45.9,0
67,2024-01,45.9,12.5,2.3,35.7,0
67,2024-02,35.7,14.9,13.1,33.9,0
67,2024-03,33.9,19.4,21.5,36.0,0
67,2024-04,36.0,18.0,17.7,35.7,0
67,2024-05,35.7,16.7,16.7,35.7,0
67,2024-06,35.7,20.4,20.2,35.5,0
67,2024-07,35.5,15.2,14.9,35.3,0
67,2024-08,35.3,13.7,13.7,35.3,0
67,2024-09,35.3,20.1,21.4,36.5,0
67,2024-10,36.5,20.9,18.2,33.9,0
67,2024-11,33.9,24.4,39.4,48.9,0
67,2024-12,48.9,22.3,16.5,43.1,0
67,2025-01,43.1,18.5,10.8,35.4,0
67,2025-02,35.4,16.2,16.1,35.2,0
67,2025-03,35.2,10.6,10.0,34.7,0
67,2025-04,34.7,18.5,20.8,37.0,0
67,2025-05,37.0,15.6,14.0,35.4,0
67,2025-06,35.4,17.5,17.6,35.5,0
67,2025-07,35.5,16.5,17.9,36.9,0
67,2025-08,36.9,20.0,19.8,36.7,0
67,2025-09,36.7,17.9,18.0,36.8,0
67,2025-10,36.8,16.7,15.5,35.6,0
67,2025-11,35.6,18.0,32.4,50.0,0
67,2025-12,50.0,19.5,12.7,43.1,0
68,2021-01,87.9,60.7,60.5,87.7,0
68,2021-02,87.7,54.5,55.4,88.6,0
68,2021-03,88.6,46.8,40.4,82.2,0
68,2021-04,82.2,57.5,58.7,83.4,0
68,2021-05,83.4,67.7,75.5,91.2,0
68,2021-06,91.2,62.4,52.9,81.7,0
68,2021-07,81.7,62.4,60.5,79.7,0
68,2021-08,79.7,56.9,64.0,86.8,0
68,2021-09,86.8,48.1,45.0,83.8,0
68,2021-10,83.8,53.5,59.4,89.7,0
68,2021-11,89.7,72.5,95.7,112.8,0
68,2021-12,112.8,64.8,59.8,107.8,0
68,2022-01,107.8,56.0,37.6,89.4,0
68,2022-02,89.4,59.5,58.5,88.4,0
68,2022-03,88.4,61.1,57.2,84.4,0
68,2022-04,84.4,68.7,67.9,83.7,0
68,2022-05,83.7,79.9,73.0,76.7,0
68,2022-06,76.7,75.8,76.2,77.1,0
68,2022-07,77.1,44.4,51.3,84.0,0
68,2022-08,84.0,58.8,65.6,90.7,0
68,2022-09,90.7,55.6,44.8,80.0,0
68,2022-10,80.0,63.7,71.1,87.4,0
68,2022-11,87.4,87.4,114.6,114.6,2
68,2022-12,114.6,92.3,87.5,109.8,0
68,2023-01,109.8,61.0,38.1,86.9,0
68,2023-02,86.9,67.1,71.5,91.2,0
68,2023-03,91.2,63.1,55.5,83.6,0
68,2023-04,83.6,69.2,62.8,77.1,0
68,2023-05,77.1,47.7,58.6,88.1,0
68,2023-06,88.1,50.7,48.8,86.2,0
68,2023-07,86.2,53.1,52.4,85.5,0
68,2023-08,85.5,60.6,54.9,79.9,0
68,2023-09,79.9,56.1,54.6,78.4,0
68,2023-10,78.4,55.6,58.8,81.6,0
68,2023-11,81.6,81.6,128.3,128.3,6
68,2023-12,128.3,61.3,43.3,110.3,0
68,2024-01,110.3,69.5,43.3,84.1,0
68,2024-02,84.1,62.0,62.6,84.6,0
68,2024-03,84.6,67.1,65.6,83.2,0
68,2024-04,83.2,59.5,57.4,81.1,0
68,2024-05,81.1,65.2,72.7,88.6,0
68,2024-06,88.6,80.6,74.0,81.9,0
68,2024-07,81.9,58.6,62.6,86.0,0
68,2024-08,86.0,60.1,55.9,81.8,0
68,2024-09,81.8,60.5,57.5,78.8,0
68,2024-10,78.8,50.7,57.6,85.7,0
68,2024-11,85.7,85.7,112.8,112.8,5
68,2024-12,112.8,71.8,60.7,101.7,0
68,2025-01,101.7,69.0,55.2,87.9,0
68,2025-02,87.9,50.7,51.1,88.3,0
68,2025-03,88.3,62.4,56.4,82.3,0
68,2025-04,82.3,66.8,71.6,87.1,0
68,2025-05,87.1,70.5,73.3,89.9,0
68,2025-06,89.9,49.9,41.7,81.7,0
68,2025-07,81.7,70.7,79.9,91.0,0
68,2025-08,91.0,44.7,42.9,89.2,0
68,2025-09,89.2,55.2,46.3,80.2,0
68,2025-10,80.2,76.4,73.4,77.3,0
68,2025-11,77.3,77.3,119.6,119.6,4
68,2025-12,119.6,90.1,76.6,106.2,0
69,2021-01,146.4,66.4,62.6,142.6,0
69,2021-02,142.6,64.5,59.2,137.3,0
69,2021-03,137.3,57.3,68.3,148.2,0
69,2021-04,148.2,61.0,53.6,140.8,0
69,2021-05,140.8,48.2,53.5,146.1,0
69,2021-06,146.1,82.4,84.0,147.7,0
69,2021-07,147.7,51.0,50.6,147.3,0
69,2021-08,147.3,56.3,57.1,148.1,0
69,2021-09,148.1,94.4,92.4,146.1,0
69,2021-10,146.1,60.4,62.0,147.7,0
69,2021-11,147.7,112.1,181.1,216.7,0
69,2021-12,216.7,98.6,61.8,179.9,0
69,2022-01,179.9,58.8,24.6,145.7,0
69,2022-02,145.7,65.4,57.3,137.6,0
69,2022-03,137.6,50.2,54.2,141.6,0
69,2022-04,141.6,73.7,80.3,148.3,0
69,2022-05,148.3,89.3,76.8,135.8,0
69,2022-06,135.8,75.9,86.2,146.0,0
69,2022-07,146.0,49.0,48.8,145.8,0
69,2022-08,145.8,94.5,81.3,132.6,0
69,2022-09,132.6,65.3,69.8,137.1,0
69,2022-10,137.1,79.9,83.9,141.1,0
69,2022-11,141.1,98.4,174.9,217.6,0
69,2022-12,217.6,83.2,43.1,177.5,0
69,2023-01,177.5,83.0,50.7,145.2,0
69,2023-02,145.2,89.3,85.0,141.0,0
69,2023-03,141.0,73.4,72.2,139.7,0
69,2023-04,139.7,82.8,80.9,137.9,0
69,2023-05,137.9,56.0,59.2,141.1,0
69,2023-06,141.1,65.0,68.8,144.9,0
69,2023-07,144.9,63.8,58.1,139.2,0
69,2023-08,139.2,57.8,56.2,137.6,0
69,2023-09,137.6,77.2,74.4,134.8,0
69,2023-10,134.8,62.4,73.5,145.9,0
69,2023-11,145.9,90.1,136.6,192.4,0
69,2023-12,192.4,84.4,73.6,181.6,0
69,2024-01,181.6,59.7,22.4,144.3,0
69,2024-02,144.3,44.0,45.0,145.3,0
69,2024-03,145.3,63.5,64.3,146.1,0
69,2024-04,146.1,46.8,42.5,141.8,0
69,2024-05,141.8,83.4,89.8,148.2,0
69,2024-06,148.2,75.0,72.5,145.8,0
69,2024-07,145.8,73.3,77.6,150.0,0
69,2024-08,150.0,66.9,58.7,141.9,0
69,2024-09,141.9,58.4,55.5,138.9,0
69,2024-10,138.9,80.8,79.8,137.9,0
69,2024-11,137.9,95.3,155.0,197.6,0
69,2024-12,197.6,93.8,72.9,176.8,0
69,2025-01,176.8,67.6,34.9,144.0,0
69,2025-02,144.0,73.0,67.1,138.2,0
69,2025-03,138.2,70.7,69.0,136.4,0
69,2025-04,136.4,54.7,66.9,148.6,0
69,2025-05,148.6,54.7,44.7,138.5,0
69,2025-06,138.5,68.1,76.6,147.0,0
69,2025-07,147.0,52.0,50.1,145.1,0
69,2025-08,145.1,61.5,57.1,140.7,0
69,2025-09,140.7,63.6,61.4,138.5,0
69,2025-10,138.5,69.8,80.7,149.5,0
69,2025-11,149.5,94.9,153.1,207.8,0
69,2025-12,207.8,95.6,72.3,184.5,0
70,2021-01,8.6,4.8,4.2,8.1,0
70,2021-02,8.1,2.6,2.7,8.2,0
70,2021-03,8.2,4.2,4.0,8.0,0
70,2021-04,8.0,4.5,5.1,8.6,0
70,2021-05,8.6,4.9,4.7,8.4,0
70,2021-06,8.4,5.1,5.3,8.6,0
70,2021-07,8.6,4.5,3.8,8.0,0
70,2021-08,8.0,3.6,4.1,8.5,0
70,2021-09,8.5,5.1,4.8,8.2,0
70,2021-10,8.2,3.9,3.8,8.2,0
70,2021-11,8.2,6.9,9.8,11.1,0
70,2021-12,11.1,6.2,5.9,10.8,0
70,2022-01,10.8,5.9,3.8,8.8,0
70,2022-02,8.8,5.0,4.7,8.4,0
70,2022-03,8.4,4.6,4.7,8.5,0
70,2022-04,8.5,3.7,3.7,8.6,0
70,2022-05,8.6,3.2,2.7,8.2,0
70,2022-06,8.2,4.9,5.3,8.6,0
70,2022-07,8.6,6.0,5.7,8.3,0
70,2022-08,8.3,5.3,4.8,7.8,0
70,2022-09,7.8,4.7,5.0,8.1,0
70,2022-10,8.1,6.4,6.8,8.5,0
70,2022-11,8.5,7.9,10.8,11.5,0
70,2022-12,11.5,6.1,4.5,10.0,0
70,2023-01,10.0,4.2,2.5,8.3,0
70,2023-02,8.3,4.5,4.5,8.2,0
70,2023-03,8.2,3.9,4.4,8.7,0
70,2023-04,8.7,3.3,2.8,8.2,0
70,2023-05,8.2,4.9,4.5,7.8,0
70,2023-06,7.8,4.7,5.1,8.2,0
70,2023-07,8.2,3.6,3.6,8.2,0
70,2023-08,8.2,3.8,3.9,8.3,0
70,2023-09,8.3,4.2,4.1,8.2,0
70,2023-10,8.2,3.5,3.5,8.2,0
70,2023-11,8.2,7.0,9.7,10.9,0
70,2023-12,10.9,5.4,5.3,10.7,0
70,2024-01,10.7,5.6,3.5,8.7,0
70,2024-02,8.7,5.2,4.9,8.4,0
70,2024-03,8.4,5.2,4.7,7.8,0
70,2024-04,7.8,3.8,4.1,8.1,0
70,2024-05,8.1,5.7,5.4,7.8,0
70,2024-06,7.8,3.9,4.6,8.5,0
70,2024-07,8.5,4.3,4.0,8.2,0
70,2024-08,8.2,4.2,4.8,8.8,0
70,2024-09,8.8,4.3,3.8,8.2,0
70,2024-10,8.2,4.4,4.4,8.2,0
70,2024-11,8.2,5.9,10.4,12.6,0
70,2024-12,12.6,6.9,4.7,10.4,0
70,2025-01,10.4,2.9,1.0,8.4,0
70,2025-02,8.4,2.1,2.3,8.6,0
70,2025-03,8.6,5.5,5.8,8.9,0
70,2025-04,8.9,4.2,3.7,8.4,0
70,2025-05,8.4,5.3,5.7,8.8,0
70,2025-06,8.8,4.7,4.2,8.3,0
70,2025-07,8.3,5.8,5.7,8.2,0
70,2025-08,8.2,4.0,3.8,8.1,0
70,2025-09,8.1,3.6,4.0,8.5,0
70,2025-10,8.5,5.9,5.9,8.5,0
70,2025-11,8.5,6.5,9.8,11.8,0
70,2025-12,11.8,7.2,6.2,10.8,0
71,2021-01,41.3,11.5,11.8,41.7,0
71,2021-02,41.7,7.0,7.0,41.6,0
71,2021-03,41.6,9.4,8.9,41.2,0
71,2021-04,41.2,11.3,11.0,40.8,0
71,2021-05,40.8,13.1,13.8,41.5,0
71,2021-06,41.5,11.2,10.6,40.9,0
71,2021-07,40.9,10.9,10.1,40.0,0
71,2021-08,40.0,10.4,11.2,40.8,0
71,2021-09,40.8,12.9,12.9,40.8,0
71,2021-10,40.8,9.5,8.7,40.1,0
71,2021-11,40.1,15.7,31.5,55.9,0
71,2021-12,55.9,12.6,7.8,51.2,0
71,2022-01,51.2,10.2,0.3,41.3,0
71,2022-02,41.3,10.5,9.1,39.8,0
71,2022-03,39.8,7.4,8.9,41.3,0
71,2022-04,41.3,12.0,10.5,39.7,0
71,2022-05,39.7,13.6,14.7,40.7,0
71,2022-06,40.7,13.8,12.9,39.9,0
71,2022-07,39.9,14.2,15.7,41.4,0
71,2022-08,41.4,6.8,6.2,40.8,0
71,2022-09,40.8,10.3,9.9,40.4,0
71,2022-10,40.4,10.5,11.6,41.6,0
71,2022-11,41.6,16.9,36.4,61.1,0
71,2022-12,61.1,13.0,3.5,51.5,0
71,2023-01,51.5,11.0,0.7,41.2,0
71,2023-02,41.2,9.0,8.2,40.4,0
71,2023-03,40.4,13.0,13.2,40.6,0
71,2023-04,40.6,8.8,8.8,40.6,0
71,2023-05,40.6,11.0,10.6,40.2,0
71,2023-06,40.2,15.1,14.0,39.2,0
71,2023-07,39.2,11.3,12.4,40.3,0
71,2023-08,40.3,10.3,10.9,40.9,0
71,2023-09,40.9,13.1,12.2,40.0,0
71,2023-10,40.0,12.6,13.2,40.6,0
71,2023-11,40.6,15.5,30.3,55.4,0
71,2023-12,55.4,13.6,9.5,51.3,0
71,2024-01,51.3,11.7,1.6,41.2,0
71,2024-02,41.2,14.0,14.0,41.2,0
71,2024-03,41.2,10.1,10.4,41.5,0
71,2024-04,41.5,12.0,12.1,41.6,0
71,2024-05,41.6,9.6,8.2,40.2,0
71,2024-06,40.2,6.8,8.2,41.6,0
71,2024-07,41.6,7.7,7.4,41.2,0
71,2024-08,41.2,11.7,10.4,39.9,0
71,2024-09,39.9,9.0,9.3,40.2,0
71,2024-10,40.2,10.5,11.2,40.9,0
71,2024-11,40.9,17.6,33.4,56.7,0
71,2024-12,56.7,11.7,6.2,51.2,0
71,2025-01,51.2,10.6,0.7,41.3,0
71,2025-02,41.3,10.4,10.3,41.2,0
71,2025-03,41.2,8.4,7.7,40.5,0
71,2025-04,40.5,10.8,11.7,41.4,0
71,2025-05,41.4,12.0,11.0,40.4,0
71,2025-06,40.4,7.9,7.6,40.1,0
71,2025-07,40.1,10.0,10.2,40.3,0
71,2025-08,40.3,11.5,12.1,41.0,0
71,2025-09,41.0,12.0,10.7,39.7,0
71,2025-10,39.7,11.4,13.0,41.3,0
71,2025-11,41.3,20.0,36.7,58.0,0
71,2025-12,58.0,15.0,7.5,50.5,0
72,2021-01,30.9,3.0,2.7,30.6,0
72,2021-02,30.6,6.0,5.7,30.2,0
72,2021-03,30.2,4.9,5.6,30.9,0
72,2021-04,30.9,6.9,6.8,30.8,0
72,2021-05,30.8,5.5,5.8,31.1,0
72,2021-06,31.1,5.9,5.7,30.9,0
72,2021-07,30.9,7.3,6.6,30.2,0
72,2021-08,30.2,4.8,5.0,30.4,0
72,2021-09,30.4,6.8,6.9,30.6,0
72,2021-10,30.6,6.1,6.2,30.7,0
72,2021-11,30.7,8.7,21.7,43.7,0
72,2021-12,43.7,6.1,0.9,38.6,0
72,2022-01,38.6,5.9,0.0,32.7,0
72,2022-02,32.7,5.4,3.3,30.7,0
72,2022-03,30.7,7.2,7.5,31.0,0
72,2022-04,31.0,6.0,5.9,31.0,0
72,2022-05,31.0,4.8,4.4,30.5,0
72,2022-06,30.5,5.2,5.8,31.1,0
72,2022-07,31.1,6.6,6.7,31.2,0
72,2022-08,31.2,5.3,4.5,30.4,0
72,2022-09,30.4,5.6,6.4,31.2,0
72,2022-10,31.2,6.6,6.4,30.9,0
72,2022-11,30.9,7.9,18.9,42.0,0
72,2022-12,42.0,8.6,5.2,38.6,0
72,2023-01,38.6,6.3,0.0,32.3,0
72,2023-02,32.3,5.4,3.4,30.3,0
72,2023-03,30.3,6.2,7.0,31.1,0
72,2023-04,31.1,7.1,6.9,31.0,0
72,2023-05,31.0,6.8,6.9,31.1,0
72,2023-06,31.1,5.4,4.8,30.6,0
72,2023-07,30.6,5.4,5.1,30.4,0
72,2023-08,30.4,6.1,5.8,30.0,0
72,2023-09,30.0,5.7,6.2,30.5,0
72,2023-10,30.5,5.8,6.3,31.0,0
72,2023-11,31.0,8.6,20.7,43.1,0
72,2023-12,43.1,6.3,1.7,38.5,0
72,2024-01,38.5,6.5,0.0,32.0,0
72,2024-02,32.0,5.5,4.3,30.9,0
72,2024-03,30.9,5.1,4.7,30.5,0
72,2024-04,30.5,7.3,6.8,30.1,0
72,2024-05,30.1,6.2,6.3,30.1,0
72,2024-06,30.1,6.8,7.9,31.2,0
72,2024-07,31.2,6.2,5.4,30.5,0
72,2024-08,30.5,4.5,4.4,30.3,0
72,2024-09,30.3,3.9,3.9,30.3,0
72,2024-10,30.3,4.9,5.3,30.8,0
72,2024-11,30.8,8.8,23.8,45.7,0
72,2024-12,45.7,6.8,0.0,38.9,0
72,2025-01,38.9,5.5,0.0,33.4,0
72,2025-02,33.4,5.9,3.3,30.8,0
72,2025-03,30.8,5.3,5.3,30.9,0
72,2025-04,30.9,5.2,4.6,30.2,0
72,2025-05,30.2,5.3,6.1,31.1,0
72,2025-06,31.1,5.5,4.9,30.5,0
72,2025-07,30.5,4.5,4.2,30.2,0
72,2025-08,30.2,6.2,6.8,30.8,0
72,2025-09,30.8,5.6,5.1,30.3,0
72,2025-10,30.3,5.8,6.5,31.0,0
72,2025-11,31.0,7.7,19.4,42.7,0
72,2025-12,42.7,8.0,3.8,38.4,0
73,2021-01,133.7,66.3,66.7,134.1,0
73,2021-02,134.1,66.6,63.4,131.0,0
73,2021-03,131.0,53.8,55.4,132.6,0
73,2021-04,132.6,72.0,64.2,124.8,0
73,2021-05,124.8,58.5,60.1,126.4,0
73,2021-06,126.4,54.7,56.7,128.4,0
73,2021-07,128.4,73.2,74.8,130.0,0
73,2021-08,130.0,48.6,44.5,125.9,0
73,2021-09,125.9,47.7,56.9,135.0,0
73,2021-10,135.0,75.7,68.7,128.0,0
73,2021-11,128.0,73.5,121.4,175.9,0
73,2021-12,175.9,79.9,73.3,169.3,0
73,2022-01,169.3,52.6,16.2,132.9,0
73,2022-02,132.9,59.5,60.5,134.0,0
73,2022-03,134.0,64.5,60.0,129.5,0
73,2022-04,129.5,53.7,53.8,129.7,0
73,2022-05,129.7,62.2,62.3,129.8,0
73,2022-06,129.8,78.3,85.9,137.5,0
73,2022-07,137.5,61.2,54.9,131.2,0
73,2022-08,131.2,66.8,62.8,127.2,0
73,2022-09,127.2,76.2,86.4,137.4,0
73,2022-10,137.4,61.4,56.4,132.4,0
73,2022-11,132.4,84.4,151.4,199.4,0
73,2022-12,199.4,91.9,52.8,160.3,0
73,2023-01,160.3,56.8,28.7,132.3,0
73,2023-02,132.3,59.7,62.9,135.4,0
73,2023-03,135.4,59.8,57.7,133.3,0
73,2023-04,133.3,63.6,62.9,132.6,0
73,2023-05,132.6,77.3,80.9,136.2,0
73,2023-06,136.2,80.4,71.2,127.0,0
73,2023-07,127.0,69.5,78.7,136.3,0
73,2023-08,136.3,58.8,53.1,130.6,0
73,2023-09,130.6,80.0,79.5,130.1,0
73,2023-10,130.1,53.3,52.5,129.4,0
73,2023-11,129.4,90.7,154.4,193.0,0
73,2023-12,193.0,96.2,62.4,159.2,0
73,2024-01,159.2,64.9,35.8,130.2,0
73,2024-02,130.2,47.5,44.7,127.4,0
73,2024-03,127.4,63.7,62.1,125.8,0
73,2024-04,125.8,64.9,63.3,124.3,0
73,2024-05,124.3,72.1,84.7,136.9,0
73,2024-06,136.9,47.7,45.7,134.9,0
73,2024-07,134.9,79.2,78.5,134.2,0
73,2024-08,134.2,50.6,52.1,135.7,0
73,2024-09,135.7,71.5,68.7,132.9,0
73,2024-10,132.9,50.0,50.9,133.7,0
73,2024-11,133.7,81.3,138.6,191.1,0
73,2024-12,191.1,80.9,51.2,161.4,0
73,2025-01,161.4,54.4,23.9,130.9,0
73,2025-02,130.9,60.3,58.6,129.2,0
73,2025-03,129.2,74.3,71.0,125.9,0
73,2025-04,125.9,59.8,58.2,124.4,0
73,2025-05,124.4,50.6,51.9,125.7,0
73,2025-06,125.7,73.4,75.0,127.3,0
73,2025-07,127.3,60.1,59.9,127.1,0
73,2025-08,127.1,43.1,48.5,132.6,0
73,2025-09,132.6,65.2,60.4,127.8,0
73,2025-10,127.8,63.6,68.7,132.9,0
73,2025-11,132.9,80.6,123.8,176.2,0
73,2025-12,176.2,78.9,64.3,161.6,0
74,2021-01,49.1,14.9,15.3,49.4,0
74,2021-02,49.4,15.0,15.0,49.5,0
74,2021-03,49.5,9.9,9.7,49.2,0
74,2021-04,49.2,12.9,12.6,49.0,0
74,2021-05,49.0,16.1,14.4,47.2,0
74,2021-06,47.2,19.7,20.8,48.3,0
74,2021-07,48.3,19.7,19.5,48.1,0
74,2021-08,48.1,14.3,15.9,49.8,0
74,2021-09,49.8,12.2,11.2,48.7,0
74,2021-10,48.7,15.7,14.5,47.5,0
74,2021-11,47.5,23.1,49.0,73.4,0
74,2021-12,73.4,19.6,7.1,61.0,0
74,2022-01,61.0,23.7,11.5,48.8,0
74,2022-02,48.8,16.7,15.7,47.7,0
74,2022-03,47.7,17.3,16.7,47.1,0
74,2022-04,47.1,16.9,18.0,48.2,0
74,2022-05,48.2,15.2,16.6,49.6,0
74,2022-06,49.6,15.4,13.3,47.5,0
74,2022-07,47.5,20.8,21.6,48.3,0
74,2022-08,48.3,15.5,15.6,48.4,0
74,2022-09,48.4,16.9,16.5,48.1,0
74,2022-10,48.1,18.8,17.7,47.0,0
74,2022-11,47.0,25.0,51.2,73.2,0
74,2022-12,73.2,26.3,12.9,59.8,0
74,2023-01,59.8,18.8,8.1,49.2,0
74,2023-02,49.2,12.0,10.2,47.4,0
74,2023-03,47.4,14.9,16.0,48.5,0
74,2023-04,48.5,12.9,11.5,47.1,0
74,2023-05,47.1,20.7,21.8,48.1,0
74,2023-06,48.1,15.2,16.1,49.0,0
74,2023-07,49.0,12.5,12.2,48.7,0
74,2023-08,48.7,15.7,16.2,49.2,0
74,2023-09,49.2,15.5,15.2,48.8,0
74,2023-10,48.8,17.0,15.0,46.9,0
74,2023-11,46.9,25.2,47.3,69.0,0
74,2023-12,69.0,23.1,15.9,61.8,0
74,2024-01,61.8,14.4,1.6,49.0,0
74,2024-02,49.0,19.9,17.9,47.0,0
74,2024-03,47.0,16.7,17.5,47.8,0
74,2024-04,47.8,12.2,12.0,47.5,0
74,2024-05,47.5,18.2,17.5,46.8,0
74,2024-06,46.8,14.5,16.3,48.6,0
74,2024-07,48.6,13.6,13.5,48.5,0
74,2024-08,48.5,9.6,9.8,48.7,0
74,2024-09,48.7,12.8,13.4,49.3,0
74,2024-10,49.3,19.9,17.9,47.4,0
74,2024-11,47.4,29.4,51.4,69.4,0
74,2024-12,69.4,19.9,12.0,61.5,0
74,2025-01,61.5,17.4,4.8,48.9,0
74,2025-02,48.9,11.2,10.5,48.1,0
74,2025-03,48.1,16.3,17.9,49.7,0
74,2025-04,49.7,14.2,11.7,47.2,0
74,2025-05,47.2,13.2,15.6,49.6,0
74,2025-06,49.6,14.9,14.2,48.8,0
74,2025-07,48.8,13.1,12.6,48.4,0
74,2025-08,48.4,14.1,13.5,47.8,0
74,2025-09,47.8,16.3,17.9,49.5,0
74,2025-10,49.5,18.7,17.5,48.2,0
74,2025-11,48.2,20.7,38.7,66.2,0
74,2025-12,66.2,13.2,8.3,61.3,0
75,2021-01,18.4,13.2,13.5,18.7,0
75,2021-02,18.7,11.0,9.6,17.3,0
75,2021-03,17.3,10.9,12.4,18.8,0
75,2021-04,18.8,7.2,6.2,17.8,0
75,2021-05,17.8,12.6,13.5,18.7,0
75,2021-06,18.7,10.9,10.1,17.9,0
75,2021-07,17.9,9.7,10.6,18.8,0
75,2021-08,18.8,8.7,7.2,17.3,0
75,2021-09,17.3,10.7,12.1,18.8,0
75,2021-10,18.8,10.0,8.4,17.1,0
75,2021-11,17.1,16.2,26.2,27.1,0
75,2021-12,27.1,14.1,9.4,22.4,0
75,2022-01,22.4,12.4,7.7,17.8,0
75,2022-02,17.8,10.1,10.0,17.7,0
75,2022-03,17.7,13.1,13.2,17.8,0
75,2022-04,17.8,8.6,9.6,18.8,0
75,2022-05,18.8,10.4,9.7,18.0,0
75,2022-06,18.0,9.2,8.2,17.1,0
75,2022-07,17.1,9.2,9.8,17.6,0
75,2022-08,17.6,9.9,11.1,18.8,0
75,2022-09,18.8,13.3,11.4,16.9,0
75,2022-10,16.9,6.6,7.8,18.0,0
75,2022-11,18.0,13.4,21.9,26.6,0
75,2022-12,26.6,11.9,7.4,22.1,0
75,2023-01,22.1,10.5,6.4,18.0,0
75,2023-02,18.0,7.0,7.6,18.6,0
75,2023-03,18.6,12.0,11.5,18.1,0
75,2023-04,18.1,11.6,11.6,18.1,0
75,2023-05,18.1,9.6,9.5,18.1,0
75,2023-06,18.1,9.0,9.6,18.7,0
75,2023-07,18.7,8.5,8.2,18.4,0
75,2023-08,18.4,12.9,12.4,17.9,0
75,2023-09,17.9,12.6,13.8,19.0,0
75,2023-10,19.0,8.8,7.3,17.6,0
75,2023-11,17.6,17.6,23.0,23.0,1
75,2023-12,23.0,14.5,15.1,23.7,0
75,2024-01,23.7,10.6,5.3,18.4,0
75,2024-02,18.4,10.3,10.9,18.9,0
75,2024-03,18.9,10.7,10.4,18.5,0
75,2024-04,18.5,12.9,12.8,18.5,0
75,2024-05,18.5,7.3,7.0,18.2,0
75,2024-06,18.2,12.1,11.9,18.0,0
75,2024-07,18.0,11.5,12.0,18.6,0
75,2024-08,18.6,10.6,9.8,17.8,0
75,2024-09,17.8,9.1,8.5,17.2,0
75,2024-10,17.2,10.7,11.1,17.5,0
75,2024-11,17.5,13.7,21.8,25.6,0
75,2024-12,25.6,12.5,8.8,21.9,0
75,2025-01,21.9,7.5,3.6,18.0,0
75,2025-02,18.0,10.2,9.2,17.0,0
75,2025-03,17.0,6.4,6.8,17.5,0
75,2025-04,17.5,10.3,11.3,18.5,0
75,2025-05,18.5,8.1,7.8,18.2,0
75,2025-06,18.2,9.8,10.4,18.8,0
75,2025-07,18.8,10.1,8.6,17.3,0
75,2025-08,17.3,11.4,12.4,18.2,0
75,2025-09,18.2,9.1,8.2,17.3,0
75,2025-10,17.3,8.2,8.0,17.1,0
75,2025-11,17.1,14.3,21.9,24.6,0
75,2025-12,24.6,14.3,11.8,22.1,0
76,2021-01,4.9,4.0,3.7,4.5,0
76,2021-02,4.5,4.0,4.5,5.1,0
76,2021-03,5.1,4.3,3.8,4.6,0
76,2021-04,4.6,3.9,3.6,4.3,0
76,2021-05,4.3,2.9,3.4,4.9,0
76,2021-06,4.9,4.2,4.2,4.9,0
76,2021-07,4.9,3.8,3.7,4.8,0
76,2021-08,4.8,4.8,4.3,4.3,6
76,2021-09,4.3,3.9,4.6,5.0,0
76,2021-10,5.0,3.1,3.1,5.0,0
76,2021-11,5.0,5.0,6.9,6.9,1
76,2021-12,6.9,4.5,3.2,5.6,0
76,2022-01,5.6,3.1,2.5,5.0,0
76,2022-02,5.0,4.9,4.3,4.4,0
76,2022-03,4.4,3.1,3.3,4.6,0
76,2022-04,4.6,4.5,4.8,4.9,0
76,2022-05,4.9,3.5,3.0,4.4,0
76,2022-06,4.4,3.6,3.5,4.3,0
76,2022-07,4.3,3.2,3.5,4.6,0
76,2022-08,4.6,3.6,3.7,4.7,0
76,2022-09,4.7,4.7,4.4,4.4,0
76,2022-10,4.4,2.9,2.9,4.4,0
76,2022-11,4.4,4.4,6.7,6.7,9
76,2022-12,6.7,4.6,4.0,6.1,0
76,2023-01,6.1,3.7,2.1,4.5,0
76,2023-02,4.5,4.4,4.6,4.7,0
76,2023-03,4.7,4.7,4.9,4.9,4
76,2023-04,4.9,3.5,3.5,5.0,0
76,2023-05,5.0,5.0,4.9,4.9,3
76,2023-06,4.9,3.8,3.3,4.4,0
76,2023-07,4.4,4.4,4.8,4.8,2
76,2023-08,4.8,3.3,3.2,4.7,0
76,2023-09,4.7,4.7,4.5,4.5,1
76,2023-10,4.5,4.5,4.7,4.7,5
76,2023-11,4.7,4.7,6.4,6.4,6
76,2023-12,6.4,5.3,5.0,6.1,0
76,2024-01,6.1,4.5,3.0,4.6,0
76,2024-02,4.6,4.1,3.7,4.3,0
76,2024-03,4.3,4.3,5.0,5.0,3
76,2024-04,5.0,3.0,2.7,4.7,0
76,2024-05,4.7,4.3,4.0,4.4,0
76,2024-06,4.4,4.1,4.7,5.0,0
76,2024-07,5.0,2.7,2.5,4.8,0
76,2024-08,4.8,2.9,2.6,4.5,0
76,2024-09,4.5,3.8,4.1,4.8,0
76,2024-10,4.8,3.8,3.5,4.4,0
76,2024-11,4.4,4.4,7.1,7.1,6
76,2024-12,7.1,3.9,2.8,6.0,0
76,2025-01,6.0,4.0,2.7,4.6,0
76,2025-02,4.6,4.0,4.0,4.6,0
76,2025-03,4.6,3.4,3.5,4.7,0
76,2025-04,4.7,4.7,4.2,4.2,0
76,2025-05,4.2,2.9,3.6,4.8,0
76,2025-06,4.8,4.8,4.6,4.6,2
76,2025-07,4.6,4.6,4.7,4.7,1
76,2025-08,4.7,4.4,4.5,4.8,0
76,2025-09,4.8,2.8,2.5,4.5,0
76,2025-10,4.5,4.5,5.0,5.0,5
76,2025-11,5.0,5.0,6.8,6.8,5
76,2025-12,6.8,4.8,3.6,5.6,0
77,2021-01,23.5,23.5,22.8,22.8,19
77,2021-02,22.8,22.8,23.6,23.6,19
77,2021-03,23.6,23.6,23.7,23.7,17
77,2021-04,23.7,23.7,22.5,22.5,14
77,2021-05,22.5,22.5,22.0,22.0,14
77,2021-06,22.0,22.0,21.9,21.9,21
77,2021-07,21.9,21.9,22.9,22.9,17
77,2021-08,22.9,22.9,24.5,24.5,19
77,2021-09,24.5,24.5,22.7,22.7,16
77,2021-10,22.7,22.7,22.4,22.4,19
77,2021-11,22.4,22.4,35.7,35.7,22
77,2021-12,35.7,35.7,28.9,28.9,12
77,2022-01,28.9,28.9,20.5,20.5,15
77,2022-02,20.5,20.5,20.4,20.4,23
77,2022-03,20.4,20.4,22.3,22.3,21
77,2022-04,22.3,22.3,24.0,24.0,19
77,2022-05,24.0,24.0,21.1,21.1,22
77,2022-06,21.1,21.1,20.1,20.1,19
77,2022-07,20.1,20.1,23.0,23.0,22
77,2022-08,23.0,23.0,23.8,23.8,20
77,2022-09,23.8,23.8,21.0,21.0,15
77,2022-10,21.0,21.0,20.8,20.8,20
77,2022-11,20.8,20.8,31.2,31.2,22
77,2022-12,31.2,31.2,25.3,25.3,19
77,2023-01,25.3,25.3,23.1,23.1,18
77,2023-02,23.1,23.1,23.7,23.7,18
77,2023-03,23.7,23.7,21.7,21.7,17
77,2023-04,21.7,21.7,23.6,23.6,18
77,2023-05,23.6,23.6,23.7,23.7,19
77,2023-06,23.7,23.7,21.1,21.1,13
77,2023-07,21.1,21.1,23.0,23.0,22
77,2023-08,23.0,23.0,23.8,23.8,20
77,2023-09,23.8,23.8,20.7,20.7,19
77,2023-10,20.7,20.7,20.2,20.2,17
77,2023-11,20.2,20.2,32.0,32.0,22
77,2023-12,32.0,32.0,27.0,27.0,17
77,2024-01,27.0,27.0,22.7,22.7,14
77,2024-02,22.7,22.7,20.2,20.2,17
77,2024-03,20.2,20.2,20.9,20.9,15
77,2024-04,20.9,20.9,21.1,21.1,21
77,2024-05,21.1,21.1,21.1,21.1,18
77,2024-06,21.1,21.1,23.0,23.0,18
77,2024-07,23.0,23.0,24.3,24.3,19
77,2024-08,24.3,24.3,20.6,20.6,18
77,2024-09,20.6,20.6,20.5,20.5,16
77,2024-10,20.5,20.5,20.9,20.9,18
77,2024-11,20.9,20.9,29.6,29.6,24
77,2024-12,29.6,29.6,29.3,29.3,19
77,2025-01,29.3,29.3,23.2,23.2,15
77,2025-02,23.2,23.2,20.0,20.0,19
77,2025-03,20.0,20.0,24.2,24.2,21
77,2025-04,24.2,24.2,20.9,20.9,18
77,2025-05,20.9,20.9,20.3,20.3,20
77,2025-06,20.3,20.3,23.5,23.5,17
77,2025-07,23.5,23.5,21.4,21.4,21
77,2025-08,21.4,21.4,20.9,20.9,20
77,2025-09,20.9,20.9,24.4,24.4,19
77,2025-10,24.4,24.4,21.2,21.2,21
77,2025-11,21.2,21.2,33.6,33.6,24
77,2025-12,33.6,33.6,29.8,29.8,19
78,2021-01,14.8,9.0,8.3,14.1,0
78,2021-02,14.1,12.3,13.2,15.0,0
78,2021-03,15.0,9.6,8.6,14.0,0
78,2021-04,14.0,8.2,9.1,14.9,0
78,2021-05,14.9,9.4,9.4,14.9,0
78,2021-06,14.9,13.9,13.2,14.2,0
78,2021-07,14.2,10.6,9.5,13.2,0
78,2021-08,13.2,10.1,11.8,14.9,0
78,2021-09,14.9,12.8,12.8,14.9,0
78,2021-10,14.9,11.0,9.7,13.6,0
78,2021-11,13.6,13.6,22.3,22.3,9
78,2021-12,22.3,14.1,10.8,19.0,0
78,2022-01,19.0,9.9,5.5,14.6,0
78,2022-02,14.6,10.3,11.0,15.2,0
78,2022-03,15.2,11.3,9.5,13.5,0
78,2022-04,13.5,6.5,7.4,14.3,0
78,2022-05,14.3,10.0,9.9,14.3,0
78,2022-06,14.3,11.2,11.3,14.4,0
78,2022-07,14.4,12.2,12.7,14.9,0
78,2022-08,14.9,11.2,10.7,14.4,0
78,2022-09,14.4,12.4,11.2,13.2,0
78,2022-10,13.2,10.1,10.1,13.2,0
78,2022-11,13.2,13.2,21.6,21.6,4
78,2022-12,21.6,10.6,7.7,18.7,0
78,2023-01,18.7,15.3,10.5,13.9,0
78,2023-02,13.9,13.4,14.9,15.4,0
78,2023-03,15.4,11.6,11.2,15.1,0
78,2023-04,15.1,11.3,10.0,13.8,0
78,2023-05,13.8,9.3,9.1,13.6,0
78,2023-06,13.6,8.9,10.0,14.7,0
78,2023-07,14.7,11.9,12.1,14.9,0
78,2023-08,14.9,10.6,10.3,14.7,0
78,2023-09,14.7,11.2,10.6,14.1,0
78,2023-10,14.1,11.6,11.8,14.3,0
78,2023-11,14.3,13.2,18.0,19.0,0
78,2023-12,19.0,15.5,14.1,17.6,0
78,2024-01,17.6,10.3,6.6,14.0,0
78,2024-02,14.0,13.8,12.7,12.9,0
78,2024-03,12.9,9.7,11.4,14.7,0
78,2024-04,14.7,13.3,11.6,13.0,0
78,2024-05,13.0,13.0,14.9,14.9,0
78,2024-06,14.9,10.9,9.5,13.6,0
78,2024-07,13.6,10.1,10.1,13.6,0
78,2024-08,13.6,11.9,11.5,13.2,0
78,2024-09,13.2,11.3,11.6,13.5,0
78,2024-10,13.5,11.0,11.7,14.2,0
78,2024-11,14.2,14.2,18.7,18.7,1
78,2024-12,18.7,10.1,8.7,17.3,0
78,2025-01,17.3,8.7,6.5,15.1,0
78,2025-02,15.1,9.0,8.7,14.8,0
78,2025-03,14.8,10.5,9.7,14.0,0
78,2025-04,14.0,10.9,11.0,14.1,0
78,2025-05,14.1,12.2,12.8,14.6,0
78,2025-06,14.6,11.3,11.7,15.0,0
78,2025-07,15.0,10.2,8.7,13.5,0
78,2025-08,13.5,10.6,11.0,14.0,0
78,2025-09,14.0,14.0,14.4,14.4,0
78,2025-10,14.4,12.5,13.1,15.0,0
78,2025-11,15.0,15.0,18.8,18.8,3
78,2025-12,18.8,16.9,17.1,18.9,0
79,2021-01,118.6,63.5,66.7,121.7,0
79,2021-02,121.7,61.1,52.6,113.2,0
79,2021-03,113.2,48.6,56.1,120.7,0
79,2021-04,120.7,60.6,53.9,114.0,0
79,2021-05,114.0,56.8,53.1,110.2,0
79,2021-06,110.2,64.5,63.0,108.8,0
79,2021-07,108.8,45.5,50.5,113.8,0
79,2021-08,113.8,55.9,53.3,111.2,0
79,2021-09,111.2,41.0,43.3,113.5,0
79,2021-10,113.5,69.9,66.1,109.7,0
79,2021-11,109.7,66.4,130.5,173.7,0
79,2021-12,173.7,95.0,69.0,147.7,0
79,2022-01,147.7,71.4,37.0,113.3,0
79,2022-02,113.3,54.3,54.8,113.7,0
79,2022-03,113.7,61.6,69.1,121.3,0
79,2022-04,121.3,80.1,71.0,112.1,0
79,2022-05,112.1,36.7,43.2,118.6,0
79,2022-06,118.6,64.2,66.8,121.2,0
79,2022-07,121.2,75.7,62.6,108.2,0
79,2022-08,108.2,65.6,71.9,114.4,0
79,2022-09,114.4,63.0,63.6,115.0,0
79,2022-10,115.0,57.4,61.8,119.3,0
79,2022-11,119.3,77.1,123.9,166.1,0
79,2022-12,166.1,72.0,56.3,150.3,0
79,2023-01,150.3,58.8,26.1,117.7,0
79,2023-02,117.7,64.7,62.6,115.6,0
79,2023-03,115.6,63.2,64.8,117.2,0
79,2023-04,117.2,67.0,60.0,110.2,0
79,2023-05,110.2,58.9,59.6,111.0,0
79,2023-06,111.0,60.5,66.4,116.8,0
79,2023-07,116.8,87.4,92.5,121.9,0
79,2023-08,121.9,60.1,58.6,120.4,0
79,2023-09,120.4,53.8,47.5,114.1,0
79,2023-10,114.1,53.6,59.9,120.4,0
79,2023-11,120.4,70.9,120.8,170.3,0
79,2023-12,170.3,61.3,41.1,150.1,0
79,2024-01,150.1,44.8,13.5,118.8,0
79,2024-02,118.8,61.0,63.1,120.9,0
79,2024-03,120.9,40.9,38.4,118.3,0
79,2024-04,118.3,60.3,56.5,114.5,0
79,2024-05,114.5,43.9,44.2,114.8,0
79,2024-06,114.8,48.7,47.7,113.7,0
79,2024-07,113.7,58.5,59.3,114.5,0
79,2024-08,114.5,57.8,57.2,114.0,0
79,2024-09,114.0,65.4,65.0,113.5,0
79,2024-10,113.5,61.4,60.5,112.6,0
79,2024-11,112.6,79.1,139.3,172.8,0
79,2024-12,172.8,71.1,46.9,148.6,0
79,2025-01,148.6,65.9,36.0,118.8,0
79,2025-02,118.8,58.8,53.3,113.2,0
79,2025-03,113.2,68.4,69.6,114.4,0
79,2025-04,114.4,50.1,55.5,119.8,0
79,2025-05,119.8,50.6,49.2,118.4,0
79,2025-06,118.4,45.4,41.4,114.4,0
79,2025-07,114.4,67.9,65.4,111.9,0
79,2025-08,111.9,74.6,72.8,110.1,0
79,2025-09,110.1,53.8,55.7,112.0,0
79,2025-10,112.0,52.3,59.1,118.7,0
79,2025-11,118.7,73.0,115.3,161.1,0
79,2025-12,161.1,84.4,73.8,150.5,0
80,2021-01,42.5,8.1,8.4,42.8,0
80,2021-02,42.8,9.3,8.1,41.6,0
80,2021-03,41.6,8.6,8.5,41.5,0
80,2021-04,41.5,7.6,9.0,42.9,0
80,2021-05,42.9,10.7,9.7,41.9,0
80,2021-06,41.9,9.1,10.2,43.0,0
80,2021-07,43.0,11.0,9.1,41.0,0
80,2021-08,41.0,5.7,7.0,42.3,0
80,2021-09,42.3,4.6,4.5,42.2,0
80,2021-10,42.2,6.2,5.7,41.7,0
80,2021-11,41.7,12.3,28.0,57.4,0
80,2021-12,57.4,9.7,5.4,53.2,0
80,2022-01,53.2,7.8,0.0,45.3,0
80,2022-02,45.3,4.5,1.7,42.5,0
80,2022-03,42.5,9.2,7.9,41.2,0
80,2022-04,41.2,5.9,6.1,41.5,0
80,2022-05,41.5,8.4,9.2,42.2,0
80,2022-06,42.2,9.0,8.5,41.7,0
80,2022-07,41.7,7.6,8.7,42.7,0
80,2022-08,42.7,11.3,9.7,41.2,0
80,2022-09,41.2,7.2,7.8,41.7,0
80,2022-10,41.7,7.4,7.2,41.5,0
80,2022-11,41.5,8.4,24.3,57.5,0
80,2022-12,57.5,10.0,5.6,53.1,0
80,2023-01,53.1,10.0,0.0,43.0,0
80,2023-02,43.0,7.8,6.8,42.1,0
80,2023-03,42.1,5.7,6.0,42.4,0
80,2023-04,42.4,5.8,6.1,42.7,0
80,2023-05,42.7,9.3,8.7,42.1,0
80,2023-06,42.1,5.7,5.7,42.1,0
80,2023-07,42.1,6.5,6.9,42.5,0
80,2023-08,42.5,8.3,8.4,42.6,0
80,2023-09,42.6,8.2,7.0,41.4,0
80,2023-10,41.4,10.5,10.8,41.7,0
80,2023-11,41.7,12.7,28.9,57.9,0
80,2023-12,57.9,8.5,3.4,52.7,0
80,2024-01,52.7,8.6,0.0,44.1,0
80,2024-02,44.1,8.6,7.1,42.7,0
80,2024-03,42.7,6.5,6.1,42.3,0
80,2024-04,42.3,9.4,9.1,42.1,0
80,2024-05,42.1,9.4,10.0,42.6,0
80,2024-06,42.6,7.7,6.7,41.6,0
80,2024-07,41.6,7.6,8.8,42.8,0
80,2024-08,42.8,7.7,6.6,41.7,0
80,2024-09,41.7,7.5,7.3,41.5,0
80,2024-10,41.5,8.7,8.9,41.7,0
80,2024-11,41.7,13.0,33.9,62.5,0
80,2024-12,62.5,9.5,0.1,53.1,0
80,2025-01,53.1,6.9,0.0,46.2,0
80,2025-02,46.2,9.0,5.3,42.5,0
80,2025-03,42.5,6.1,6.3,42.7,0
80,2025-04,42.7,6.9,5.9,41.7,0
80,2025-05,41.7,9.9,9.2,40.9,0
80,2025-06,40.9,7.8,9.3,42.4,0
80,2025-07,42.4,9.5,10.0,42.9,0
80,2025-08,42.9,5.3,4.5,42.0,0
80,2025-09,42.0,7.4,7.9,42.5,0
80,2025-10,42.5,8.2,7.2,41.5,0
80,2025-11,41.5,8.4,29.7,62.8,0
80,2025-12,62.8,9.7,0.0,53.1,0
81,2021-01,16.2,7.8,6.8,15.2,0
81,2021-02,15.2,9.3,9.3,15.2,0
81,2021-03,15.2,10.2,10.0,15.0,0
81,2021-04,15.0,8.6,10.1,16.6,0
81,2021-05,16.6,10.2,10.2,16.6,0
81,2021-06,16.6,5.0,4.4,16.0,0
81,2021-07,16.0,10.8,9.4,14.6,0
81,2021-08,14.6,10.6,12.0,16.0,0
81,2021-09,16.0,11.9,12.2,16.3,0
81,2021-10,16.3,13.4,12.2,15.2,0
81,2021-11,15.2,11.1,18.4,22.5,0
81,2021-12,22.5,16.0,12.1,18.6,0
81,2022-01,18.6,11.8,8.4,15.1,0
81,2022-02,15.1,8.8,10.3,16.7,0
81,2022-03,16.7,12.2,11.2,15.7,0
81,2022-04,15.7,10.6,9.7,14.8,0
81,2022-05,14.8,8.3,10.1,16.5,0
81,2022-06,16.5,9.2,7.8,15.1,0
81,2022-07,15.1,7.7,8.7,16.2,0
81,2022-08,16.2,11.3,9.7,14.6,0
81,2022-09,14.6,9.6,11.4,16.4,0
81,2022-10,16.4,12.5,12.7,16.6,0
81,2022-11,16.6,14.2,21.4,23.9,0
81,2022-12,23.9,12.0,8.1,20.0,0
81,2023-01,20.0,8.3,4.2,15.9,0
81,2023-02,15.9,13.1,13.3,16.1,0
81,2023-03,16.1,9.5,9.8,16.3,0
81,2023-04,16.3,12.3,10.8,14.9,0
81,2023-05,14.9,12.5,14.1,16.4,0
81,2023-06,16.4,10.8,10.7,16.4,0
81,2023-07,16.4,10.3,10.6,16.7,0
81,2023-08,16.7,9.4,9.4,16.6,0
81,2023-09,16.6,10.1,9.0,15.5,0
81,2023-10,15.5,11.0,11.7,16.3,0
81,2023-11,16.3,16.0,23.3,23.6,0
81,2023-12,23.6,14.8,11.7,20.5,0
81,2024-01,20.5,11.6,7.6,16.5,0
81,2024-02,16.5,10.2,8.9,15.1,0
81,2024-03,15.1,8.5,9.8,16.5,0
81,2024-04,16.5,8.8,8.2,15.9,0
81,2024-05,15.9,9.6,8.4,14.7,0
81,2024-06,14.7,11.3,12.6,15.9,0
81,2024-07,15.9,11.8,11.5,15.6,0
81,2024-08,15.6,9.0,8.5,15.2,0
81,2024-09,15.2,9.3,9.0,14.8,0
81,2024-10,14.8,6.7,7.1,15.3,0
81,2024-11,15.3,11.1,16.5,20.7,0
81,2024-12,20.7,13.5,12.4,19.6,0
81,2025-01,19.6,14.7,9.5,14.5,0
81,2025-02,14.5,8.6,10.0,15.9,0
81,2025-03,15.9,8.5,8.9,16.3,0
81,2025-04,16.3,8.1,6.9,15.1,0
81,2025-05,15.1,10.0,10.6,15.7,0
81,2025-06,15.7,7.2,7.9,16.4,0
81,2025-07,16.4,14.0,12.8,15.2,0
81,2025-08,15.2,9.7,10.3,15.9,0
81,2025-09,15.9,12.2,10.7,14.4,0
81,2025-10,14.4,8.2,9.5,15.7,0
81,2025-11,15.7,14.4,21.9,23.2,0
81,2025-12,23.2,14.5,10.1,18.8,0
82,2021-01,7.6,7.6,7.9,7.9,13
82,2021-02,7.9,7.9,7.5,7.5,15
82,2021-03,7.5,7.5,7.9,7.9,20
82,2021-04,7.9,7.9,6.7,6.7,21
82,2021-05,6.7,6.7,6.6,6.6,23
82,2021-06,6.6,6.6,7.2,7.2,18
82,2021-07,7.2,7.2,7.8,7.8,22
82,2021-08,7.8,7.8,7.7,7.7,21
82,2021-09,7.7,7.7,7.1,7.1,19
82,2021-10,7.1,7.1,6.9,6.9,20
82,2021-11,6.9,6.9,10.1,10.1,24
82,2021-12,10.1,10.1,8.7,8.7,21
82,2022-01,8.7,8.7,6.7,6.7,20
82,2022-02,6.7,6.7,7.7,7.7,16
82,2022-03,7.7,7.7,6.6,6.6,18
82,2022-04,6.6,6.6,7.9,7.9,20
82,2022-05,7.9,7.9,7.7,7.7,19
82,2022-06,7.7,7.7,7.5,7.5,18
82,2022-07,7.5,7.5,6.6,6.6,17
82,2022-08,6.6,6.6,6.6,6.6,15
82,2022-09,6.6,6.6,7.0,7.0,18
82,2022-10,7.0,7.0,7.6,7.6,22
82,2022-11,7.6,7.6,10.1,10.1,24
82,2022-12,10.1,10.1,8.9,8.9,15
82,2023-01,8.9,8.9,6.5,6.5,20
82,2023-02,6.5,6.5,7.6,7.6,17
82,2023-03,7.6,7.6,7.5,7.5,20
82,2023-04,7.5,7.5,7.0,7.0,22
82,2023-05,7.0,7.0,6.8,6.8,21
82,2023-06,6.8,6.8,6.7,6.7,23
82,2023-07,6.7,6.7,7.1,7.1,22
82,2023-08,7.1,7.1,7.6,7.6,20
82,2023-09,7.6,7.6,7.0,7.0,22
82,2023-10,7.0,7.0,7.0,7.0,22
82,2023-11,7.0,7.0,9.7,9.7,23
82,2023-12,9.7,9.7,9.9,9.9,19
82,2024-01,9.9,9.9,7.2,7.2,17
82,2024-02,7.2,7.2,7.0,7.0,23
82,2024-03,7.0,7.0,7.3,7.3,23
82,2024-04,7.3,7.3,6.8,6.8,20
82,2024-05,6.8,6.8,7.6,7.6,20
82,2024-06,7.6,7.6,7.8,7.8,20
82,2024-07,7.8,7.8,7.7,7.7,22
82,2024-08,7.7,7.7,7.8,7.8,21
82,2024-09,7.8,7.8,6.9,6.9,22
82,2024-10,6.9,6.9,7.6,7.6,22
82,2024-11,7.6,7.6,10.3,10.3,22
82,2024-12,10.3,10.3,9.9,9.9,19
82,2025-01,9.9,9.9,7.1,7.1,16
82,2025-02,7.1,7.1,6.5,6.5,20
82,2025-03,6.5,6.5,7.0,7.0,20
82,2025-04,7.0,7.0,6.7,6.7,23
82,2025-05,6.7,6.7,7.4,7.4,21
82,2025-06,7.4,7.4,8.0,8.0,21
82,2025-07,8.0,8.0,7.4,7.4,16
82,2025-08,7.4,7.4,6.9,6.9,23
82,2025-09,6.9,6.9,7.4,7.4,24
82,2025-10,7.4,7.4,6.9,6.9,20
82,2025-11,6.9,6.9,9.5,9.5,23
82,2025-12,9.5,9.5,8.8,8.8,18
83,2021-01,10.4,10.4,9.0,9.0,15
83,2021-02,9.0,9.0,8.9,8.9,9
83,2021-03,8.9,8.9,8.9,8.9,16
83,2021-04,8.9,8.9,9.6,9.6,15
83,2021-05,9.6,9.6,9.5,9.5,19
83,2021-06,9.5,9.5,10.3,10.3,17
83,2021-07,10.3,10.3,10.7,10.7,17
83,2021-08,10.7,10.7,10.2,10.2,14
83,2021-09,10.2,10.2,10.0,10.0,17
83,2021-10,10.0,10.0,9.4,9.4,13
83,2021-11,9.4,9.4,13.7,13.7,21
83,2021-12,13.7,13.7,11.2,11.2,14
83,2022-01,11.2,11.2,10.8,10.8,14
83,2022-02,10.8,10.8,10.8,10.8,14
83,2022-03,10.8,10.8,10.4,10.4,10
83,2022-04,10.4,10.4,10.3,10.3,16
83,2022-05,10.3,10.3,10.5,10.5,14
83,2022-06,10.5,10.5,10.6,10.6,13
83,2022-07,10.6,10.6,8.9,8.9,14
83,2022-08,8.9,8.9,10.3,10.3,18
83,2022-09,10.3,10.3,9.6,9.6,15
83,2022-10,9.6,9.6,10.1,10.1,15
83,2022-11,10.1,10.1,14.6,14.6,21
83,2022-12,14.6,14.6,12.7,12.7,8
83,2023-01,12.7,12.7,9.6,9.6,13
83,2023-02,9.6,9.6,10.3,10.3,14
83,2023-03,10.3,10.3,10.6,10.6,14
83,2023-04,10.6,10.6,10.4,10.4,14
83,2023-05,10.4,10.4,9.5,9.5,18
83,2023-06,9.5,9.5,9.2,9.2,6
83,2023-07,9.2,9.2,10.3,10.3,18
83,2023-08,10.3,10.3,9.1,9.1,16
83,2023-09,9.1,9.1,10.9,10.9,17
83,2023-10,10.9,10.9,10.7,10.7,12
83,2023-11,10.7,10.7,15.1,15.1,19
83,2023-12,15.1,15.1,13.0,13.0,15
83,2024-01,13.0,13.0,9.4,9.4,2
83,2024-02,9.4,9.4,9.1,9.1,19
83,2024-03,9.1,9.1,9.6,9.6,18
83,2024-04,9.6,9.6,9.5,9.5,17
83,2024-05,9.5,9.5,10.5,10.5,17
83,2024-06,10.5,10.5,9.6,9.6,17
83,2024-07,9.6,9.6,10.3,10.3,6
83,2024-08,10.3,10.3,8.8,8.8,14
83,2024-09,8.8,8.8,8.8,8.8,18
83,2024-10,8.8,8.8,9.6,9.6,14
83,2024-11,9.6,9.6,14.0,14.0,20
83,2024-12,14.0,14.0,12.3,12.3,17
83,2025-01,12.3,12.3,9.6,9.6,11
83,2025-02,9.6,9.6,9.7,9.7,17
83,2025-03,9.7,9.7,8.9,8.9,11
83,2025-04,8.9,8.9,9.1,9.1,19
83,2025-05,9.1,9.1,9.4,9.4,18
83,2025-06,9.4,9.4,10.5,10.5,17
83,2025-07,10.5,10.5,9.4,9.4,11
83,2025-08,9.4,9.4,10.6,10.6,16
83,2025-09,10.6,10.6,9.4,9.4,7
83,2025-10,9.4,9.4,10.0,10.0,19
83,2025-11,10.0,10.0,15.2,15.2,19
83,2025-12,15.2,15.2,11.1,11.1,10
84,2021-01,45.0,29.1,29.0,44.9,0
84,2021-02,44.9,21.9,19.7,42.7,0
84,2021-03,42.7,21.1,20.8,42.4,0
84,2021-04,42.4,26.8,26.7,42.2,0
84,2021-05,42.2,40.1,37.9,40.0,0
84,2021-06,40.0,27.4,29.9,42.5,0
84,2021-07,42.5,23.6,26.1,45.0,0
84,2021-08,45.0,24.4,23.4,43.9,0
84,2021-09,43.9,32.2,31.9,43.6,0
84,2021-10,43.6,29.3,31.6,45.9,0
84,2021-11,45.9,33.3,46.4,58.9,0
84,2021-12,58.9,31.1,28.6,56.4,0
84,2022-01,56.4,26.6,13.0,42.8,0
84,2022-02,42.8,19.2,20.5,44.1,0
84,2022-03,44.1,23.0,22.5,43.6,0
84,2022-04,43.6,20.4,21.4,44.6,0
84,2022-05,44.6,33.0,31.3,43.0,0
84,2022-06,43.0,21.4,24.1,45.7,0
84,2022-07,45.7,26.8,25.7,44.7,0
84,2022-08,44.7,22.3,22.0,44.3,0
84,2022-09,44.3,22.9,20.6,42.0,0
84,2022-10,42.0,23.3,22.7,41.4,0
84,2022-11,41.4,35.6,57.1,62.9,0
84,2022-12,62.9,39.9,28.5,51.4,0
84,2023-01,51.4,28.5,23.1,46.0,0
84,2023-02,46.0,31.8,26.5,40.7,0
84,2023-03,40.7,24.5,25.0,41.2,0
84,2023-04,41.2,23.4,25.9,43.8,0
84,2023-05,43.8,27.3,27.2,43.6,0
84,2023-06,43.6,32.8,30.8,41.6,0
84,2023-07,41.6,36.3,35.4,40.7,0
84,2023-08,40.7,24.9,28.8,44.6,0
84,2023-09,44.6,12.8,12.2,44.0,0
84,2023-10,44.0,29.4,30.6,45.2,0
84,2023-11,45.2,31.1,52.3,66.5,0
84,2023-12,66.5,32.8,20.2,53.8,0
84,2024-01,53.8,25.2,16.3,44.8,0
84,2024-02,44.8,26.3,22.7,41.3,0
84,2024-03,41.3,30.6,34.8,45.4,0
84,2024-04,45.4,31.0,31.4,45.8,0
84,2024-05,45.8,33.0,28.6,41.5,0
84,2024-06,41.5,33.6,37.9,45.8,0
84,2024-07,45.8,22.7,19.1,42.2,0
84,2024-08,42.2,24.0,26.8,44.9,0
84,2024-09,44.9,30.8,28.2,42.3,0
84,2024-10,42.3,23.6,23.6,42.2,0
84,2024-11,42.2,42.2,61.2,61.2,0
84,2024-12,61.2,28.3,23.6,56.5,0
84,2025-01,56.5,34.6,20.8,42.7,0
84,2025-02,42.7,32.0,31.9,42.6,0
84,2025-03,42.6,27.9,31.3,46.0,0
84,2025-04,46.0,25.2,23.4,44.2,0
84,2025-05,44.2,28.2,25.9,41.8,0
84,2025-06,41.8,20.3,24.2,45.7,0
84,2025-07,45.7,23.9,24.0,45.8,0
84,2025-08,45.8,32.5,31.3,44.6,0
84,2025-09,44.6,26.3,25.6,43.9,0
84,2025-10,43.9,33.1,31.0,41.9,0
84,2025-11,41.9,41.2,60.2,60.8,0
84,2025-12,60.8,28.5,24.3,56.7,0
85,2021-01,39.9,28.3,27.7,39.3,0
85,2021-02,39.3,19.2,19.1,39.1,0
85,2021-03,39.1,23.6,25.2,40.7,0
85,2021-04,40.7,25.4,24.0,39.3,0
85,2021-05,39.3,21.8,22.6,40.0,0
85,2021-06,40.0,21.9,20.9,39.0,0
85,2021-07,39.0,21.4,22.4,40.1,0
85,2021-08,40.1,22.9,19.8,36.9,0
85,2021-09,36.9,26.5,25.7,36.1,0
85,2021-10,36.1,34.5,37.3,38.9,0
85,2021-11,38.9,38.6,60.2,60.5,0
85,2021-12,60.5,28.5,16.8,48.7,0
85,2022-01,48.7,32.2,22.3,38.9,0
85,2022-02,38.9,16.8,18.2,40.3,0
85,2022-03,40.3,25.9,23.2,37.6,0
85,2022-04,37.6,31.5,29.3,35.4,0
85,2022-05,35.4,30.5,32.7,37.6,0
85,2022-06,37.6,28.0,27.9,37.5,0
85,2022-07,37.5,23.6,26.4,40.2,0
85,2022-08,40.2,22.2,19.7,37.8,0
85,2022-09,37.8,24.7,24.9,38.0,0
85,2022-10,38.0,31.5,30.4,36.9,0
85,2022-11,36.9,28.2,49.5,58.2,0
85,2022-12,58.2,32.2,23.8,49.7,0
85,2023-01,49.7,30.3,17.7,37.0,0
85,2023-02,37.0,24.4,28.6,41.1,0
85,2023-03,41.1,18.7,16.6,39.0,0
85,2023-04,39.0,27.6,25.8,37.3,0
85,2023-05,37.3,23.7,23.8,37.3,0
85,2023-06,37.3,22.4,23.4,38.4,0
85,2023-07,38.4,19.3,18.0,37.1,0
85,2023-08,37.1,28.0,31.4,40.5,0
85,2023-09,40.5,25.3,24.8,40.0,0
85,2023-10,40.0,26.4,23.1,36.7,0
85,2023-11,36.7,36.5,50.1,50.3,0
85,2023-12,50.3,26.7,24.9,48.5,0
85,2024-01,48.5,24.1,15.8,40.2,0
85,2024-02,40.2,20.1,20.0,40.1,0
85,2024-03,40.1,29.0,26.1,37.2,0
85,2024-04,37.2,28.7,30.3,38.8,0
85,2024-05,38.8,29.1,27.4,37.1,0
85,2024-06,37.1,23.6,24.9,38.4,0
85,2024-07,38.4,22.3,22.8,38.9,0
85,2024-08,38.9,20.4,21.3,39.7,0
85,2024-09,39.7,32.2,29.3,36.9,0
85,2024-10,36.9,29.8,34.3,41.3,0
85,2024-11,41.3,32.1,46.6,55.9,0
85,2024-12,55.9,31.9,22.9,46.8,0
85,2025-01,46.8,21.5,13.1,38.5,0
85,2025-02,38.5,26.9,28.0,39.6,0
85,2025-03,39.6,28.7,29.2,40.0,0
85,2025-04,40.0,24.4,22.2,37.8,0
85,2025-05,37.8,17.8,19.8,39.7,0
85,2025-06,39.7,21.2,22.3,40.9,0
85,2025-07,40.9,21.7,21.7,40.9,0
85,2025-08,40.9,34.8,29.0,35.1,0
85,2025-09,35.1,32.1,37.8,40.7,0
85,2025-10,40.7,28.2,28.3,40.8,0
85,2025-11,40.8,33.6,50.9,58.1,0
85,2025-12,58.1,29.0,20.4,49.4,0
86,2021-01,1.4,1.4,1.3,1.3,22
86,2021-02,1.3,1.3,1.3,1.3,21
86,2021-03,1.3,1.3,1.4,1.4,22
86,2021-04,1.4,1.4,1.4,1.4,20
86,2021-05,1.4,1.4,1.3,1.3,20
86,2021-06,1.3,1.3,1.4,1.4,16
86,2021-07,1.4,1.4,1.3,1.3,15
86,2021-08,1.3,1.3,1.4,1.4,23
86,2021-09,1.4,1.4,1.3,1.3,21
86,2021-10,1.3,1.3,1.4,1.4,21
86,2021-11,1.4,1.4,1.9,1.9,24
86,2021-12,1.9,1.9,1.7,1.7,19
86,2022-01,1.7,1.7,1.3,1.3,21
86,2022-02,1.3,1.3,1.2,1.2,23
86,2022-03,1.2,1.2,1.2,1.2,18
86,2022-04,1.2,1.2,1.3,1.3,21
86,2022-05,1.3,1.3,1.3,1.3,19
86,2022-06,1.3,1.3,1.5,1.5,20
86,2022-07,1.5,1.5,1.2,1.2,21
86,2022-08,1.2,1.2,1.4,1.4,23
86,2022-09,1.4,1.4,1.3,1.3,20
86,2022-10,1.3,1.3,1.4,1.4,22
86,2022-11,1.4,1.4,1.9,1.9,23
86,2022-12,1.9,1.9,1.5,1.5,17
86,2023-01,1.5,1.5,1.3,1.3,18
86,2023-02,1.3,1.3,1.2,1.2,18
86,2023-03,1.2,1.2,1.4,1.4,22
86,2023-04,1.4,1.4,1.5,1.5,18
86,2023-05,1.5,1.5,1.4,1.4,20
86,2023-06,1.4,1.4,1.3,1.3,18
86,2023-07,1.3,1.3,1.4,1.4,20
86,2023-08,1.4,1.4,1.4,1.4,22
86,2023-09,1.4,1.4,1.2,1.2,21
86,2023-10,1.2,1.2,1.4,1.4,20
86,2023-11,1.4,1.4,1.9,1.9,23
86,2023-12,1.9,1.9,1.7,1.7,18
86,2024-01,1.7,1.7,1.4,1.4,18
86,2024-02,1.4,1.4,1.3,1.3,19
86,2024-03,1.3,1.3,1.3,1.3,20
86,2024-04,1.3,1.3,1.3,1.3,18
86,2024-05,1.3,1.3,1.4,1.4,21
86,2024-06,1.4,1.4,1.3,1.3,19
86,2024-07,1.3,1.3,1.4,1.4,22
86,2024-08,1.4,1.4,1.3,1.3,20
86,2024-09,1.3,1.3,1.4,1.4,17
86,2024-10,1.4,1.4,1.4,1.4,20
86,2024-11,1.4,1.4,2.1,2.1,22
86,2024-12,2.1,2.1,1.8,1.8,16
86,2025-01,1.8,1.8,1.5,1.5,6
86,2025-02,1.5,1.5,1.3,1.3,22
86,2025-03,1.3,1.3,1.4,1.4,21
86,2025-04,1.4,1.4,1.4,1.4,20
86,2025-05,1.4,1.4,1.4,1.4,21
86,2025-06,1.4,1.4,1.3,1.3,18
86,2025-07,1.3,1.3,1.3,1.3,21
86,2025-08,1.3,1.3,1.3,1.3,21
86,2025-09,1.3,1.3,1.3,1.3,23
86,2025-10,1.3,1.3,1.3,1.3,22
86,2025-11,1.3,1.3,2.1,2.1,23
86,2025-12,2.1,2.1,1.7,1.7,17
87,2021-01,14.0,5.8,5.7,14.0,0
87,2021-02,14.0,4.2,4.2,14.0,0
87,2021-03,14.0,4.6,4.3,13.6,0
87,2021-04,13.6,3.3,3.6,13.9,0
87,2021-05,13.9,3.8,3.9,13.9,0
87,2021-06,13.9,3.9,3.4,13.4,0
87,2021-07,13.4,4.1,4.7,14.1,0
87,2021-08,14.1,3.5,3.0,13.5,0
87,2021-09,13.5,4.3,4.6,13.7,0
87,2021-10,13.7,3.4,3.6,14.0,0
87,2021-11,14.0,6.1,12.7,20.6,0
87,2021-12,20.6,4.7,1.6,17.5,0
87,2022-01,17.5,4.5,0.9,13.9,0
87,2022-02,13.9,5.0,4.8,13.7,0
87,2022-03,13.7,4.8,4.5,13.4,0
87,2022-04,13.4,4.5,5.1,14.0,0
87,2022-05,14.0,4.7,4.8,14.2,0
87,2022-06,14.2,4.2,4.2,14.2,0
87,2022-07,14.2,4.2,4.0,14.0,0
87,2022-08,14.0,4.4,4.2,13.8,0
87,2022-09,13.8,6.6,6.5,13.6,0
87,2022-10,13.6,4.9,5.2,14.0,0
87,2022-11,14.0,7.1,12.5,19.4,0
87,2022-12,19.4,6.2,4.2,17.3,0
87,2023-01,17.3,6.2,2.8,14.0,0
87,2023-02,14.0,3.0,3.0,14.0,0
87,2023-03,14.0,4.4,4.3,14.0,0
87,2023-04,14.0,3.6,3.6,13.9,0
87,2023-05,13.9,3.7,3.5,13.7,0
87,2023-06,13.7,2.9,3.0,13.8,0
87,2023-07,13.8,4.9,5.3,14.1,0
87,2023-08,14.1,4.0,3.4,13.5,0
87,2023-09,13.5,3.9,4.3,13.9,0
87,2023-10,13.9,4.7,4.4,13.6,0
87,2023-11,13.6,6.0,11.9,19.5,0
87,2023-12,19.5,4.9,2.9,17.4,0
87,2024-01,17.4,3.5,0.0,14.0,0
87,2024-02,14.0,4.3,4.1,13.8,0
87,2024-03,13.8,5.5,5.0,13.3,0
87,2024-04,13.3,4.6,5.4,14.1,0
87,2024-05,14.1,4.3,4.2,14.0,0
87,2024-06,14.0,4.6,4.1,13.6,0
87,2024-07,13.6,4.9,4.6,13.2,0
87,2024-08,13.2,3.8,4.3,13.8,0
87,2024-09,13.8,5.3,5.3,13.9,0
87,2024-10,13.9,4.6,4.4,13.7,0
87,2024-11,13.7,6.4,11.3,18.6,0
87,2024-12,18.6,5.5,4.3,17.4,0
87,2025-01,17.4,4.6,1.0,13.9,0
87,2025-02,13.9,5.2,5.2,14.0,0
87,2025-03,14.0,3.6,3.6,14.0,0
87,2025-04,14.0,3.1,3.0,13.9,0
87,2025-05,13.9,2.7,2.6,13.8,0
87,2025-06,13.8,3.2,2.9,13.5,0
87,2025-07,13.5,4.9,5.3,13.9,0
87,2025-08,13.9,5.0,4.5,13.4,0
87,2025-09,13.4,2.7,3.4,14.1,0
87,2025-10,14.1,3.3,3.2,14.0,0
87,2025-11,14.0,4.8,9.8,19.0,0
87,2025-12,19.0,5.1,3.1,17.0,0
88,2021-01,12.5,7.2,7.0,12.3,0
88,2021-02,12.3,9.3,8.7,11.6,0
88,2021-03,11.6,9.6,10.4,12.4,0
88,2021-04,12.4,8.3,7.5,11.6,0
88,2021-05,11.6,6.8,7.1,11.9,0
88,2021-06,11.9,8.4,8.4,11.8,0
88,2021-07,11.8,8.9,9.7,12.6,0
88,2021-08,12.6,9.7,8.2,11.1,0
88,2021-09,11.1,8.6,9.1,11.7,0
88,2021-10,11.7,6.8,7.6,12.4,0
88,2021-11,12.4,11.3,15.4,16.5,0
88,2021-12,16.5,14.3,13.5,15.7,0
88,2022-01,15.7,10.0,6.2,11.9,0
88,2022-02,11.9,11.6,11.6,11.9,0
88,2022-03,11.9,9.4,8.8,11.3,0
88,2022-04,11.3,7.1,8.2,12.4,0
88,2022-05,12.4,7.2,6.3,11.5,0
88,2022-06,11.5,8.8,10.1,12.7,0
88,2022-07,12.7,8.4,7.5,11.8,0
88,2022-08,11.8,8.4,8.6,12.0,0
88,2022-09,12.0,9.4,8.5,11.1,0
88,2022-10,11.1,5.9,6.4,11.6,0
88,2022-11,11.6,11.6,16.1,16.1,6
88,2022-12,16.1,10.1,9.7,15.6,0
88,2023-01,15.6,10.1,6.5,12.1,0
88,2023-02,12.1,8.1,8.6,12.6,0
88,2023-03,12.6,10.0,8.7,11.3,0
88,2023-04,11.3,11.2,12.2,12.2,0
88,2023-05,12.2,6.8,7.1,12.5,0
88,2023-06,12.5,8.2,8.3,12.6,0
88,2023-07,12.6,9.4,8.7,11.9,0
88,2023-08,11.9,11.0,10.4,11.3,0
88,2023-09,11.3,10.7,12.3,12.9,0
88,2023-10,12.9,7.8,7.4,12.6,0
88,2023-11,12.6,12.3,17.3,17.5,0
88,2023-12,17.5,10.9,8.4,15.0,0
88,2024-01,15.0,11.0,7.7,11.7,0
88,2024-02,11.7,6.1,6.7,12.4,0
88,2024-03,12.4,8.5,7.6,11.6,0
88,2024-04,11.6,8.3,9.4,12.6,0
88,2024-05,12.6,9.7,8.6,11.6,0
88,2024-06,11.6,10.2,11.2,12.6,0
88,2024-07,12.6,9.9,9.5,12.1,0
88,2024-08,12.1,9.8,10.0,12.3,0
88,2024-09,12.3,10.0,9.1,11.5,0
88,2024-10,11.5,6.5,6.6,11.6,0
88,2024-11,11.6,11.6,18.2,18.2,0
88,2024-12,18.2,11.6,9.1,15.7,0
88,2025-01,15.7,9.5,6.0,12.2,0
88,2025-02,12.2,6.8,6.6,11.9,0
88,2025-03,11.9,7.3,7.5,12.1,0
88,2025-04,12.1,9.6,9.2,11.7,0
88,2025-05,11.7,7.4,7.5,11.8,0
88,2025-06,11.8,9.9,10.2,12.0,0
88,2025-07,12.0,11.5,11.6,12.2,0
88,2025-08,12.2,8.8,8.4,11.8,0
88,2025-09,11.8,9.4,10.0,12.3,0
88,2025-10,12.3,9.1,8.9,12.1,0
88,2025-11,12.1,12.1,16.7,16.7,4
88,2025-12,16.7,13.4,12.0,15.2,0
89,2021-01,7.3,3.9,4.0,7.4,0
89,2021-02,7.4,3.2,2.8,7.0,0
89,2021-03,7.0,4.7,4.4,6.8,0
89,2021-04,6.8,3.9,3.9,6.8,0
89,2021-05,6.8,3.4,3.7,7.1,0
89,2021-06,7.1,3.5,3.9,7.5,0
89,2021-07,7.5,4.4,4.3,7.4,0
89,2021-08,7.4,4.5,3.9,6.8,0
89,2021-09,6.8,3.5,4.1,7.4,0
89,2021-10,7.4,3.8,3.2,6.8,0
89,2021-11,6.8,5.9,8.8,9.7,0
89,2021-12,9.7,4.3,3.5,8.9,0
89,2022-01,8.9,4.2,2.5,7.3,0
89,2022-02,7.3,4.0,4.1,7.4,0
89,2022-03,7.4,4.3,3.9,7.0,0
89,2022-04,7.0,2.8,2.7,6.9,0
89,2022-05,6.9,4.1,3.9,6.7,0
89,2022-06,6.7,3.1,3.9,7.5,0
89,2022-07,7.5,4.0,3.3,6.8,0
89,2022-08,6.8,3.7,4.4,7.5,0
89,2022-09,7.5,4.0,3.5,7.0,0
89,2022-10,7.0,3.9,4.3,7.4,0
89,2022-11,7.4,6.1,8.2,9.5,0
89,2022-12,9.5,4.7,4.1,8.8,0
89,2023-01,8.8,4.6,2.7,7.0,0
89,2023-02,7.0,3.4,3.9,7.4,0
89,2023-03,7.4,4.0,3.5,6.9,0
89,2023-04,6.9,3.9,3.8,6.8,0
89,2023-05,6.8,3.7,4.3,7.4,0
89,2023-06,7.4,3.6,3.5,7.2,0
89,2023-07,7.2,4.1,3.8,6.9,0
89,2023-08,6.9,3.8,3.9,7.0,0
89,2023-09,7.0,4.3,4.2,6.9,0
89,2023-10,6.9,3.7,3.8,7.1,0
89,2023-11,7.1,6.8,9.3,9.6,0
89,2023-12,9.6,5.8,4.6,8.4,0
89,2024-01,8.4,3.5,2.1,7.1,0
89,2024-02,7.1,4.2,3.9,6.8,0
89,2024-03,6.8,3.3,4.0,7.5,0
89,2024-04,7.5,4.6,3.8,6.8,0
89,2024-05,6.8,3.8,4.1,7.1,0
89,2024-06,7.1,3.9,3.5,6.7,0
89,2024-07,6.7,4.1,4.0,6.6,0
89,2024-08,6.6,2.1,2.6,7.2,0
89,2024-09,7.2,4.1,3.8,6.9,0
89,2024-10,6.9,4.8,5.3,7.4,0
89,2024-11,7.4,3.5,6.0,9.9,0
89,2024-12,9.9,5.0,4.3,9.2,0
89,2025-01,9.2,3.5,1.6,7.3,0
89,2025-02,7.3,4.6,4.2,6.9,0
89,2025-03,6.9,3.0,3.2,7.1,0
89,2025-04,7.1,5.2,5.6,7.6,0
89,2025-05,7.6,3.7,3.5,7.4,0
89,2025-06,7.4,3.1,3.2,7.4,0
89,2025-07,7.4,3.5,3.6,7.5,0
89,2025-08,7.5,2.9,2.8,7.4,0
89,2025-09,7.4,3.8,3.3,6.8,0
89,2025-10,6.8,3.5,4.2,7.5,0
89,2025-11,7.5,6.5,9.2,10.2,0
89,2025-12,10.2,4.8,3.5,8.9,0
90,2021-01,24.7,13.5,12.0,23.3,0
90,2021-02,23.3,17.0,15.9,22.1,0
90,2021-03,22.1,13.1,16.2,25.2,0
90,2021-04,25.2,19.8,16.7,22.0,0
90,2021-05,22.0,16.3,16.6,22.3,0
90,2021-06,22.3,14.7,15.4,23.0,0
90,2021-07,23.0,12.9,14.6,24.7,0
90,2021-08,24.7,16.6,16.5,24.6,0
90,2021-09,24.6,14.5,15.4,25.4,0
90,2021-10,25.4,19.2,16.3,22.5,0
90,2021-11,22.5,22.5,33.8,33.8,5
90,2021-12,33.8,18.7,16.1,31.2,0
90,2022-01,31.2,14.5,7.7,24.4,0
90,2022-02,24.4,18.6,18.3,24.1,0
90,2022-03,24.1,19.9,18.9,23.1,0
90,2022-04,23.1,15.5,16.8,24.3,0
90,2022-05,24.3,18.5,16.8,22.6,0
90,2022-06,22.6,16.1,15.7,22.2,0
90,2022-07,22.2,14.4,14.5,22.4,0
90,2022-08,22.4,20.6,21.1,22.9,0
90,2022-09,22.9,10.2,12.4,25.1,0
90,2022-10,25.1,13.9,12.9,24.1,0
90,2022-11,24.1,23.2,32.4,33.4,0
90,2022-12,33.4,24.5,20.1,28.9,0
90,2023-01,28.9,15.9,11.6,24.7,0
90,2023-02,24.7,9.6,10.1,25.2,0
90,2023-03,25.2,14.6,14.5,25.1,0
90,2023-04,25.1,14.9,12.4,22.6,0
90,2023-05,22.6,12.2,14.5,25.0,0
90,2023-06,25.0,11.8,11.2,24.4,0
90,2023-07,24.4,11.0,10.4,23.8,0
90,2023-08,23.8,14.2,13.7,23.3,0
90,2023-09,23.3,17.6,18.7,24.4,0
90,2023-10,24.4,20.4,21.4,25.4,0
90,2023-11,25.4,21.4,28.1,32.1,0
90,2023-12,32.1,18.7,15.5,28.9,0
90,2024-01,28.9,16.4,11.0,23.5,0
90,2024-02,23.5,18.0,18.0,23.5,0
90,2024-03,23.5,20.0,21.7,25.2,0
90,2024-04,25.2,17.4,15.5,23.2,0
90,2024-05,23.2,14.4,14.5,23.3,0
90,2024-06,23.3,19.4,20.5,24.4,0
90,2024-07,24.4,11.0,11.0,24.4,0
90,2024-08,24.4,19.7,20.1,24.7,0
90,2024-09,24.7,20.6,18.3,22.4,0
90,2024-10,22.4,16.1,15.8,22.1,0
90,2024-11,22.1,21.7,31.4,31.7,0
90,2024-12,31.7,18.8,17.7,30.6,0
90,2025-01,30.6,12.9,6.7,24.5,0
90,2025-02,24.5,18.6,18.0,23.8,0
90,2025-03,23.8,16.8,15.5,22.5,0
90,2025-04,22.5,10.3,10.9,23.1,0
90,2025-05,23.1,14.1,15.8,24.8,0
90,2025-06,24.8,17.1,14.9,22.7,0
90,2025-07,22.7,22.7,21.8,21.8,0
90,2025-08,21.8,18.4,21.5,24.8,0
90,2025-09,24.8,19.0,19.5,25.3,0
90,2025-10,25.3,18.7,16.3,23.0,0
90,2025-11,23.0,23.0,31.2,31.2,4
90,2025-12,31.2,18.5,17.2,30.0,0
91,2021-01,89.6,22.5,20.9,88.0,0
91,2021-02,88.0,18.3,17.7,87.4,0
91,2021-03,87.4,18.2,19.0,88.2,0
91,2021-04,88.2,18.2,18.6,88.7,0
91,2021-05,88.7,17.7,16.4,87.3,0
91,2021-06,87.3,20.9,22.2,88.6,0
91,2021-07,88.6,20.3,19.7,88.0,0
91,2021-08,88.0,16.1,16.3,88.2,0
91,2021-09,88.2,15.7,17.6,90.2,0
91,2021-10,90.2,16.5,15.6,89.2,0
91,2021-11,89.2,22.3,54.2,121.0,0
91,2021-12,121.0,20.4,10.9,111.6,0
91,2022-01,111.6,19.4,0.0,92.2,0
91,2022-02,92.2,13.6,9.8,88.4,0
91,2022-03,88.4,19.2,18.8,87.9,0
91,2022-04,87.9,23.9,23.8,87.8,0
91,2022-05,87.8,20.4,20.6,88.0,0
91,2022-06,88.0,19.3,20.3,89.0,0
91,2022-07,89.0,24.2,25.1,89.9,0
91,2022-08,89.9,17.4,15.7,88.2,0
91,2022-09,88.2,24.1,23.6,87.7,0
91,2022-10,87.7,20.3,22.5,89.9,0
91,2022-11,89.9,29.0,71.2,132.1,0
91,2022-12,132.1,23.9,3.7,111.8,0
91,2023-01,111.8,20.4,0.0,91.5,0
91,2023-02,91.5,21.5,18.1,88.1,0
91,2023-03,88.1,25.4,25.4,88.1,0
91,2023-04,88.1,16.4,17.6,89.4,0
91,2023-05,89.4,16.2,15.2,88.4,0
91,2023-06,88.4,19.8,20.9,89.5,0
91,2023-07,89.5,22.2,21.9,89.3,0
91,2023-08,89.3,20.5,18.2,86.9,0
91,2023-09,86.9,22.6,24.2,88.6,0
91,2023-10,88.6,19.4,17.5,86.7,0
91,2023-11,86.7,26.0,63.3,124.0,0
91,2023-12,124.0,24.3,12.0,111.7,0
91,2024-01,111.7,16.8,0.0,94.9,0
91,2024-02,94.9,22.4,17.6,90.0,0
91,2024-03,90.0,18.1,16.1,87.9,0
91,2024-04,87.9,20.4,20.9,88.5,0
91,2024-05,88.5,19.2,20.6,89.9,0
91,2024-06,89.9,18.5,17.5,88.9,0
91,2024-07,88.9,20.0,21.0,89.9,0
91,2024-08,89.9,23.1,19.7,86.5,0
91,2024-09,86.5,20.2,22.4,88.7,0
91,2024-10,88.7,21.0,18.7,86.5,0
91,2024-11,86.5,27.5,62.0,120.9,0
91,2024-12,120.9,24.6,14.9,111.3,0
91,2025-01,111.3,26.2,4.6,89.6,0
91,2025-02,89.6,18.5,17.2,88.4,0
91,2025-03,88.4,18.1,17.3,87.6,0
91,2025-04,87.6,22.5,21.9,87.0,0
91,2025-05,87.0,16.0,17.6,88.7,0
91,2025-06,88.7,19.4,18.6,87.8,0
91,2025-07,87.8,22.3,22.1,87.7,0
91,2025-08,87.7,17.3,16.8,87.3,0
91,2025-09,87.3,23.1,23.4,87.5,0
91,2025-10,87.5,14.4,14.3,87.5,0
91,2025-11,87.5,31.7,65.7,121.5,0
91,2025-12,121.5,21.4,11.8,112.0,0
92,2021-01,7.9,4.3,4.0,7.6,0
92,2021-02,7.6,3.9,4.4,8.1,0
92,2021-03,8.1,3.7,3.0,7.4,0
92,2021-04,7.4,3.7,3.9,7.7,0
92,2021-05,7.7,4.1,3.8,7.4,0
92,2021-06,7.4,3.7,4.1,7.8,0
92,2021-07,7.8,4.2,4.2,7.8,0
92,2021-08,7.8,4.9,5.2,8.1,0
92,2021-09,8.1,4.0,3.9,8.0,0
92,2021-10,8.0,3.6,3.4,7.8,0
92,2021-11,7.8,5.8,9.9,11.9,0
92,2021-12,11.9,4.7,2.7,9.9,0
92,2022-01,9.9,4.2,2.0,7.8,0
92,2022-02,7.8,5.6,5.1,7.3,0
92,2022-03,7.3,3.9,4.7,8.1,0
92,2022-04,8.1,4.0,3.8,7.9,0
92,2022-05,7.9,3.8,3.3,7.5,0
92,2022-06,7.5,3.2,3.4,7.7,0
92,2022-07,7.7,4.3,4.5,7.9,0
92,2022-08,7.9,4.4,3.8,7.3,0
92,2022-09,7.3,3.5,4.2,7.9,0
92,2022-10,7.9,4.5,3.9,7.4,0
92,2022-11,7.4,5.4,9.9,11.9,0
92,2022-12,11.9,5.2,3.2,9.9,0
92,2023-01,9.9,3.0,0.9,7.8,0
92,2023-02,7.8,3.5,3.1,7.4,0
92,2023-03,7.4,3.7,4.3,8.0,0
92,2023-04,8.0,4.4,4.2,7.8,0
92,2023-05,7.8,4.0,3.7,7.5,0
92,2023-06,7.5,3.9,3.8,7.4,0
92,2023-07,7.4,3.9,3.8,7.3,0
92,2023-08,7.3,4.0,4.3,7.6,0
92,2023-09,7.6,2.2,2.4,7.7,0
92,2023-10,7.7,3.6,3.5,7.6,0
92,2023-11,7.6,5.6,8.6,10.6,0
92,2023-12,10.6,5.9,4.8,9.5,0
92,2024-01,9.5,4.0,2.1,7.7,0
92,2024-02,7.7,4.0,3.8,7.4,0
92,2024-03,7.4,4.4,5.1,8.1,0
92,2024-04,8.1,3.0,2.6,7.7,0
92,2024-05,7.7,4.6,4.6,7.7,0
92,2024-06,7.7,5.4,5.8,8.0,0
92,2024-07,8.0,3.3,3.0,7.8,0
92,2024-08,7.8,4.0,3.6,7.4,0
92,2024-09,7.4,3.2,3.7,7.9,0
92,2024-10,7.9,4.4,4.5,8.0,0
92,2024-11,8.0,6.2,9.9,11.7,0
92,2024-12,11.7,5.0,3.3,10.0,0
92,2025-01,10.0,4.1,2.0,7.8,0
92,2025-02,7.8,4.3,3.9,7.4,0
92,2025-03,7.4,3.7,4.5,8.1,0
92,2025-04,8.1,5.0,4.8,7.9,0
92,2025-05,7.9,3.6,3.7,7.9,0
92,2025-06,7.9,4.0,3.7,7.6,0
92,2025-07,7.6,5.5,5.2,7.3,0
92,2025-08,7.3,4.0,4.4,7.7,0
92,2025-09,7.7,4.7,4.5,7.5,0
92,2025-10,7.5,5.1,5.7,8.1,0
92,2025-11,8.1,6.5,9.2,10.8,0
92,2025-12,10.8,5.8,4.7,9.7,0
93,2021-01,252.1,45.0,45.6,252.7,0
93,2021-02,252.7,59.8,59.5,252.4,0
93,2021-03,252.4,51.5,47.5,248.4,0
93,2021-04,248.4,53.2,57.5,252.8,0
93,2021-05,252.8,68.8,65.2,249.2,0
93,2021-06,249.2,49.7,47.0,246.5,0
93,2021-07,246.5,46.0,51.6,252.1,0
93,2021-08,252.1,49.9,52.2,254.5,0
93,2021-09,254.5,51.0,50.7,254.2,0
93,2021-10,254.2,51.5,43.8,246.5,0
93,2021-11,246.5,67.1,162.2,341.6,0
93,2021-12,341.6,72.1,45.9,315.4,0
93,2022-01,315.4,52.1,0.0,263.3,0
93,2022-02,263.3,47.9,34.5,249.9,0
93,2022-03,249.9,62.5,63.1,250.5,0
93,2022-04,250.5,47.6,46.9,249.7,0
93,2022-05,249.7,54.6,54.2,249.3,0
93,2022-06,249.3,57.4,57.2,249.1,0
93,2022-07,249.1,49.6,46.9,246.4,0
93,2022-08,246.4,65.3,64.7,245.8,0
93,2022-09,245.8,52.0,56.3,250.1,0
93,2022-10,250.1,61.8,61.3,249.7,0
93,2022-11,249.7,82.5,198.0,365.1,0
93,2022-12,365.1,63.1,11.9,314.0,0
93,2023-01,314.0,65.2,3.0,251.8,0
93,2023-02,251.8,39.1,38.4,251.1,0
93,2023-03,251.1,64.1,56.7,243.7,0
93,2023-04,243.7,48.4,48.4,243.7,0
93,2023-05,243.7,55.8,61.7,249.7,0
93,2023-06,249.7,34.8,32.0,246.8,0
93,2023-07,246.8,49.2,52.7,250.3,0
93,2023-08,250.3,52.2,55.7,253.7,0
93,2023-09,253.7,54.2,52.5,252.0,0
93,2023-10,252.0,78.9,67.9,241.0,0
93,2023-11,241.0,82.8,189.7,348.0,0
93,2023-12,348.0,68.2,30.9,310.6,0
93,2024-01,310.6,67.8,9.5,252.4,0
93,2024-02,252.4,40.6,35.4,247.2,0
93,2024-03,247.2,48.9,47.9,246.1,0
93,2024-04,246.1,40.2,42.9,248.8,0
93,2024-05,248.8,54.0,58.1,252.8,0
93,2024-06,252.8,61.0,52.2,244.0,0
93,2024-07,244.0,40.6,41.8,245.2,0
93,2024-08,245.2,59.0,61.8,248.0,0
93,2024-09,248.0,46.4,48.6,250.2,0
93,2024-10,250.2,53.6,51.0,247.6,0
93,2024-11,247.6,76.1,189.7,361.2,0
93,2024-12,361.2,70.0,21.6,312.8,0
93,2025-01,312.8,44.5,0.0,268.3,0
93,2025-02,268.3,47.9,28.9,249.2,0
93,2025-03,249.2,55.0,56.9,251.1,0
93,2025-04,251.1,49.9,46.1,247.2,0
93,2025-05,247.2,61.4,65.2,251.0,0
93,2025-06,251.0,69.0,63.1,245.1,0
93,2025-07,245.1,58.2,61.1,248.0,0
93,2025-08,248.0,42.8,41.1,246.3,0
93,2025-09,246.3,55.9,60.5,250.8,0
93,2025-10,250.8,52.9,47.8,245.7,0
93,2025-11,245.7,67.6,169.3,347.3,0
93,2025-12,347.3,68.8,37.2,315.7,0
94,2021-01,19.5,9.9,9.3,18.9,0
94,2021-02,18.9,11.8,11.5,18.5,0
94,2021-03,18.5,10.6,11.5,19.4,0
94,2021-04,19.4,9.2,7.9,18.1,0
94,2021-05,18.1,10.9,11.6,18.8,0
94,2021-06,18.8,8.6,9.1,19.3,0
94,2021-07,19.3,7.7,6.9,18.5,0
94,2021-08,18.5,7.4,7.6,18.7,0
94,2021-09,18.7,10.0,9.2,17.9,0
94,2021-10,17.9,8.3,8.8,18.4,0
94,2021-11,18.4,10.6,20.7,28.4,0
94,2021-12,28.4,12.7,8.3,24.0,0
94,2022-01,24.0,9.1,3.9,18.8,0
94,2022-02,18.8,12.4,11.3,17.7,0
94,2022-03,17.7,9.1,9.4,18.0,0
94,2022-04,18.0,12.0,13.3,19.3,0
94,2022-05,19.3,8.3,7.6,18.6,0
94,2022-06,18.6,11.0,11.4,19.1,0
94,2022-07,19.1,9.7,9.3,18.7,0
94,2022-08,18.7,13.2,14.0,19.4,0
94,2022-09,19.4,8.9,8.9,19.4,0
94,2022-10,19.4,11.7,11.2,19.0,0
94,2022-11,19.0,14.4,20.4,24.9,0
94,2022-12,24.9,11.4,9.6,23.1,0
94,2023-01,23.1,9.3,5.9,19.7,0
94,2023-02,19.7,8.0,7.5,19.3,0
94,2023-03,19.3,10.2,10.6,19.6,0
94,2023-04,19.6,9.1,9.0,19.5,0
94,2023-05,19.5,8.2,8.3,19.6,0
94,2023-06,19.6,12.4,12.8,20.0,0
94,2023-07,20.0,8.2,7.1,18.9,0
94,2023-08,18.9,9.0,8.6,18.4,0
94,2023-09,18.4,9.9,11.2,19.8,0
94,2023-10,19.8,13.8,12.4,18.3,0
94,2023-11,18.3,12.7,21.1,26.7,0
94,2023-12,26.7,10.3,7.6,24.0,0
94,2024-01,24.0,12.0,7.4,19.4,0
94,2024-02,19.4,9.1,9.5,19.8,0
94,2024-03,19.8,8.1,7.3,19.0,0
94,2024-04,19.0,10.4,11.2,19.8,0
94,2024-05,19.8,8.5,8.3,19.6,0
94,2024-06,19.6,9.0,8.4,19.1,0
94,2024-07,19.1,9.3,9.2,19.1,0
94,2024-08,19.1,7.6,7.5,19.0,0
94,2024-09,19.0,9.2,9.3,19.1,0
94,2024-10,19.1,7.9,8.6,19.7,0
94,2024-11,19.7,15.3,24.5,29.0,0
94,2024-12,29.0,11.3,5.9,23.5,0
94,2025-01,23.5,7.7,3.3,19.1,0
94,2025-02,19.1,5.4,5.5,19.2,0
94,2025-03,19.2,12.3,12.4,19.3,0
94,2025-04,19.3,11.4,11.4,19.2,0
94,2025-05,19.2,10.8,9.7,18.2,0
94,2025-06,18.2,9.8,9.9,18.2,0
94,2025-07,18.2,4.1,5.0,19.0,0
94,2025-08,19.0,10.8,9.9,18.2,0
94,2025-09,18.2,8.3,9.2,19.1,0
94,2025-10,19.1,10.8,9.8,18.0,0
94,2025-11,18.0,11.4,21.6,28.3,0
94,2025-12,28.3,11.3,7.3,24.2,0
95,2021-01,13.5,6.2,6.2,13.5,0
95,2021-02,13.5,4.7,4.2,13.0,0
95,2021-03,13.0,5.8,6.4,13.6,0
95,2021-04,13.6,6.3,6.3,13.7,0
95,2021-05,13.7,5.3,5.4,13.7,0
95,2021-06,13.7,8.6,8.1,13.2,0
95,2021-07,13.2,9.4,8.4,12.2,0
95,2021-08,12.2,6.9,8.3,13.6,0
95,2021-09,13.6,7.8,7.1,12.9,0
95,2021-10,12.9,6.7,7.7,13.8,0
95,2021-11,13.8,8.7,14.9,20.0,0
95,2021-12,20.0,9.4,6.1,16.6,0
95,2022-01,16.6,8.2,5.2,13.6,0
95,2022-02,13.6,6.1,5.2,12.7,0
95,2022-03,12.7,7.0,7.8,13.5,0
95,2022-04,13.5,8.7,8.0,12.8,0
95,2022-05,12.8,6.0,5.9,12.7,0
95,2022-06,12.7,4.9,5.9,13.7,0
95,2022-07,13.7,7.5,6.6,12.8,0
95,2022-08,12.8,8.9,8.6,12.5,0
95,2022-09,12.5,7.6,8.1,12.9,0
95,2022-10,12.9,8.8,8.0,12.1,0
95,2022-11,12.1,11.4,17.5,18.3,0
95,2022-12,18.3,6.9,5.4,16.7,0
95,2023-01,16.7,6.3,2.7,13.2,0
95,2023-02,13.2,7.1,6.4,12.5,0
95,2023-03,12.5,6.4,6.7,12.8,0
95,2023-04,12.8,9.5,9.0,12.2,0
95,2023-05,12.2,7.5,7.9,12.7,0
95,2023-06,12.7,8.4,9.0,13.2,0
95,2023-07,13.2,6.7,6.8,13.3,0
95,2023-08,13.3,7.6,6.9,12.6,0
95,2023-09,12.6,6.5,7.8,13.8,0
95,2023-10,13.8,5.2,4.1,12.8,0
95,2023-11,12.8,11.6,18.0,19.2,0
95,2023-12,19.2,10.3,8.3,17.2,0
95,2024-01,17.2,6.9,3.0,13.3,0
95,2024-02,13.3,6.7,7.0,13.6,0
95,2024-03,13.6,4.5,3.7,12.9,0
95,2024-04,12.9,7.8,8.0,13.1,0
95,2024-05,13.1,7.1,7.2,13.1,0
95,2024-06,13.1,7.8,7.8,13.1,0
95,2024-07,13.1,6.0,5.4,12.6,0
95,2024-08,12.6,8.2,7.8,12.2,0
95,2024-09,12.2,7.0,7.3,12.5,0
95,2024-10,12.5,6.4,7.5,13.6,0
95,2024-11,13.6,7.9,14.2,20.0,0
95,2024-12,20.0,9.9,6.6,16.6,0
95,2025-01,16.6,5.9,2.4,13.1,0
95,2025-02,13.1,7.2,7.8,13.7,0
95,2025-03,13.7,7.6,6.9,13.0,0
95,2025-04,13.0,7.0,7.8,13.8,0
95,2025-05,13.8,9.1,7.9,12.6,0
95,2025-06,12.6,6.1,7.0,13.5,0
95,2025-07,13.5,8.4,8.7,13.8,0
95,2025-08,13.8,8.6,7.7,12.9,0
95,2025-09,12.9,9.4,9.6,13.1,0
95,2025-10,13.1,6.9,6.7,12.9,0
95,2025-11,12.9,11.7,18.9,20.1,0
95,2025-12,20.1,9.0,5.3,16.4,0
96,2021-01,50.0,27.3,26.7,49.4,0
96,2021-02,49.4,22.8,23.7,50.3,0
96,2021-03,50.3,22.2,19.0,47.1,0
96,2021-04,47.1,37.7,40.8,50.3,0
96,2021-05,50.3,33.3,32.6,49.6,0
96,2021-06,49.6,33.1,35.1,51.6,0
96,2021-07,51.6,38.0,34.2,47.7,0
96,2021-08,47.7,40.7,36.6,43.6,0
96,2021-09,43.6,43.6,46.9,46.9,0
96,2021-10,46.9,41.9,43.0,48.0,0
96,2021-11,48.0,48.0,75.4,75.4,3
96,2021-12,75.4,28.8,14.0,60.6,0
96,2022-01,60.6,35.3,23.8,49.2,0
96,2022-02,49.2,23.8,25.8,51.2,0
96,2022-03,51.2,30.2,24.6,45.7,0
96,2022-04,45.7,30.6,32.5,47.6,0
96,2022-05,47.6,35.8,36.2,48.0,0
96,2022-06,48.0,36.9,37.2,48.2,0
96,2022-07,48.2,43.9,39.0,43.4,0
96,2022-08,43.4,35.2,41.3,49.5,0
96,2022-09,49.5,35.3,34.5,48.6,0
96,2022-10,48.6,34.1,35.1,49.6,0
96,2022-11,49.6,33.7,55.1,71.0,0
96,2022-12,71.0,37.9,29.3,62.4,0
96,2023-01,62.4,47.2,34.4,49.6,0
96,2023-02,49.6,41.5,35.7,43.8,0
96,2023-03,43.8,38.8,40.3,45.3,0
96,2023-04,45.3,36.2,42.0,51.1,0
96,2023-05,51.1,44.9,41.4,47.6,0
96,2023-06,47.6,38.0,34.5,44.2,0
96,2023-07,44.2,44.2,51.3,51.3,3
96,2023-08,51.3,35.7,31.1,46.7,0
96,2023-09,46.7,38.9,37.8,45.6,0
96,2023-10,45.6,32.5,34.3,47.3,0
96,2023-11,47.3,47.3,66.5,66.5,8
96,2023-12,66.5,47.8,39.6,58.2,0
96,2024-01,58.2,34.7,24.9,48.5,0
96,2024-02,48.5,32.9,29.4,45.0,0
96,2024-03,45.0,33.3,38.8,50.5,0
96,2024-04,50.5,36.3,31.3,45.5,0
96,2024-05,45.5,32.5,36.1,49.1,0
96,2024-06,49.1,36.5,32.2,44.8,0
96,2024-07,44.8,32.1,35.5,48.2,0
96,2024-08,48.2,40.4,40.6,48.4,0
96,2024-09,48.4,37.2,39.9,51.1,0
96,2024-10,51.1,35.9,31.0,46.2,0
96,2024-11,46.2,46.2,64.7,64.7,6
96,2024-12,64.7,44.8,42.9,62.8,0
96,2025-01,62.8,33.9,18.4,47.3,0
96,2025-02,47.3,36.3,33.8,44.8,0
96,2025-03,44.8,32.5,35.5,47.9,0
96,2025-04,47.9,42.3,45.8,51.4,0
96,2025-05,51.4,29.7,27.1,48.8,0
96,2025-06,48.8,24.5,22.7,47.1,0
96,2025-07,47.1,34.4,38.3,50.9,0
96,2025-08,50.9,40.8,34.0,44.1,0
96,2025-09,44.1,32.8,36.8,48.1,0
96,2025-10,48.1,40.5,37.3,44.9,0
96,2025-11,44.9,44.9,73.9,73.9,9
96,2025-12,73.9,40.8,25.8,58.9,0
97,2021-01,14.2,6.2,6.0,14.1,0
97,2021-02,14.1,10.3,10.1,13.9,0
97,2021-03,13.9,8.9,9.0,14.0,0
97,2021-04,14.0,9.7,9.5,13.8,0
97,2021-05,13.8,7.8,7.4,13.3,0
97,2021-06,13.3,8.2,9.2,14.3,0
97,2021-07,14.3,9.5,9.5,14.3,0
97,2021-08,14.3,9.5,9.2,14.0,0
97,2021-09,14.0,9.4,8.3,13.0,0
97,2021-10,13.0,9.3,10.6,14.2,0
97,2021-11,14.2,14.2,18.6,18.6,1
97,2021-12,18.6,12.8,11.6,17.4,0
97,2022-01,17.4,7.8,4.5,14.0,0
97,2022-02,14.0,9.9,10.2,14.3,0
97,2022-03,14.3,8.8,9.1,14.6,0
97,2022-04,14.6,7.6,7.4,14.5,0
97,2022-05,14.5,8.1,8.2,14.6,0
97,2022-06,14.6,8.9,8.9,14.6,0
97,2022-07,14.6,11.0,9.3,12.9,0
97,2022-08,12.9,11.4,12.3,13.8,0
97,2022-09,13.8,8.9,9.0,13.8,0
97,2022-10,13.8,8.1,8.7,14.4,0
97,2022-11,14.4,9.2,15.6,20.9,0
97,2022-12,20.9,8.6,5.3,17.6,0
97,2023-01,17.6,4.3,1.0,14.3,0
97,2023-02,14.3,9.3,8.1,13.0,0
97,2023-03,13.0,8.7,9.2,13.6,0
97,2023-04,13.6,8.4,8.4,13.5,0
97,2023-05,13.5,7.6,7.6,13.5,0
97,2023-06,13.5,9.3,10.3,14.5,0
97,2023-07,14.5,8.6,7.9,13.9,0
97,2023-08,13.9,7.5,7.7,14.0,0
97,2023-09,14.0,7.6,7.4,13.8,0
97,2023-10,13.8,9.8,9.7,13.7,0
97,2023-11,13.7,12.3,17.1,18.5,0
97,2023-12,18.5,11.4,10.6,17.7,0
97,2024-01,17.7,8.6,5.3,14.5,0
97,2024-02,14.5,6.7,6.2,13.9,0
97,2024-03,13.9,8.5,8.1,13.5,0
97,2024-04,13.5,8.7,8.2,13.0,0
97,2024-05,13.0,6.5,7.1,13.6,0
97,2024-06,13.6,7.5,7.9,14.0,0
97,2024-07,14.0,6.3,6.5,14.2,0
97,2024-08,14.2,8.1,7.1,13.2,0
97,2024-09,13.2,5.9,6.6,14.0,0
97,2024-10,14.0,6.3,6.5,14.2,0
97,2024-11,14.2,12.9,16.7,18.0,0
97,2024-12,18.0,10.2,9.1,16.9,0
97,2025-01,16.9,8.4,6.0,14.5,0
97,2025-02,14.5,7.0,6.0,13.5,0
97,2025-03,13.5,8.2,9.0,14.2,0
97,2025-04,14.2,9.5,9.9,14.7,0
97,2025-05,14.7,9.0,8.7,14.3,0
97,2025-06,14.3,10.0,9.0,13.3,0
97,2025-07,13.3,6.1,7.0,14.2,0
97,2025-08,14.2,9.8,9.9,14.3,0
97,2025-09,14.3,7.6,7.3,13.9,0
97,2025-10,13.9,8.1,7.2,13.0,0
97,2025-11,13.0,9.7,17.0,20.3,0
97,2025-12,20.3,11.7,8.2,16.8,0
98,2021-01,7.9,5.4,5.2,7.7,0
98,2021-02,7.7,5.7,6.2,8.1,0
98,2021-03,8.1,5.8,4.9,7.2,0
98,2021-04,7.2,7.2,8.2,8.2,1
98,2021-05,8.2,6.5,5.9,7.6,0
98,2021-06,7.6,7.1,7.2,7.7,0
98,2021-07,7.7,6.2,6.0,7.5,0
98,2021-08,7.5,5.6,5.7,7.6,0
98,2021-09,7.6,2.2,2.5,8.0,0
98,2021-10,8.0,5.9,5.7,7.8,0
98,2021-11,7.8,7.8,10.3,10.3,2
98,2021-12,10.3,7.6,7.0,9.6,0
98,2022-01,9.6,6.0,4.4,8.0,0
98,2022-02,8.0,5.9,5.2,7.2,0
98,2022-03,7.2,5.8,5.5,7.0,0
98,2022-04,7.0,6.3,7.2,8.0,0
98,2022-05,8.0,6.8,6.7,7.9,0
98,2022-06,7.9,5.3,5.5,8.0,0
98,2022-07,8.0,6.3,6.1,7.8,0
98,2022-08,7.8,5.4,4.7,7.2,0
98,2022-09,7.2,5.0,5.2,7.4,0
98,2022-10,7.4,5.4,6.1,8.1,0
98,2022-11,8.1,7.2,9.0,10.0,0
98,2022-12,10.0,8.0,7.9,9.9,0
98,2023-01,9.9,5.7,3.5,7.7,0
98,2023-02,7.7,5.9,6.3,8.1,0
98,2023-03,8.1,6.9,6.7,8.0,0
98,2023-04,8.0,4.9,4.1,7.2,0
98,2023-05,7.2,6.9,7.8,8.1,0
98,2023-06,8.1,4.9,4.1,7.3,0
98,2023-07,7.3,6.8,6.8,7.4,0
98,2023-08,7.4,6.2,6.0,7.2,0
98,2023-09,7.2,5.2,6.0,8.1,0
98,2023-10,8.1,6.6,6.6,8.1,0
98,2023-11,8.1,8.1,11.6,11.6,4
98,2023-12,11.6,8.3,6.5,9.8,0
98,2024-01,9.8,6.9,4.9,7.8,0
98,2024-02,7.8,6.8,7.1,8.1,0
98,2024-03,8.1,4.7,4.7,8.0,0
98,2024-04,8.0,5.1,5.1,8.0,0
98,2024-05,8.0,6.3,5.6,7.3,0
98,2024-06,7.3,6.3,5.8,6.9,0
98,2024-07,6.9,6.2,7.5,8.2,0
98,2024-08,8.2,5.9,5.8,8.1,0
98,2024-09,8.1,6.8,6.4,7.7,0
98,2024-10,7.7,5.4,4.9,7.2,0
98,2024-11,7.2,7.2,11.8,11.8,7
98,2024-12,11.8,7.5,5.1,9.4,0
98,2025-01,9.4,7.6,5.8,7.6,0
98,2025-02,7.6,4.4,4.5,7.7,0
98,2025-03,7.7,5.8,5.4,7.3,0
98,2025-04,7.3,6.3,6.3,7.3,0
98,2025-05,7.3,7.3,6.7,6.7,1
98,2025-06,6.7,5.9,7.4,8.1,0
98,2025-07,8.1,6.7,5.8,7.2,0
98,2025-08,7.2,6.6,7.4,8.0,0
98,2025-09,8.0,6.1,5.1,7.1,0
98,2025-10,7.1,4.4,4.7,7.4,0
98,2025-11,7.4,7.4,10.5,10.5,3
98,2025-12,10.5,8.5,8.1,10.2,0
99,2021-01,67.0,34.5,32.6,65.1,0
99,2021-02,65.1,28.2,29.5,66.4,0
99,2021-03,66.4,31.4,29.7,64.8,0
99,2021-04,64.8,31.1,32.5,66.1,0
99,2021-05,66.1,37.0,35.3,64.5,0
99,2021-06,64.5,35.6,39.3,68.2,0
99,2021-07,68.2,35.7,30.3,62.8,0
99,2021-08,62.8,28.3,32.5,67.1,0
99,2021-09,67.1,28.5,25.4,64.0,0
99,2021-10,64.0,39.3,40.1,64.7,0
99,2021-11,64.7,50.5,82.1,96.3,0
99,2021-12,96.3,37.5,25.3,84.1,0
99,2022-01,84.1,37.9,20.2,66.4,0
99,2022-02,66.4,35.7,32.2,62.9,0
99,2022-03,62.9,28.5,31.4,65.8,0
99,2022-04,65.8,37.0,32.8,61.6,0
99,2022-05,61.6,21.4,23.6,63.9,0
99,2022-06,63.9,28.5,32.3,67.7,0
99,2022-07,67.7,30.5,26.8,64.0,0
99,2022-08,64.0,30.8,35.3,68.5,0
99,2022-09,68.5,16.5,13.1,65.2,0
99,2022-10,65.2,27.4,27.2,65.0,0
99,2022-11,65.0,42.2,65.9,88.7,0
99,2022-12,88.7,40.8,37.4,85.3,0
99,2023-01,85.3,25.2,6.1,66.2,0
99,2023-02,66.2,39.3,37.7,64.6,0
99,2023-03,64.6,35.1,37.4,66.9,0
99,2023-04,66.9,32.5,32.4,66.8,0
99,2023-05,66.8,39.0,40.2,68.0,0
99,2023-06,68.0,45.4,46.5,69.1,0
99,2023-07,69.1,31.3,27.1,64.9,0
99,2023-08,64.9,27.0,27.4,65.3,0
99,2023-09,65.3,37.2,36.1,64.2,0
99,2023-10,64.2,30.4,31.6,65.4,0
99,2023-11,65.4,51.3,82.1,96.2,0
99,2023-12,96.2,40.9,24.2,79.5,0
99,2024-01,79.5,33.3,20.7,67.0,0
99,2024-02,67.0,20.8,21.7,67.9,0
99,2024-03,67.9,35.4,32.9,65.3,0
99,2024-04,65.3,39.8,36.9,62.5,0
99,2024-05,62.5,44.1,50.3,68.7,0
99,2024-06,68.7,36.2,32.9,65.3,0
99,2024-07,65.3,38.3,37.1,64.1,0
99,2024-08,64.1,37.8,39.5,65.8,0
99,2024-09,65.8,33.7,30.0,62.1,0
99,2024-10,62.1,31.2,35.6,66.5,0
99,2024-11,66.5,41.5,71.7,96.7,0
99,2024-12,96.7,42.6,30.0,84.1,0
99,2025-01,84.1,27.0,8.8,65.9,0
99,2025-02,65.9,29.0,25.9,62.8,0
99,2025-03,62.8,37.3,40.4,65.9,0
99,2025-04,65.9,39.8,41.7,67.8,0
99,2025-05,67.8,36.9,30.8,61.7,0
99,2025-06,61.7,28.4,34.2,67.6,0
99,2025-07,67.6,29.9,29.1,66.8,0
99,2025-08,66.8,36.1,31.9,62.6,0
99,2025-09,62.6,37.7,40.8,65.7,0
99,2025-10,65.7,39.5,36.3,62.5,0
99,2025-11,62.5,46.4,69.9,86.0,0
99,2025-12,86.0,34.7,29.6,80.9,0
100,2021-01,17.9,3.8,3.3,17.4,0
100,2021-02,17.4,4.9,5.0,17.5,0
100,2021-03,17.5,4.7,4.8,17.6,0
100,2021-04,17.6,5.9,6.4,18.0,0
100,2021-05,18.0,5.1,4.4,17.3,0
100,2021-06,17.3,3.5,3.6,17.4,0
100,2021-07,17.4,4.2,4.4,17.6,0
100,2021-08,17.6,6.1,6.0,17.4,0
100,2021-09,17.4,5.8,5.4,17.1,0
100,2021-10,17.1,5.3,5.5,17.2,0
100,2021-11,17.2,6.2,15.7,26.7,0
100,2021-12,26.7,6.2,1.9,22.4,0
100,2022-01,22.4,5.0,0.6,17.9,0
100,2022-02,17.9,4.5,4.0,17.5,0
100,2022-03,17.5,5.5,5.1,17.1,0
100,2022-04,17.1,5.9,6.5,17.8,0
100,2022-05,17.8,5.2,4.8,17.3,0
100,2022-06,17.3,4.3,5.1,18.1,0
100,2022-07,18.1,5.4,4.8,17.5,0
100,2022-08,17.5,5.9,6.7,18.2,0
100,2022-09,18.2,5.6,4.7,17.3,0
100,2022-10,17.3,6.6,7.5,18.3,0
100,2022-11,18.3,7.3,15.0,26.0,0
100,2022-12,26.0,6.0,2.3,22.3,0
100,2023-01,22.3,6.7,2.4,17.9,0
100,2023-02,17.9,5.2,4.9,17.6,0
100,2023-03,17.6,4.6,4.6,17.6,0
100,2023-04,17.6,4.4,4.3,17.5,0
100,2023-05,17.5,5.3,5.8,18.1,0
100,2023-06,18.1,5.5,5.0,17.5,0
100,2023-07,17.5,4.0,3.9,17.4,0
100,2023-08,17.4,5.3,5.2,17.2,0
100,2023-09,17.2,4.9,4.8,17.1,0
100,2023-10,17.1,5.2,5.7,17.7,0
100,2023-11,17.7,8.1,15.5,25.0,0
100,2023-12,25.0,6.1,3.5,22.4,0
100,2024-01,22.4,4.1,0.0,18.3,0
100,2024-02,18.3,5.5,5.2,18.0,0
100,2024-03,18.0,5.3,5.2,17.9,0
100,2024-04,17.9,4.5,4.3,17.7,0
100,2024-05,17.7,4.1,4.1,17.7,0
100,2024-06,17.7,5.1,4.9,17.5,0
100,2024-07,17.5,5.4,6.1,18.1,0
100,2024-08,18.1,5.7,4.7,17.1,0
100,2024-09,17.1,5.6,6.7,18.2,0
100,2024-10,18.2,5.3,5.2,18.2,0
100,2024-11,18.2,6.8,12.6,23.9,0
100,2024-12,23.9,4.7,2.9,22.1,0
100,2025-01,22.1,4.1,0.0,18.0,0
100,2025-02,18.0,3.3,3.3,18.1,0
100,2025-03,18.1,5.2,5.1,18.0,0
100,2025-04,18.0,3.6,3.3,17.7,0
100,2025-05,17.7,7.4,7.8,18.0,0
100,2025-06,18.0,5.3,4.8,17.5,0
100,2025-07,17.5,4.3,4.8,18.1,0
100,2025-08,18.1,5.3,5.0,17.7,0
100,2025-09,17.7,6.0,5.6,17.3,0
100,2025-10,17.3,5.9,6.4,17.9,0
100,2025-11,17.9,9.7,16.6,24.9,0
100,2025-12,24.9,5.8,3.1,22.1,0
101,2021-01,34.8,23.2,21.7,33.2,0
101,2021-02,33.2,20.8,22.4,34.8,0
101,2021-03,34.8,15.9,15.6,34.5,0
101,2021-04,34.5,19.0,19.0,34.5,0
101,2021-05,34.5,17.4,18.0,35.2,0
101,2021-06,35.2,21.3,19.0,32.8,0
101,2021-07,32.8,23.9,25.3,34.2,0
101,2021-08,34.2,17.5,18.0,34.7,0
101,2021-09,34.7,20.1,17.7,32.3,0
101,2021-10,32.3,26.9,30.7,36.2,0
101,2021-11,36.2,34.3,45.7,47.6,0
101,2021-12,47.6,19.9,16.3,44.0,0
101,2022-01,44.0,16.7,7.7,35.0,0
101,2022-02,35.0,20.2,17.7,32.4,0
101,2022-03,32.4,19.8,22.5,35.1,0
101,2022-04,35.1,16.5,14.8,33.4,0
101,2022-05,33.4,15.2,16.7,34.9,0
101,2022-06,34.9,17.5,18.2,35.5,0
101,2022-07,35.5,20.4,19.6,34.8,0
101,2022-08,34.8,22.2,20.2,32.7,0
101,2022-09,32.7,15.2,16.4,33.9,0
101,2022-10,33.9,20.5,22.4,35.9,0
101,2022-11,35.9,27.2,41.2,49.8,0
101,2022-12,49.8,22.1,16.2,43.8,0
101,2023-01,43.8,23.1,12.4,33.1,0
101,2023-02,33.1,18.1,20.4,35.4,0
101,2023-03,35.4,19.7,16.7,32.4,0
101,2023-04,32.4,14.2,16.3,34.5,0
101,2023-05,34.5,13.3,13.6,34.8,0
101,2023-06,34.8,22.2,20.2,32.8,0
101,2023-07,32.8,20.4,22.1,34.5,0
101,2023-08,34.5,17.4,17.6,34.7,0
101,2023-09,34.7,22.9,22.7,34.5,0
101,2023-10,34.5,18.3,16.4,32.6,0
101,2023-11,32.6,28.1,43.8,48.4,0
101,2023-12,48.4,21.6,16.0,42.7,0
101,2024-01,42.7,18.4,11.1,35.3,0
101,2024-02,35.3,25.7,25.4,35.0,0
101,2024-03,35.0,17.1,15.2,33.1,0
101,2024-04,33.1,17.3,18.5,34.3,0
101,2024-05,34.3,17.7,16.4,33.0,0
101,2024-06,33.0,16.9,16.9,33.0,0
101,2024-07,33.0,21.3,21.8,33.5,0
101,2024-08,33.5,19.8,18.5,32.2,0
101,2024-09,32.2,16.2,17.5,33.5,0
101,2024-10,33.5,17.4,16.5,32.7,0
101,2024-11,32.7,31.2,49.3,50.8,0
101,2024-12,50.8,22.5,14.8,43.1,0
101,2025-01,43.1,26.3,18.8,35.5,0
101,2025-02,35.5,19.3,17.6,33.8,0
101,2025-03,33.8,24.9,26.3,35.2,0
101,2025-04,35.2,26.1,25.9,34.9,0
101,2025-05,34.9,23.6,22.2,33.5,0
101,2025-06,33.5,20.0,20.1,33.5,0
101,2025-07,33.5,19.9,19.9,33.5,0
101,2025-08,33.5,16.7,15.9,32.8,0
101,2025-09,32.8,21.7,20.9,32.0,0
101,2025-10,32.0,27.0,29.5,34.5,0
101,2025-11,34.5,34.5,47.3,47.3,3
101,2025-12,47.3,28.2,25.5,44.6,0
102,2021-01,50.1,8.6,7.4,48.9,0
102,2021-02,48.9,11.6,13.0,50.2,0
102,2021-03,50.2,13.5,12.6,49.3,0
102,2021-04,49.3,14.5,15.5,50.4,0
102,2021-05,50.4,13.5,12.9,49.7,0
102,2021-06,49.7,11.8,12.4,50.3,0
102,2021-07,50.3,7.9,6.8,49.3,0
102,2021-08,49.3,11.4,12.0,49.8,0
102,2021-09,49.8,8.3,8.7,50.3,0
102,2021-10,50.3,11.3,9.5,48.5,0
102,2021-11,48.5,16.8,40.6,72.3,0
102,2021-12,72.3,13.7,4.0,62.6,0
102,2022-01,62.6,14.1,1.4,49.9,0
102,2022-02,49.9,9.1,9.5,50.3,0
102,2022-03,50.3,12.5,11.5,49.3,0
102,2022-04,49.3,12.0,12.5,49.9,0
102,2022-05,49.9,11.2,10.9,49.5,0
102,2022-06,49.5,8.3,8.4,49.6,0
102,2022-07,49.6,12.1,11.0,48.5,0
102,2022-08,48.5,11.2,12.5,49.9,0
102,2022-09,49.9,13.8,13.8,49.9,0
102,2022-10,49.9,12.8,13.2,50.2,0
102,2022-11,50.2,14.0,37.7,74.0,0
102,2022-12,74.0,14.8,3.2,62.5,0
102,2023-01,62.5,9.4,0.0,53.1,0
102,2023-02,53.1,14.3,10.5,49.2,0
102,2023-03,49.2,13.0,12.6,48.9,0
102,2023-04,48.9,8.7,8.7,48.9,0
102,2023-05,48.9,15.6,15.6,48.9,0
102,2023-06,48.9,9.6,10.4,49.7,0
102,2023-07,49.7,11.3,10.4,48.8,0
102,2023-08,48.8,10.2,10.1,48.7,0
102,2023-09,48.7,10.3,10.4,48.7,0
102,2023-10,48.7,11.3,12.0,49.5,0
102,2023-11,49.5,18.4,42.3,73.4,0
102,2023-12,73.4,14.3,3.5,62.5,0
102,2024-01,62.5,11.5,0.0,51.0,0
102,2024-02,51.0,11.8,9.6,48.8,0
102,2024-03,48.8,11.4,11.8,49.2,0
102,2024-04,49.2,10.1,11.3,50.4,0
102,2024-05,50.4,12.7,12.1,49.7,0
102,2024-06,49.7,9.5,9.4,49.6,0
102,2024-07,49.6,9.1,10.0,50.5,0
102,2024-08,50.5,12.0,12.0,50.5,0
102,2024-09,50.5,13.9,12.0,48.7,0
102,2024-10,48.7,11.6,12.6,49.7,0
102,2024-11,49.7,14.2,33.6,69.2,0
102,2024-12,69.2,17.6,10.7,62.3,0
102,2025-01,62.3,11.4,0.0,50.8,0
102,2025-02,50.8,12.9,11.6,49.5,0
102,2025-03,49.5,9.9,9.7,49.2,0
102,2025-04,49.2,12.1,12.2,49.3,0
102,2025-05,49.3,9.4,10.2,50.1,0
102,2025-06,50.1,12.2,11.0,48.9,0
102,2025-07,48.9,11.7,13.4,50.6,0
102,2025-08,50.6,11.7,10.7,49.6,0
102,2025-09,49.6,7.1,7.9,50.3,0
102,2025-10,50.3,9.9,9.0,49.4,0
102,2025-11,49.4,14.7,35.7,70.3,0
102,2025-12,70.3,16.9,8.1,61.5,0
103,2021-01,26.5,14.7,13.1,24.9,0
103,2021-02,24.9,11.7,13.7,27.0,0
103,2021-03,27.0,14.6,12.9,25.2,0
103,2021-04,25.2,13.1,12.5,24.6,0
103,2021-05,24.6,16.7,15.9,23.8,0
103,2021-06,23.8,14.8,17.0,26.0,0
103,2021-07,26.0,15.1,13.8,24.6,0
103,2021-08,24.6,10.2,11.2,25.6,0
103,2021-09,25.6,9.3,10.7,27.0,0
103,2021-10,27.0,14.2,13.1,25.9,0
103,2021-11,25.9,18.4,31.2,38.8,0
103,2021-12,38.8,18.9,13.6,33.5,0
103,2022-01,33.5,10.5,3.4,26.4,0
103,2022-02,26.4,17.7,18.4,27.1,0
103,2022-03,27.1,19.2,18.1,26.1,0
103,2022-04,26.1,12.2,12.8,26.6,0
103,2022-05,26.6,9.5,8.8,26.0,0
103,2022-06,26.0,10.1,10.1,26.0,0
103,2022-07,26.0,15.0,14.6,25.6,0
103,2022-08,25.6,15.7,14.4,24.3,0
103,2022-09,24.3,14.6,14.5,24.2,0
103,2022-10,24.2,14.4,15.0,24.8,0
103,2022-11,24.8,20.3,29.0,33.5,0
103,2022-12,33.5,17.9,17.1,32.6,0
103,2023-01,32.6,18.5,11.7,25.8,0
103,2023-02,25.8,12.6,11.4,24.6,0
103,2023-03,24.6,14.3,13.9,24.2,0
103,2023-04,24.2,9.0,10.0,25.3,0
103,2023-05,25.3,18.8,20.0,26.5,0
103,2023-06,26.5,12.3,11.2,25.4,0
103,2023-07,25.4,15.5,16.6,26.5,0
103,2023-08,26.5,13.4,12.6,25.7,0
103,2023-09,25.7,15.8,15.7,25.7,0
103,2023-10,25.7,12.5,11.7,24.8,0
103,2023-11,24.8,22.6,37.0,39.2,0
103,2023-12,39.2,13.8,7.7,33.1,0
103,2024-01,33.1,12.0,4.8,26.0,0
103,2024-02,26.0,15.7,15.2,25.5,0
103,2024-03,25.5,17.0,18.7,27.1,0
103,2024-04,27.1,16.8,15.0,25.3,0
103,2024-05,25.3,13.9,14.4,25.7,0
103,2024-06,25.7,18.2,18.6,26.2,0
103,2024-07,26.2,12.1,11.4,25.5,0
103,2024-08,25.5,11.1,10.6,25.0,0
103,2024-09,25.0,10.3,11.1,25.8,0
103,2024-10,25.8,9.9,9.6,25.5,0
103,2024-11,25.5,20.6,33.2,38.1,0
103,2024-12,38.1,18.7,14.2,33.6,0
103,2025-01,33.6,14.0,6.1,25.7,0
103,2025-02,25.7,14.3,14.8,26.2,0
103,2025-03,26.2,15.3,13.8,24.7,0
103,2025-04,24.7,9.1,10.9,26.6,0
103,2025-05,26.6,16.1,16.2,26.6,0
103,2025-06,26.6,19.1,19.1,26.7,0
103,2025-07,26.7,20.5,21.1,27.3,0
103,2025-08,27.3,16.7,16.0,26.6,0
103,2025-09,26.6,16.8,14.9,24.7,0
103,2025-10,24.7,12.1,12.6,25.1,0
103,2025-11,25.1,22.0,36.0,39.1,0
103,2025-12,39.1,19.7,12.5,32.0,0
104,2021-01,7.9,2.5,2.2,7.6,0
104,2021-02,7.6,2.7,3.1,8.0,0
104,2021-03,8.0,2.5,2.2,7.7,0
104,2021-04,7.7,2.4,2.2,7.5,0
104,2021-05,7.5,2.9,3.3,8.0,0
104,2021-06,8.0,1.9,1.6,7.7,0
104,2021-07,7.7,2.8,3.1,8.0,0
104,2021-08,8.0,3.2,3.3,8.1,0
104,2021-09,8.1,2.1,1.8,7.8,0
104,2021-10,7.8,2.5,2.6,7.8,0
104,2021-11,7.8,3.4,7.3,11.8,0
104,2021-12,11.8,3.4,1.5,9.9,0
104,2022-01,9.9,1.3,0.0,8.6,0
104,2022-02,8.6,2.5,1.7,7.8,0
104,2022-03,7.8,2.2,2.0,7.6,0
104,2022-04,7.6,2.4,2.5,7.7,0
104,2022-05,7.7,1.9,1.8,7.6,0
104,2022-06,7.6,2.1,2.1,7.6,0
104,2022-07,7.6,2.1,2.3,7.8,0
104,2022-08,7.8,2.7,2.6,7.7,0
104,2022-09,7.7,2.7,2.9,7.9,0
104,2022-10,7.9,2.6,2.5,7.7,0
104,2022-11,7.7,3.2,7.0,11.6,0
104,2022-12,11.6,1.8,0.1,9.9,0
104,2023-01,9.9,2.2,0.2,7.9,0
104,2023-02,7.9,2.6,2.7,8.0,0
104,2023-03,8.0,2.5,2.4,7.9,0
104,2023-04,7.9,2.6,2.3,7.5,0
104,2023-05,7.5,2.3,2.7,8.0,0
104,2023-06,8.0,2.8,2.9,8.1,0
104,2023-07,8.1,2.4,2.2,7.8,0
104,2023-08,7.8,1.9,1.8,7.8,0
104,2023-09,7.8,2.8,3.1,8.1,0
104,2023-10,8.1,1.9,1.6,7.7,0
104,2023-11,7.7,3.2,6.9,11.4,0
104,2023-12,11.4,2.1,0.6,9.9,0
104,2024-01,9.9,2.9,0.9,7.9,0
104,2024-02,7.9,2.3,2.0,7.6,0
104,2024-03,7.6,2.8,2.9,7.8,0
104,2024-04,7.8,2.7,2.5,7.6,0
104,2024-05,7.6,1.7,1.9,7.8,0
104,2024-06,7.8,1.7,1.9,8.0,0
104,2024-07,8.0,2.5,2.5,8.0,0
104,2024-08,8.0,2.1,1.7,7.7,0
104,2024-09,7.7,1.2,1.5,7.9,0
104,2024-10,7.9,2.4,2.1,7.7,0
104,2024-11,7.7,2.9,6.5,11.4,0
104,2024-12,11.4,3.2,1.6,9.8,0
104,2025-01,9.8,2.7,0.7,7.8,0
104,2025-02,7.8,2.5,2.4,7.6,0
104,2025-03,7.6,2.6,3.0,8.0,0
104,2025-04,8.0,2.4,2.1,7.7,0
104,2025-05,7.7,2.6,2.9,8.0,0
104,2025-06,8.0,2.0,1.9,7.9,0
104,2025-07,7.9,1.7,1.7,7.9,0
104,2025-08,7.9,2.7,2.7,7.8,0
104,2025-09,7.8,2.2,2.3,7.9,0
104,2025-10,7.9,2.6,2.5,7.7,0
104,2025-11,7.7,3.1,6.6,11.2,0
104,2025-12,11.2,3.1,1.7,9.8,0
105,2021-01,8.5,8.5,8.8,8.8,13
105,2021-02,8.8,8.8,7.8,7.8,12
105,2021-03,7.8,7.8,8.6,8.6,11
105,2021-04,8.6,8.6,7.9,7.9,9
105,2021-05,7.9,7.9,7.6,7.6,9
105,2021-06,7.6,7.6,8.4,8.4,16
105,2021-07,8.4,8.4,8.3,8.3,10
105,2021-08,8.3,8.3,7.6,7.6,13
105,2021-09,7.6,7.6,7.7,7.7,12
105,2021-10,7.7,7.7,8.2,8.2,12
105,2021-11,8.2,8.2,11.4,11.4,20
105,2021-12,11.4,11.4,10.0,10.0,9
105,2022-01,10.0,10.0,7.9,7.9,5
105,2022-02,7.9,7.9,7.5,7.5,14
105,2022-03,7.5,7.5,8.1,8.1,17
105,2022-04,8.1,8.1,7.7,7.7,14
105,2022-05,7.7,7.7,7.3,7.3,14
105,2022-06,7.3,7.3,7.3,7.3,8
105,2022-07,7.3,7.3,8.5,8.5,17
105,2022-08,8.5,8.5,8.5,8.5,4
105,2022-09,8.5,8.5,8.2,8.2,10
105,2022-10,8.2,8.2,7.4,7.4,9
105,2022-11,7.4,7.4,11.4,11.4,19
105,2022-12,11.4,11.4,9.8,9.8,13
105,2023-01,9.8,9.8,8.3,8.3,9
105,2023-02,8.3,8.3,8.2,8.2,13
105,2023-03,8.2,8.2,8.8,8.8,14
105,2023-04,8.8,8.8,8.4,8.4,13
105,2023-05,8.4,8.4,8.0,8.0,16
105,2023-06,8.0,8.0,7.7,7.7,9
105,2023-07,7.7,7.7,7.9,7.9,9
105,2023-08,7.9,7.9,7.7,7.7,13
105,2023-09,7.7,7.7,8.9,8.9,15
105,2023-10,8.9,8.9,7.8,7.8,9
105,2023-11,7.8,7.8,12.3,12.3,19
105,2023-12,12.3,12.3,9.7,9.7,5
105,2024-01,9.7,9.7,8.0,8.0,11
105,2024-02,8.0,8.0,7.9,7.9,14
105,2024-03,7.9,7.9,7.9,7.9,15
105,2024-04,7.9,7.9,8.7,8.7,15
105,2024-05,8.7,8.7,8.9,8.9,10
105,2024-06,8.9,6.8,6.1,8.2,0
105,2024-07,8.2,8.2,7.4,7.4,10
105,2024-08,7.4,7.4,8.5,8.5,12
105,2024-09,8.5,8.5,8.4,8.4,9
105,2024-10,8.4,8.4,8.1,8.1,15
105,2024-11,8.1,8.1,11.7,11.7,17
105,2024-12,11.7,11.7,9.8,9.8,10
105,2025-01,9.8,9.8,8.6,8.6,5
105,2025-02,8.6,8.6,8.8,8.8,13
105,2025-03,8.8,8.8,7.4,7.4,13
105,2025-04,7.4,7.4,7.5,7.5,15
105,2025-05,7.5,7.5,7.5,7.5,11
105,2025-06,7.5,7.5,7.3,7.3,14
105,2025-07,7.3,7.3,7.9,7.9,17
105,2025-08,7.9,7.9,8.2,8.2,15
105,2025-09,8.2,8.2,7.3,7.3,13
105,2025-10,7.3,7.3,7.4,7.4,14
105,2025-11,7.4,7.4,11.5,11.5,20
105,2025-12,11.5,11.5,10.3,10.3,6
106,2021-01,32.3,7.0,6.5,31.8,0
106,2021-02,31.8,6.1,6.7,32.4,0
106,2021-03,32.4,7.2,7.0,32.2,0
106,2021-04,32.2,5.7,6.0,32.5,0
106,2021-05,32.5,7.2,6.7,32.1,0
106,2021-06,32.1,6.5,7.0,32.5,0
106,2021-07,32.5,6.1,5.5,31.9,0
106,2021-08,31.9,4.4,4.2,31.7,0
106,2021-09,31.7,5.5,5.7,31.9,0
106,2021-10,31.9,5.6,6.0,32.3,0
106,2021-11,32.3,8.3,21.5,45.5,0
106,2021-12,45.5,8.7,3.7,40.5,0
106,2022-01,40.5,6.6,0.0,33.9,0
106,2022-02,33.9,7.5,6.2,32.5,0
106,2022-03,32.5,6.0,5.4,32.0,0
106,2022-04,32.0,5.2,5.6,32.4,0
106,2022-05,32.4,5.4,5.3,32.4,0
106,2022-06,32.4,6.7,6.9,32.6,0
106,2022-07,32.6,5.0,4.7,32.3,0
106,2022-08,32.3,4.8,4.9,32.5,0
106,2022-09,32.5,8.3,7.1,31.3,0
106,2022-10,31.3,6.1,6.2,31.4,0
106,2022-11,31.4,9.6,24.4,46.3,0
106,2022-12,46.3,6.6,0.7,40.3,0
106,2023-01,40.3,8.7,0.7,32.3,0
106,2023-02,32.3,7.8,8.1,32.6,0
106,2023-03,32.6,7.9,7.2,32.0,0
106,2023-04,32.0,6.2,6.6,32.5,0
106,2023-05,32.5,5.3,4.8,31.9,0
106,2023-06,31.9,5.4,5.8,32.3,0
106,2023-07,32.3,6.0,5.9,32.2,0
106,2023-08,32.2,6.0,6.1,32.3,0
106,2023-09,32.3,4.4,4.2,32.1,0
106,2023-10,32.1,5.3,5.2,31.9,0
106,2023-11,31.9,10.4,26.2,47.7,0
106,2023-12,47.7,8.5,1.3,40.4,0
106,2024-01,40.4,9.1,1.0,32.2,0
106,2024-02,32.2,5.1,5.0,32.2,0
106,2024-03,32.2,6.6,6.0,31.5,0
106,2024-04,31.5,5.4,6.2,32.3,0
106,2024-05,32.3,6.1,6.2,32.4,0
106,2024-06,32.4,5.8,5.0,31.5,0
106,2024-07,31.5,7.9,7.5,31.1,0
106,2024-08,31.1,8.5,9.4,31.9,0
106,2024-09,31.9,6.5,6.0,31.5,0
106,2024-10,31.5,6.4,7.1,32.2,0
106,2024-11,32.2,9.1,21.9,45.0,0
106,2024-12,45.0,7.7,2.9,40.3,0
106,2025-01,40.3,4.2,0.0,36.1,0
106,2025-02,36.1,6.4,2.4,32.1,0
106,2025-03,32.1,7.8,7.2,31.5,0
106,2025-04,31.5,6.9,6.7,31.3,0
106,2025-05,31.3,7.9,8.4,31.8,0
106,2025-06,31.8,5.7,5.9,32.0,0
106,2025-07,32.0,6.7,6.9,32.2,0
106,2025-08,32.2,6.1,5.3,31.4,0
106,2025-09,31.4,6.2,6.2,31.4,0
106,2025-10,31.4,6.1,6.1,31.4,0
106,2025-11,31.4,11.3,26.0,46.2,0
106,2025-12,46.2,9.7,4.1,40.5,0
107,2021-01,29.2,26.6,26.8,29.4,0
107,2021-02,29.4,16.2,16.6,29.7,0
107,2021-03,29.7,19.8,16.9,26.8,0
107,2021-04,26.8,21.2,23.5,29.1,0
107,2021-05,29.1,26.4,23.9,26.6,0
107,2021-06,26.6,20.7,23.8,29.7,0
107,2021-07,29.7,23.8,21.3,27.3,0
107,2021-08,27.3,23.3,23.4,27.4,0
107,2021-09,27.4,24.3,24.9,28.0,0
107,2021-10,28.0,23.6,21.0,25.5,0
107,2021-11,25.5,25.5,38.8,38.8,11
107,2021-12,38.8,34.2,32.7,37.3,0
107,2022-01,37.3,18.5,9.3,28.1,0
107,2022-02,28.1,17.0,15.7,26.8,0
107,2022-03,26.8,25.9,24.2,25.1,0
107,2022-04,25.1,19.8,24.1,29.3,0
107,2022-05,29.3,23.5,24.2,30.0,0
107,2022-06,30.0,20.5,19.6,29.1,0
107,2022-07,29.1,29.1,29.0,29.0,2
107,2022-08,29.0,24.0,22.2,27.2,0
107,2022-09,27.2,16.2,18.9,29.9,0
107,2022-10,29.9,24.4,24.4,29.9,0
107,2022-11,29.9,29.9,36.4,36.4,5
107,2022-12,36.4,20.6,19.0,34.8,0
107,2023-01,34.8,22.9,16.1,28.1,0
107,2023-02,28.1,28.1,25.7,25.7,1
107,2023-03,25.7,25.7,26.6,26.6,0
107,2023-04,26.6,26.6,30.1,30.1,4
107,2023-05,30.1,29.5,25.2,25.8,0
107,2023-06,25.8,22.3,24.4,27.9,0
107,2023-07,27.9,25.8,23.4,25.5,0
107,2023-08,25.5,25.5,28.3,28.3,6
107,2023-09,28.3,24.4,22.0,25.9,0
107,2023-10,25.9,25.5,29.1,29.5,0
107,2023-11,29.5,29.5,43.7,43.7,6
107,2023-12,43.7,25.4,16.0,34.2,0
107,2024-01,34.2,22.8,15.7,27.2,0
107,2024-02,27.2,24.6,24.0,26.6,0
107,2024-03,26.6,21.6,23.5,28.5,0
107,2024-04,28.5,23.4,20.9,26.1,0
107,2024-05,26.1,26.1,29.1,29.1,2
107,2024-06,29.1,24.0,24.5,29.5,0
107,2024-07,29.5,21.2,21.0,29.4,0
107,2024-08,29.4,26.3,26.7,29.7,0
107,2024-09,29.7,24.4,22.8,28.1,0
107,2024-10,28.1,28.1,25.8,25.8,3
107,2024-11,25.8,25.8,40.6,40.6,9
107,2024-12,40.6,27.8,21.2,34.0,0
107,2025-01,34.0,20.1,15.9,29.8,0
107,2025-02,29.8,26.3,23.9,27.3,0
107,2025-03,27.3,27.3,28.8,28.8,6
107,2025-04,28.8,18.8,16.9,26.9,0
107,2025-05,26.9,23.9,27.4,30.4,0
107,2025-06,30.4,20.3,17.2,27.4,0
107,2025-07,27.4,27.4,29.5,29.5,1
107,2025-08,29.5,24.5,21.6,26.7,0
107,2025-09,26.7,24.5,27.5,29.7,0
107,2025-10,29.7,22.5,22.9,30.1,0
107,2025-11,30.1,30.1,40.2,40.2,5
107,2025-12,40.2,30.8,23.5,32.9,0
108,2021-01,4.9,3.6,3.2,4.5,0
108,2021-02,4.5,2.5,2.5,4.5,0
108,2021-03,4.5,2.2,2.5,4.8,0
108,2021-04,4.8,2.4,2.5,5.0,0
108,2021-05,5.0,3.0,2.5,4.5,0
108,2021-06,4.5,2.4,2.7,4.7,0
108,2021-07,4.7,2.4,2.5,4.7,0
108,2021-08,4.7,3.0,3.0,4.7,0
108,2021-09,4.7,1.5,1.6,4.8,0
108,2021-10,4.8,2.2,2.0,4.6,0
108,2021-11,4.6,3.7,6.1,7.0,0
108,2021-12,7.0,2.5,1.4,5.9,0
108,2022-01,5.9,3.2,2.0,4.8,0
108,2022-02,4.8,2.3,2.3,4.8,0
108,2022-03,4.8,2.8,3.0,5.0,0
108,2022-04,5.0,3.0,3.1,5.1,0
108,2022-05,5.1,2.6,2.3,4.7,0
108,2022-06,4.7,2.1,2.1,4.7,0
108,2022-07,4.7,2.6,2.8,4.8,0
108,2022-08,4.8,2.4,2.2,4.6,0
108,2022-09,4.6,2.4,2.9,5.0,0
108,2022-10,5.0,2.4,2.0,4.7,0
108,2022-11,4.7,4.4,6.5,6.8,0
108,2022-12,6.8,4.0,3.0,5.8,0
108,2023-01,5.8,3.1,2.3,5.0,0
108,2023-02,5.0,2.5,2.5,5.0,0
108,2023-03,5.0,3.4,3.0,4.6,0
108,2023-04,4.6,2.4,2.6,4.8,0
108,2023-05,4.8,2.8,3.0,5.0,0
108,2023-06,5.0,2.7,2.4,4.7,0
108,2023-07,4.7,3.3,3.7,5.1,0
108,2023-08,5.1,2.8,2.6,4.8,0
108,2023-09,4.8,2.5,2.6,4.9,0
108,2023-10,4.9,3.0,3.0,4.9,0
108,2023-11,4.9,4.2,6.4,7.1,0
108,2023-12,7.1,3.9,2.9,6.1,0
108,2024-01,6.1,2.9,1.5,4.7,0
108,2024-02,4.7,2.7,3.0,4.9,0
108,2024-03,4.9,2.4,2.5,5.0,0
108,2024-04,5.0,3.2,3.1,4.9,0
108,2024-05,4.9,2.5,2.3,4.7,0
108,2024-06,4.7,2.3,2.5,4.8,0
108,2024-07,4.8,3.0,3.0,4.8,0
108,2024-08,4.8,2.4,2.2,4.6,0
108,2024-09,4.6,3.1,3.3,4.9,0
108,2024-10,4.9,2.1,1.9,4.6,0
108,2024-11,4.6,3.9,6.1,6.9,0
108,2024-12,6.9,3.7,2.7,5.8,0
108,2025-01,5.8,3.0,2.0,4.9,0
108,2025-02,4.9,3.2,3.1,4.8,0
108,2025-03,4.8,2.5,2.6,5.0,0
108,2025-04,5.0,3.1,3.1,5.0,0
108,2025-05,5.0,3.2,2.8,4.5,0
108,2025-06,4.5,2.5,2.6,4.6,0
108,2025-07,4.6,3.3,3.1,4.4,0
108,2025-08,4.4,2.8,3.2,4.8,0
108,2025-09,4.8,2.9,3.0,4.9,0
108,2025-10,4.9,2.3,2.0,4.6,0
108,2025-11,4.6,3.5,6.1,7.2,0
108,2025-12,7.2,3.3,2.2,6.1,0
109,2021-01,30.3,15.5,13.4,28.1,0
109,2021-02,28.1,16.6,17.0,28.5,0
109,2021-03,28.5,20.0,19.8,28.4,0
109,2021-04,28.4,17.7,20.3,30.9,0
109,2021-05,30.9,22.5,19.8,28.2,0
109,2021-06,28.2,18.4,19.2,29.0,0
109,2021-07,29.0,13.0,12.5,28.5,0
109,2021-08,28.5,17.6,19.6,30.5,0
109,2021-09,30.5,17.9,16.0,28.6,0
109,2021-10,28.6,15.2,15.8,29.2,0
109,2021-11,29.2,24.1,36.7,41.9,0
109,2021-12,41.9,23.6,17.3,35.5,0
109,2022-01,35.5,18.4,11.8,28.9,0
109,2022-02,28.9,21.3,20.7,28.3,0
109,2022-03,28.3,16.7,18.6,30.2,0
109,2022-04,30.2,18.1,16.5,28.5,0
109,2022-05,28.5,21.3,21.3,28.5,0
109,2022-06,28.5,18.7,21.0,30.8,0
109,2022-07,30.8,17.0,15.3,29.1,0
109,2022-08,29.1,14.7,16.5,30.9,0
109,2022-09,30.9,17.9,17.9,30.9,0
109,2022-10,30.9,15.0,15.0,30.9,0
109,2022-11,30.9,30.9,40.1,40.1,1
109,2022-12,40.1,20.8,18.0,37.4,0
109,2023-01,37.4,20.3,11.5,28.6,0
109,2023-02,28.6,21.0,22.1,29.7,0
109,2023-03,29.7,14.7,14.5,29.5,0
109,2023-04,29.5,17.1,15.3,27.7,0
109,2023-05,27.7,14.5,17.0,30.2,0
109,2023-06,30.2,15.0,13.5,28.7,0
109,2023-07,28.7,17.9,18.0,28.7,0
109,2023-08,28.7,17.4,16.6,27.9,0
109,2023-09,27.9,16.7,19.7,30.9,0
109,2023-10,30.9,15.8,15.9,31.0,0
109,2023-11,31.0,28.4,41.9,44.4,0
109,2023-12,44.4,13.9,6.4,36.9,0
109,2024-01,36.9,18.0,11.7,30.6,0
109,2024-02,30.6,14.3,12.4,28.8,0
109,2024-03,28.8,11.5,13.4,30.6,0
109,2024-04,30.6,22.1,18.8,27.2,0
109,2024-05,27.2,23.0,27.1,31.3,0
109,2024-06,31.3,19.4,18.6,30.6,0
109,2024-07,30.6,14.6,13.4,29.3,0
109,2024-08,29.3,14.0,14.6,29.9,0
109,2024-09,29.9,21.2,21.3,29.9,0
109,2024-10,29.9,18.5,18.7,30.1,0
109,2024-11,30.1,19.5,30.6,41.3,0
109,2024-12,41.3,21.4,15.5,35.5,0
109,2025-01,35.5,16.0,10.7,30.1,0
109,2025-02,30.1,17.5,16.4,29.0,0
109,2025-03,29.0,10.1,10.3,29.3,0
109,2025-04,29.3,22.5,22.8,29.6,0
109,2025-05,29.6,21.7,22.4,30.2,0
109,2025-06,30.2,20.3,21.3,31.2,0
109,2025-07,31.2,12.9,12.4,30.7,0
109,2025-08,30.7,14.1,13.6,30.3,0
109,2025-09,30.3,14.2,14.9,31.0,0
109,2025-10,31.0,20.7,17.3,27.6,0
109,2025-11,27.6,25.0,40.5,43.1,0
109,2025-12,43.1,23.4,16.8,36.5,0
110,2021-01,373.7,81.7,82.3,374.2,0
110,2021-02,374.2,89.7,82.5,367.1,0
110,2021-03,367.1,69.9,75.1,372.3,0
110,2021-04,372.3,70.3,70.6,372.6,0
110,2021-05,372.6,86.8,88.1,374.0,0
110,2021-06,374.0,115.0,105.3,364.3,0
110,2021-07,364.3,108.4,110.5,366.4,0
110,2021-08,366.4,86.2,88.0,368.2,0
110,2021-09,368.2,90.0,92.3,370.5,0
110,2021-10,370.5,95.3,102.6,377.9,0
110,2021-11,377.9,121.7,255.2,511.3,0
110,2021-12,511.3,104.8,52.1,458.6,0
110,2022-01,458.6,88.8,3.6,373.4,0
110,2022-02,373.4,71.9,66.8,368.3,0
110,2022-03,368.3,71.5,78.0,374.8,0
110,2022-04,374.8,89.1,75.2,360.8,0
110,2022-05,360.8,77.3,83.2,366.8,0
110,2022-06,366.8,95.5,101.4,372.7,0
110,2022-07,372.7,84.1,85.7,374.2,0
110,2022-08,374.2,52.9,54.5,375.8,0
110,2022-09,375.8,72.9,60.7,363.6,0
110,2022-10,363.6,81.2,91.4,373.8,0
110,2022-11,373.8,128.6,287.3,532.5,0
110,2022-12,532.5,158.4,95.0,469.1,0
110,2023-01,469.1,92.6,0.0,376.5,0
110,2023-02,376.5,86.9,83.4,372.9,0
110,2023-03,372.9,60.4,63.0,375.6,0
110,2023-04,375.6,98.9,82.6,359.3,0
110,2023-05,359.3,97.3,99.3,361.4,0
110,2023-06,361.4,64.0,69.5,366.8,0
110,2023-07,366.8,84.1,85.0,367.7,0
110,2023-08,367.7,92.1,99.9,375.5,0
110,2023-09,375.5,92.4,88.5,371.6,0
110,2023-10,371.6,94.1,83.6,361.1,0
110,2023-11,361.1,141.1,304.8,524.9,0
110,2023-12,524.9,107.3,49.2,466.8,0
110,2024-01,466.8,70.6,0.0,396.2,0
110,2024-02,396.2,95.6,64.2,364.9,0
110,2024-03,364.9,90.9,101.4,375.4,0
110,2024-04,375.4,123.4,115.3,367.3,0
110,2024-05,367.3,74.0,82.1,375.4,0
110,2024-06,375.4,99.8,84.2,359.8,0
110,2024-07,359.8,76.1,88.1,371.7,0
110,2024-08,371.7,133.9,129.9,367.7,0
110,2024-09,367.7,73.9,76.3,370.0,0
110,2024-10,370.0,80.6,85.1,374.5,0
110,2024-11,374.5,136.5,309.1,547.2,0
110,2024-12,547.2,116.1,36.8,467.8,0
110,2025-01,467.8,97.5,3.1,373.3,0
110,2025-02,373.3,74.1,73.5,372.7,0
110,2025-03,372.7,97.2,99.0,374.6,0
110,2025-04,374.6,131.5,130.6,373.7,0
110,2025-05,373.7,78.4,72.2,367.5,0
110,2025-06,367.5,82.1,86.7,372.1,0
110,2025-07,372.1,89.3,83.4,366.2,0
110,2025-08,366.2,113.5,109.1,361.7,0
110,2025-09,361.7,108.6,112.2,365.3,0
110,2025-10,365.3,67.5,75.5,373.4,0
110,2025-11,373.4,123.2,285.2,535.4,0
110,2025-12,535.4,114.4,42.2,463.2,0
111,2021-01,6.9,5.1,5.2,7.0,0
111,2021-02,7.0,4.3,4.0,6.7,0
111,2021-03,6.7,6.0,6.3,7.0,0
111,2021-04,7.0,6.5,6.0,6.5,0
111,2021-05,6.5,5.7,5.4,6.2,0
111,2021-06,6.2,4.7,5.0,6.5,0
111,2021-07,6.5,4.1,4.0,6.4,0
111,2021-08,6.4,3.8,3.7,6.3,0
111,2021-09,6.3,5.3,5.8,6.8,0
111,2021-10,6.8,5.2,4.8,6.3,0
111,2021-11,6.3,6.2,8.9,9.0,0
111,2021-12,9.0,5.5,4.7,8.1,0
111,2022-01,8.1,5.1,4.0,7.1,0
111,2022-02,7.1,4.3,3.7,6.5,0
111,2022-03,6.5,4.5,5.1,7.0,0
111,2022-04,7.0,5.1,4.7,6.6,0
111,2022-05,6.6,4.7,4.2,6.2,0
111,2022-06,6.2,4.5,5.2,6.9,0
111,2022-07,6.9,4.3,4.0,6.6,0
111,2022-08,6.6,6.6,6.0,6.0,1
111,2022-09,6.0,5.0,5.7,6.7,0
111,2022-10,6.7,5.2,4.7,6.3,0
111,2022-11,6.3,6.3,9.4,9.4,6
111,2022-12,9.4,7.3,6.5,8.6,0
111,2023-01,8.6,5.6,3.5,6.4,0
111,2023-02,6.4,4.3,4.1,6.2,0
111,2023-03,6.2,4.5,5.0,6.7,0
111,2023-04,6.7,4.4,4.3,6.6,0
111,2023-05,6.6,3.6,3.3,6.4,0
111,2023-06,6.4,2.8,2.9,6.4,0
111,2023-07,6.4,5.2,5.6,6.8,0
111,2023-08,6.8,4.9,4.9,6.7,0
111,2023-09,6.7,5.4,4.8,6.1,0
111,2023-10,6.1,5.7,5.9,6.4,0
111,2023-11,6.4,6.4,10.3,10.3,2
111,2023-12,10.3,5.8,4.2,8.7,0
111,2024-01,8.7,5.0,2.9,6.6,0
111,2024-02,6.6,5.8,6.3,7.1,0
111,2024-03,7.1,4.9,4.8,7.0,0
111,2024-04,7.0,5.1,4.2,6.2,0
111,2024-05,6.2,4.6,5.5,7.0,0
111,2024-06,7.0,2.6,2.6,7.0,0
111,2024-07,7.0,4.7,4.0,6.3,0
111,2024-08,6.3,5.3,5.4,6.4,0
111,2024-09,6.4,6.4,6.2,6.2,0
111,2024-10,6.2,4.2,4.4,6.5,0
111,2024-11,6.5,6.5,9.8,9.8,0
111,2024-12,9.8,7.4,5.3,7.8,0
111,2025-01,7.8,5.9,4.6,6.5,0
111,2025-02,6.5,4.9,5.3,6.9,0
111,2025-03,6.9,3.8,3.4,6.5,0
111,2025-04,6.5,5.3,5.8,7.0,0
111,2025-05,7.0,6.3,6.1,6.8,0
111,2025-06,6.8,4.8,4.7,6.8,0
111,2025-07,6.8,3.3,3.4,6.9,0
111,2025-08,6.9,4.5,4.7,7.0,0
111,2025-09,7.0,4.2,4.0,6.8,0
111,2025-10,6.8,3.9,4.1,6.9,0
111,2025-11,6.9,6.9,9.8,9.8,3
111,2025-12,9.8,5.9,4.0,7.9,0
112,2021-01,8.5,5.5,5.4,8.4,0
112,2021-02,8.4,4.1,3.6,7.9,0
112,2021-03,7.9,5.6,6.0,8.3,0
112,2021-04,8.3,6.4,5.9,7.8,0
112,2021-05,7.8,7.4,6.9,7.3,0
112,2021-06,7.3,4.1,4.8,8.0,0
112,2021-07,8.0,5.9,5.7,7.9,0
112,2021-08,7.9,4.9,4.8,7.8,0
112,2021-09,7.8,5.3,5.8,8.3,0
112,2021-10,8.3,6.2,5.6,7.7,0
112,2021-11,7.7,7.3,12.4,12.8,0
112,2021-12,12.8,7.6,4.9,10.1,0
112,2022-01,10.1,4.2,2.5,8.4,0
112,2022-02,8.4,5.6,5.7,8.6,0
112,2022-03,8.6,3.6,3.1,8.1,0
112,2022-04,8.1,4.0,3.8,7.9,0
112,2022-05,7.9,7.5,8.4,8.8,0
112,2022-06,8.8,5.1,4.6,8.4,0
112,2022-07,8.4,5.3,4.9,8.0,0
112,2022-08,8.0,5.0,5.1,8.0,0
112,2022-09,8.0,6.1,5.6,7.5,0
112,2022-10,7.5,5.5,6.1,8.1,0
112,2022-11,8.1,6.7,9.4,10.8,0
112,2022-12,10.8,6.5,6.3,10.6,0
112,2023-01,10.6,4.7,2.6,8.5,0
112,2023-02,8.5,6.0,5.9,8.4,0
112,2023-03,8.4,5.6,5.4,8.1,0
112,2023-04,8.1,4.0,3.7,7.8,0
112,2023-05,7.8,5.7,5.8,7.9,0
112,2023-06,7.9,6.1,6.9,8.7,0
112,2023-07,8.7,4.8,4.4,8.2,0
112,2023-08,8.2,5.7,6.1,8.6,0
112,2023-09,8.6,4.2,3.9,8.3,0
112,2023-10,8.3,6.2,6.1,8.3,0
112,2023-11,8.3,6.8,10.2,11.6,0
112,2023-12,11.6,6.3,5.3,10.6,0
112,2024-01,10.6,6.3,3.5,7.9,0
112,2024-02,7.9,4.4,4.7,8.2,0
112,2024-03,8.2,5.4,5.4,8.2,0
112,2024-04,8.2,5.9,5.7,8.0,0
112,2024-05,8.0,5.2,5.4,8.2,0
112,2024-06,8.2,4.2,4.1,8.2,0
112,2024-07,8.2,5.6,5.6,8.2,0
112,2024-08,8.2,6.7,6.2,7.6,0
112,2024-09,7.6,6.4,7.0,8.3,0
112,2024-10,8.3,4.9,4.7,8.1,0
112,2024-11,8.1,8.1,11.1,11.1,1
112,2024-12,11.1,6.3,5.0,9.8,0
112,2025-01,9.8,5.0,3.4,8.2,0
112,2025-02,8.2,5.3,5.2,8.1,0
112,2025-03,8.1,5.6,5.4,7.9,0
112,2025-04,7.9,3.7,4.2,8.4,0
112,2025-05,8.4,4.3,4.6,8.7,0
112,2025-06,8.7,4.9,4.7,8.5,0
112,2025-07,8.5,4.1,3.6,8.0,0
112,2025-08,8.0,5.0,5.1,8.2,0
112,2025-09,8.2,5.2,4.7,7.7,0
112,2025-10,7.7,5.4,6.0,8.3,0
112,2025-11,8.3,8.2,11.8,12.0,0
112,2025-12,12.0,6.2,5.0,10.7,0
113,2021-01,40.5,23.7,24.9,41.7,0
113,2021-02,41.7,23.7,21.2,39.2,0
113,2021-03,39.2,23.9,25.1,40.4,0
113,2021-04,40.4,23.8,20.4,37.0,0
113,2021-05,37.0,20.5,25.1,41.6,0
113,2021-06,41.6,18.0,14.5,38.0,0
113,2021-07,38.0,24.5,23.7,37.2,0
113,2021-08,37.2,23.5,27.4,41.1,0
113,2021-09,41.1,21.6,18.0,37.5,0
113,2021-10,37.5,26.3,29.1,40.4,0
113,2021-11,40.4,34.7,48.0,53.6,0
113,2021-12,53.6,36.5,28.6,45.7,0
113,2022-01,45.7,21.3,14.0,38.4,0
113,2022-02,38.4,29.6,29.8,38.6,0
113,2022-03,38.6,23.0,21.6,37.2,0
113,2022-04,37.2,25.0,26.9,39.1,0
113,2022-05,39.1,25.6,23.9,37.4,0
113,2022-06,37.4,23.5,23.1,37.0,0
113,2022-07,37.0,21.4,25.9,41.5,0
113,2022-08,41.5,31.6,26.6,36.6,0
113,2022-09,36.6,24.0,23.8,36.4,0
113,2022-10,36.4,16.3,17.4,37.5,0
113,2022-11,37.5,37.5,61.6,61.6,4
113,2022-12,61.6,22.2,11.8,51.2,0
113,2023-01,51.2,25.5,14.0,39.7,0
113,2023-02,39.7,22.7,21.8,38.8,0
113,2023-03,38.8,16.7,18.1,40.3,0
113,2023-04,40.3,17.4,16.1,39.0,0
113,2023-05,39.0,23.7,26.3,41.6,0
113,2023-06,41.6,16.3,14.2,39.5,0
113,2023-07,39.5,22.5,23.0,40.0,0
113,2023-08,40.0,20.5,18.4,37.9,0
113,2023-09,37.9,26.5,26.1,37.6,0
113,2023-10,37.6,22.0,22.4,37.9,0
113,2023-11,37.9,33.1,53.8,58.7,0
113,2023-12,58.7,35.0,26.6,50.3,0
113,2024-01,50.3,23.8,13.6,40.1,0
113,2024-02,40.1,21.5,22.6,41.2,0
113,2024-03,41.2,18.3,15.1,38.1,0
113,2024-04,38.1,15.1,16.1,39.1,0
113,2024-05,39.1,20.8,21.9,40.2,0
113,2024-06,40.2,20.9,21.8,41.1,0
113,2024-07,41.1,18.7,18.9,41.4,0
113,2024-08,41.4,20.7,19.2,39.8,0
113,2024-09,39.8,24.6,25.1,40.4,0
113,2024-10,40.4,20.4,17.7,37.7,0
113,2024-11,37.7,31.8,47.2,53.1,0
113,2024-12,53.1,23.1,18.6,48.7,0
113,2025-01,48.7,30.1,20.0,38.6,0
113,2025-02,38.6,23.5,25.7,40.8,0
113,2025-03,40.8,19.6,17.4,38.5,0
113,2025-04,38.5,25.6,25.7,38.6,0
113,2025-05,38.6,23.4,21.9,37.1,0
113,2025-06,37.1,21.5,23.1,38.7,0
113,2025-07,38.7,24.4,24.5,38.8,0
113,2025-08,38.8,26.9,24.5,36.4,0
113,2025-09,36.4,24.0,29.4,41.9,0
113,2025-10,41.9,27.9,27.1,41.1,0
113,2025-11,41.1,32.9,47.9,56.0,0
113,2025-12,56.0,27.2,20.1,48.9,0
114,2021-01,22.1,9.1,8.0,20.9,0
114,2021-02,20.9,9.8,9.8,20.9,0
114,2021-03,20.9,11.5,12.8,22.1,0
114,2021-04,22.1,12.1,10.5,20.5,0
114,2021-05,20.5,11.4,13.4,22.5,0
114,2021-06,22.5,11.4,11.3,22.5,0
114,2021-07,22.5,9.3,7.9,21.1,0
114,2021-08,21.1,8.1,9.1,22.1,0
114,2021-09,22.1,11.2,10.0,21.0,0
114,2021-10,21.0,9.3,10.4,22.1,0
114,2021-11,22.1,18.5,28.8,32.4,0
114,2021-12,32.4,12.1,6.4,26.7,0
114,2022-01,26.7,8.4,3.4,21.7,0
114,2022-02,21.7,11.0,11.8,22.5,0
114,2022-03,22.5,12.1,11.2,21.6,0
114,2022-04,21.6,9.8,9.1,20.9,0
114,2022-05,20.9,15.9,15.4,20.3,0
114,2022-06,20.3,10.6,12.6,22.3,0
114,2022-07,22.3,9.0,7.9,21.2,0
114,2022-08,21.2,10.5,10.2,20.9,0
114,2022-09,20.9,10.8,11.6,21.7,0
114,2022-10,21.7,10.3,10.7,22.1,0
114,2022-11,22.1,16.0,27.1,33.1,0
114,2022-12,33.1,12.3,6.4,27.2,0
114,2023-01,27.2,11.0,5.5,21.7,0
114,2023-02,21.7,9.7,9.7,21.6,0
114,2023-03,21.6,15.0,16.0,22.5,0
114,2023-04,22.5,10.3,8.6,20.8,0
114,2023-05,20.8,8.8,9.6,21.7,0
114,2023-06,21.7,11.2,10.8,21.3,0
114,2023-07,21.3,8.6,9.0,21.6,0
114,2023-08,21.6,9.5,10.2,22.4,0
114,2023-09,22.4,9.2,8.0,21.2,0
114,2023-10,21.2,8.7,10.0,22.5,0
114,2023-11,22.5,14.8,23.3,30.9,0
114,2023-12,30.9,13.2,8.8,26.6,0
114,2024-01,26.6,7.3,2.3,21.7,0
114,2024-02,21.7,13.1,12.3,20.8,0
114,2024-03,20.8,12.2,12.9,21.5,0
114,2024-04,21.5,7.4,7.1,21.2,0
114,2024-05,21.2,12.6,12.6,21.2,0
114,2024-06,21.2,8.7,8.3,20.8,0
114,2024-07,20.8,9.6,10.5,21.7,0
114,2024-08,21.7,10.8,11.0,21.9,0
114,2024-09,21.9,9.5,9.2,21.5,0
114,2024-10,21.5,11.6,10.5,20.5,0
114,2024-11,20.5,14.6,22.4,28.3,0
114,2024-12,28.3,10.7,9.7,27.3,0
114,2025-01,27.3,7.3,2.1,22.1,0
114,2025-02,22.1,8.0,8.1,22.2,0
114,2025-03,22.2,11.2,9.9,20.8,0
114,2025-04,20.8,12.0,12.8,21.6,0
114,2025-05,21.6,11.4,12.3,22.4,0
114,2025-06,22.4,11.8,10.5,21.2,0
114,2025-07,21.2,14.3,13.5,20.3,0
114,2025-08,20.3,11.2,11.4,20.6,0
114,2025-09,20.6,12.0,11.7,20.3,0
114,2025-10,20.3,7.2,8.3,21.4,0
114,2025-11,21.4,13.8,21.6,29.1,0
114,2025-12,29.1,15.1,13.9,27.9,0
115,2021-01,43.4,10.7,9.3,42.0,0
115,2021-02,42.0,11.2,13.2,44.0,0
115,2021-03,44.0,8.3,7.6,43.3,0
115,2021-04,43.3,7.8,8.2,43.8,0
115,2021-05,43.8,8.2,6.8,42.4,0
115,2021-06,42.4,9.9,11.3,43.8,0
115,2021-07,43.8,7.8,7.2,43.2,0
115,2021-08,43.2,9.2,9.7,43.7,0
115,2021-09,43.7,10.9,9.5,42.4,0
115,2021-10,42.4,7.9,8.7,43.2,0
115,2021-11,43.2,10.5,30.4,63.1,0
115,2021-12,63.1,12.1,3.1,54.1,0
115,2022-01,54.1,9.0,0.0,45.1,0
115,2022-02,45.1,6.6,4.2,42.7,0
115,2022-03,42.7,7.1,6.9,42.5,0
115,2022-04,42.5,11.0,10.9,42.4,0
115,2022-05,42.4,10.0,10.8,43.3,0
115,2022-06,43.3,10.6,9.7,42.4,0
115,2022-07,42.4,8.6,8.8,42.6,0
115,2022-08,42.6,9.2,9.9,43.2,0
115,2022-09,43.2,8.2,8.3,43.4,0
115,2022-10,43.4,10.4,10.9,43.8,0
115,2022-11,43.8,13.8,33.1,63.2,0
115,2022-12,63.2,8.5,0.0,54.7,0
115,2023-01,54.7,10.0,0.0,44.7,0
115,2023-02,44.7,6.7,4.6,42.6,0
115,2023-03,42.6,9.4,10.3,43.5,0
115,2023-04,43.5,11.7,10.9,42.7,0
115,2023-05,42.7,10.1,10.0,42.5,0
115,2023-06,42.5,6.4,7.6,43.7,0
115,2023-07,43.7,9.9,9.3,43.1,0
115,2023-08,43.1,7.9,7.5,42.8,0
115,2023-09,42.8,6.6,6.4,42.6,0
115,2023-10,42.6,7.3,8.2,43.5,0
115,2023-11,43.5,12.4,30.2,61.3,0
115,2023-12,61.3,10.1,2.7,53.9,0
115,2024-01,53.9,8.2,0.0,45.7,0
115,2024-02,45.7,7.7,5.5,43.5,0
115,2024-03,43.5,8.8,8.5,43.2,0
115,2024-04,43.2,8.6,8.8,43.3,0
115,2024-05,43.3,9.4,8.5,42.4,0
115,2024-06,42.4,9.9,11.4,43.8,0
115,2024-07,43.8,6.2,5.3,42.9,0
115,2024-08,42.9,8.2,7.8,42.5,0
115,2024-09,42.5,8.0,8.1,42.6,0
115,2024-10,42.6,8.4,9.4,43.6,0
115,2024-11,43.6,9.8,25.8,59.7,0
115,2024-12,59.7,11.2,5.2,53.6,0
115,2025-01,53.6,8.5,0.0,45.1,0
115,2025-02,45.1,10.2,7.6,42.5,0
115,2025-03,42.5,7.8,8.5,43.2,0
115,2025-04,43.2,7.9,8.4,43.7,0
115,2025-05,43.7,8.1,7.6,43.1,0
115,2025-06,43.1,12.5,13.2,43.8,0
115,2025-07,43.8,5.9,5.3,43.1,0
115,2025-08,43.1,7.8,7.9,43.2,0
115,2025-09,43.2,10.2,8.9,41.9,0
115,2025-10,41.9,8.7,8.7,41.9,0
115,2025-11,41.9,14.1,35.4,63.2,0
115,2025-12,63.2,14.4,5.7,54.4,0
116,2021-01,23.0,11.5,11.9,23.4,0
116,2021-02,23.4,13.4,11.6,21.7,0
116,2021-03,21.7,9.5,10.3,22.5,0
116,2021-04,22.5,14.4,14.1,22.3,0
116,2021-05,22.3,11.9,11.7,22.1,0
116,2021-06,22.1,16.7,17.1,22.5,0
116,2021-07,22.5,16.6,15.9,21.8,0
116,2021-08,21.8,10.8,12.4,23.4,0
116,2021-09,23.4,12.9,13.1,23.6,0
116,2021-10,23.6,10.9,9.3,21.9,0
116,2021-11,21.9,16.6,24.7,30.0,0
116,2021-12,30.0,17.8,16.1,28.4,0
116,2022-01,28.4,14.4,8.0,22.1,0
116,2022-02,22.1,15.4,14.8,21.5,0
116,2022-03,21.5,11.2,12.6,22.9,0
116,2022-04,22.9,12.7,13.1,23.3,0
116,2022-05,23.3,14.7,12.7,21.2,0
116,2022-06,21.2,14.3,14.7,21.7,0
116,2022-07,21.7,9.7,10.5,22.5,0
116,2022-08,22.5,10.5,10.5,22.5,0
116,2022-09,22.5,14.2,13.5,21.8,0
116,2022-10,21.8,16.3,18.1,23.6,0
116,2022-11,23.6,17.1,26.4,33.0,0
116,2022-12,33.0,14.9,9.7,27.8,0
116,2023-01,27.8,10.4,5.5,23.0,0
116,2023-02,23.0,13.8,12.9,22.1,0
116,2023-03,22.1,9.6,10.9,23.3,0
116,2023-04,23.3,11.6,10.2,21.9,0
116,2023-05,21.9,11.2,10.6,21.3,0
116,2023-06,21.3,14.3,15.8,22.8,0
116,2023-07,22.8,9.9,9.2,22.1,0
116,2023-08,22.1,13.8,13.3,21.6,0
116,2023-09,21.6,11.8,13.9,23.7,0
116,2023-10,23.7,10.9,9.5,22.3,0
116,2023-11,22.3,17.6,28.8,33.5,0
116,2023-12,33.5,10.7,6.0,28.7,0
116,2024-01,28.7,12.4,5.7,22.1,0
116,2024-02,22.1,16.8,18.2,23.5,0
116,2024-03,23.5,11.4,10.8,22.9,0
116,2024-04,22.9,15.4,15.9,23.4,0
116,2024-05,23.4,12.1,11.9,23.2,0
116,2024-06,23.2,10.7,10.3,22.8,0
116,2024-07,22.8,12.8,13.7,23.7,0
116,2024-08,23.7,10.8,8.7,21.6,0
116,2024-09,21.6,19.2,19.9,22.3,0
116,2024-10,22.3,7.6,8.2,22.9,0
116,2024-11,22.9,17.6,25.8,31.1,0
116,2024-12,31.1,17.5,15.9,29.5,0
116,2025-01,29.5,10.6,3.6,22.5,0
116,2025-02,22.5,12.6,13.4,23.4,0
116,2025-03,23.4,8.7,8.4,23.1,0
116,2025-04,23.1,9.9,9.7,22.9,0
116,2025-05,22.9,13.6,12.4,21.7,0
116,2025-06,21.7,13.7,14.7,22.8,0
116,2025-07,22.8,12.7,13.6,23.6,0
116,2025-08,23.6,11.5,10.2,22.3,0
116,2025-09,22.3,10.7,9.9,21.5,0
116,2025-10,21.5,16.1,15.2,20.5,0
116,2025-11,20.5,15.9,25.5,30.1,0
116,2025-12,30.1,11.1,8.9,28.0,0
117,2021-01,16.4,14.8,13.8,15.4,0
117,2021-02,15.4,10.6,10.5,15.2,0
117,2021-03,15.2,13.2,14.9,16.9,0
117,2021-04,16.9,13.8,12.5,15.7,0
117,2021-05,15.7,15.7,16.9,16.9,0
117,2021-06,16.9,11.8,10.6,15.7,0
117,2021-07,15.7,11.6,11.7,15.8,0
117,2021-08,15.8,14.4,13.8,15.3,0
117,2021-09,15.3,10.6,11.5,16.2,0
117,2021-10,16.2,14.8,14.9,16.3,0
117,2021-11,16.3,16.3,23.9,23.9,3
117,2021-12,23.9,12.2,8.1,19.8,0
117,2022-01,19.8,14.3,11.4,16.8,0
117,2022-02,16.8,13.2,12.9,16.5,0
117,2022-03,16.5,12.4,11.8,15.9,0
117,2022-04,15.9,14.6,15.6,16.9,0
117,2022-05,16.9,13.2,11.0,14.7,0
117,2022-06,14.7,8.1,10.2,16.8,0
117,2022-07,16.8,12.3,10.8,15.3,0
117,2022-08,15.3,12.7,13.1,15.8,0
117,2022-09,15.8,12.6,13.2,16.4,0
117,2022-10,16.4,14.8,13.0,14.6,0
117,2022-11,14.6,14.6,23.1,23.1,3
117,2022-12,23.1,13.7,9.5,18.9,0
117,2023-01,18.9,10.5,8.4,16.8,0
117,2023-02,16.8,13.1,12.9,16.5,0
117,2023-03,16.5,15.8,13.4,14.1,0
117,2023-04,14.1,12.1,14.6,16.6,0
117,2023-05,16.6,14.5,12.3,14.4,0
117,2023-06,14.4,14.4,15.3,15.3,7
117,2023-07,15.3,9.9,10.2,15.6,0
117,2023-08,15.6,15.0,15.1,15.7,0
117,2023-09,15.7,14.8,16.1,17.0,0
117,2023-10,17.0,15.0,14.7,16.7,0
117,2023-11,16.7,16.7,21.1,21.1,5
117,2023-12,21.1,19.6,18.7,20.2,0
117,2024-01,20.2,15.1,10.4,15.5,0
117,2024-02,15.5,10.8,10.9,15.6,0
117,2024-03,15.6,12.4,12.7,15.8,0
117,2024-04,15.8,15.8,15.6,15.6,0
117,2024-05,15.6,15.6,14.3,14.3,3
117,2024-06,14.3,11.4,12.6,15.5,0
117,2024-07,15.5,13.1,14.1,16.5,0
117,2024-08,16.5,12.7,10.8,14.6,0
117,2024-09,14.6,13.5,13.1,14.2,0
117,2024-10,14.2,11.3,11.8,14.8,0
117,2024-11,14.8,14.8,21.2,21.2,1
117,2024-12,21.2,15.1,14.4,20.5,0
117,2025-01,20.5,12.4,8.3,16.4,0
117,2025-02,16.4,16.4,15.1,15.1,2
117,2025-03,15.1,12.3,11.7,14.5,0
117,2025-04,14.5,10.8,13.2,16.9,0
117,2025-05,16.9,12.8,11.6,15.7,0
117,2025-06,15.7,10.3,10.2,15.5,0
117,2025-07,15.5,15.5,17.0,17.0,4
117,2025-08,17.0,12.9,11.7,15.8,0
117,2025-09,15.8,14.2,13.3,14.9,0
117,2025-10,14.9,14.0,15.3,16.1,0
117,2025-11,16.1,16.1,20.7,20.7,2
117,2025-12,20.7,14.6,13.5,19.6,0
118,2021-01,8.2,5.6,4.8,7.5,0
118,2021-02,7.5,7.0,7.2,7.7,0
118,2021-03,7.7,7.1,6.9,7.4,0
118,2021-04,7.4,7.4,7.3,7.3,0
118,2021-05,7.3,4.3,4.6,7.6,0
118,2021-06,7.6,7.2,7.9,8.4,0
118,2021-07,8.4,7.9,7.4,7.9,0
118,2021-08,7.9,7.1,6.8,7.6,0
118,2021-09,7.6,6.3,6.4,7.7,0
118,2021-10,7.7,5.1,5.4,8.0,0
118,2021-11,8.0,8.0,10.7,10.7,4
118,2021-12,10.7,7.1,6.2,9.8,0
118,2022-01,9.8,5.3,3.5,8.0,0
118,2022-02,8.0,4.9,5.0,8.1,0
118,2022-03,8.1,4.4,4.2,8.0,0
118,2022-04,8.0,7.0,6.3,7.2,0
118,2022-05,7.2,5.8,6.9,8.3,0
118,2022-06,8.3,4.7,4.7,8.4,0
118,2022-07,8.4,6.1,5.8,8.1,0
118,2022-08,8.1,5.8,5.5,7.8,0
118,2022-09,7.8,6.3,6.3,7.8,0
118,2022-10,7.8,3.8,3.8,7.7,0
118,2022-11,7.7,7.7,11.9,11.9,3
118,2022-12,11.9,8.4,6.4,9.9,0
118,2023-01,9.9,5.9,3.7,7.7,0
118,2023-02,7.7,7.1,7.3,7.8,0
118,2023-03,7.8,4.7,4.5,7.7,0
118,2023-04,7.7,6.2,6.9,8.5,0
118,2023-05,8.5,6.3,5.5,7.6,0
118,2023-06,7.6,7.5,7.1,7.3,0
118,2023-07,7.3,7.3,7.3,7.3,5
118,2023-08,7.3,5.1,5.8,8.0,0
118,2023-09,8.0,7.5,7.9,8.3,0
118,2023-10,8.3,7.9,6.7,7.1,0
118,2023-11,7.1,7.1,11.7,11.7,7
118,2023-12,11.7,7.9,6.0,9.8,0
118,2024-01,9.8,8.1,6.8,8.5,0
118,2024-02,8.5,6.3,6.2,8.4,0
118,2024-03,8.4,5.7,5.0,7.6,0
118,2024-04,7.6,5.5,6.1,8.2,0
118,2024-05,8.2,6.3,5.6,7.5,0
118,2024-06,7.5,4.1,4.1,7.5,0
118,2024-07,7.5,7.5,7.8,7.8,3
118,2024-08,7.8,6.1,6.7,8.3,0
118,2024-09,8.3,5.0,5.1,8.4,0
118,2024-10,8.4,6.3,5.3,7.3,0
118,2024-11,7.3,7.3,10.4,10.4,4
118,2024-12,10.4,9.6,9.1,9.9,0
118,2025-01,9.9,6.2,4.5,8.1,0
118,2025-02,8.1,7.3,7.4,8.2,0
118,2025-03,8.2,8.0,7.1,7.4,0
118,2025-04,7.4,5.6,6.3,8.0,0
118,2025-05,8.0,8.0,7.9,7.9,0
118,2025-06,7.9,5.2,4.9,7.5,0
118,2025-07,7.5,5.9,6.1,7.7,0
118,2025-08,7.7,6.4,6.5,7.9,0
118,2025-09,7.9,7.3,7.2,7.8,0
118,2025-10,7.8,5.7,5.7,7.9,0
118,2025-11,7.9,7.9,11.6,11.6,5
118,2025-12,11.6,8.4,6.6,9.8,0
119,2021-01,9.3,4.0,4.0,9.4,0
119,2021-02,9.4,6.2,6.4,9.6,0
119,2021-03,9.6,2.5,2.1,9.1,0
119,2021-04,9.1,4.3,3.9,8.8,0
119,2021-05,8.8,4.8,4.9,8.9,0
119,2021-06,8.9,7.0,6.6,8.4,0
119,2021-07,8.4,4.4,5.1,9.1,0
119,2021-08,9.1,3.2,3.3,9.2,0
119,2021-09,9.2,4.2,4.2,9.2,0
119,2021-10,9.2,4.0,3.7,8.8,0
119,2021-11,8.8,7.6,12.2,13.4,0
119,2021-12,13.4,6.3,4.2,11.3,0
119,2022-01,11.3,5.2,2.7,8.8,0
119,2022-02,8.8,6.7,6.8,8.9,0
119,2022-03,8.9,6.1,5.9,8.7,0
119,2022-04,8.7,5.1,5.6,9.2,0
119,2022-05,9.2,4.3,4.5,9.4,0
119,2022-06,9.4,3.5,3.0,8.9,0
119,2022-07,8.9,5.6,5.3,8.6,0
119,2022-08,8.6,5.1,5.7,9.3,0
119,2022-09,9.3,4.5,4.3,9.1,0
119,2022-10,9.1,5.8,6.2,9.5,0
119,2022-11,9.5,7.1,10.6,13.0,0
119,2022-12,13.0,6.0,4.7,11.7,0
119,2023-01,11.7,5.1,2.3,8.9,0
119,2023-02,8.9,3.2,3.4,9.1,0
119,2023-03,9.1,6.6,6.8,9.3,0
119,2023-04,9.3,5.8,6.1,9.6,0
119,2023-05,9.6,4.3,3.7,8.9,0
119,2023-06,8.9,4.6,5.0,9.3,0
119,2023-07,9.3,5.0,5.0,9.4,0
119,2023-08,9.4,5.0,4.5,8.9,0
119,2023-09,8.9,4.7,4.8,9.0,0
119,2023-10,9.0,6.3,6.7,9.4,0
119,2023-11,9.4,6.4,9.3,12.2,0
119,2023-12,12.2,5.2,4.1,11.1,0
119,2024-01,11.1,5.2,3.3,9.1,0
119,2024-02,9.1,5.6,6.0,9.6,0
119,2024-03,9.6,6.3,5.7,8.9,0
119,2024-04,8.9,6.2,6.1,8.8,0
119,2024-05,8.8,4.0,4.2,9.1,0
119,2024-06,9.1,5.4,5.0,8.7,0
119,2024-07,8.7,5.9,6.7,9.4,0
119,2024-08,9.4,5.5,4.6,8.6,0
119,2024-09,8.6,4.3,4.8,9.0,0
119,2024-10,9.0,5.4,5.3,8.8,0
119,2024-11,8.8,7.2,12.3,13.9,0
119,2024-12,13.9,6.7,4.3,11.5,0
119,2025-01,11.5,4.6,2.1,9.1,0
119,2025-02,9.1,5.8,6.2,9.5,0
119,2025-03,9.5,5.9,4.9,8.6,0
119,2025-04,8.6,5.1,5.7,9.2,0
119,2025-05,9.2,5.0,4.7,8.9,0
119,2025-06,8.9,4.8,5.1,9.1,0
119,2025-07,9.1,4.0,3.6,8.7,0
119,2025-08,8.7,4.7,4.7,8.8,0
119,2025-09,8.8,5.0,5.1,8.8,0
119,2025-10,8.8,5.5,5.2,8.6,0
119,2025-11,8.6,7.6,11.4,12.4,0
119,2025-12,12.4,6.4,5.0,11.1,0
120,2021-01,17.3,10.9,11.3,17.7,0
120,2021-02,17.7,12.5,10.7,15.9,0
120,2021-03,15.9,11.2,11.6,16.3,0
120,2021-04,16.3,11.2,10.5,15.7,0
120,2021-05,15.7,11.5,12.7,16.9,0
120,2021-06,16.9,11.6,10.8,16.1,0
120,2021-07,16.1,14.3,15.2,16.9,0
120,2021-08,16.9,12.3,11.0,15.5,0
120,2021-09,15.5,10.8,12.4,17.1,0
120,2021-10,17.1,12.8,12.5,16.8,0
120,2021-11,16.8,16.8,26.0,26.0,3
120,2021-12,26.0,15.3,11.0,21.7,0
120,2022-01,21.7,11.4,7.0,17.2,0
120,2022-02,17.2,11.8,10.7,16.0,0
120,2022-03,16.0,13.8,12.8,15.1,0
120,2022-04,15.1,11.9,13.5,16.7,0
120,2022-05,16.7,12.1,13.2,17.8,0
120,2022-06,17.8,14.0,12.3,16.1,0
120,2022-07,16.1,10.3,11.9,17.7,0
120,2022-08,17.7,10.1,9.1,16.7,0
120,2022-09,16.7,11.5,11.6,16.8,0
120,2022-10,16.8,11.7,11.3,16.5,0
120,2022-11,16.5,15.1,23.1,24.5,0
120,2022-12,24.5,14.0,9.5,20.0,0
120,2023-01,20.0,11.7,8.3,16.6,0
120,2023-02,16.6,12.8,12.4,16.2,0
120,2023-03,16.2,11.3,10.6,15.5,0
120,2023-04,15.5,12.5,13.2,16.2,0
120,2023-05,16.2,11.7,13.1,17.6,0
120,2023-06,17.6,12.1,10.5,16.1,0
120,2023-07,16.1,10.5,11.4,17.0,0
120,2023-08,17.0,8.3,7.6,16.3,0
120,2023-09,16.3,10.3,10.1,16.1,0
120,2023-10,16.1,11.0,11.4,16.5,0
120,2023-11,16.5,16.5,21.4,21.4,4
120,2023-12,21.4,10.1,8.9,20.2,0
120,2024-01,20.2,12.2,8.9,16.9,0
120,2024-02,16.9,11.8,12.0,17.1,0
120,2024-03,17.1,9.6,8.5,16.1,0
120,2024-04,16.1,9.0,8.8,15.9,0
120,2024-05,15.9,9.5,9.4,15.8,0
120,2024-06,15.8,10.6,12.5,17.6,0
120,2024-07,17.6,9.7,9.7,17.7,0
120,2024-08,17.7,10.4,10.0,17.3,0
120,2024-09,17.3,13.3,12.5,16.5,0
120,2024-10,16.5,13.1,12.7,16.1,0
120,2024-11,16.1,16.1,21.5,21.5,5
120,2024-12,21.5,12.1,12.2,21.6,0
120,2025-01,21.6,10.5,6.0,17.1,0
120,2025-02,17.1,13.4,13.4,17.1,0
120,2025-03,17.1,10.8,10.7,17.1,0
120,2025-04,17.1,11.3,10.4,16.2,0
120,2025-05,16.2,10.7,10.5,15.9,0
120,2025-06,15.9,9.4,10.9,17.4,0
120,2025-07,17.4,8.8,7.8,16.4,0
120,2025-08,16.4,8.9,8.6,16.1,0
120,2025-09,16.1,12.4,14.1,17.8,0
120,2025-10,17.8,7.6,6.1,16.3,0
120,2025-11,16.3,14.3,24.1,26.1,0
120,2025-12,26.1,12.3,6.9,20.8,0
121,2021-01,68.0,12.6,11.4,66.8,0
121,2021-02,66.8,13.5,12.9,66.1,0
121,2021-03,66.1,19.5,20.3,66.9,0
121,2021-04,66.9,13.9,13.4,66.4,0
121,2021-05,66.4,19.9,19.3,65.8,0
121,2021-06,65.8,23.7,22.5,64.6,0
121,2021-07,64.6,13.8,15.6,66.4,0
121,2021-08,66.4,12.9,12.8,66.3,0
121,2021-09,66.3,17.5,18.5,67.3,0
121,2021-10,67.3,14.5,13.3,66.1,0
121,2021-11,66.1,21.8,50.6,94.9,0
121,2021-12,94.9,23.2,13.7,85.4,0
121,2022-01,85.4,20.4,2.8,67.7,0
121,2022-02,67.7,18.1,17.8,67.4,0
121,2022-03,67.4,13.2,13.1,67.3,0
121,2022-04,67.3,11.6,10.8,66.5,0
121,2022-05,66.5,15.5,17.3,68.3,0
121,2022-06,68.3,15.6,13.9,66.6,0
121,2022-07,66.6,16.7,16.9,66.8,0
121,2022-08,66.8,18.5,17.9,66.2,0
121,2022-09,66.2,12.4,13.1,66.9,0
121,2022-10,66.9,20.4,21.9,68.3,0
121,2022-11,68.3,23.2,47.5,92.7,0
121,2022-12,92.7,23.9,15.3,84.1,0
121,2023-01,84.1,20.7,4.3,67.8,0
121,2023-02,67.8,15.9,16.4,68.2,0
121,2023-03,68.2,17.9,16.3,66.7,0
121,2023-04,66.7,19.9,19.5,66.3,0
121,2023-05,66.3,15.9,15.9,66.3,0
121,2023-06,66.3,11.4,11.4,66.3,0
121,2023-07,66.3,18.2,18.1,66.2,0
121,2023-08,66.2,12.8,13.2,66.6,0
121,2023-09,66.6,18.3,18.2,66.5,0
121,2023-10,66.5,15.4,17.4,68.6,0
121,2023-11,68.6,30.6,61.2,99.3,0
121,2023-12,99.3,20.0,5.1,84.4,0
121,2024-01,84.4,12.5,0.0,71.9,0
121,2024-02,71.9,21.9,17.5,67.5,0
121,2024-03,67.5,16.4,15.5,66.7,0
121,2024-04,66.7,18.7,20.1,68.1,0
121,2024-05,68.1,16.0,14.8,66.9,0
121,2024-06,66.9,17.0,18.8,68.7,0
121,2024-07,68.7,17.2,17.2,68.6,0
121,2024-08,68.6,11.3,11.3,68.5,0
121,2024-09,68.5,15.4,13.0,66.2,0
121,2024-10,66.2,15.7,17.8,68.3,0
121,2024-11,68.3,24.3,53.0,97.0,0
121,2024-12,97.0,18.8,6.0,84.2,0
121,2025-01,84.2,20.7,4.6,68.1,0
121,2025-02,68.1,15.9,15.5,67.7,0
121,2025-03,67.7,15.9,15.5,67.3,0
121,2025-04,67.3,17.1,17.5,67.8,0
121,2025-05,67.8,18.8,19.8,68.8,0
121,2025-06,68.8,21.6,19.7,66.9,0
121,2025-07,66.9,17.9,17.3,66.2,0
121,2025-08,66.2,12.1,12.4,66.5,0
121,2025-09,66.5,15.5,14.8,65.8,0
121,2025-10,65.8,17.3,17.7,66.2,0
121,2025-11,66.2,24.6,56.4,98.0,0
121,2025-12,98.0,21.8,8.2,84.4,0
122,2021-01,5.0,3.2,2.8,4.6,0
122,2021-02,4.6,3.9,4.1,4.8,0
122,2021-03,4.8,3.9,3.8,4.7,0
122,2021-04,4.7,3.6,3.8,4.9,0
122,2021-05,4.9,2.5,2.7,5.1,0
122,2021-06,5.1,3.3,3.0,4.8,0
122,2021-07,4.8,3.2,2.9,4.6,0
122,2021-08,4.6,4.1,4.8,5.2,0
122,2021-09,5.2,4.1,3.7,4.7,0
122,2021-10,4.7,3.1,3.1,4.7,0
122,2021-11,4.7,4.7,6.6,6.6,1
122,2021-12,6.6,4.2,3.4,5.8,0
122,2022-01,5.8,4.6,3.3,4.6,0
122,2022-02,4.6,2.5,3.0,5.0,0
122,2022-03,5.0,3.7,3.6,5.0,0
122,2022-04,5.0,3.5,3.2,4.6,0
122,2022-05,4.6,3.2,3.2,4.7,0
122,2022-06,4.7,3.1,3.4,5.1,0
122,2022-07,5.1,3.4,3.2,4.8,0
122,2022-08,4.8,3.4,3.6,5.0,0
122,2022-09,5.0,2.5,2.4,5.0,0
122,2022-10,5.0,3.7,3.9,5.1,0
122,2022-11,5.1,5.1,7.4,7.4,6
122,2022-12,7.4,3.6,2.5,6.4,0
122,2023-01,6.4,4.2,2.5,4.7,0
122,2023-02,4.7,3.9,4.1,5.0,0
122,2023-03,5.0,4.3,4.5,5.1,0
122,2023-04,5.1,3.7,3.3,4.8,0
122,2023-05,4.8,2.9,2.8,4.7,0
122,2023-06,4.7,4.3,4.7,5.1,0
122,2023-07,5.1,3.4,3.4,5.1,0
122,2023-08,5.1,3.8,3.3,4.5,0
122,2023-09,4.5,2.8,3.3,5.0,0
122,2023-10,5.0,3.0,2.7,4.6,0
122,2023-11,4.6,3.7,6.5,7.5,0
122,2023-12,7.5,4.9,3.2,5.8,0
122,2024-01,5.8,1.7,0.8,4.9,0
122,2024-02,4.9,3.3,3.3,4.9,0
122,2024-03,4.9,2.3,2.4,4.9,0
122,2024-04,4.9,4.2,3.8,4.5,0
122,2024-05,4.5,2.9,3.4,5.0,0
122,2024-06,5.0,2.6,2.8,5.1,0
122,2024-07,5.1,3.2,3.3,5.2,0
122,2024-08,5.2,4.0,3.8,5.0,0
122,2024-09,5.0,3.4,3.6,5.2,0
122,2024-10,5.2,3.8,3.5,4.9,0
122,2024-11,4.9,4.9,6.9,6.9,4
122,2024-12,6.9,5.0,4.5,6.4,0
122,2025-01,6.4,3.9,2.4,4.9,0
122,2025-02,4.9,3.1,3.3,5.1,0
122,2025-03,5.1,3.7,3.6,5.0,0
122,2025-04,5.0,3.5,3.0,4.6,0
122,2025-05,4.6,3.2,3.3,4.6,0
122,2025-06,4.6,2.9,3.4,5.2,0
122,2025-07,5.2,3.9,3.5,4.8,0
122,2025-08,4.8,3.6,3.8,4.9,0
122,2025-09,4.9,3.5,3.4,4.9,0
122,2025-10,4.9,3.0,3.0,4.9,0
122,2025-11,4.9,4.9,7.2,7.2,0
122,2025-12,7.2,5.5,4.4,6.1,0
123,2021-01,24.4,16.1,13.9,22.3,0
123,2021-02,22.3,15.9,16.6,23.0,0
123,2021-03,23.0,19.6,18.8,22.1,0
123,2021-04,22.1,21.9,24.2,24.4,0
123,2021-05,24.4,13.8,13.1,23.7,0
123,2021-06,23.7,19.8,18.1,22.0,0
123,2021-07,22.0,18.3,18.1,21.8,0
123,2021-08,21.8,15.7,15.5,21.7,0
123,2021-09,21.7,17.7,21.0,25.1,0
123,2021-10,25.1,19.1,15.8,21.8,0
123,2021-11,21.8,19.1,28.5,31.2,0
123,2021-12,31.2,23.2,21.3,29.3,0
123,2022-01,29.3,13.7,8.5,24.2,0
123,2022-02,24.2,15.3,13.7,22.5,0
123,2022-03,22.5,11.8,12.5,23.2,0
123,2022-04,23.2,16.1,15.3,22.4,0
123,2022-05,22.4,14.3,16.5,24.6,0
123,2022-06,24.6,19.8,17.3,22.1,0
123,2022-07,22.1,16.9,17.2,22.4,0
123,2022-08,22.4,17.0,17.8,23.2,0
123,2022-09,23.2,15.4,16.0,23.8,0
123,2022-10,23.8,15.2,15.3,24.0,0
123,2022-11,24.0,20.8,31.6,34.8,0
123,2022-12,34.8,20.6,16.4,30.5,0
123,2023-01,30.5,16.5,10.5,24.5,0
123,2023-02,24.5,13.6,12.1,23.0,0
123,2023-03,23.0,16.1,15.7,22.6,0
123,2023-04,22.6,19.5,20.4,23.6,0
123,2023-05,23.6,13.8,12.6,22.3,0
123,2023-06,22.3,14.1,14.2,22.4,0
123,2023-07,22.4,20.3,20.9,22.9,0
123,2023-08,22.9,22.2,23.9,24.7,0
123,2023-09,24.7,17.5,15.6,22.8,0
123,2023-10,22.8,15.7,17.8,24.9,0
123,2023-11,24.9,19.5,29.1,34.5,0
123,2023-12,34.5,19.8,14.3,29.0,0
123,2024-01,29.0,16.3,12.0,24.7,0
123,2024-02,24.7,13.9,13.8,24.6,0
123,2024-03,24.6,20.3,17.5,21.8,0
123,2024-04,21.8,18.0,19.3,23.1,0
123,2024-05,23.1,15.3,15.8,23.5,0
123,2024-06,23.5,15.3,15.3,23.6,0
123,2024-07,23.6,17.6,18.2,24.2,0
123,2024-08,24.2,16.1,15.3,23.4,0
123,2024-09,23.4,18.5,20.4,25.3,0
123,2024-10,25.3,17.5,14.8,22.7,0
123,2024-11,22.7,22.7,33.6,33.6,1
123,2024-12,33.6,16.0,12.0,29.5,0
123,2025-01,29.5,16.7,9.9,22.8,0
123,2025-02,22.8,12.4,12.1,22.5,0
123,2025-03,22.5,15.3,17.6,24.8,0
123,2025-04,24.8,14.2,13.5,24.2,0
123,2025-05,24.2,16.2,14.2,22.2,0
123,2025-06,22.2,13.4,13.3,22.2,0
123,2025-07,22.2,15.7,16.9,23.5,0
123,2025-08,23.5,14.7,16.4,25.2,0
123,2025-09,25.2,20.6,20.4,25.0,0
123,2025-10,25.0,18.6,17.4,23.8,0
123,2025-11,23.8,23.1,32.6,33.3,0
123,2025-12,33.3,17.1,12.3,28.5,0
124,2021-01,7.2,5.0,4.7,6.9,0
124,2021-02,6.9,4.9,4.5,6.5,0
124,2021-03,6.5,4.5,5.4,7.5,0
124,2021-04,7.5,5.1,4.6,7.0,0
124,2021-05,7.0,6.6,6.8,7.2,0
124,2021-06,7.2,5.7,5.4,6.9,0
124,2021-07,6.9,5.8,5.2,6.3,0
124,2021-08,6.3,4.1,4.4,6.6,0
124,2021-09,6.6,5.9,5.8,6.4,0
124,2021-10,6.4,5.6,5.8,6.6,0
124,2021-11,6.6,6.6,10.1,10.1,3
124,2021-12,10.1,5.8,4.2,8.6,0
124,2022-01,8.6,5.3,4.1,7.3,0
124,2022-02,7.3,4.1,4.0,7.2,0
124,2022-03,7.2,5.8,4.9,6.4,0
124,2022-04,6.4,3.7,4.0,6.7,0
124,2022-05,6.7,5.4,5.9,7.2,0
124,2022-06,7.2,6.2,5.8,6.8,0
124,2022-07,6.8,6.0,5.6,6.4,0
124,2022-08,6.4,3.1,3.8,7.1,0
124,2022-09,7.1,4.8,4.2,6.5,0
124,2022-10,6.5,5.3,6.3,7.5,0
124,2022-11,7.5,6.7,8.7,9.6,0
124,2022-12,9.6,6.3,5.3,8.6,0
124,2023-01,8.6,4.8,3.5,7.3,0
124,2023-02,7.3,4.9,4.2,6.6,0
124,2023-03,6.6,4.5,5.2,7.3,0
124,2023-04,7.3,6.1,5.5,6.7,0
124,2023-05,6.7,4.3,4.9,7.2,0
124,2023-06,7.2,6.2,5.5,6.6,0
124,2023-07,6.6,5.6,5.4,6.4,0
124,2023-08,6.4,4.1,5.1,7.3,0
124,2023-09,7.3,6.4,6.2,7.1,0
124,2023-10,7.1,4.9,4.6,6.8,0
124,2023-11,6.8,6.8,9.1,9.1,2
124,2023-12,9.1,6.7,6.1,8.5,0
124,2024-01,8.5,5.4,4.0,7.1,0
124,2024-02,7.1,4.8,4.4,6.8,0
124,2024-03,6.8,4.2,4.2,6.8,0
124,2024-04,6.8,6.8,7.5,7.5,1
124,2024-05,7.5,4.6,4.1,7.0,0
124,2024-06,7.0,6.2,6.2,6.9,0
124,2024-07,6.9,4.0,4.2,7.1,0
124,2024-08,7.1,6.1,6.0,7.0,0
124,2024-09,7.0,5.8,5.9,7.1,0
124,2024-10,7.1,5.9,5.3,6.4,0
124,2024-11,6.4,6.4,10.4,10.4,6
124,2024-12,10.4,4.7,3.0,8.7,0
124,2025-01,8.7,5.4,3.5,6.9,0
124,2025-02,6.9,4.2,3.8,6.5,0
124,2025-03,6.5,4.4,4.5,6.6,0
124,2025-04,6.6,6.0,5.8,6.4,0
124,2025-05,6.4,5.8,6.6,7.2,0
124,2025-06,7.2,6.4,6.4,7.2,0
124,2025-07,7.2,5.3,5.2,7.1,0
124,2025-08,7.1,3.6,3.2,6.7,0
124,2025-09,6.7,4.6,4.8,6.9,0
124,2025-10,6.9,5.7,5.5,6.7,0
124,2025-11,6.7,6.7,10.6,10.6,6
124,2025-12,10.6,6.9,4.9,8.6,0
125,2021-01,33.6,17.0,17.6,34.2,0
125,2021-02,34.2,18.2,17.6,33.6,0
125,2021-03,33.6,11.1,10.7,33.3,0
125,2021-04,33.3,14.9,13.2,31.6,0
125,2021-05,31.6,16.1,18.0,33.5,0
125,2021-06,33.5,15.2,15.9,34.3,0
125,2021-07,34.3,18.1,18.1,34.3,0
125,2021-08,34.3,21.8,20.5,32.9,0
125,2021-09,32.9,16.3,15.0,31.6,0
125,2021-10,31.6,21.4,22.2,32.4,0
125,2021-11,32.4,24.7,40.5,48.2,0
125,2021-12,48.2,20.2,12.7,40.7,0
125,2022-01,40.7,16.9,10.0,33.8,0
125,2022-02,33.8,16.2,15.1,32.6,0
125,2022-03,32.6,17.7,17.1,32.0,0
125,2022-04,32.0,19.5,21.6,34.2,0
125,2022-05,34.2,10.5,9.1,32.7,0
125,2022-06,32.7,15.5,14.6,31.8,0
125,2022-07,31.8,13.1,13.5,32.2,0
125,2022-08,32.2,17.3,18.3,33.2,0
125,2022-09,33.2,16.5,15.3,32.0,0
125,2022-10,32.0,14.9,17.3,34.4,0
125,2022-11,34.4,24.2,38.8,49.0,0
125,2022-12,49.0,18.1,10.3,41.1,0
125,2023-01,41.1,14.1,6.3,33.3,0
125,2023-02,33.3,12.2,11.4,32.5,0
125,2023-03,32.5,15.2,15.1,32.4,0
125,2023-04,32.4,14.7,14.2,31.9,0
125,2023-05,31.9,17.1,16.5,31.3,0
125,2023-06,31.3,11.2,12.0,32.1,0
125,2023-07,32.1,12.0,13.3,33.3,0
125,2023-08,33.3,18.4,16.4,31.3,0
125,2023-09,31.3,18.4,20.2,33.1,0
125,2023-10,33.1,17.2,16.7,32.6,0
125,2023-11,32.6,27.5,45.4,50.5,0
125,2023-12,50.5,19.6,10.7,41.6,0
125,2024-01,41.6,17.5,8.8,33.0,0
125,2024-02,33.0,17.3,16.3,32.0,0
125,2024-03,32.0,18.8,18.9,32.0,0
125,2024-04,32.0,18.2,20.8,34.5,0
125,2024-05,34.5,14.4,12.3,32.4,0
125,2024-06,32.4,22.4,24.4,34.4,0
125,2024-07,34.4,14.2,13.3,33.5,0
125,2024-08,33.5,16.5,16.0,33.0,0
125,2024-09,33.0,20.0,21.6,34.5,0
125,2024-10,34.5,15.9,13.9,32.6,0
125,2024-11,32.6,26.1,39.3,45.8,0
125,2024-12,45.8,19.7,14.1,40.2,0
125,2025-01,40.2,11.7,4.5,33.0,0
125,2025-02,33.0,17.9,16.3,31.4,0
125,2025-03,31.4,19.4,18.7,30.6,0
125,2025-04,30.6,16.6,16.9,31.0,0
125,2025-05,31.0,21.1,24.5,34.4,0
125,2025-06,34.4,16.3,15.9,34.0,0
125,2025-07,34.0,18.4,18.0,33.6,0
125,2025-08,33.6,18.4,17.9,33.1,0
125,2025-09,33.1,20.1,20.3,33.3,0
125,2025-10,33.3,19.1,20.0,34.3,0
125,2025-11,34.3,27.6,39.1,45.7,0
125,2025-12,45.7,16.9,13.5,42.3,0
126,2021-01,17.3,10.7,9.9,16.6,0
126,2021-02,16.6,8.7,9.1,16.9,0
126,2021-03,16.9,7.8,7.8,16.9,0
126,2021-04,16.9,9.1,8.6,16.5,0
126,2021-05,16.5,9.0,8.5,16.0,0
126,2021-06,16.0,10.2,11.0,16.8,0
126,2021-07,16.8,12.9,11.9,15.8,0
126,2021-08,15.8,8.2,8.8,16.4,0
126,2021-09,16.4,7.2,7.8,17.0,0
126,2021-10,17.0,4.4,4.8,17.5,0
126,2021-11,17.5,10.5,16.4,23.3,0
126,2021-12,23.3,10.8,9.5,22.0,0
126,2022-01,22.0,7.2,2.3,17.1,0
126,2022-02,17.1,7.8,7.4,16.7,0
126,2022-03,16.7,8.2,8.9,17.5,0
126,2022-04,17.5,10.4,9.1,16.2,0
126,2022-05,16.2,9.5,9.4,16.1,0
126,2022-06,16.1,6.9,8.3,17.5,0
126,2022-07,17.5,7.8,7.8,17.4,0
126,2022-08,17.4,8.1,6.9,16.3,0
126,2022-09,16.3,9.2,10.0,17.0,0
126,2022-10,17.0,10.5,10.6,17.1,0
126,2022-11,17.1,11.7,18.8,24.1,0
126,2022-12,24.1,9.1,6.7,21.8,0
126,2023-01,21.8,11.6,7.2,17.4,0
126,2023-02,17.4,8.0,8.0,17.4,0
126,2023-03,17.4,9.0,8.8,17.2,0
126,2023-04,17.2,7.4,7.0,16.8,0
126,2023-05,16.8,10.6,10.9,17.2,0
126,2023-06,17.2,8.5,8.9,17.5,0
126,2023-07,17.5,5.9,5.3,16.9,0
126,2023-08,16.9,7.7,8.0,17.2,0
126,2023-09,17.2,8.2,7.6,16.6,0
126,2023-10,16.6,9.8,9.7,16.5,0
126,2023-11,16.5,12.0,19.8,24.3,0
126,2023-12,24.3,9.9,7.1,21.4,0
126,2024-01,21.4,10.0,5.7,17.1,0
126,2024-02,17.1,7.7,7.6,17.0,0
126,2024-03,17.0,9.4,9.1,16.7,0
126,2024-04,16.7,9.1,10.1,17.6,0
126,2024-05,17.6,7.9,7.3,17.0,0
126,2024-06,17.0,10.0,8.9,16.0,0
126,2024-07,16.0,11.6,11.6,16.0,0
126,2024-08,16.0,8.3,9.8,17.5,0
126,2024-09,17.5,8.4,8.6,17.7,0
126,2024-10,17.7,11.9,9.9,15.8,0
126,2024-11,15.8,12.3,19.6,23.1,0
126,2024-12,23.1,10.8,9.5,21.8,0
126,2025-01,21.8,8.1,3.2,16.8,0
126,2025-02,16.8,11.1,10.3,16.0,0
126,2025-03,16.0,10.6,10.8,16.2,0
126,2025-04,16.2,3.9,4.3,16.7,0
126,2025-05,16.7,8.9,9.6,17.3,0
126,2025-06,17.3,11.1,10.6,16.9,0
126,2025-07,16.9,7.2,6.6,16.2,0
126,2025-08,16.2,11.0,11.7,16.9,0
126,2025-09,16.9,6.0,6.4,17.3,0
126,2025-10,17.3,8.7,8.3,16.9,0
126,2025-11,16.9,11.4,20.0,25.5,0
126,2025-12,25.5,11.5,8.0,21.9,0
127,2021-01,29.5,19.9,18.9,28.5,0
127,2021-02,28.5,17.1,16.5,28.0,0
127,2021-03,28.0,15.6,17.4,29.7,0
127,2021-04,29.7,15.8,14.9,28.8,0
127,2021-05,28.8,19.6,18.2,27.4,0
127,2021-06,27.4,14.6,15.2,28.0,0
127,2021-07,28.0,12.8,13.0,28.2,0
127,2021-08,28.2,17.0,18.6,29.8,0
127,2021-09,29.8,19.0,19.6,30.4,0
127,2021-10,30.4,20.2,16.5,26.7,0
127,2021-11,26.7,26.7,43.4,43.4,1
127,2021-12,43.4,19.4,11.4,35.4,0
127,2022-01,35.4,19.5,13.2,29.1,0
127,2022-02,29.1,17.1,15.7,27.7,0
127,2022-03,27.7,18.7,19.6,28.6,0
127,2022-04,28.6,15.1,16.5,30.1,0
127,2022-05,30.1,23.7,20.5,26.9,0
127,2022-06,26.9,15.8,18.0,29.2,0
127,2022-07,29.2,17.6,16.1,27.6,0
127,2022-08,27.6,20.3,20.7,27.9,0
127,2022-09,27.9,21.6,22.8,29.1,0
127,2022-10,29.1,17.7,15.5,26.9,0
127,2022-11,26.9,20.6,31.8,38.1,0
127,2022-12,38.1,15.8,13.9,36.1,0
127,2023-01,36.1,16.7,10.6,30.0,0
127,2023-02,30.0,19.1,18.8,29.7,0
127,2023-03,29.7,18.0,15.7,27.4,0
127,2023-04,27.4,18.0,18.2,27.5,0
127,2023-05,27.5,17.3,16.7,26.9,0
127,2023-06,26.9,20.3,19.6,26.2,0
127,2023-07,26.2,16.4,17.1,26.9,0
127,2023-08,26.9,18.8,20.5,28.6,0
127,2023-09,28.6,16.6,18.0,30.0,0
127,2023-10,30.0,23.8,23.7,29.9,0
127,2023-11,29.9,29.9,38.5,38.5,1
127,2023-12,38.5,24.4,21.0,35.2,0
127,2024-01,35.2,18.6,13.6,30.2,0
127,2024-02,30.2,18.7,16.9,28.3,0
127,2024-03,28.3,20.4,20.4,28.2,0
127,2024-04,28.2,14.8,16.0,29.4,0
127,2024-05,29.4,22.9,21.2,27.7,0
127,2024-06,27.7,14.7,16.7,29.6,0
127,2024-07,29.6,18.7,17.3,28.2,0
127,2024-08,28.2,10.9,12.2,29.5,0
127,2024-09,29.5,12.9,11.3,27.9,0
127,2024-10,27.9,19.9,21.6,29.6,0
127,2024-11,29.6,27.9,38.2,39.8,0
127,2024-12,39.8,20.7,16.9,36.1,0
127,2025-01,36.1,19.0,11.1,28.2,0
127,2025-02,28.2,20.1,19.7,27.7,0
127,2025-03,27.7,21.3,21.1,27.6,0
127,2025-04,27.6,22.0,22.4,28.0,0
127,2025-05,28.0,22.0,22.9,29.0,0
127,2025-06,29.0,19.2,17.3,27.0,0
127,2025-07,27.0,24.0,27.3,30.3,0
127,2025-08,30.3,13.4,11.7,28.6,0
127,2025-09,28.6,21.6,21.9,28.9,0
127,2025-10,28.9,20.8,19.3,27.5,0
127,2025-11,27.5,24.0,35.9,39.3,0
127,2025-12,39.3,27.0,25.5,37.9,0
128,2021-01,37.5,20.6,20.5,37.3,0
128,2021-02,37.3,22.8,21.9,36.4,0
128,2021-03,36.4,12.8,12.9,36.6,0
128,2021-04,36.6,32.6,34.8,38.8,0
128,2021-05,38.8,25.7,24.5,37.6,0
128,2021-06,37.6,21.1,18.0,34.5,0
128,2021-07,34.5,22.0,25.2,37.7,0
128,2021-08,37.7,26.7,25.3,36.2,0
128,2021-09,36.2,26.0,27.2,37.4,0
128,2021-10,37.4,28.8,26.7,35.2,0
128,2021-11,35.2,35.2,50.6,50.6,4
128,2021-12,50.6,26.7,21.3,45.2,0
128,2022-01,45.2,20.9,13.3,37.7,0
128,2022-02,37.7,24.9,24.5,37.2,0
128,2022-03,37.2,29.2,28.3,36.4,0
128,2022-04,36.4,24.3,26.5,38.6,0
128,2022-05,38.6,24.6,23.6,37.6,0
128,2022-06,37.6,25.0,23.5,36.0,0
128,2022-07,36.0,23.3,21.8,34.6,0
128,2022-08,34.6,19.6,23.1,38.1,0
128,2022-09,38.1,31.2,27.0,33.9,0
128,2022-10,33.9,21.2,25.0,37.7,0
128,2022-11,37.7,35.5,50.1,52.3,0
128,2022-12,52.3,38.0,28.7,43.0,0
128,2023-01,43.0,28.1,22.3,37.1,0
128,2023-02,37.1,23.4,22.1,35.8,0
128,2023-03,35.8,22.6,21.7,35.0,0
128,2023-04,35.0,23.8,22.7,33.9,0
128,2023-05,33.9,20.9,23.5,36.4,0
128,2023-06,36.4,21.1,21.8,37.1,0
128,2023-07,37.1,17.6,18.5,38.0,0
128,2023-08,38.0,20.1,17.6,35.5,0
128,2023-09,35.5,17.2,19.6,37.9,0
128,2023-10,37.9,25.0,21.9,34.8,0
128,2023-11,34.8,32.5,53.1,55.3,0
128,2023-12,55.3,27.1,18.2,46.5,0
128,2024-01,46.5,32.6,21.8,35.7,0
128,2024-02,35.7,15.1,15.7,36.3,0
128,2024-03,36.3,22.1,20.9,35.1,0
128,2024-04,35.1,21.5,20.6,34.2,0
128,2024-05,34.2,31.9,30.3,32.7,0
128,2024-06,32.7,19.4,24.3,37.6,0
128,2024-07,37.6,23.5,21.5,35.6,0
128,2024-08,35.6,21.8,20.7,34.5,0
128,2024-09,34.5,25.6,29.5,38.5,0
128,2024-10,38.5,25.2,24.4,37.7,0
128,2024-11,37.7,37.7,53.2,53.2,6
128,2024-12,53.2,29.7,20.6,44.0,0
128,2025-01,44.0,32.2,23.7,35.4,0
128,2025-02,35.4,17.9,17.9,35.5,0
128,2025-03,35.5,28.3,31.7,38.8,0
128,2025-04,38.8,25.2,24.1,37.7,0
128,2025-05,37.7,13.2,12.3,36.9,0
128,2025-06,36.9,24.7,22.5,34.6,0
128,2025-07,34.6,25.3,26.1,35.4,0
128,2025-08,35.4,35.1,38.1,38.4,0
128,2025-09,38.4,22.7,20.1,35.8,0
128,2025-10,35.8,13.7,15.4,37.5,0
128,2025-11,37.5,37.5,53.9,53.9,2
128,2025-12,53.9,22.7,16.1,47.3,0
129,2021-01,21.2,21.2,21.5,21.5,18
129,2021-02,21.5,21.5,18.5,18.5,16
129,2021-03,18.5,18.5,18.4,18.4,20
129,2021-04,18.4,18.4,18.9,18.9,20
129,2021-05,18.9,18.9,22.2,22.2,16
129,2021-06,22.2,22.2,22.2,22.2,12
129,2021-07,22.2,22.2,19.8,19.8,14
129,2021-08,19.8,19.8,21.7,21.7,14
129,2021-09,21.7,21.7,21.0,21.0,15
129,2021-10,21.0,21.0,18.4,18.4,10
129,2021-11,18.4,18.4,28.7,28.7,22
129,2021-12,28.7,28.7,26.5,26.5,16
129,2022-01,26.5,26.5,19.3,19.3,5
129,2022-02,19.3,19.3,21.8,21.8,17
129,2022-03,21.8,21.8,20.8,20.8,13
129,2022-04,20.8,20.8,19.4,19.4,13
129,2022-05,19.4,19.4,19.7,19.7,13
129,2022-06,19.7,19.7,19.8,19.8,14
129,2022-07,19.8,19.8,21.3,21.3,19
129,2022-08,21.3,21.3,21.8,21.8,15
129,2022-09,21.8,21.8,20.5,20.5,13
129,2022-10,20.5,20.5,21.8,21.8,17
129,2022-11,21.8,21.8,26.3,26.3,19
129,2022-12,26.3,26.3,26.1,26.1,16
129,2023-01,26.1,24.0,19.5,21.7,0
129,2023-02,21.7,21.7,21.9,21.9,18
129,2023-03,21.9,21.9,19.9,19.9,18
129,2023-04,19.9,19.9,19.7,19.7,19
129,2023-05,19.7,19.7,21.6,21.6,18
129,2023-06,21.6,21.6,19.8,19.8,15
129,2023-07,19.8,19.8,19.4,19.4,18
129,2023-08,19.4,19.4,19.4,19.4,18
129,2023-09,19.4,19.4,19.2,19.2,20
129,2023-10,19.2,19.2,18.8,18.8,16
129,2023-11,18.8,18.8,28.7,28.7,19
129,2023-12,28.7,28.7,23.3,23.3,10
129,2024-01,23.3,23.3,21.3,21.3,14
129,2024-02,21.3,21.3,18.2,18.2,11
129,2024-03,18.2,18.2,19.8,19.8,16
129,2024-04,19.8,19.8,19.5,19.5,11
129,2024-05,19.5,19.5,20.2,20.2,19
129,2024-06,20.2,20.2,22.1,22.1,10
129,2024-07,22.1,22.1,21.0,21.0,18
129,2024-08,21.0,21.0,18.1,18.1,7
129,2024-09,18.1,18.1,19.2,19.2,15
129,2024-10,19.2,19.2,19.0,19.0,11
129,2024-11,19.0,19.0,27.8,27.8,20
129,2024-12,27.8,27.8,22.9,22.9,16
129,2025-01,22.9,22.9,18.6,18.6,15
129,2025-02,18.6,18.6,19.2,19.2,15
129,2025-03,19.2,19.2,18.1,18.1,17
129,2025-04,18.1,18.1,21.2,21.2,9
129,2025-05,21.2,21.2,20.9,20.9,14
129,2025-06,20.9,20.9,20.6,20.6,14
129,2025-07,20.6,20.6,21.7,21.7,12
129,2025-08,21.7,21.7,19.4,19.4,16
129,2025-09,19.4,19.4,20.0,20.0,17
129,2025-10,20.0,20.0,20.3,20.3,19
129,2025-11,20.3,20.3,30.0,30.0,18
129,2025-12,30.0,30.0,23.0,23.0,14
130,2021-01,64.7,30.6,27.0,61.1,0
130,2021-02,61.1,29.3,32.5,64.3,0
130,2021-03,64.3,36.1,33.2,61.4,0
130,2021-04,61.4,40.4,44.6,65.7,0
130,2021-05,65.7,39.0,39.5,66.2,0
130,2021-06,66.2,32.2,31.7,65.8,0
130,2021-07,65.8,32.5,29.5,62.7,0
130,2021-08,62.7,29.5,28.1,61.3,0
130,2021-09,61.3,40.8,38.9,59.3,0
130,2021-10,59.3,44.6,48.7,63.4,0
130,2021-11,63.4,51.7,72.0,83.8,0
130,2021-12,83.8,43.3,38.0,78.4,0
130,2022-01,78.4,32.1,15.7,62.0,0
130,2022-02,62.0,41.7,42.4,62.7,0
130,2022-03,62.7,28.1,28.5,63.0,0
130,2022-04,63.0,34.0,32.4,61.4,0
130,2022-05,61.4,38.0,41.9,65.3,0
130,2022-06,65.3,28.4,28.7,65.6,0
130,2022-07,65.6,33.4,33.3,65.5,0
130,2022-08,65.5,27.1,24.8,63.3,0
130,2022-09,63.3,38.8,36.2,60.7,0
130,2022-10,60.7,36.0,39.8,64.6,0
130,2022-11,64.6,55.9,86.8,95.5,0
130,2022-12,95.5,46.3,33.2,82.4,0
130,2023-01,82.4,40.7,21.4,63.1,0
130,2023-02,63.1,33.2,36.5,66.4,0
130,2023-03,66.4,40.7,35.1,60.8,0
130,2023-04,60.8,30.2,31.0,61.5,0
130,2023-05,61.5,33.1,34.9,63.3,0
130,2023-06,63.3,30.3,27.6,60.6,0
130,2023-07,60.6,28.9,30.6,62.3,0
130,2023-08,62.3,38.0,36.8,61.1,0
130,2023-09,61.1,42.3,40.3,59.1,0
130,2023-10,59.1,33.3,33.4,59.2,0
130,2023-11,59.2,49.5,76.7,86.5,0
130,2023-12,86.5,40.3,30.3,76.5,0
130,2024-01,76.5,43.8,29.3,62.0,0
130,2024-02,62.0,24.6,25.8,63.2,0
130,2024-03,63.2,27.6,24.9,60.6,0
130,2024-04,60.6,38.2,42.0,64.4,0
130,2024-05,64.4,26.9,24.2,61.6,0
130,2024-06,61.6,45.1,50.3,66.9,0
130,2024-07,66.9,29.0,25.5,63.4,0
130,2024-08,63.4,35.4,37.2,65.2,0
130,2024-09,65.2,30.1,27.9,63.0,0
130,2024-10,63.0,32.2,33.4,64.2,0
130,2024-11,64.2,39.6,67.0,91.6,0
130,2024-12,91.6,44.1,31.6,79.1,0
130,2025-01,79.1,18.4,4.2,64.8,0
130,2025-02,64.8,39.6,35.7,60.9,0
130,2025-03,60.9,42.8,45.2,63.4,0
130,2025-04,63.4,40.0,39.9,63.2,0
130,2025-05,63.2,43.0,43.2,63.5,0
130,2025-06,63.5,42.2,40.2,61.4,0
130,2025-07,61.4,30.3,32.6,63.7,0
130,2025-08,63.7,41.9,36.9,58.7,0
130,2025-09,58.7,30.4,34.6,62.9,0
130,2025-10,62.9,43.7,41.8,61.0,0
130,2025-11,61.0,44.5,66.4,82.9,0
130,2025-12,82.9,48.4,40.0,74.5,0
131,2021-01,16.8,3.8,3.8,16.8,0
131,2021-02,16.8,3.7,3.5,16.6,0
131,2021-03,16.6,4.4,4.1,16.3,0
131,2021-04,16.3,3.4,4.0,16.9,0
131,2021-05,16.9,4.5,4.2,16.6,0
131,2021-06,16.6,4.0,3.8,16.4,0
131,2021-07,16.4,4.0,4.5,16.9,0
131,2021-08,16.9,4.8,4.9,16.9,0
131,2021-09,16.9,3.6,3.6,16.9,0
131,2021-10,16.9,4.8,4.0,16.1,0
131,2021-11,16.1,4.3,11.3,23.1,0
131,2021-12,23.1,4.1,1.7,20.7,0
131,2022-01,20.7,3.4,0.0,17.3,0
131,2022-02,17.3,2.4,1.9,16.8,0
131,2022-03,16.8,3.6,3.2,16.4,0
131,2022-04,16.4,4.1,4.4,16.6,0
131,2022-05,16.6,2.5,2.4,16.5,0
131,2022-06,16.5,3.9,3.8,16.5,0
131,2022-07,16.5,4.0,4.5,16.9,0
131,2022-08,16.9,3.3,2.6,16.3,0
131,2022-09,16.3,4.0,4.1,16.5,0
131,2022-10,16.5,3.2,3.1,16.3,0
131,2022-11,16.3,4.0,11.7,24.0,0
131,2022-12,24.0,4.3,1.2,20.9,0
131,2023-01,20.9,3.9,0.0,17.0,0
131,2023-02,17.0,3.9,3.7,16.8,0
131,2023-03,16.8,2.6,2.6,16.8,0
131,2023-04,16.8,3.2,3.1,16.7,0
131,2023-05,16.7,3.7,3.6,16.6,0
131,2023-06,16.6,4.6,4.7,16.8,0
131,2023-07,16.8,2.5,2.5,16.7,0
131,2023-08,16.7,4.3,4.5,16.9,0
131,2023-09,16.9,4.1,3.8,16.6,0
131,2023-10,16.6,3.3,3.2,16.4,0
131,2023-11,16.4,5.6,13.0,23.8,0
131,2023-12,23.8,5.4,2.2,20.7,0
131,2024-01,20.7,3.7,0.0,17.0,0
131,2024-02,17.0,3.0,2.9,16.9,0
131,2024-03,16.9,3.5,3.2,16.6,0
131,2024-04,16.6,4.4,4.0,16.2,0
131,2024-05,16.2,4.5,5.3,17.0,0
131,2024-06,17.0,5.4,4.9,16.5,0
131,2024-07,16.5,4.4,4.3,16.4,0
131,2024-08,16.4,4.2,4.0,16.2,0
131,2024-09,16.2,3.8,3.7,16.1,0
131,2024-10,16.1,3.8,4.6,16.9,0
131,2024-11,16.9,5.1,12.3,24.2,0
131,2024-12,24.2,3.7,0.6,21.0,0
131,2025-01,21.0,3.4,0.0,17.6,0
131,2025-02,17.6,4.1,3.4,16.8,0
131,2025-03,16.8,4.0,3.5,16.4,0
131,2025-04,16.4,3.6,3.5,16.4,0
131,2025-05,16.4,5.3,5.4,16.4,0
131,2025-06,16.4,4.2,4.6,16.8,0
131,2025-07,16.8,3.2,3.2,16.8,0
131,2025-08,16.8,2.4,2.2,16.6,0
131,2025-09,16.6,4.0,3.6,16.2,0
131,2025-10,16.2,3.1,3.3,16.4,0
131,2025-11,16.4,5.2,11.6,22.8,0
131,2025-12,22.8,4.5,2.5,20.9,0
132,2021-01,28.6,12.6,12.0,28.0,0
132,2021-02,28.0,13.4,13.3,27.9,0
132,2021-03,27.9,10.7,11.6,28.8,0
132,2021-04,28.8,18.5,17.4,27.7,0
132,2021-05,27.7,12.7,13.8,28.8,0
132,2021-06,28.8,13.4,12.9,28.3,0
132,2021-07,28.3,18.7,16.5,26.2,0
132,2021-08,26.2,12.3,13.9,27.8,0
132,2021-09,27.8,15.9,16.4,28.3,0
132,2021-10,28.3,15.2,13.7,26.8,0
132,2021-11,26.8,21.4,33.2,38.6,0
132,2021-12,38.6,18.8,14.5,34.3,0
132,2022-01,34.3,15.7,9.5,28.2,0
132,2022-02,28.2,19.1,18.7,27.8,0
132,2022-03,27.8,20.7,21.8,29.0,0
132,2022-04,29.0,19.8,17.4,26.6,0
132,2022-05,26.6,23.2,25.7,29.1,0
132,2022-06,29.1,23.2,23.2,29.1,0
132,2022-07,29.1,22.2,19.0,25.9,0
132,2022-08,25.9,18.8,22.4,29.5,0
132,2022-09,29.5,20.7,19.5,28.3,0
132,2022-10,28.3,15.9,15.1,27.5,0
132,2022-11,27.5,27.5,35.9,35.9,1
132,2022-12,35.9,24.6,22.1,33.5,0
132,2023-01,33.5,17.7,12.4,28.2,0
132,2023-02,28.2,20.3,19.1,27.0,0
132,2023-03,27.0,18.1,18.8,27.6,0
132,2023-04,27.6,18.6,20.2,29.2,0
132,2023-05,29.2,16.0,15.8,29.0,0
132,2023-06,29.0,15.0,13.9,27.9,0
132,2023-07,27.9,15.8,16.4,28.6,0
132,2023-08,28.6,21.5,20.0,27.1,0
132,2023-09,27.1,13.5,13.3,26.9,0
132,2023-10,26.9,19.9,20.6,27.6,0
132,2023-11,27.6,26.6,35.4,36.3,0
132,2023-12,36.3,17.3,17.2,36.2,0
132,2024-01,36.2,17.0,9.9,29.0,0
132,2024-02,29.0,15.1,14.6,28.5,0
132,2024-03,28.5,16.3,14.9,27.2,0
132,2024-04,27.2,22.9,20.9,25.1,0
132,2024-05,25.1,18.1,18.4,25.4,0
132,2024-06,25.4,21.6,25.8,29.7,0
132,2024-07,29.7,14.2,11.5,27.0,0
132,2024-08,27.0,13.0,14.8,28.8,0
132,2024-09,28.8,15.7,14.5,27.6,0
132,2024-10,27.6,16.7,15.1,26.0,0
132,2024-11,26.0,25.7,41.9,42.2,0
132,2024-12,42.2,18.6,12.6,36.2,0
132,2025-01,36.2,24.8,15.3,26.7,0
132,2025-02,26.7,20.0,19.7,26.4,0
132,2025-03,26.4,20.5,21.9,27.8,0
132,2025-04,27.8,20.1,20.3,28.1,0
132,2025-05,28.1,13.4,14.3,28.9,0
132,2025-06,28.9,16.8,16.5,28.6,0
132,2025-07,28.6,17.8,18.4,29.1,0
132,2025-08,29.1,17.6,15.4,26.9,0
132,2025-09,26.9,19.0,19.5,27.5,0
132,2025-10,27.5,15.6,15.1,27.1,0
132,2025-11,27.1,27.1,38.5,38.5,2
132,2025-12,38.5,19.4,15.0,34.1,0
133,2021-01,18.8,3.9,3.4,18.3,0
133,2021-02,18.3,4.2,4.8,18.9,0
133,2021-03,18.9,3.2,2.8,18.4,0
133,2021-04,18.4,4.9,4.6,18.1,0
133,2021-05,18.1,2.7,3.1,18.4,0
133,2021-06,18.4,3.8,4.3,18.9,0
133,2021-07,18.9,2.5,2.4,18.8,0
133,2021-08,18.8,3.1,2.7,18.4,0
133,2021-09,18.4,4.0,4.1,18.6,0
133,2021-10,18.6,2.9,2.8,18.5,0
133,2021-11,18.5,6.0,14.0,26.5,0
133,2021-12,26.5,5.5,2.4,23.5,0
133,2022-01,23.5,4.3,0.0,19.2,0
133,2022-02,19.2,3.4,2.7,18.5,0
133,2022-03,18.5,4.0,4.4,18.9,0
133,2022-04,18.9,3.1,2.6,18.5,0
133,2022-05,18.5,3.7,3.7,18.5,0
133,2022-06,18.5,4.2,4.4,18.7,0
133,2022-07,18.7,4.6,4.5,18.6,0
133,2022-08,18.6,3.0,3.2,18.7,0
133,2022-09,18.7,3.3,3.2,18.6,0
133,2022-10,18.6,3.8,3.8,18.6,0
133,2022-11,18.6,6.2,14.4,26.8,0
133,2022-12,26.8,5.0,1.7,23.5,0
133,2023-01,23.5,3.6,0.0,19.8,0
133,2023-02,19.8,3.4,2.3,18.7,0
133,2023-03,18.7,4.7,4.7,18.7,0
133,2023-04,18.7,4.1,3.9,18.5,0
133,2023-05,18.5,5.0,4.9,18.5,0
133,2023-06,18.5,3.3,3.7,18.8,0
133,2023-07,18.8,4.2,4.0,18.5,0
133,2023-08,18.5,4.8,5.0,18.7,0
133,2023-09,18.7,3.5,3.7,18.9,0
133,2023-10,18.9,5.3,4.9,18.5,0
133,2023-11,18.5,5.4,14.2,27.2,0
133,2023-12,27.2,4.2,0.5,23.5,0
133,2024-01,23.5,3.7,0.0,19.8,0
133,2024-02,19.8,4.4,3.4,18.7,0
133,2024-03,18.7,3.6,3.5,18.5,0
133,2024-04,18.5,3.6,4.0,18.9,0
133,2024-05,18.9,3.8,3.7,18.9,0
133,2024-06,18.9,3.9,3.3,18.3,0
133,2024-07,18.3,3.7,3.5,18.2,0
133,2024-08,18.2,4.1,4.3,18.3,0
133,2024-09,18.3,2.9,3.3,18.6,0
133,2024-10,18.6,3.6,3.6,18.7,0
133,2024-11,18.7,7.2,16.1,27.5,0
133,2024-12,27.5,5.0,1.0,23.5,0
133,2025-01,23.5,4.8,0.1,18.8,0
133,2025-02,18.8,3.5,3.3,18.6,0
133,2025-03,18.6,4.0,3.7,18.4,0
133,2025-04,18.4,4.1,4.5,18.7,0
133,2025-05,18.7,4.3,4.5,18.9,0
133,2025-06,18.9,2.2,2.0,18.7,0
133,2025-07,18.7,3.9,3.9,18.7,0
133,2025-08,18.7,4.4,4.4,18.6,0
133,2025-09,18.6,4.1,4.3,18.8,0
133,2025-10,18.8,2.8,2.7,18.6,0
133,2025-11,18.6,4.8,11.9,25.7,0
133,2025-12,25.7,4.9,2.8,23.5,0
134,2021-01,28.4,15.0,13.1,26.6,0
134,2021-02,26.6,12.7,13.6,27.4,0
134,2021-03,27.4,15.0,15.9,28.3,0
134,2021-04,28.3,19.4,18.6,27.5,0
134,2021-05,27.5,13.5,14.2,28.2,0
134,2021-06,28.2,12.1,12.6,28.7,0
134,2021-07,28.7,15.2,13.8,27.3,0
134,2021-08,27.3,13.5,14.0,27.8,0
134,2021-09,27.8,12.7,11.5,26.6,0
134,2021-10,26.6,15.6,17.8,28.8,0
134,2021-11,28.8,22.6,34.5,40.8,0
134,2021-12,40.8,21.5,16.6,35.8,0
134,2022-01,35.8,16.1,7.6,27.3,0
134,2022-02,27.3,15.0,13.8,26.2,0
134,2022-03,26.2,19.7,21.5,28.0,0
134,2022-04,28.0,16.1,16.7,28.7,0
134,2022-05,28.7,14.0,11.7,26.4,0
134,2022-06,26.4,16.8,19.1,28.7,0
134,2022-07,28.7,13.7,11.7,26.7,0
134,2022-08,26.7,16.0,17.2,27.9,0
134,2022-09,27.9,12.9,13.6,28.6,0
134,2022-10,28.6,14.9,15.2,28.9,0
134,2022-11,28.9,21.3,35.0,42.6,0
134,2022-12,42.6,18.9,10.3,34.0,0
134,2023-01,34.0,15.5,9.1,27.5,0
134,2023-02,27.5,14.3,14.6,27.9,0
134,2023-03,27.9,13.5,12.8,27.2,0
134,2023-04,27.2,18.1,20.2,29.3,0
134,2023-05,29.3,14.0,11.8,27.1,0
134,2023-06,27.1,16.0,15.3,26.4,0
134,2023-07,26.4,12.7,13.7,27.4,0
134,2023-08,27.4,13.8,13.8,27.4,0
134,2023-09,27.4,14.6,16.0,28.8,0
134,2023-10,28.8,17.3,15.9,27.4,0
134,2023-11,27.4,18.8,29.7,38.2,0
134,2023-12,38.2,20.7,18.9,36.4,0
134,2024-01,36.4,15.3,6.4,27.4,0
134,2024-02,27.4,18.0,16.4,25.8,0
134,2024-03,25.8,14.0,15.4,27.3,0
134,2024-04,27.3,12.7,12.6,27.1,0
134,2024-05,27.1,8.6,9.9,28.5,0
134,2024-06,28.5,9.6,8.2,27.1,0
134,2024-07,27.1,10.8,10.4,26.7,0
134,2024-08,26.7,21.6,24.2,29.3,0
134,2024-09,29.3,11.8,9.6,27.1,0
134,2024-10,27.1,13.8,13.5,26.8,0
134,2024-11,26.8,25.1,41.2,42.9,0
134,2024-12,42.9,14.7,6.5,34.8,0
134,2025-01,34.8,13.1,6.6,28.2,0
134,2025-02,28.2,17.2,16.6,27.7,0
134,2025-03,27.7,14.8,14.5,27.4,0
134,2025-04,27.4,10.7,12.2,28.8,0
134,2025-05,28.8,13.1,11.8,27.6,0
134,2025-06,27.6,17.7,18.1,28.0,0
134,2025-07,28.0,9.2,9.1,27.8,0
134,2025-08,27.8,18.6,16.9,26.2,0
134,2025-09,26.2,18.8,20.9,28.2,0
134,2025-10,28.2,14.6,14.5,28.1,0
134,2025-11,28.1,17.3,31.4,42.2,0
134,2025-12,42.2,21.3,12.9,33.8,0
135,2021-01,46.6,25.4,22.0,43.1,0
135,2021-02,43.1,19.3,23.0,46.8,0
135,2021-03,46.8,28.5,28.6,46.9,0
135,2021-04,46.9,29.7,27.2,44.4,0
135,2021-05,44.4,28.8,28.4,44.0,0
135,2021-06,44.0,25.2,23.7,42.5,0
135,2021-07,42.5,21.2,26.1,47.4,0
135,2021-08,47.4,24.9,23.2,45.6,0
135,2021-09,45.6,23.7,23.5,45.4,0
135,2021-10,45.4,31.3,27.8,41.9,0
135,2021-11,41.9,36.9,60.8,65.9,0
135,2021-12,65.9,30.5,20.6,56.0,0
135,2022-01,56.0,27.3,17.9,46.6,0
135,2022-02,46.6,19.2,16.6,44.0,0
135,2022-03,44.0,23.2,25.5,46.4,0
135,2022-04,46.4,28.4,28.5,46.5,0
135,2022-05,46.5,28.0,26.9,45.4,0
135,2022-06,45.4,17.7,16.8,44.6,0
135,2022-07,44.6,22.9,25.7,47.4,0
135,2022-08,47.4,28.0,24.0,43.4,0
135,2022-09,43.4,26.6,26.3,43.2,0
135,2022-10,43.2,16.5,19.5,46.2,0
135,2022-11,46.2,40.3,56.3,62.1,0
135,2022-12,62.1,30.6,24.3,55.8,0
135,2023-01,55.8,21.0,11.7,46.6,0
135,2023-02,46.6,29.5,30.5,47.6,0
135,2023-03,47.6,23.7,21.8,45.7,0
135,2023-04,45.7,27.4,25.8,44.1,0
135,2023-05,44.1,19.7,20.5,44.9,0
135,2023-06,44.9,29.3,29.8,45.4,0
135,2023-07,45.4,20.6,20.7,45.5,0
135,2023-08,45.5,20.8,20.7,45.4,0
135,2023-09,45.4,24.7,22.1,42.8,0
135,2023-10,42.8,21.6,23.8,45.0,0
135,2023-11,45.0,28.0,43.1,60.2,0
135,2023-12,60.2,30.9,26.3,55.6,0
135,2024-01,55.6,20.5,10.5,45.6,0
135,2024-02,45.6,29.5,29.8,45.9,0
135,2024-03,45.9,27.9,28.8,46.8,0
135,2024-04,46.8,20.9,21.1,47.0,0
135,2024-05,47.0,28.3,26.2,44.9,0
135,2024-06,44.9,16.5,15.7,44.0,0
135,2024-07,44.0,29.5,28.8,43.4,0
135,2024-08,43.4,25.0,29.1,47.4,0
135,2024-09,47.4,23.8,20.7,44.3,0
135,2024-10,44.3,17.9,20.5,46.8,0
135,2024-11,46.8,34.2,52.7,65.4,0
135,2024-12,65.4,23.3,16.4,58.5,0
135,2025-01,58.5,18.9,6.8,46.4,0
135,2025-02,46.4,25.2,23.3,44.5,0
135,2025-03,44.5,29.9,27.7,42.2,0
135,2025-04,42.2,22.8,23.3,42.7,0
135,2025-05,42.7,21.4,26.2,47.5,0
135,2025-06,47.5,25.1,21.2,43.6,0
135,2025-07,43.6,27.7,27.3,43.2,0
135,2025-08,43.2,28.9,29.6,43.9,0
135,2025-09,43.9,30.4,33.1,46.6,0
135,2025-10,46.6,19.0,18.1,45.6,0
135,2025-11,45.6,37.8,52.9,60.7,0
135,2025-12,60.7,26.8,21.5,55.4,0
136,2021-01,67.1,22.4,19.7,64.4,0
136,2021-02,64.4,22.1,21.5,63.8,0
136,2021-03,63.8,22.4,26.0,67.4,0
136,2021-04,67.4,16.3,15.4,66.4,0
136,2021-05,66.4,22.1,20.9,65.2,0
136,2021-06,65.2,17.9,18.6,65.9,0
136,2021-07,65.9,23.6,23.7,66.0,0
136,2021-08,66.0,25.7,26.1,66.4,0
136,2021-09,66.4,18.1,16.9,65.2,0
136,2021-10,65.2,25.6,23.8,63.4,0
136,2021-11,63.4,26.2,55.5,92.6,0
136,2021-12,92.6,28.1,17.5,82.0,0
136,2022-01,82.0,15.4,0.4,67.1,0
136,2022-02,67.1,20.6,20.9,67.3,0
136,2022-03,67.3,19.8,18.3,65.9,0
136,2022-04,65.9,18.0,16.9,64.8,0
136,2022-05,64.8,21.5,22.1,65.4,0
136,2022-06,65.4,18.3,19.7,66.8,0
136,2022-07,66.8,12.4,12.0,66.3,0
136,2022-08,66.3,20.8,18.9,64.4,0
136,2022-09,64.4,18.7,21.4,67.1,0
136,2022-10,67.1,21.2,20.1,66.0,0
136,2022-11,66.0,24.5,50.4,91.9,0
136,2022-12,91.9,30.3,22.4,84.1,0
136,2023-01,84.1,18.6,1.6,67.1,0
136,2023-02,67.1,18.8,19.0,67.3,0
136,2023-03,67.3,19.3,17.3,65.3,0
136,2023-04,65.3,20.6,23.6,68.3,0
136,2023-05,68.3,24.2,23.4,67.5,0
136,2023-06,67.5,21.1,17.8,64.2,0
136,2023-07,64.2,16.3,17.4,65.2,0
136,2023-08,65.2,20.2,21.7,66.6,0
136,2023-09,66.6,19.9,20.8,67.5,0
136,2023-10,67.5,11.7,10.0,65.8,0
136,2023-11,65.8,25.3,57.3,97.8,0
136,2023-12,97.8,23.3,9.2,83.8,0
136,2024-01,83.8,20.0,3.0,66.8,0
136,2024-02,66.8,24.9,25.5,67.4,0
136,2024-03,67.4,17.8,16.0,65.6,0
136,2024-04,65.6,16.5,18.2,67.3,0
136,2024-05,67.3,22.1,19.8,65.0,0
136,2024-06,65.0,18.8,20.8,67.0,0
136,2024-07,67.0,19.6,20.0,67.3,0
136,2024-08,67.3,15.6,14.4,66.2,0
136,2024-09,66.2,11.9,11.5,65.7,0
136,2024-10,65.7,20.6,19.2,64.3,0
136,2024-11,64.3,27.1,51.9,89.2,0
136,2024-12,89.2,24.4,20.0,84.7,0
136,2025-01,84.7,18.7,1.0,67.0,0
136,2025-02,67.0,19.1,16.6,64.6,0
136,2025-03,64.6,16.2,17.8,66.2,0
136,2025-04,66.2,24.7,25.1,66.7,0
136,2025-05,66.7,27.2,28.5,68.0,0
136,2025-06,68.0,18.5,15.5,65.0,0
136,2025-07,65.0,20.0,19.0,64.1,0
136,2025-08,64.1,18.9,22.7,67.8,0
136,2025-09,67.8,21.9,19.5,65.4,0
136,2025-10,65.4,23.9,26.3,67.9,0
136,2025-11,67.9,29.9,57.2,95.1,0
136,2025-12,95.1,20.4,9.4,84.2,0
137,2021-01,22.8,18.1,18.4,23.1,0
137,2021-02,23.1,21.0,19.4,21.5,0
137,2021-03,21.5,17.8,17.4,21.2,0
137,2021-04,21.2,21.2,23.2,23.2,4
137,2021-05,23.2,20.7,21.3,23.8,0
137,2021-06,23.8,17.2,15.7,22.3,0
137,2021-07,22.3,20.5,21.0,22.8,0
137,2021-08,22.8,16.9,15.8,21.7,0
137,2021-09,21.7,14.2,13.5,21.0,0
137,2021-10,21.0,16.9,17.3,21.4,0
137,2021-11,21.4,21.4,33.3,33.3,7
137,2021-12,33.3,24.5,17.9,26.7,0
137,2022-01,26.7,20.4,15.3,21.6,0
137,2022-02,21.6,16.6,16.5,21.4,0
137,2022-03,21.4,16.1,15.0,20.4,0
137,2022-04,20.4,20.0,21.3,21.7,0
137,2022-05,21.7,12.9,13.7,22.5,0
137,2022-06,22.5,14.7,14.7,22.4,0
137,2022-07,22.4,21.1,21.3,22.7,0
137,2022-08,22.7,14.3,14.9,23.3,0
137,2022-09,23.3,18.0,17.3,22.7,0
137,2022-10,22.7,20.3,18.2,20.5,0
137,2022-11,20.5,20.5,32.1,32.1,5
137,2022-12,32.1,17.8,12.5,26.9,0
137,2023-01,26.9,17.8,11.8,20.9,0
137,2023-02,20.9,20.9,20.0,20.0,3
137,2023-03,20.0,17.2,19.3,22.0,0
137,2023-04,22.0,19.0,17.4,20.5,0
137,2023-05,20.5,19.8,20.6,21.4,0
137,2023-06,21.4,18.9,20.0,22.5,0
137,2023-07,22.5,20.1,19.4,21.8,0
137,2023-08,21.8,16.3,16.0,21.5,0
137,2023-09,21.5,15.8,15.9,21.5,0
137,2023-10,21.5,20.1,19.9,21.3,0
137,2023-11,21.3,21.3,30.0,30.0,8
137,2023-12,30.0,26.2,25.1,28.9,0
137,2024-01,28.9,13.9,7.8,22.9,0
137,2024-02,22.9,22.9,19.7,19.7,0
137,2024-03,19.7,15.5,17.7,21.9,0
137,2024-04,21.9,16.7,16.7,21.9,0
137,2024-05,21.9,20.6,20.6,21.8,0
137,2024-06,21.8,21.8,23.5,23.5,1
137,2024-07,23.5,16.6,14.9,21.8,0
137,2024-08,21.8,17.7,18.0,22.1,0
137,2024-09,22.1,16.7,18.2,23.6,0
137,2024-10,23.6,19.0,18.5,23.1,0
137,2024-11,23.1,23.1,30.4,30.4,4
137,2024-12,30.4,24.3,19.1,25.3,0
137,2025-01,25.3,16.1,13.1,22.3,0
137,2025-02,22.3,14.5,13.7,21.5,0
137,2025-03,21.5,19.1,20.1,22.5,0
137,2025-04,22.5,22.5,21.2,21.2,1
137,2025-05,21.2,16.9,16.6,21.0,0
137,2025-06,21.0,21.0,22.8,22.8,3
137,2025-07,22.8,19.1,20.0,23.7,0
137,2025-08,23.7,21.5,18.3,20.5,0
137,2025-09,20.5,18.7,20.7,22.5,0
137,2025-10,22.5,22.5,22.6,22.6,5
137,2025-11,22.6,22.6,33.3,33.3,4
137,2025-12,33.3,18.3,12.8,27.9,0
138,2021-01,9.7,5.5,4.9,9.1,0
138,2021-02,9.1,5.3,5.8,9.6,0
138,2021-03,9.6,6.5,6.6,9.8,0
138,2021-04,9.8,4.0,3.8,9.6,0
138,2021-05,9.6,6.6,6.4,9.5,0
138,2021-06,9.5,5.7,5.2,9.0,0
138,2021-07,9.0,5.2,5.4,9.2,0
138,2021-08,9.2,6.6,7.5,10.0,0
138,2021-09,10.0,6.5,5.6,9.1,0
138,2021-10,9.1,6.3,6.2,9.0,0
138,2021-11,9.0,9.0,13.6,13.6,0
138,2021-12,13.6,7.4,5.9,12.2,0
138,2022-01,12.2,5.3,2.9,9.8,0
138,2022-02,9.8,5.2,5.2,9.8,0
138,2022-03,9.8,6.0,5.5,9.3,0
138,2022-04,9.3,5.1,5.3,9.4,0
138,2022-05,9.4,4.9,5.4,9.9,0
138,2022-06,9.9,4.9,4.9,9.9,0
138,2022-07,9.9,3.6,3.5,9.7,0
138,2022-08,9.7,5.5,5.8,10.0,0
138,2022-09,10.0,5.1,5.0,9.9,0
138,2022-10,9.9,5.6,4.9,9.2,0
138,2022-11,9.2,9.0,12.6,12.8,0
138,2022-12,12.8,5.5,4.8,12.2,0
138,2023-01,12.2,5.8,3.2,9.6,0
138,2023-02,9.6,5.9,5.7,9.4,0
138,2023-03,9.4,5.3,4.8,8.9,0
138,2023-04,8.9,4.8,5.0,9.1,0
138,2023-05,9.1,6.8,6.9,9.2,0
138,2023-06,9.2,3.1,3.3,9.5,0
138,2023-07,9.5,5.5,5.8,9.7,0
138,2023-08,9.7,3.7,3.8,9.8,0
138,2023-09,9.8,6.7,5.8,8.9,0
138,2023-10,8.9,6.3,6.5,9.2,0
138,2023-11,9.2,8.6,11.8,12.4,0
138,2023-12,12.4,7.5,7.2,12.0,0
138,2024-01,12.0,3.3,0.9,9.7,0
138,2024-02,9.7,6.3,6.1,9.6,0
138,2024-03,9.6,5.7,5.2,9.1,0
138,2024-04,9.1,6.0,6.6,9.7,0
138,2024-05,9.7,6.0,5.9,9.6,0
138,2024-06,9.6,5.3,5.1,9.3,0
138,2024-07,9.3,7.5,7.0,8.8,0
138,2024-08,8.8,6.8,7.6,9.6,0
138,2024-09,9.6,6.0,6.1,9.7,0
138,2024-10,9.7,4.9,4.6,9.4,0
138,2024-11,9.4,8.3,11.1,12.2,0
138,2024-12,12.2,7.3,6.4,11.3,0
138,2025-01,11.3,6.6,4.3,9.0,0
138,2025-02,9.0,6.2,6.3,9.2,0
138,2025-03,9.2,6.4,7.0,9.8,0
138,2025-04,9.8,5.9,5.5,9.4,0
138,2025-05,9.4,6.0,5.4,8.8,0
138,2025-06,8.8,6.2,7.4,10.1,0
138,2025-07,10.1,6.7,5.6,8.9,0
138,2025-08,8.9,7.4,8.5,10.0,0
138,2025-09,10.0,6.1,5.0,8.9,0
138,2025-10,8.9,4.5,5.0,9.3,0
138,2025-11,9.3,8.6,13.0,13.7,0
138,2025-12,13.7,7.6,5.9,12.1,0
139,2021-01,10.7,6.7,6.1,10.1,0
139,2021-02,10.1,7.2,8.0,10.9,0
139,2021-03,10.9,5.5,4.6,10.0,0
139,2021-04,10.0,9.3,9.2,9.8,0
139,2021-05,9.8,6.3,6.3,9.8,0
139,2021-06,9.8,9.5,10.6,10.9,0
139,2021-07,10.9,8.1,7.1,9.9,0
139,2021-08,9.9,7.6,8.1,10.4,0
139,2021-09,10.4,6.6,7.1,10.9,0
139,2021-10,10.9,8.6,8.0,10.3,0
139,2021-11,10.3,10.3,14.0,14.0,2
139,2021-12,14.0,8.0,7.1,13.2,0
139,2022-01,13.2,7.3,5.0,10.9,0
139,2022-02,10.9,6.9,6.6,10.5,0
139,2022-03,10.5,6.2,5.7,10.0,0
139,2022-04,10.0,7.0,7.8,10.8,0
139,2022-05,10.8,6.3,5.5,10.0,0
139,2022-06,10.0,6.2,6.5,10.3,0
139,2022-07,10.3,5.7,6.2,10.8,0
139,2022-08,10.8,7.0,6.2,10.0,0
139,2022-09,10.0,6.9,7.0,10.0,0
139,2022-10,10.0,6.1,6.5,10.4,0
139,2022-11,10.4,10.4,14.1,14.1,3
139,2022-12,14.1,10.7,8.9,12.3,0
139,2023-01,12.3,8.1,5.9,10.1,0
139,2023-02,10.1,5.2,5.3,10.2,0
139,2023-03,10.2,7.2,7.7,10.8,0
139,2023-04,10.8,7.7,6.6,9.7,0
139,2023-05,9.7,8.0,9.1,10.8,0
139,2023-06,10.8,9.1,8.5,10.2,0
139,2023-07,10.2,8.0,8.0,10.3,0
139,2023-08,10.3,7.5,8.2,11.0,0
139,2023-09,11.0,8.4,8.1,10.7,0
139,2023-10,10.7,7.9,8.2,11.0,0
139,2023-11,11.0,11.0,15.4,15.4,2
139,2023-12,15.4,10.9,9.2,13.7,0
139,2024-01,13.7,6.7,3.2,10.2,0
139,2024-02,10.2,6.1,6.5,10.6,0
139,2024-03,10.6,7.1,7.1,10.7,0
139,2024-04,10.7,10.1,9.0,9.6,0
139,2024-05,9.6,7.8,9.3,11.1,0
139,2024-06,11.1,7.7,7.4,10.9,0
139,2024-07,10.9,7.6,6.6,9.9,0
139,2024-08,9.9,7.3,7.6,10.2,0
139,2024-09,10.2,7.2,7.6,10.6,0
139,2024-10,10.6,6.6,6.8,10.8,0
139,2024-11,10.8,10.8,15.3,15.3,3
139,2024-12,15.3,9.3,6.4,12.4,0
139,2025-01,12.4,9.4,7.6,10.7,0
139,2025-02,10.7,6.7,6.4,10.4,0
139,2025-03,10.4,6.4,5.8,9.8,0
139,2025-04,9.8,7.9,8.5,10.4,0
139,2025-05,10.4,7.0,6.4,9.7,0
139,2025-06,9.7,7.2,7.2,9.7,0
139,2025-07,9.7,7.8,8.7,10.6,0
139,2025-08,10.6,8.2,8.5,10.9,0
139,2025-09,10.9,5.4,5.4,10.9,0
139,2025-10,10.9,3.9,3.6,10.6,0
139,2025-11,10.6,9.7,15.0,15.8,0
139,2025-12,15.8,5.7,3.4,13.5,0
140,2021-01,16.1,8.5,7.5,15.1,0
140,2021-02,15.1,12.9,13.0,15.2,0
140,2021-03,15.2,15.2,15.8,15.8,2
140,2021-04,15.8,12.5,12.0,15.3,0
140,2021-05,15.3,10.5,9.6,14.4,0
140,2021-06,14.4,14.4,15.5,15.5,0
140,2021-07,15.5,12.9,11.9,14.6,0
140,2021-08,14.6,13.3,15.4,16.6,0
140,2021-09,16.6,12.5,11.5,15.6,0
140,2021-10,15.6,14.5,12.8,13.9,0
140,2021-11,13.9,13.9,21.9,21.9,11
140,2021-12,21.9,15.9,12.9,18.9,0
140,2022-01,18.9,15.7,11.8,15.0,0
140,2022-02,15.0,9.9,10.7,15.7,0
140,2022-03,15.7,11.8,12.4,16.3,0
140,2022-04,16.3,9.7,8.2,14.9,0
140,2022-05,14.9,13.0,14.3,16.2,0
140,2022-06,16.2,12.5,11.2,14.9,0
140,2022-07,14.9,12.5,12.2,14.5,0
140,2022-08,14.5,12.2,13.5,15.8,0
140,2022-09,15.8,8.7,9.4,16.5,0
140,2022-10,16.5,15.0,14.6,16.1,0
140,2022-11,16.1,16.1,21.8,21.8,8
140,2022-12,21.8,12.9,10.1,19.0,0
140,2023-01,19.0,10.4,6.6,15.2,0
140,2023-02,15.2,12.0,11.9,15.1,0
140,2023-03,15.1,12.7,13.5,16.0,0
140,2023-04,16.0,12.3,10.6,14.3,0
140,2023-05,14.3,12.5,14.3,16.1,0
140,2023-06,16.1,12.5,10.9,14.5,0
140,2023-07,14.5,14.5,14.3,14.3,1
140,2023-08,14.3,11.5,11.8,14.5,0
140,2023-09,14.5,14.5,16.1,16.1,3
140,2023-10,16.1,14.8,12.6,13.9,0
140,2023-11,13.9,13.9,23.9,23.9,6
140,2023-12,23.9,16.6,12.7,19.9,0
140,2024-01,19.9,12.7,9.3,16.5,0
140,2024-02,16.5,10.1,8.3,14.7,0
140,2024-03,14.7,9.8,9.8,14.7,0
140,2024-04,14.7,11.5,12.0,15.2,0
140,2024-05,15.2,13.0,12.3,14.4,0
140,2024-06,14.4,11.4,13.2,16.2,0
140,2024-07,16.2,15.5,13.0,13.8,0
140,2024-08,13.8,13.8,16.7,16.7,1
140,2024-09,16.7,9.8,8.9,15.9,0
140,2024-10,15.9,9.7,9.5,15.7,0
140,2024-11,15.7,15.7,20.9,20.9,4
140,2024-12,20.9,16.0,13.3,18.2,0
140,2025-01,18.2,11.4,9.0,15.8,0
140,2025-02,15.8,10.2,10.9,16.5,0
140,2025-03,16.5,12.0,10.0,14.5,0
140,2025-04,14.5,11.5,12.3,15.3,0
140,2025-05,15.3,9.9,9.8,15.2,0
140,2025-06,15.2,9.2,9.5,15.5,0
140,2025-07,15.5,10.2,9.2,14.5,0
140,2025-08,14.5,14.5,15.0,15.0,7
140,2025-09,15.0,8.5,8.5,14.9,0
140,2025-10,14.9,9.3,9.8,15.4,0
140,2025-11,15.4,15.4,23.9,23.9,2
140,2025-12,23.9,15.0,11.1,19.9,0
141,2021-01,61.6,22.0,22.2,61.8,0
141,2021-02,61.8,16.6,14.4,59.6,0
141,2021-03,59.6,14.0,16.5,62.2,0
141,2021-04,62.2,17.7,16.6,61.1,0
141,2021-05,61.1,16.2,15.4,60.3,0
141,2021-06,60.3,15.4,16.1,61.0,0
141,2021-07,61.0,15.6,14.2,59.7,0
141,2021-08,59.7,21.7,23.9,61.9,0
141,2021-09,61.9,21.5,18.3,58.7,0
141,2021-10,58.7,16.7,18.2,60.2,0
141,2021-11,60.2,32.0,55.2,83.4,0
141,2021-12,83.4,23.9,17.8,77.3,0
141,2022-01,77.3,18.9,3.3,61.7,0
141,2022-02,61.7,23.6,24.1,62.1,0
141,2022-03,62.1,16.1,14.7,60.8,0
141,2022-04,60.8,16.2,15.6,60.2,0
141,2022-05,60.2,15.8,16.7,61.1,0
141,2022-06,61.1,18.4,16.9,59.6,0
141,2022-07,59.6,16.2,18.5,61.8,0
141,2022-08,61.8,13.6,13.3,61.5,0
141,2022-09,61.5,21.2,21.6,61.9,0
141,2022-10,61.9,16.9,14.4,59.4,0
141,2022-11,59.4,24.3,55.8,90.9,0
141,2022-12,90.9,24.6,9.1,75.5,0
141,2023-01,75.5,17.7,3.8,61.5,0
141,2023-02,61.5,18.7,16.8,59.7,0
141,2023-03,59.7,18.5,21.2,62.4,0
141,2023-04,62.4,14.0,13.7,62.0,0
141,2023-05,62.0,15.3,13.3,60.1,0
141,2023-06,60.1,12.0,12.2,60.3,0
141,2023-07,60.3,20.1,21.1,61.3,0
141,2023-08,61.3,13.6,14.3,62.0,0
141,2023-09,62.0,21.3,18.3,59.0,0
141,2023-10,59.0,13.5,14.5,60.0,0
141,2023-11,60.0,29.2,51.7,82.5,0
141,2023-12,82.5,22.2,17.3,77.6,0
141,2024-01,77.6,18.5,2.3,61.3,0
141,2024-02,61.3,17.9,18.5,61.9,0
141,2024-03,61.9,17.9,16.3,60.3,0
141,2024-04,60.3,22.1,20.3,58.6,0
141,2024-05,58.6,17.8,18.7,59.4,0
141,2024-06,59.4,19.1,19.4,59.7,0
141,2024-07,59.7,8.3,10.5,62.0,0
141,2024-08,62.0,16.1,15.9,61.7,0
141,2024-09,61.7,13.4,13.1,61.5,0
141,2024-10,61.5,14.1,13.5,60.9,0
141,2024-11,60.9,27.0,50.1,84.0,0
141,2024-12,84.0,24.0,17.6,77.6,0
141,2025-01,77.6,20.2,4.1,61.5,0
141,2025-02,61.5,19.7,19.7,61.5,0
141,2025-03,61.5,17.1,17.9,62.3,0
141,2025-04,62.3,20.9,17.3,58.8,0
141,2025-05,58.8,24.0,23.8,58.7,0
141,2025-06,58.7,13.3,14.2,59.6,0
141,2025-07,59.6,16.3,17.2,60.5,0
141,2025-08,60.5,21.3,21.6,60.7,0
141,2025-09,60.7,18.2,17.9,60.5,0
141,2025-10,60.5,20.6,18.7,58.6,0
141,2025-11,58.6,27.2,55.8,87.2,0
141,2025-12,87.2,20.8,10.4,76.9,0
142,2021-01,19.9,16.1,14.4,18.2,0
142,2021-02,18.2,14.7,17.1,20.5,0
142,2021-03,20.5,12.8,11.5,19.2,0
142,2021-04,19.2,12.2,12.4,19.4,0
142,2021-05,19.4,12.8,13.3,19.9,0
142,2021-06,19.9,14.1,14.5,20.3,0
142,2021-07,20.3,16.8,17.0,20.5,0
142,2021-08,20.5,16.7,15.2,19.0,0
142,2021-09,19.0,10.9,10.8,18.9,0
142,2021-10,18.9,14.7,15.5,19.7,0
142,2021-11,19.7,15.9,23.4,27.1,0
142,2021-12,27.1,15.5,13.5,25.1,0
142,2022-01,25.1,13.0,7.6,19.7,0
142,2022-02,19.7,11.7,10.9,18.9,0
142,2022-03,18.9,13.2,14.3,20.1,0
142,2022-04,20.1,9.7,9.0,19.4,0
142,2022-05,19.4,14.1,14.9,20.2,0
142,2022-06,20.2,13.6,12.2,18.8,0
142,2022-07,18.8,9.9,10.4,19.3,0
142,2022-08,19.3,12.2,11.9,19.0,0
142,2022-09,19.0,12.5,11.5,18.0,0
142,2022-10,18.0,9.0,11.0,20.1,0
142,2022-11,20.1,15.6,23.9,28.3,0
142,2022-12,28.3,19.3,16.3,25.3,0
142,2023-01,25.3,13.3,7.4,19.4,0
142,2023-02,19.4,11.5,11.2,19.1,0
142,2023-03,19.1,8.8,9.6,19.9,0
142,2023-04,19.9,14.7,15.3,20.5,0
142,2023-05,20.5,11.4,11.1,20.2,0
142,2023-06,20.2,14.9,14.9,20.2,0
142,2023-07,20.2,15.5,13.2,17.9,0
142,2023-08,17.9,12.9,13.3,18.4,0
142,2023-09,18.4,14.2,15.4,19.6,0
142,2023-10,19.6,16.9,15.6,18.3,0
142,2023-11,18.3,18.3,26.8,26.8,5
142,2023-12,26.8,17.3,15.0,24.5,0
142,2024-01,24.5,13.1,8.6,20.1,0
142,2024-02,20.1,11.3,10.9,19.7,0
142,2024-03,19.7,12.3,11.8,19.3,0
142,2024-04,19.3,11.2,12.2,20.2,0
142,2024-05,20.2,8.3,7.1,19.0,0
142,2024-06,19.0,15.2,15.4,19.2,0
142,2024-07,19.2,9.2,10.2,20.3,0
142,2024-08,20.3,11.9,11.2,19.6,0
142,2024-09,19.6,11.9,11.9,19.6,0
142,2024-10,19.6,13.4,14.1,20.3,0
142,2024-11,20.3,19.4,27.5,28.5,0
142,2024-12,28.5,16.7,11.9,23.6,0
142,2025-01,23.6,15.3,10.5,18.8,0
142,2025-02,18.8,14.9,16.3,20.2,0
142,2025-03,20.2,14.7,13.0,18.6,0
142,2025-04,18.6,7.3,8.8,20.1,0
142,2025-05,20.1,17.3,17.3,20.1,0
142,2025-06,20.1,14.0,13.3,19.4,0
142,2025-07,19.4,19.4,17.3,17.3,1
142,2025-08,17.3,12.0,14.7,20.0,0
142,2025-09,20.0,13.5,13.0,19.5,0
142,2025-10,19.5,13.4,12.5,18.7,0
142,2025-11,18.7,16.6,23.5,25.6,0
142,2025-12,25.6,16.7,16.6,25.6,0
143,2021-01,71.5,22.7,20.9,69.8,0
143,2021-02,69.8,13.1,15.1,71.8,0
143,2021-03,71.8,16.6,16.3,71.6,0
143,2021-04,71.6,12.5,11.0,70.1,0
143,2021-05,70.1,20.4,20.1,69.9,0
143,2021-06,69.9,16.8,19.0,72.0,0
143,2021-07,72.0,19.4,18.9,71.5,0
143,2021-08,71.5,19.4,17.8,70.0,0
143,2021-09,70.0,14.9,15.5,70.6,0
143,2021-10,70.6,10.8,10.1,69.9,0
143,2021-11,69.9,19.8,53.0,103.1,0
143,2021-12,103.1,20.9,6.9,89.1,0
143,2022-01,89.1,17.5,0.0,71.6,0
143,2022-02,71.6,16.2,15.2,70.6,0
143,2022-03,70.6,15.9,17.3,72.0,0
143,2022-04,72.0,9.2,7.7,70.5,0
143,2022-05,70.5,19.6,18.0,68.9,0
143,2022-06,68.9,13.2,15.6,71.3,0
143,2022-07,71.3,12.8,13.5,72.0,0
143,2022-08,72.0,16.1,16.1,72.1,0
143,2022-09,72.1,10.3,8.4,70.2,0
143,2022-10,70.2,11.0,12.2,71.4,0
143,2022-11,71.4,26.0,52.0,97.3,0
143,2022-12,97.3,21.9,13.7,89.1,0
143,2023-01,89.1,15.5,0.0,73.5,0
143,2023-02,73.5,14.4,11.2,70.3,0
143,2023-03,70.3,13.5,14.6,71.4,0
143,2023-04,71.4,17.0,14.9,69.3,0
143,2023-05,69.3,17.0,19.5,71.7,0
143,2023-06,71.7,17.5,15.2,69.5,0
143,2023-07,69.5,17.4,19.5,71.5,0
143,2023-08,71.5,17.9,18.3,72.0,0
143,2023-09,72.0,16.0,16.0,72.0,0
143,2023-10,72.0,13.6,13.5,71.8,0
143,2023-11,71.8,23.9,50.8,98.7,0
143,2023-12,98.7,17.7,7.5,88.5,0
143,2024-01,88.5,14.7,0.0,73.8,0
143,2024-02,73.8,18.8,14.2,69.2,0
143,2024-03,69.2,12.9,15.6,71.9,0
143,2024-04,71.9,18.3,18.0,71.6,0
143,2024-05,71.6,19.3,19.4,71.6,0
143,2024-06,71.6,18.9,17.3,70.0,0
143,2024-07,70.0,13.4,14.3,71.0,0
143,2024-08,71.0,18.2,17.3,70.0,0
143,2024-09,70.0,17.8,19.8,72.0,0
143,2024-10,72.0,20.2,19.8,71.6,0
143,2024-11,71.6,19.0,48.0,100.7,0
143,2024-12,100.7,24.4,11.3,87.6,0
143,2025-01,87.6,12.2,0.0,75.5,0
143,2025-02,75.5,16.8,12.5,71.2,0
143,2025-03,71.2,13.2,14.1,72.0,0
143,2025-04,72.0,15.3,14.6,71.3,0
143,2025-05,71.3,15.7,13.5,69.2,0
143,2025-06,69.2,18.9,21.3,71.6,0
143,2025-07,71.6,15.2,13.1,69.6,0
143,2025-08,69.6,19.6,20.2,70.2,0
143,2025-09,70.2,17.2,17.7,70.8,0
143,2025-10,70.8,14.9,16.3,72.1,0
143,2025-11,72.1,23.9,55.5,103.7,0
143,2025-12,103.7,25.3,10.7,89.2,0
144,2021-01,11.2,6.3,5.5,10.3,0
144,2021-02,10.3,4.5,5.1,10.9,0
144,2021-03,10.9,5.2,5.5,11.2,0
144,2021-04,11.2,5.9,5.2,10.6,0
144,2021-05,10.6,5.5,6.3,11.3,0
144,2021-06,11.3,4.1,4.0,11.2,0
144,2021-07,11.2,4.5,4.5,11.3,0
144,2021-08,11.3,5.2,5.1,11.2,0
144,2021-09,11.2,4.5,4.6,11.4,0
144,2021-10,11.4,4.0,3.9,11.3,0
144,2021-11,11.3,5.1,9.2,15.4,0
144,2021-12,15.4,7.3,5.7,13.8,0
144,2022-01,13.8,6.0,3.0,10.7,0
144,2022-02,10.7,4.0,4.3,11.0,0
144,2022-03,11.0,5.6,5.9,11.2,0
144,2022-04,11.2,3.8,3.8,11.3,0
144,2022-05,11.3,6.1,5.4,10.6,0
144,2022-06,10.6,7.7,7.5,10.4,0
144,2022-07,10.4,5.6,6.3,11.0,0
144,2022-08,11.0,4.9,5.2,11.3,0
144,2022-09,11.3,4.3,3.9,11.0,0
144,2022-10,11.0,4.0,4.3,11.3,0
144,2022-11,11.3,7.4,11.4,15.2,0
144,2022-12,15.2,5.2,3.5,13.6,0
144,2023-01,13.6,4.9,2.2,10.9,0
144,2023-02,10.9,6.7,7.0,11.2,0
144,2023-03,11.2,5.5,4.7,10.5,0
144,2023-04,10.5,5.8,6.3,10.9,0
144,2023-05,10.9,4.1,4.5,11.3,0
144,2023-06,11.3,5.4,5.1,11.1,0
144,2023-07,11.1,5.2,5.0,10.9,0
144,2023-08,10.9,4.5,4.8,11.2,0
144,2023-09,11.2,5.2,4.5,10.5,0
144,2023-10,10.5,3.4,3.8,10.9,0
144,2023-11,10.9,8.2,13.4,16.1,0
144,2023-12,16.1,5.8,3.4,13.6,0
144,2024-01,13.6,5.7,3.0,10.9,0
144,2024-02,10.9,5.1,4.7,10.6,0
144,2024-03,10.6,5.3,5.2,10.5,0
144,2024-04,10.5,5.7,6.2,10.9,0
144,2024-05,10.9,7.3,6.4,10.1,0
144,2024-06,10.1,4.5,5.0,10.6,0
144,2024-07,10.6,4.9,5.3,11.0,0
144,2024-08,11.0,4.3,4.0,10.6,0
144,2024-09,10.6,6.0,5.8,10.4,0
144,2024-10,10.4,5.6,6.0,10.8,0
144,2024-11,10.8,8.1,14.1,16.8,0
144,2024-12,16.8,8.3,4.6,13.1,0
144,2025-01,13.1,6.9,4.6,10.8,0
144,2025-02,10.8,6.3,6.7,11.2,0
144,2025-03,11.2,6.6,5.8,10.4,0
144,2025-04,10.4,4.1,5.1,11.4,0
144,2025-05,11.4,4.5,3.9,10.8,0
144,2025-06,10.8,5.4,5.5,10.9,0
144,2025-07,10.9,6.1,5.7,10.5,0
144,2025-08,10.5,4.2,4.1,10.5,0
144,2025-09,10.5,7.2,7.3,10.5,0
144,2025-10,10.5,4.6,4.7,10.7,0
144,2025-11,10.7,7.6,11.7,14.7,0
144,2025-12,14.7,6.3,5.1,13.5,0
145,2021-01,12.3,2.6,2.3,12.0,0
145,2021-02,12.0,2.4,2.6,12.2,0
145,2021-03,12.2,2.4,2.6,12.4,0
145,2021-04,12.4,2.5,2.3,12.2,0
145,2021-05,12.2,2.8,3.1,12.4,0
145,2021-06,12.4,3.1,3.0,12.3,0
145,2021-07,12.3,3.2,2.8,12.0,0
145,2021-08,12.0,3.0,3.2,12.2,0
145,2021-09,12.2,2.3,2.1,11.9,0
145,2021-10,11.9,2.7,2.6,11.9,0
145,2021-11,11.9,5.2,9.9,16.6,0
145,2021-12,16.6,3.5,2.1,15.2,0
145,2022-01,15.2,3.0,0.1,12.3,0
145,2022-02,12.3,2.7,2.7,12.3,0
145,2022-03,12.3,3.3,3.2,12.1,0
145,2022-04,12.1,2.2,2.0,11.9,0
145,2022-05,11.9,2.8,2.9,12.1,0
145,2022-06,12.1,3.2,3.0,11.9,0
145,2022-07,11.9,3.4,3.8,12.3,0
145,2022-08,12.3,3.1,2.7,11.9,0
145,2022-09,11.9,2.9,2.9,11.9,0
145,2022-10,11.9,3.5,3.9,12.3,0
145,2022-11,12.3,5.1,9.2,16.5,0
145,2022-12,16.5,4.3,3.0,15.2,0
145,2023-01,15.2,2.7,0.0,12.4,0
145,2023-02,12.4,3.2,2.8,12.1,0
145,2023-03,12.1,2.2,2.4,12.3,0
145,2023-04,12.3,3.2,2.7,11.8,0
145,2023-05,11.8,3.0,3.5,12.3,0
145,2023-06,12.3,2.9,2.5,11.9,0
145,2023-07,11.9,3.6,3.9,12.3,0
145,2023-08,12.3,2.9,2.7,12.1,0
145,2023-09,12.1,3.2,3.1,12.0,0
145,2023-10,12.0,2.5,2.6,12.1,0
145,2023-11,12.1,5.2,10.7,17.6,0
145,2023-12,17.6,3.8,1.5,15.3,0
145,2024-01,15.3,3.5,0.5,12.3,0
145,2024-02,12.3,3.9,3.8,12.2,0
145,2024-03,12.2,2.9,2.6,12.0,0
145,2024-04,12.0,3.6,3.6,12.0,0
145,2024-05,12.0,3.4,3.8,12.4,0
145,2024-06,12.4,3.1,2.8,12.2,0
145,2024-07,12.2,3.8,3.9,12.3,0
145,2024-08,12.3,2.7,2.5,12.1,0
145,2024-09,12.1,4.1,4.2,12.2,0
145,2024-10,12.2,3.3,3.2,12.1,0
145,2024-11,12.1,4.8,10.1,17.4,0
145,2024-12,17.4,3.7,1.6,15.3,0
145,2025-01,15.3,3.4,0.3,12.2,0
145,2025-02,12.2,3.4,3.3,12.1,0
145,2025-03,12.1,3.8,3.4,11.7,0
145,2025-04,11.7,3.1,3.3,11.9,0
145,2025-05,11.9,2.3,2.8,12.4,0
145,2025-06,12.4,3.3,3.2,12.3,0
145,2025-07,12.3,2.8,2.5,12.0,0
145,2025-08,12.0,2.3,2.2,11.9,0
145,2025-09,11.9,3.9,4.2,12.2,0
145,2025-10,12.2,3.2,3.3,12.3,0
145,2025-11,12.3,4.8,10.6,18.1,0
145,2025-12,18.1,4.0,1.1,15.2,0
146,2021-01,5.4,2.0,2.1,5.5,0
146,2021-02,5.5,3.6,3.2,5.1,0
146,2021-03,5.1,2.8,2.9,5.2,0
146,2021-04,5.2,2.5,2.8,5.4,0
146,2021-05,5.4,3.5,3.1,5.0,0
146,2021-06,5.0,2.1,2.2,5.2,0
146,2021-07,5.2,2.6,2.5,5.1,0
146,2021-08,5.1,3.0,3.2,5.3,0
146,2021-09,5.3,3.2,2.9,5.0,0
146,2021-10,5.0,2.6,2.6,5.0,0
146,2021-11,5.0,4.4,6.9,7.5,0
146,2021-12,7.5,3.4,2.3,6.4,0
146,2022-01,6.4,1.9,0.9,5.4,0
146,2022-02,5.4,2.6,2.3,5.1,0
146,2022-03,5.1,3.8,4.1,5.4,0
146,2022-04,5.4,2.4,2.4,5.3,0
146,2022-05,5.3,2.3,2.1,5.2,0
146,2022-06,5.2,2.9,2.8,5.1,0
146,2022-07,5.1,3.0,3.1,5.2,0
146,2022-08,5.2,3.3,3.7,5.6,0
146,2022-09,5.6,3.3,3.3,5.6,0
146,2022-10,5.6,3.1,2.9,5.4,0
146,2022-11,5.4,5.1,7.6,7.9,0
146,2022-12,7.9,3.6,2.1,6.4,0
146,2023-01,6.4,3.4,2.1,5.2,0
146,2023-02,5.2,2.8,2.8,5.2,0
146,2023-03,5.2,4.0,4.1,5.3,0
146,2023-04,5.3,3.7,4.0,5.6,0
146,2023-05,5.6,2.9,2.4,5.1,0
146,2023-06,5.1,2.0,2.5,5.5,0
146,2023-07,5.5,2.2,2.1,5.5,0
146,2023-08,5.5,2.3,2.3,5.4,0
146,2023-09,5.4,3.3,3.2,5.3,0
146,2023-10,5.3,2.5,2.6,5.5,0
146,2023-11,5.5,4.7,7.3,8.1,0
146,2023-12,8.1,3.7,2.3,6.7,0
146,2024-01,6.7,1.6,0.4,5.4,0
146,2024-02,5.4,3.6,3.7,5.5,0
146,2024-03,5.5,3.3,3.2,5.5,0
146,2024-04,5.5,3.4,3.5,5.6,0
146,2024-05,5.6,2.6,2.3,5.3,0
146,2024-06,5.3,2.8,2.7,5.2,0
146,2024-07,5.2,1.9,2.2,5.5,0
146,2024-08,5.5,2.2,1.8,5.1,0
146,2024-09,5.1,3.1,3.6,5.6,0
146,2024-10,5.6,3.0,2.6,5.1,0
146,2024-11,5.1,5.1,6.8,6.8,3
146,2024-12,6.8,3.1,3.0,6.7,0
146,2025-01,6.7,2.9,1.6,5.4,0
146,2025-02,5.4,3.4,3.4,5.5,0
146,2025-03,5.5,2.2,2.2,5.4,0
146,2025-04,5.4,3.0,3.2,5.6,0
146,2025-05,5.6,4.0,3.8,5.4,0
146,2025-06,5.4,2.7,2.4,5.1,0
146,2025-07,5.1,2.5,2.5,5.0,0
146,2025-08,5.0,2.2,2.3,5.1,0
146,2025-09,5.1,3.0,3.4,5.5,0
146,2025-10,5.5,2.9,2.9,5.5,0
146,2025-11,5.5,4.1,6.7,8.1,0
146,2025-12,8.1,3.8,2.2,6.6,0
147,2021-01,82.6,39.6,35.7,78.8,0
147,2021-02,78.8,33.8,37.7,82.8,0
147,2021-03,82.8,33.2,34.0,83.6,0
147,2021-04,83.6,32.0,27.6,79.2,0
147,2021-05,79.2,40.1,39.7,78.8,0
147,2021-06,78.8,33.1,35.6,81.2,0
147,2021-07,81.2,40.5,43.1,83.8,0
147,2021-08,83.8,30.3,25.7,79.2,0
147,2021-09,79.2,38.9,41.5,81.9,0
147,2021-10,81.9,37.7,40.2,84.4,0
147,2021-11,84.4,53.2,78.9,110.1,0
147,2021-12,110.1,39.5,32.4,103.0,0
147,2022-01,103.0,32.4,10.8,81.4,0
147,2022-02,81.4,40.9,43.7,84.2,0
147,2022-03,84.2,43.7,38.3,78.8,0
147,2022-04,78.8,32.8,35.8,81.9,0
147,2022-05,81.9,34.7,36.5,83.7,0
147,2022-06,83.7,35.7,31.1,79.1,0
147,2022-07,79.1,46.2,52.2,85.1,0
147,2022-08,85.1,27.3,25.4,83.2,0
147,2022-09,83.2,30.5,26.1,78.8,0
147,2022-10,78.8,40.0,40.8,79.6,0
147,2022-11,79.6,52.2,91.7,119.1,0
147,2022-12,119.1,39.3,24.1,103.9,0
147,2023-01,103.9,37.0,14.1,81.0,0
147,2023-02,81.0,30.2,32.4,83.3,0
147,2023-03,83.3,37.3,31.6,77.6,0
147,2023-04,77.6,43.7,42.9,76.8,0
147,2023-05,76.8,47.2,52.2,81.9,0
147,2023-06,81.9,47.5,50.3,84.7,0
147,2023-07,84.7,41.5,36.2,79.4,0
147,2023-08,79.4,26.0,25.2,78.6,0
147,2023-09,78.6,40.4,45.4,83.6,0
147,2023-10,83.6,38.8,34.7,79.4,0
147,2023-11,79.4,51.9,86.0,113.6,0
147,2023-12,113.6,51.9,38.8,100.5,0
147,2024-01,100.5,28.8,9.5,81.2,0
147,2024-02,81.2,45.5,48.7,84.4,0
147,2024-03,84.4,32.9,31.7,83.3,0
147,2024-04,83.3,41.1,38.9,81.0,0
147,2024-05,81.0,37.4,33.4,77.0,0
147,2024-06,77.0,33.1,33.4,77.3,0
147,2024-07,77.3,43.6,44.4,78.1,0
147,2024-08,78.1,33.7,39.4,83.9,0
147,2024-09,83.9,36.0,32.1,80.0,0
147,2024-10,80.0,33.4,32.6,79.2,0
147,2024-11,79.2,65.3,109.3,123.3,0
147,2024-12,123.3,40.6,18.3,101.0,0
147,2025-01,101.0,34.7,14.3,80.7,0
147,2025-02,80.7,32.6,32.2,80.3,0
147,2025-03,80.3,28.5,31.9,83.7,0
147,2025-04,83.7,45.5,38.8,77.0,0
147,2025-05,77.0,37.5,36.9,76.3,0
147,2025-06,76.3,40.7,42.8,78.5,0
147,2025-07,78.5,34.5,39.6,83.6,0
147,2025-08,83.6,39.6,39.7,83.8,0
147,2025-09,83.8,38.3,34.0,79.6,0
147,2025-10,79.6,44.4,49.5,84.6,0
147,2025-11,84.6,50.5,87.0,121.1,0
147,2025-12,121.1,54.1,36.7,103.7,0
148,2021-01,11.7,4.4,4.5,11.8,0
148,2021-02,11.8,6.9,7.1,11.9,0
148,2021-03,11.9,5.2,5.1,11.8,0
148,2021-04,11.8,5.7,5.3,11.5,0
148,2021-05,11.5,6.3,5.5,10.7,0
148,2021-06,10.7,7.7,7.8,10.8,0
148,2021-07,10.8,6.1,6.9,11.5,0
148,2021-08,11.5,6.3,6.3,11.5,0
148,2021-09,11.5,6.1,5.5,10.9,0
148,2021-10,10.9,5.9,6.5,11.5,0
148,2021-11,11.5,9.4,15.4,17.4,0
148,2021-12,17.4,7.5,4.1,14.1,0
148,2022-01,14.1,6.3,3.7,11.4,0
148,2022-02,11.4,5.2,5.4,11.6,0
148,2022-03,11.6,5.0,4.9,11.5,0
148,2022-04,11.5,7.2,7.4,11.7,0
148,2022-05,11.7,5.8,5.9,11.8,0
148,2022-06,11.8,3.4,3.4,11.7,0
148,2022-07,11.7,5.4,4.9,11.2,0
148,2022-08,11.2,4.9,5.6,11.9,0
148,2022-09,11.9,5.9,5.5,11.5,0
148,2022-10,11.5,5.3,5.2,11.4,0
148,2022-11,11.4,9.2,13.7,15.9,0
148,2022-12,15.9,6.6,5.5,14.8,0
148,2023-01,14.8,4.6,1.3,11.5,0
148,2023-02,11.5,5.2,5.1,11.4,0
148,2023-03,11.4,5.1,5.4,11.7,0
148,2023-04,11.7,3.1,2.7,11.3,0
148,2023-05,11.3,5.4,5.1,11.0,0
148,2023-06,11.0,5.4,5.8,11.4,0
148,2023-07,11.4,5.7,5.2,10.9,0
148,2023-08,10.9,5.7,6.5,11.7,0
148,2023-09,11.7,4.3,4.5,11.8,0
148,2023-10,11.8,6.1,5.9,11.7,0
148,2023-11,11.7,7.2,12.5,17.0,0
148,2023-12,17.0,6.4,3.5,14.1,0
148,2024-01,14.1,4.0,1.7,11.8,0
148,2024-02,11.8,4.3,4.1,11.6,0
148,2024-03,11.6,8.1,8.6,12.1,0
148,2024-04,12.1,6.9,5.9,11.0,0
148,2024-05,11.0,7.3,8.0,11.8,0
148,2024-06,11.8,5.7,4.9,10.9,0
148,2024-07,10.9,4.5,5.2,11.6,0
148,2024-08,11.6,4.5,4.4,11.5,0
148,2024-09,11.5,6.6,6.9,11.9,0
148,2024-10,11.9,5.4,4.5,10.9,0
148,2024-11,10.9,8.6,14.8,17.1,0
148,2024-12,17.1,7.9,4.7,13.9,0
148,2025-01,13.9,5.9,3.3,11.3,0
148,2025-02,11.3,7.0,7.1,11.4,0
148,2025-03,11.4,4.8,4.4,11.0,0
148,2025-04,11.0,4.8,5.6,11.8,0
148,2025-05,11.8,3.9,3.9,11.8,0
148,2025-06,11.8,5.8,4.8,10.9,0
148,2025-07,10.9,5.3,5.8,11.4,0
148,2025-08,11.4,4.0,3.7,11.1,0
148,2025-09,11.1,5.2,5.1,11.0,0
148,2025-10,11.0,5.4,5.5,11.0,0
148,2025-11,11.0,8.2,13.0,15.8,0
148,2025-12,15.8,9.6,8.6,14.8,0
149,2021-01,11.1,6.1,6.4,11.4,0
149,2021-02,11.4,5.7,5.0,10.7,0
149,2021-03,10.7,6.1,5.6,10.3,0
149,2021-04,10.3,4.9,5.9,11.3,0
149,2021-05,11.3,6.9,6.9,11.3,0
149,2021-06,11.3,5.2,5.1,11.2,0
149,2021-07,11.2,3.9,3.3,10.6,0
149,2021-08,10.6,4.5,5.3,11.3,0
149,2021-09,11.3,2.6,2.3,11.0,0
149,2021-10,11.0,6.1,6.3,11.2,0
149,2021-11,11.2,8.8,12.0,14.3,0
149,2021-12,14.3,6.5,6.3,14.2,0
149,2022-01,14.2,4.5,1.3,11.0,0
149,2022-02,11.0,5.6,5.3,10.7,0
149,2022-03,10.7,5.3,5.1,10.5,0
149,2022-04,10.5,5.3,5.5,10.7,0
149,2022-05,10.7,5.9,5.8,10.6,0
149,2022-06,10.6,4.9,5.3,11.0,0
149,2022-07,11.0,4.7,4.9,11.3,0
149,2022-08,11.3,6.3,5.8,10.8,0
149,2022-09,10.8,4.1,3.9,10.6,0
149,2022-10,10.6,5.6,6.3,11.2,0
149,2022-11,11.2,6.2,11.2,16.2,0
149,2022-12,16.2,6.5,3.6,13.3,0
149,2023-01,13.3,4.7,2.2,10.7,0
149,2023-02,10.7,5.4,5.9,11.2,0
149,2023-03,11.2,5.6,4.8,10.4,0
149,2023-04,10.4,5.0,5.4,10.8,0
149,2023-05,10.8,6.5,7.0,11.4,0
149,2023-06,11.4,5.0,4.4,10.7,0
149,2023-07,10.7,5.3,4.9,10.3,0
149,2023-08,10.3,6.5,7.1,10.8,0
149,2023-09,10.8,4.0,3.9,10.7,0
149,2023-10,10.7,4.9,4.9,10.7,0
149,2023-11,10.7,6.8,11.7,15.7,0
149,2023-12,15.7,7.7,5.7,13.6,0
149,2024-01,13.6,3.7,1.1,11.0,0
149,2024-02,11.0,5.4,4.7,10.3,0
149,2024-03,10.3,5.8,6.9,11.4,0
149,2024-04,11.4,7.6,6.6,10.4,0
149,2024-05,10.4,4.6,4.7,10.5,0
149,2024-06,10.5,6.0,6.7,11.3,0
149,2024-07,11.3,5.9,5.8,11.2,0
149,2024-08,11.2,5.5,5.6,11.3,0
149,2024-09,11.3,5.4,5.2,11.1,0
149,2024-10,11.1,6.0,6.0,11.1,0
149,2024-11,11.1,7.8,12.6,15.9,0
149,2024-12,15.9,6.4,4.0,13.5,0
149,2025-01,13.5,5.6,3.2,11.1,0
149,2025-02,11.1,5.6,5.6,11.1,0
149,2025-03,11.1,6.5,5.9,10.5,0
149,2025-04,10.5,5.0,5.4,10.9,0
149,2025-05,10.9,6.5,5.8,10.2,0
149,2025-06,10.2,6.6,6.6,10.3,0
149,2025-07,10.3,6.3,6.1,10.1,0
149,2025-08,10.1,5.1,5.5,10.5,0
149,2025-09,10.5,5.4,5.4,10.5,0
149,2025-10,10.5,5.9,6.3,10.9,0
149,2025-11,10.9,8.5,13.4,15.9,0
149,2025-12,15.9,4.9,2.7,13.7,0
150,2021-01,34.2,18.7,18.8,34.3,0
150,2021-02,34.3,13.1,11.2,32.3,0
150,2021-03,32.3,14.7,16.1,33.7,0
150,2021-04,33.7,14.4,15.4,34.7,0
150,2021-05,34.7,14.8,12.9,32.8,0
150,2021-06,32.8,13.6,15.3,34.4,0
150,2021-07,34.4,15.6,14.8,33.7,0
150,2021-08,33.7,15.9,15.2,33.0,0
150,2021-09,33.0,14.6,13.8,32.2,0
150,2021-10,32.2,16.9,18.6,33.8,0
150,2021-11,33.8,25.5,36.5,44.8,0
150,2021-12,44.8,21.2,18.3,42.0,0
150,2022-01,42.0,17.3,8.4,33.1,0
150,2022-02,33.1,8.8,9.2,33.5,0
150,2022-03,33.5,11.6,10.9,32.8,0
150,2022-04,32.8,16.8,16.5,32.4,0
150,2022-05,32.4,15.9,17.9,34.5,0
150,2022-06,34.5,19.5,17.7,32.7,0
150,2022-07,32.7,17.3,18.4,33.8,0
150,2022-08,33.8,21.9,19.7,31.6,0
150,2022-09,31.6,17.7,17.8,31.7,0
150,2022-10,31.7,17.6,18.8,33.0,0
150,2022-11,33.0,24.6,37.9,46.3,0
150,2022-12,46.3,18.4,13.6,41.5,0
150,2023-01,41.5,13.6,6.1,34.0,0
150,2023-02,34.0,19.6,19.8,34.2,0
150,2023-03,34.2,15.2,14.0,33.0,0
150,2023-04,33.0,18.3,19.7,34.4,0
150,2023-05,34.4,13.7,14.0,34.7,0
150,2023-06,34.7,16.0,13.8,32.5,0
150,2023-07,32.5,10.1,11.0,33.3,0
150,2023-08,33.3,11.5,11.1,32.9,0
150,2023-09,32.9,16.4,18.4,34.9,0
150,2023-10,34.9,13.0,10.8,32.8,0
150,2023-11,32.8,20.6,33.2,45.3,0
150,2023-12,45.3,20.2,16.6,41.7,0
150,2024-01,41.7,22.0,12.3,32.0,0
150,2024-02,32.0,14.4,17.3,35.0,0
150,2024-03,35.0,14.3,12.3,33.0,0
150,2024-04,33.0,16.0,17.8,34.8,0
150,2024-05,34.8,18.4,18.6,34.9,0
150,2024-06,34.9,12.8,11.0,33.1,0
150,2024-07,33.1,15.5,14.8,32.5,0
150,2024-08,32.5,12.7,13.4,33.1,0
150,2024-09,33.1,13.9,15.0,34.2,0
150,2024-10,34.2,19.0,17.1,32.4,0
150,2024-11,32.4,24.9,39.5,47.0,0
150,2024-12,47.0,19.0,14.4,42.4,0
150,2025-01,42.4,18.2,10.0,34.2,0
150,2025-02,34.2,18.1,18.6,34.7,0
150,2025-03,34.7,13.2,11.1,32.6,0
150,2025-04,32.6,15.3,16.2,33.5,0
150,2025-05,33.5,19.0,20.4,34.9,0
150,2025-06,34.9,18.7,15.4,31.6,0
150,2025-07,31.6,20.9,23.6,34.4,0
150,2025-08,34.4,19.4,17.2,32.2,0
150,2025-09,32.2,15.6,16.6,33.1,0
150,2025-10,33.1,16.5,17.0,33.7,0
150,2025-11,33.7,28.4,39.6,44.9,0
150,2025-12,44.9,21.4,17.7,41.2,0
151,2021-01,79.7,79.7,83.0,83.0,11
151,2021-02,83.0,83.0,72.8,72.8,14
151,2021-03,72.8,72.8,81.8,81.8,11
151,2021-04,81.8,81.8,72.4,72.4,13
151,2021-05,72.4,72.4,75.3,75.3,13
151,2021-06,75.3,75.3,79.8,79.8,17
151,2021-07,79.8,79.8,70.1,70.1,6
151,2021-08,70.1,70.1,81.0,81.0,13
151,2021-09,81.0,81.0,81.0,81.0,13
151,2021-10,81.0,81.0,79.4,79.4,13
151,2021-11,79.4,79.4,121.2,121.2,17
151,2021-12,121.2,121.2,104.0,104.0,6
151,2022-01,104.0,104.0,79.9,79.9,6
151,2022-02,79.9,79.9,81.1,81.1,11
151,2022-03,81.1,81.1,83.7,83.7,10
151,2022-04,83.7,83.7,74.9,74.9,13
151,2022-05,74.9,74.9,80.6,80.6,15
151,2022-06,80.6,80.6,80.2,80.2,8
151,2022-07,80.2,80.2,68.5,68.5,5
151,2022-08,68.5,68.5,81.5,81.5,16
151,2022-09,81.5,81.5,68.7,68.7,12
151,2022-10,68.7,68.7,79.5,79.5,15
151,2022-11,79.5,79.5,113.8,113.8,18
151,2022-12,113.8,113.8,102.7,102.7,11
151,2023-01,102.7,102.7,79.9,79.9,8
151,2023-02,79.9,79.9,67.9,67.9,10
151,2023-03,67.9,67.9,80.5,80.5,15
151,2023-04,80.5,80.5,79.0,79.0,1
151,2023-05,79.0,79.0,74.8,74.8,4
151,2023-06,74.8,74.8,79.9,79.9,10
151,2023-07,79.9,79.9,73.6,73.6,10
151,2023-08,73.6,73.6,71.2,71.2,10
151,2023-09,71.2,71.2,78.5,78.5,10
151,2023-10,78.5,78.5,71.0,71.0,12
151,2023-11,71.0,71.0,101.0,101.0,17
151,2023-12,101.0,101.0,100.6,100.6,11
151,2024-01,100.6,100.6,80.0,80.0,1
151,2024-02,80.0,80.0,77.4,77.4,12
151,2024-03,77.4,77.4,75.1,75.1,16
151,2024-04,75.1,75.1,83.6,83.6,10
151,2024-05,83.6,82.8,76.8,77.6,0
151,2024-06,77.6,77.6,68.0,68.0,14
151,2024-07,68.0,68.0,72.4,72.4,8
151,2024-08,72.4,72.4,71.5,71.5,11
151,2024-09,71.5,71.5,71.5,71.5,16
151,2024-10,71.5,71.5,68.2,68.2,11
151,2024-11,68.2,68.2,121.2,121.2,19
151,2024-12,121.2,121.2,86.6,86.6,7
151,2025-01,86.6,86.6,81.4,81.4,7
151,2025-02,81.4,81.4,77.6,77.6,13
151,2025-03,77.6,77.6,80.4,80.4,14
151,2025-04,80.4,80.4,80.9,80.9,2
151,2025-05,80.9,80.9,79.7,79.7,14
151,2025-06,79.7,79.7,74.6,74.6,9
151,2025-07,74.6,74.6,82.7,82.7,15
151,2025-08,82.7,82.7,81.8,81.8,5
151,2025-09,81.8,81.8,68.1,68.1,4
151,2025-10,68.1,68.1,79.7,79.7,17
151,2025-11,79.7,79.7,121.1,121.1,18
151,2025-12,121.1,121.1,93.8,93.8,8
152,2021-01,303.3,50.8,48.0,300.5,0
152,2021-02,300.5,74.7,68.0,293.7,0
152,2021-03,293.7,70.9,68.7,291.4,0
152,2021-04,291.4,64.6,75.9,302.7,0
152,2021-05,302.7,57.9,54.5,299.4,0
152,2021-06,299.4,73.8,80.1,305.6,0
152,2021-07,305.6,66.6,59.6,298.6,0
152,2021-08,298.6,75.8,74.1,296.9,0
152,2021-09,296.9,52.5,55.8,300.2,0
152,2021-10,300.2,57.9,62.0,304.3,0
152,2021-11,304.3,107.3,232.8,429.8,0
152,2021-12,429.8,62.2,11.1,378.7,0
152,2022-01,378.7,50.0,0.0,328.7,0
152,2022-02,328.7,73.4,44.1,299.5,0
152,2022-03,299.5,59.3,60.7,301.0,0
152,2022-04,301.0,60.2,58.7,299.5,0
152,2022-05,299.5,63.7,57.6,293.4,0
152,2022-06,293.4,68.4,67.7,292.7,0
152,2022-07,292.7,69.8,74.4,297.3,0
152,2022-08,297.3,62.9,71.8,306.1,0
152,2022-09,306.1,68.7,60.2,297.7,0
152,2022-10,297.7,56.2,59.0,300.5,0
152,2022-11,300.5,95.4,236.5,441.6,0
152,2022-12,441.6,66.4,3.8,379.0,0
152,2023-01,379.0,57.1,0.0,321.8,0
152,2023-02,321.8,56.9,36.2,301.1,0
152,2023-03,301.1,82.4,87.9,306.6,0
152,2023-04,306.6,52.5,49.9,304.0,0
152,2023-05,304.0,58.5,55.8,301.3,0
152,2023-06,301.3,69.3,69.1,301.1,0
152,2023-07,301.1,61.7,59.5,298.9,0
152,2023-08,298.9,70.4,75.8,304.3,0
152,2023-09,304.3,57.1,57.7,304.9,0
152,2023-10,304.9,75.3,75.3,304.8,0
152,2023-11,304.8,99.2,218.1,423.7,0
152,2023-12,423.7,92.6,49.2,380.2,0
152,2024-01,380.2,74.7,0.0,305.5,0
152,2024-02,305.5,65.6,59.9,299.7,0
152,2024-03,299.7,36.3,36.9,300.4,0
152,2024-04,300.4,66.6,70.7,304.5,0
152,2024-05,304.5,55.7,47.0,295.8,0
152,2024-06,295.8,70.0,68.1,293.9,0
152,2024-07,293.9,73.6,73.8,294.1,0
152,2024-08,294.1,60.0,64.2,298.3,0
152,2024-09,298.3,54.8,57.9,301.5,0
152,2024-10,301.5,62.4,63.3,302.3,0
152,2024-11,302.3,101.9,203.6,404.0,0
152,2024-12,404.0,97.8,65.1,371.2,0
152,2025-01,371.2,62.3,0.0,308.9,0
152,2025-02,308.9,57.8,45.8,297.0,0
152,2025-03,297.0,55.2,63.6,305.4,0
152,2025-04,305.4,65.5,65.1,305.0,0
152,2025-05,305.0,51.4,46.4,300.0,0
152,2025-06,300.0,53.8,49.2,295.4,0
152,2025-07,295.4,63.3,67.3,299.4,0
152,2025-08,299.4,51.5,52.2,300.1,0
152,2025-09,300.1,55.7,50.4,294.8,0
152,2025-10,294.8,57.9,61.6,298.5,0
152,2025-11,298.5,96.8,233.6,435.3,0
152,2025-12,435.3,96.2,35.3,374.4,0
153,2021-01,8.1,5.7,5.9,8.3,0
153,2021-02,8.3,7.4,6.8,7.7,0
153,2021-03,7.7,5.6,5.1,7.3,0
153,2021-04,7.3,6.6,7.5,8.2,0
153,2021-05,8.2,6.8,5.8,7.2,0
153,2021-06,7.2,6.8,7.7,8.1,0
153,2021-07,8.1,6.4,6.6,8.2,0
153,2021-08,8.2,8.2,7.3,7.3,1
153,2021-09,7.3,6.6,6.8,7.5,0
153,2021-10,7.5,5.0,5.8,8.3,0
153,2021-11,8.3,7.7,11.3,11.9,0
153,2021-12,11.9,5.9,3.7,9.7,0
153,2022-01,9.7,4.8,2.9,7.8,0
153,2022-02,7.8,6.2,5.7,7.3,0
153,2022-03,7.3,6.6,7.3,8.0,0
153,2022-04,8.0,5.1,5.2,8.1,0
153,2022-05,8.1,5.0,4.6,7.7,0
153,2022-06,7.7,5.5,6.0,8.2,0
153,2022-07,8.2,8.2,7.3,7.3,1
153,2022-08,7.3,5.3,6.1,8.0,0
153,2022-09,8.0,7.0,6.3,7.4,0
153,2022-10,7.4,4.9,4.9,7.4,0
153,2022-11,7.4,5.6,10.4,12.2,0
153,2022-12,12.2,8.3,6.1,10.1,0
153,2023-01,10.1,4.5,2.3,7.9,0
153,2023-02,7.9,3.7,4.1,8.3,0
153,2023-03,8.3,4.5,4.5,8.3,0
153,2023-04,8.3,5.1,4.8,7.9,0
153,2023-05,7.9,5.8,6.0,8.2,0
153,2023-06,8.2,7.7,6.9,7.3,0
153,2023-07,7.3,4.5,5.0,7.8,0
153,2023-08,7.8,6.7,7.3,8.4,0
153,2023-09,8.4,6.4,5.6,7.7,0
153,2023-10,7.7,5.5,6.1,8.3,0
153,2023-11,8.3,7.1,9.2,10.4,0
153,2023-12,10.4,8.7,7.8,9.5,0
153,2024-01,9.5,5.2,3.6,7.9,0
153,2024-02,7.9,6.1,6.0,7.8,0
153,2024-03,7.8,5.0,4.7,7.5,0
153,2024-04,7.5,6.1,6.7,8.1,0
153,2024-05,8.1,5.3,5.4,8.2,0
153,2024-06,8.2,6.5,6.1,7.8,0
153,2024-07,7.8,5.6,5.0,7.3,0
153,2024-08,7.3,7.3,7.1,7.1,2
153,2024-09,7.1,7.1,6.9,6.9,3
153,2024-10,6.9,5.5,6.5,7.9,0
153,2024-11,7.9,7.9,11.5,11.5,3
153,2024-12,11.5,8.8,6.5,9.2,0
153,2025-01,9.2,5.0,3.8,8.0,0
153,2025-02,8.0,5.4,4.8,7.4,0
153,2025-03,7.4,6.7,7.4,8.1,0
153,2025-04,8.1,6.6,5.7,7.2,0
153,2025-05,7.2,6.7,8.0,8.5,0
153,2025-06,8.5,6.0,4.9,7.3,0
153,2025-07,7.3,6.8,7.8,8.3,0
153,2025-08,8.3,6.0,5.9,8.2,0
153,2025-09,8.2,7.1,6.5,7.7,0
153,2025-10,7.7,7.3,7.2,7.5,0
153,2025-11,7.5,7.5,11.1,11.1,5
153,2025-12,11.1,7.2,5.9,9.8,0
154,2021-01,12.8,9.4,8.2,11.6,0
154,2021-02,11.6,5.4,6.0,12.2,0
154,2021-03,12.2,6.2,6.5,12.5,0
154,2021-04,12.5,4.9,4.5,12.0,0
154,2021-05,12.0,4.6,5.1,12.6,0
154,2021-06,12.6,8.3,7.9,12.2,0
154,2021-07,12.2,5.9,5.9,12.2,0
154,2021-08,12.2,6.7,6.6,12.2,0
154,2021-09,12.2,5.7,5.7,12.2,0
154,2021-10,12.2,5.9,6.3,12.6,0
154,2021-11,12.6,9.8,14.9,17.7,0
154,2021-12,17.7,9.0,6.4,15.1,0
154,2022-01,15.1,5.1,2.5,12.5,0
154,2022-02,12.5,5.5,6.1,13.1,0
154,2022-03,13.1,5.8,5.2,12.5,0
154,2022-04,12.5,6.7,6.1,11.8,0
154,2022-05,11.8,5.3,5.8,12.4,0
154,2022-06,12.4,4.8,5.2,12.7,0
154,2022-07,12.7,6.1,5.9,12.5,0
154,2022-08,12.5,6.8,6.1,11.8,0
154,2022-09,11.8,7.2,7.8,12.4,0
154,2022-10,12.4,6.4,6.6,12.6,0
154,2022-11,12.6,8.1,14.1,18.6,0
154,2022-12,18.6,9.7,6.3,15.2,0
154,2023-01,15.2,5.5,3.0,12.7,0
154,2023-02,12.7,6.9,6.9,12.7,0
154,2023-03,12.7,6.4,5.6,11.9,0
154,2023-04,11.9,7.0,7.6,12.5,0
154,2023-05,12.5,6.4,6.0,12.1,0
154,2023-06,12.1,5.5,5.9,12.5,0
154,2023-07,12.5,4.9,5.1,12.7,0
154,2023-08,12.7,8.3,8.9,13.2,0
154,2023-09,13.2,4.8,4.2,12.5,0
154,2023-10,12.5,6.3,6.1,12.3,0
154,2023-11,12.3,10.6,16.1,17.8,0
154,2023-12,17.8,7.8,5.2,15.2,0
154,2024-01,15.2,6.1,3.7,12.7,0
154,2024-02,12.7,7.0,6.6,12.4,0
154,2024-03,12.4,4.4,4.3,12.2,0
154,2024-04,12.2,5.5,5.4,12.1,0
154,2024-05,12.1,5.1,5.7,12.7,0
154,2024-06,12.7,7.5,6.6,11.8,0
154,2024-07,11.8,5.7,5.9,12.0,0
154,2024-08,12.0,6.4,7.4,13.0,0
154,2024-09,13.0,5.3,4.8,12.5,0
154,2024-10,12.5,4.0,3.7,12.2,0
154,2024-11,12.2,7.0,11.7,16.9,0
154,2024-12,16.9,6.3,4.7,15.3,0
154,2025-01,15.3,6.3,3.8,12.7,0
154,2025-02,12.7,6.6,6.2,12.4,0
154,2025-03,12.4,8.5,9.1,13.0,0
154,2025-04,13.0,5.4,4.9,12.5,0
154,2025-05,12.5,6.4,5.8,11.8,0
154,2025-06,11.8,6.0,6.5,12.4,0
154,2025-07,12.4,6.7,6.3,12.0,0
154,2025-08,12.0,4.8,4.7,12.0,0
154,2025-09,12.0,6.0,6.1,12.0,0
154,2025-10,12.0,5.2,6.2,13.0,0
154,2025-11,13.0,7.6,12.7,18.1,0
154,2025-12,18.1,8.5,5.8,15.5,0
155,2021-01,41.3,14.4,14.2,41.0,0
155,2021-02,41.0,15.8,13.7,38.9,0
155,2021-03,38.9,21.1,24.6,42.4,0
155,2021-04,42.4,14.8,13.7,41.4,0
155,2021-05,41.4,20.3,18.5,39.7,0
155,2021-06,39.7,22.0,22.4,40.1,0
155,2021-07,40.1,22.9,20.9,38.0,0
155,2021-08,38.0,23.6,25.0,39.4,0
155,2021-09,39.4,24.4,23.5,38.5,0
155,2021-10,38.5,19.6,22.9,41.8,0
155,2021-11,41.8,31.4,43.2,53.5,0
155,2021-12,53.5,29.8,24.8,48.5,0
155,2022-01,48.5,22.6,13.8,39.7,0
155,2022-02,39.7,27.4,27.9,40.2,0
155,2022-03,40.2,27.0,26.3,39.5,0
155,2022-04,39.5,24.5,25.0,40.1,0
155,2022-05,40.1,22.1,20.4,38.3,0
155,2022-06,38.3,22.0,23.0,39.3,0
155,2022-07,39.3,21.8,24.3,41.8,0
155,2022-08,41.8,10.9,9.7,40.5,0
155,2022-09,40.5,19.8,19.6,40.3,0
155,2022-10,40.3,28.4,27.8,39.6,0
155,2022-11,39.6,32.1,54.4,62.0,0
155,2022-12,62.0,29.2,16.1,48.9,0
155,2023-01,48.9,26.3,16.7,39.2,0
155,2023-02,39.2,28.9,31.7,42.0,0
155,2023-03,42.0,23.6,19.8,38.3,0
155,2023-04,38.3,18.8,20.2,39.7,0
155,2023-05,39.7,31.6,30.8,38.8,0
155,2023-06,38.8,16.5,19.7,42.1,0
155,2023-07,42.1,24.1,20.5,38.4,0
155,2023-08,38.4,26.8,28.3,40.0,0
155,2023-09,40.0,22.1,24.0,41.8,0
155,2023-10,41.8,24.4,23.1,40.5,0
155,2023-11,40.5,31.1,51.7,61.1,0
155,2023-12,61.1,22.5,13.6,52.2,0
155,2024-01,52.2,24.7,11.7,39.3,0
155,2024-02,39.3,23.5,25.0,40.8,0
155,2024-03,40.8,22.0,21.8,40.6,0
155,2024-04,40.6,23.9,22.5,39.2,0
155,2024-05,39.2,19.3,21.4,41.3,0
155,2024-06,41.3,29.0,30.0,42.3,0
155,2024-07,42.3,25.9,22.9,39.3,0
155,2024-08,39.3,22.2,24.2,41.2,0
155,2024-09,41.2,20.6,21.6,42.2,0
155,2024-10,42.2,22.1,19.7,39.9,0
155,2024-11,39.9,29.1,51.5,62.3,0
155,2024-12,62.3,28.4,15.9,49.7,0
155,2025-01,49.7,21.2,12.8,41.3,0
155,2025-02,41.3,18.1,17.7,40.9,0
155,2025-03,40.9,19.3,18.6,40.2,0
155,2025-04,40.2,19.1,21.2,42.3,0
155,2025-05,42.3,18.9,18.5,41.8,0
155,2025-06,41.8,23.9,21.3,39.2,0
155,2025-07,39.2,23.8,25.0,40.4,0
155,2025-08,40.4,26.4,26.1,40.2,0
155,2025-09,40.2,15.6,14.6,39.2,0
155,2025-10,39.2,23.0,22.4,38.7,0
155,2025-11,38.7,33.2,52.6,58.2,0
155,2025-12,58.2,26.9,19.1,50.4,0
156,2021-01,211.7,35.0,30.8,207.6,0
156,2021-02,207.6,44.1,47.0,210.4,0
156,2021-03,210.4,18.8,17.9,209.5,0
156,2021-04,209.5,53.8,58.3,214.0,0
156,2021-05,214.0,48.9,39.6,204.8,0
156,2021-06,204.8,46.7,53.6,211.6,0
156,2021-07,211.6,35.2,33.1,209.5,0
156,2021-08,209.5,46.3,46.1,209.3,0
156,2021-09,209.3,56.0,57.4,210.7,0
156,2021-10,210.7,35.1,34.4,210.0,0
156,2021-11,210.0,56.5,149.1,302.5,0
156,2021-12,302.5,40.4,2.3,264.4,0
156,2022-01,264.4,44.8,0.0,219.7,0
156,2022-02,219.7,33.5,24.9,211.1,0
156,2022-03,211.1,27.9,24.7,207.8,0
156,2022-04,207.8,35.7,41.0,213.1,0
156,2022-05,213.1,55.9,50.4,207.7,0
156,2022-06,207.7,37.5,40.8,211.0,0
156,2022-07,211.0,56.5,53.1,207.6,0
156,2022-08,207.6,36.5,40.7,211.8,0
156,2022-09,211.8,33.0,29.8,208.7,0
156,2022-10,208.7,38.0,35.5,206.2,0
156,2022-11,206.2,57.4,139.6,288.4,0
156,2022-12,288.4,61.4,39.5,266.5,0
156,2023-01,266.5,29.5,0.0,237.0,0
156,2023-02,237.0,33.6,8.2,211.7,0
156,2023-03,211.7,44.1,38.7,206.3,0
156,2023-04,206.3,38.2,42.4,210.4,0
156,2023-05,210.4,29.5,29.7,210.7,0
156,2023-06,210.7,40.7,38.7,208.6,0
156,2023-07,208.6,44.6,48.2,212.2,0
156,2023-08,212.2,56.4,49.0,204.9,0
156,2023-09,204.9,47.1,53.5,211.3,0
156,2023-10,211.3,39.2,38.1,210.2,0
156,2023-11,210.2,56.3,140.1,294.0,0
156,2023-12,294.0,53.5,21.8,262.3,0
156,2024-01,262.3,42.8,0.0,219.5,0
156,2024-02,219.5,40.5,33.8,212.8,0
156,2024-03,212.8,38.2,36.7,211.3,0
156,2024-04,211.3,40.8,42.2,212.7,0
156,2024-05,212.7,42.7,36.5,206.6,0
156,2024-06,206.6,45.3,51.3,212.5,0
156,2024-07,212.5,35.2,35.0,212.3,0
156,2024-08,212.3,36.8,34.1,209.6,0
156,2024-09,209.6,37.1,35.2,207.7,0
156,2024-10,207.7,31.3,32.1,208.5,0
156,2024-11,208.5,57.4,157.9,309.0,0
156,2024-12,309.0,63.2,19.5,265.2,0
156,2025-01,265.2,35.5,0.0,229.7,0
156,2025-02,229.7,48.3,30.9,212.3,0
156,2025-03,212.3,34.5,34.9,212.7,0
156,2025-04,212.7,47.6,48.8,213.9,0
156,2025-05,213.9,50.8,44.0,207.2,0
156,2025-06,207.2,48.4,45.1,203.9,0
156,2025-07,203.9,45.8,51.5,209.6,0
156,2025-08,209.6,51.8,46.7,204.4,0
156,2025-09,204.4,56.3,54.8,202.9,0
156,2025-10,202.9,44.5,54.0,212.3,0
156,2025-11,212.3,61.2,159.5,310.6,0
156,2025-12,310.6,40.6,0.0,270.0,0
157,2021-01,54.4,27.4,28.4,55.3,0
157,2021-02,55.3,28.2,23.2,50.4,0
157,2021-03,50.4,22.6,27.2,55.0,0
157,2021-04,55.0,24.8,22.2,52.4,0
157,2021-05,52.4,27.9,30.3,54.7,0
157,2021-06,54.7,26.5,24.3,52.6,0
157,2021-07,52.6,25.4,24.1,51.3,0
157,2021-08,51.3,28.8,29.3,51.7,0
157,2021-09,51.7,22.6,26.3,55.4,0
157,2021-10,55.4,30.5,26.7,51.6,0
157,2021-11,51.6,41.0,60.9,71.5,0
157,2021-12,71.5,29.1,24.0,66.5,0
157,2022-01,66.5,30.2,16.3,52.6,0
157,2022-02,52.6,28.3,29.1,53.4,0
157,2022-03,53.4,25.7,23.1,50.7,0
157,2022-04,50.7,34.6,32.9,48.9,0
157,2022-05,48.9,26.6,30.9,53.2,0
157,2022-06,53.2,35.2,35.5,53.6,0
157,2022-07,53.6,23.5,24.2,54.2,0
157,2022-08,54.2,20.4,17.5,51.4,0
157,2022-09,51.4,30.5,28.6,49.5,0
157,2022-10,49.5,25.0,26.2,50.8,0
157,2022-11,50.8,33.8,56.0,73.0,0
157,2022-12,73.0,37.7,30.6,65.9,0
157,2023-01,65.9,34.1,19.3,51.1,0
157,2023-02,51.1,27.1,27.6,51.6,0
157,2023-03,51.6,30.2,30.6,52.1,0
157,2023-04,52.1,28.5,29.0,52.5,0
157,2023-05,52.5,33.5,36.2,55.2,0
157,2023-06,55.2,33.9,30.0,51.3,0
157,2023-07,51.3,28.9,28.2,50.6,0
157,2023-08,50.6,28.8,31.2,53.0,0
157,2023-09,53.0,30.2,27.5,50.3,0
157,2023-10,50.3,24.7,29.5,55.1,0
157,2023-11,55.1,43.5,63.6,75.2,0
157,2023-12,75.2,35.8,27.4,66.7,0
157,2024-01,66.7,29.8,15.0,51.9,0
157,2024-02,51.9,29.0,30.1,53.0,0
157,2024-03,53.0,25.8,25.7,52.9,0
157,2024-04,52.9,18.8,19.1,53.2,0
157,2024-05,53.2,31.0,32.4,54.6,0
157,2024-06,54.6,27.9,25.0,51.7,0
157,2024-07,51.7,30.1,29.9,51.5,0
157,2024-08,51.5,27.4,31.7,55.8,0
157,2024-09,55.8,20.7,18.1,53.2,0
157,2024-10,53.2,26.2,27.3,54.3,0
157,2024-11,54.3,33.9,59.7,80.1,0
157,2024-12,80.1,36.6,24.5,68.0,0
157,2025-01,68.0,33.6,18.2,52.5,0
157,2025-02,52.5,36.5,38.4,54.4,0
157,2025-03,54.4,24.5,23.6,53.5,0
157,2025-04,53.5,29.9,28.5,52.1,0
157,2025-05,52.1,26.8,29.0,54.3,0
157,2025-06,54.3,17.4,15.3,52.3,0
157,2025-07,52.3,31.9,31.9,52.2,0
157,2025-08,52.2,27.8,31.2,55.7,0
157,2025-09,55.7,20.1,18.4,53.9,0
157,2025-10,53.9,30.7,28.5,51.8,0
157,2025-11,51.8,45.3,71.9,78.4,0
157,2025-12,78.4,33.3,20.5,65.6,0
158,2021-01,557.0,161.4,137.2,532.9,0
158,2021-02,532.9,169.9,178.5,541.5,0
158,2021-03,541.5,183.2,171.1,529.4,0
158,2021-04,529.4,100.7,120.6,549.3,0
158,2021-05,549.3,200.3,178.2,527.2,0
158,2021-06,527.2,181.1,220.1,566.2,0
158,2021-07,566.2,206.7,174.1,533.6,0
158,2021-08,533.6,168.4,183.7,549.0,0
158,2021-09,549.0,163.7,177.9,563.1,0
158,2021-10,563.1,145.7,142.8,560.3,0
158,2021-11,560.3,243.6,460.9,777.7,0
158,2021-12,777.7,122.3,39.8,695.2,0
158,2022-01,695.2,169.0,28.9,555.1,0
158,2022-02,555.1,179.2,163.5,539.4,0
158,2022-03,539.4,167.6,180.1,551.8,0
158,2022-04,551.8,175.0,177.7,554.6,0
158,2022-05,554.6,161.9,152.5,545.2,0
158,2022-06,545.2,142.5,154.6,557.3,0
158,2022-07,557.3,146.4,144.0,554.9,0
158,2022-08,554.9,162.8,159.2,551.2,0
158,2022-09,551.2,208.5,203.2,545.9,0
158,2022-10,545.9,149.2,148.1,544.7,0
158,2022-11,544.7,189.0,459.0,814.6,0
158,2022-12,814.6,136.3,17.2,695.6,0
158,2023-01,695.6,167.4,27.9,556.1,0
158,2023-02,556.1,106.2,98.8,548.7,0
158,2023-03,548.7,177.1,189.5,561.0,0
158,2023-04,561.0,188.6,188.6,561.0,0
158,2023-05,561.0,210.0,201.9,553.0,0
158,2023-06,553.0,168.1,157.4,542.2,0
158,2023-07,542.2,252.1,278.5,568.7,0
158,2023-08,568.7,188.5,152.8,532.9,0
158,2023-09,532.9,202.3,230.2,560.8,0
158,2023-10,560.8,195.3,193.2,558.6,0
158,2023-11,558.6,176.3,380.6,762.9,0
158,2023-12,762.9,188.9,126.2,700.2,0
158,2024-01,700.2,147.3,4.0,556.8,0
158,2024-02,556.8,217.9,215.2,554.1,0
158,2024-03,554.1,181.3,159.6,532.4,0
158,2024-04,532.4,196.7,196.1,531.8,0
158,2024-05,531.8,183.6,196.1,544.2,0
158,2024-06,544.2,180.6,200.1,563.7,0
158,2024-07,563.7,125.6,119.6,557.6,0
158,2024-08,557.6,142.8,141.2,556.0,0
158,2024-09,556.0,180.6,181.8,557.2,0
158,2024-10,557.2,261.1,226.3,522.4,0
158,2024-11,522.4,234.4,478.2,766.2,0
158,2024-12,766.2,220.5,149.0,694.7,0
158,2025-01,694.7,139.6,1.7,556.8,0
158,2025-02,556.8,154.4,151.5,553.9,0
158,2025-03,553.9,147.7,155.1,561.3,0
158,2025-04,561.3,227.3,214.0,548.0,0
158,2025-05,548.0,137.5,125.4,535.8,0
158,2025-06,535.8,177.2,195.3,554.0,0
158,2025-07,554.0,160.1,164.2,558.1,0
158,2025-08,558.1,258.3,225.8,525.6,0
158,2025-09,525.6,173.3,177.3,529.6,0
158,2025-10,529.6,198.5,224.3,555.4,0
158,2025-11,555.4,301.6,549.3,803.1,0
158,2025-12,803.1,236.5,130.8,697.3,0
159,2021-01,13.3,10.0,9.3,12.6,0
159,2021-02,12.6,10.1,10.0,12.5,0
159,2021-03,12.5,10.9,9.9,11.5,0
159,2021-04,11.5,10.0,11.6,13.1,0
159,2021-05,13.1,12.7,13.0,13.4,0
159,2021-06,13.4,13.4,12.5,12.5,3
159,2021-07,12.5,12.5,12.2,12.2,1
159,2021-08,12.2,8.0,8.5,12.6,0
159,2021-09,12.6,12.5,12.1,12.3,0
159,2021-10,12.3,12.2,12.5,12.5,0
159,2021-11,12.5,12.5,18.5,18.5,0
159,2021-12,18.5,14.5,11.5,15.5,0
159,2022-01,15.5,9.7,7.5,13.3,0
159,2022-02,13.3,11.4,10.8,12.7,0
159,2022-03,12.7,11.2,10.1,11.7,0
159,2022-04,11.7,8.9,9.4,12.1,0
159,2022-05,12.1,11.8,12.1,12.4,0
159,2022-06,12.4,11.0,11.6,13.0,0
159,2022-07,13.0,8.1,7.7,12.7,0
159,2022-08,12.7,12.2,13.3,13.8,0
159,2022-09,13.8,11.6,9.8,12.1,0
159,2022-10,12.1,12.1,11.6,11.6,6
159,2022-11,11.6,11.6,17.3,17.3,7
159,2022-12,17.3,11.3,11.1,17.1,0
159,2023-01,17.1,7.3,3.2,13.0,0
159,2023-02,13.0,10.7,9.7,12.0,0
159,2023-03,12.0,7.7,7.8,12.1,0
159,2023-04,12.1,7.4,8.6,13.4,0
159,2023-05,13.4,12.9,13.3,13.8,0
159,2023-06,13.8,10.9,9.2,12.0,0
159,2023-07,12.0,8.9,10.0,13.1,0
159,2023-08,13.1,12.6,12.2,12.7,0
159,2023-09,12.7,12.5,12.1,12.3,0
159,2023-10,12.3,11.0,12.0,13.4,0
159,2023-11,13.4,13.4,19.5,19.5,4
159,2023-12,19.5,13.9,9.6,15.3,0
159,2024-01,15.3,10.6,8.0,12.7,0
159,2024-02,12.7,10.7,9.6,11.6,0
159,2024-03,11.6,9.2,10.6,13.0,0
159,2024-04,13.0,13.0,12.4,12.4,3
159,2024-05,12.4,10.6,11.0,12.8,0
159,2024-06,12.8,8.0,7.5,12.3,0
159,2024-07,12.3,11.9,11.1,11.6,0
159,2024-08,11.6,10.9,11.8,12.5,0
159,2024-09,12.5,12.5,13.0,13.0,2
159,2024-10,13.0,11.6,12.1,13.5,0
159,2024-11,13.5,11.4,17.9,20.1,0
159,2024-12,20.1,14.0,9.0,15.1,0
159,2025-01,15.1,10.8,8.7,13.0,0
159,2025-02,13.0,9.5,9.5,13.0,0
159,2025-03,13.0,13.0,12.9,12.9,2
159,2025-04,12.9,11.7,11.5,12.6,0
159,2025-05,12.6,11.0,11.7,13.4,0
159,2025-06,13.4,10.5,9.3,12.1,0
159,2025-07,12.1,9.9,11.1,13.3,0
159,2025-08,13.3,10.5,9.5,12.3,0
159,2025-09,12.3,10.6,10.0,11.7,0
159,2025-10,11.7,11.4,13.5,13.8,0
159,2025-11,13.8,13.8,17.9,17.9,4
159,2025-12,17.9,14.6,12.5,15.7,0
160,2021-01,45.7,22.6,21.8,44.9,0
160,2021-02,44.9,24.2,24.0,44.7,0
160,2021-03,44.7,24.5,23.1,43.3,0
160,2021-04,43.3,33.1,36.3,46.5,0
160,2021-05,46.5,20.6,17.2,43.1,0
160,2021-06,43.1,11.0,13.1,45.2,0
160,2021-07,45.2,33.9,31.1,42.4,0
160,2021-08,42.4,25.3,25.3,42.4,0
160,2021-09,42.4,22.3,23.2,43.4,0
160,2021-10,43.4,32.9,35.8,46.3,0
160,2021-11,46.3,41.8,61.2,65.7,0
160,2021-12,65.7,31.7,23.3,57.4,0
160,2022-01,57.4,35.3,20.5,42.6,0
160,2022-02,42.6,26.3,30.2,46.5,0
160,2022-03,46.5,27.7,23.9,42.6,0
160,2022-04,42.6,29.0,32.9,46.5,0
160,2022-05,46.5,23.3,22.2,45.4,0
160,2022-06,45.4,28.6,26.1,42.9,0
160,2022-07,42.9,14.9,16.0,44.0,0
160,2022-08,44.0,20.1,21.2,45.1,0
160,2022-09,45.1,37.0,39.5,47.6,0
160,2022-10,47.6,30.1,27.2,44.7,0
160,2022-11,44.7,37.5,53.4,60.6,0
160,2022-12,60.6,29.2,22.9,54.3,0
160,2023-01,54.3,18.0,8.3,44.6,0
160,2023-02,44.6,23.8,26.1,46.9,0
160,2023-03,46.9,30.5,25.7,42.1,0
160,2023-04,42.1,19.6,21.9,44.4,0
160,2023-05,44.4,31.1,31.8,45.1,0
160,2023-06,45.1,25.2,26.1,46.0,0
160,2023-07,46.0,22.9,21.6,44.7,0
160,2023-08,44.7,28.2,25.0,41.5,0
160,2023-09,41.5,21.9,24.9,44.5,0
160,2023-10,44.5,22.4,21.1,43.1,0
160,2023-11,43.1,43.1,68.3,68.3,0
160,2023-12,68.3,30.7,16.9,54.5,0
160,2024-01,54.5,28.5,18.8,44.8,0
160,2024-02,44.8,23.2,24.3,45.9,0
160,2024-03,45.9,27.1,28.0,46.7,0
160,2024-04,46.7,21.5,19.4,44.6,0
160,2024-05,44.6,25.2,25.3,44.7,0
160,2024-06,44.7,29.3,31.0,46.5,0
160,2024-07,46.5,25.3,25.0,46.1,0
160,2024-08,46.1,23.5,22.6,45.3,0
160,2024-09,45.3,22.6,23.1,45.8,0
160,2024-10,45.8,22.1,22.6,46.3,0
160,2024-11,46.3,32.4,51.0,64.9,0
160,2024-12,64.9,34.6,27.2,57.5,0
160,2025-01,57.5,23.6,10.9,44.7,0
160,2025-02,44.7,35.8,34.1,43.0,0
160,2025-03,43.0,22.9,26.5,46.7,0
160,2025-04,46.7,25.5,24.6,45.8,0
160,2025-05,45.8,29.5,30.0,46.3,0
160,2025-06,46.3,29.8,26.2,42.7,0
160,2025-07,42.7,20.6,22.7,44.8,0
160,2025-08,44.8,33.2,31.4,42.9,0
160,2025-09,42.9,28.6,31.9,46.2,0
160,2025-10,46.2,29.3,25.1,41.9,0
160,2025-11,41.9,41.9,59.8,59.8,1
160,2025-12,59.8,33.0,29.3,56.1,0
161,2021-01,58.2,30.6,28.4,56.0,0
161,2021-02,56.0,27.7,30.0,58.3,0
161,2021-03,58.3,30.9,31.4,58.8,0
161,2021-04,58.8,26.5,25.0,57.3,0
161,2021-05,57.3,28.0,25.1,54.4,0
161,2021-06,54.4,17.4,20.9,57.8,0
161,2021-07,57.8,30.2,32.0,59.5,0
161,2021-08,59.5,28.8,28.6,59.3,0
161,2021-09,59.3,28.9,27.8,58.2,0
161,2021-10,58.2,23.6,20.5,55.1,0
161,2021-11,55.1,30.2,60.4,85.2,0
161,2021-12,85.2,31.5,16.1,69.9,0
161,2022-01,69.9,26.9,14.1,57.1,0
161,2022-02,57.1,35.9,31.4,52.7,0
161,2022-03,52.7,33.3,35.5,54.9,0
161,2022-04,54.9,23.4,25.1,56.6,0
161,2022-05,56.6,18.3,19.8,58.1,0
161,2022-06,58.1,28.0,25.1,55.2,0
161,2022-07,55.2,35.0,35.5,55.7,0
161,2022-08,55.7,34.5,35.0,56.2,0
161,2022-09,56.2,32.8,29.8,53.1,0
161,2022-10,53.1,24.2,26.7,55.7,0
161,2022-11,55.7,38.9,63.6,80.4,0
161,2022-12,80.4,24.2,15.7,71.8,0
161,2023-01,71.8,14.4,0.7,58.1,0
161,2023-02,58.1,34.4,35.7,59.5,0
161,2023-03,59.5,23.8,23.2,58.9,0
161,2023-04,58.9,23.9,23.2,58.3,0
161,2023-05,58.3,26.4,23.6,55.5,0
161,2023-06,55.5,19.8,23.3,59.1,0
161,2023-07,59.1,20.7,20.1,58.4,0
161,2023-08,58.4,37.8,33.2,53.8,0
161,2023-09,53.8,20.4,22.9,56.3,0
161,2023-10,56.3,30.4,31.1,57.0,0
161,2023-11,57.0,38.1,68.4,87.3,0
161,2023-12,87.3,30.4,15.8,72.7,0
161,2024-01,72.7,26.9,11.4,57.2,0
161,2024-02,57.2,29.1,29.3,57.4,0
161,2024-03,57.4,18.9,18.3,56.8,0
161,2024-04,56.8,25.2,23.3,54.9,0
161,2024-05,54.9,29.6,34.6,59.8,0
161,2024-06,59.8,16.0,14.9,58.7,0
161,2024-07,58.7,21.8,19.7,56.6,0
161,2024-08,56.6,22.0,20.9,55.4,0
161,2024-09,55.4,20.8,20.4,55.1,0
161,2024-10,55.1,31.4,33.4,57.0,0
161,2024-11,57.0,40.0,67.6,84.6,0
161,2024-12,84.6,31.5,18.1,71.2,0
161,2025-01,71.2,20.1,7.0,58.1,0
161,2025-02,58.1,28.1,28.8,58.8,0
161,2025-03,58.8,22.0,21.0,57.8,0
161,2025-04,57.8,28.0,26.6,56.4,0
161,2025-05,56.4,29.9,28.9,55.3,0
161,2025-06,55.3,24.9,27.3,57.8,0
161,2025-07,57.8,33.9,31.5,55.3,0
161,2025-08,55.3,32.5,36.6,59.4,0
161,2025-09,59.4,27.8,26.5,58.1,0
161,2025-10,58.1,20.5,19.0,56.5,0
161,2025-11,56.5,25.3,52.1,83.4,0
161,2025-12,83.4,35.3,24.6,72.7,0
162,2021-01,22.5,14.4,12.5,20.6,0
162,2021-02,20.6,10.8,11.9,21.6,0
162,2021-03,21.6,10.0,10.1,21.7,0
162,2021-04,21.7,12.0,12.7,22.4,0
162,2021-05,22.4,11.2,11.6,22.8,0
162,2021-06,22.8,11.3,11.3,22.7,0
162,2021-07,22.7,12.3,11.0,21.4,0
162,2021-08,21.4,9.1,9.9,22.2,0
162,2021-09,22.2,7.4,7.4,22.2,0
162,2021-10,22.2,10.3,9.1,20.9,0
162,2021-11,20.9,13.0,24.4,32.4,0
162,2021-12,32.4,13.6,8.6,27.4,0
162,2022-01,27.4,10.9,5.1,21.6,0
162,2022-02,21.6,9.4,9.3,21.5,0
162,2022-03,21.5,5.5,5.9,21.9,0
162,2022-04,21.9,13.0,12.6,21.5,0
162,2022-05,21.5,9.2,9.4,21.7,0
162,2022-06,21.7,9.7,9.2,21.2,0
162,2022-07,21.2,10.6,10.9,21.5,0
162,2022-08,21.5,10.7,12.0,22.9,0
162,2022-09,22.9,10.8,10.8,22.9,0
162,2022-10,22.9,10.6,10.3,22.5,0
162,2022-11,22.5,16.0,24.6,31.0,0
162,2022-12,31.0,13.9,10.1,27.2,0
162,2023-01,27.2,12.3,7.2,22.2,0
162,2023-02,22.2,12.5,12.5,22.2,0
162,2023-03,22.2,13.4,11.8,20.6,0
162,2023-04,20.6,12.8,14.7,22.5,0
162,2023-05,22.5,8.3,7.5,21.7,0
162,2023-06,21.7,11.2,12.0,22.5,0
162,2023-07,22.5,11.0,10.1,21.6,0
162,2023-08,21.6,8.5,8.7,21.8,0
162,2023-09,21.8,10.7,10.7,21.8,0
162,2023-10,21.8,11.2,11.7,22.3,0
162,2023-11,22.3,21.4,31.6,32.5,0
162,2023-12,32.5,11.8,6.8,27.6,0
162,2024-01,27.6,8.2,2.9,22.3,0
162,2024-02,22.3,13.6,11.8,20.4,0
162,2024-03,20.4,11.0,12.9,22.3,0
162,2024-04,22.3,7.7,6.7,21.3,0
162,2024-05,21.3,11.0,11.6,22.0,0
162,2024-06,22.0,9.1,9.9,22.7,0
162,2024-07,22.7,10.9,9.7,21.6,0
162,2024-08,21.6,9.7,10.8,22.7,0
162,2024-09,22.7,6.9,6.2,21.9,0
162,2024-10,21.9,12.6,12.8,22.1,0
162,2024-11,22.1,15.5,26.0,32.6,0
162,2024-12,32.6,14.4,9.8,28.0,0
162,2025-01,28.0,11.5,6.0,22.5,0
162,2025-02,22.5,10.7,9.4,21.2,0
162,2025-03,21.2,12.6,14.3,22.9,0
162,2025-04,22.9,10.0,9.0,21.9,0
162,2025-05,21.9,9.6,9.0,21.3,0
162,2025-06,21.3,10.2,11.4,22.6,0
162,2025-07,22.6,12.6,12.7,22.7,0
162,2025-08,22.7,11.2,11.5,23.0,0
162,2025-09,23.0,12.6,11.7,22.0,0
162,2025-10,22.0,13.6,14.2,22.6,0
162,2025-11,22.6,14.1,22.3,30.8,0
162,2025-12,30.8,12.7,8.7,26.8,0
163,2021-01,39.4,18.5,18.1,39.0,0
163,2021-02,39.0,20.2,18.9,37.7,0
163,2021-03,37.7,18.9,19.1,37.9,0
163,2021-04,37.9,19.2,19.8,38.5,0
163,2021-05,38.5,18.5,18.5,38.4,0
163,2021-06,38.4,18.8,18.5,38.2,0
163,2021-07,38.2,21.0,21.4,38.6,0
163,2021-08,38.6,19.5,19.9,38.9,0
163,2021-09,38.9,18.6,17.6,38.0,0
163,2021-10,38.0,19.2,20.2,39.1,0
163,2021-11,39.1,28.9,46.0,56.1,0
163,2021-12,56.1,24.2,17.9,49.9,0
163,2022-01,49.9,16.3,5.1,38.7,0
163,2022-02,38.7,18.7,17.9,37.9,0
163,2022-03,37.9,21.6,22.0,38.2,0
163,2022-04,38.2,19.1,19.7,38.8,0
163,2022-05,38.8,17.8,17.9,38.9,0
163,2022-06,38.9,20.0,19.3,38.3,0
163,2022-07,38.3,20.7,19.2,36.7,0
163,2022-08,36.7,19.5,20.5,37.7,0
163,2022-09,37.7,16.3,18.0,39.5,0
163,2022-10,39.5,21.2,19.5,37.8,0
163,2022-11,37.8,27.8,49.4,59.4,0
163,2022-12,59.4,23.6,13.4,49.2,0
163,2023-01,49.2,13.8,3.5,38.9,0
163,2023-02,38.9,23.6,22.1,37.3,0
163,2023-03,37.3,15.2,14.7,36.8,0
163,2023-04,36.8,18.4,18.8,37.3,0
163,2023-05,37.3,20.6,19.3,36.0,0
163,2023-06,36.0,21.5,22.7,37.2,0
163,2023-07,37.2,22.8,25.2,39.6,0
163,2023-08,39.6,23.2,21.3,37.7,0
163,2023-09,37.7,20.3,20.8,38.2,0
163,2023-10,38.2,14.4,15.1,38.9,0
163,2023-11,38.9,29.9,50.4,59.4,0
163,2023-12,59.4,29.0,18.4,48.9,0
163,2024-01,48.9,15.0,4.9,38.7,0
163,2024-02,38.7,15.4,16.4,39.8,0
163,2024-03,39.8,18.6,16.4,37.5,0
163,2024-04,37.5,22.5,24.3,39.3,0
163,2024-05,39.3,18.0,17.3,38.7,0
163,2024-06,38.7,19.3,19.5,38.9,0
163,2024-07,38.9,21.0,21.8,39.7,0
163,2024-08,39.7,15.1,15.0,39.6,0
163,2024-09,39.6,18.9,17.1,37.8,0
163,2024-10,37.8,14.2,14.1,37.7,0
163,2024-11,37.7,28.1,47.5,57.2,0
163,2024-12,57.2,20.7,11.7,48.1,0
163,2025-01,48.1,19.0,9.5,38.5,0
163,2025-02,38.5,17.1,18.3,39.8,0
163,2025-03,39.8,19.7,19.0,39.1,0
163,2025-04,39.1,15.1,14.1,38.1,0
163,2025-05,38.1,17.8,16.4,36.7,0
163,2025-06,36.7,18.0,18.4,37.1,0
163,2025-07,37.1,21.9,21.7,37.0,0
163,2025-08,37.0,22.3,25.2,39.9,0
163,2025-09,39.9,17.5,16.2,38.6,0
163,2025-10,38.6,21.8,21.3,38.1,0
163,2025-11,38.1,20.4,34.7,52.5,0
163,2025-12,52.5,27.0,24.0,49.5,0
164,2021-01,47.7,10.0,9.3,47.1,0
164,2021-02,47.1,8.8,9.5,47.8,0
164,2021-03,47.8,8.1,7.7,47.4,0
164,2021-04,47.4,10.1,9.2,46.5,0
164,2021-05,46.5,10.3,11.0,47.2,0
164,2021-06,47.2,10.0,9.1,46.4,0
164,2021-07,46.4,11.9,11.3,45.8,0
164,2021-08,45.8,11.5,12.8,47.1,0
164,2021-09,47.1,12.2,11.6,46.5,0
164,2021-10,46.5,9.9,11.4,48.0,0
164,2021-11,48.0,14.4,34.2,67.8,0
164,2021-12,67.8,9.0,0.8,59.6,0
164,2022-01,59.6,9.7,0.0,49.9,0
164,2022-02,49.9,12.6,9.5,46.9,0
164,2022-03,46.9,8.1,8.9,47.7,0
164,2022-04,47.7,11.6,10.8,46.9,0
164,2022-05,46.9,9.7,10.0,47.2,0
164,2022-06,47.2,13.4,13.0,46.8,0
164,2022-07,46.8,10.5,10.7,47.0,0
164,2022-08,47.0,8.1,9.1,47.9,0
164,2022-09,47.9,12.0,10.3,46.3,0
164,2022-10,46.3,9.8,11.8,48.3,0
164,2022-11,48.3,15.5,37.1,69.8,0
164,2022-12,69.8,10.5,0.4,59.7,0
164,2023-01,59.7,8.7,0.0,51.0,0
164,2023-02,51.0,7.4,4.0,47.6,0
164,2023-03,47.6,8.5,8.1,47.2,0
164,2023-04,47.2,11.1,10.5,46.6,0
164,2023-05,46.6,11.0,12.4,48.1,0
164,2023-06,48.1,8.9,8.0,47.2,0
164,2023-07,47.2,10.0,10.3,47.5,0
164,2023-08,47.5,8.2,7.7,47.0,0
164,2023-09,47.0,11.0,10.6,46.6,0
164,2023-10,46.6,7.7,8.6,47.5,0
164,2023-11,47.5,12.7,34.6,69.4,0
164,2023-12,69.4,10.4,0.6,59.6,0
164,2024-01,59.6,12.1,0.2,47.8,0
164,2024-02,47.8,7.7,6.9,47.0,0
164,2024-03,47.0,10.6,10.5,46.8,0
164,2024-04,46.8,9.5,10.6,47.9,0
164,2024-05,47.9,10.1,9.3,47.2,0
164,2024-06,47.2,7.0,7.4,47.6,0
164,2024-07,47.6,9.1,8.8,47.3,0
164,2024-08,47.3,10.0,10.3,47.6,0
164,2024-09,47.6,11.3,9.9,46.3,0
164,2024-10,46.3,8.6,8.8,46.5,0
164,2024-11,46.5,13.4,31.8,64.9,0
164,2024-12,64.9,15.6,10.1,59.4,0
164,2025-01,59.4,8.5,0.0,50.8,0
164,2025-02,50.8,9.5,5.9,47.2,0
164,2025-03,47.2,9.4,8.9,46.8,0
164,2025-04,46.8,9.9,10.3,47.2,0
164,2025-05,47.2,10.2,9.4,46.4,0
164,2025-06,46.4,10.2,10.4,46.7,0
164,2025-07,46.7,9.3,10.4,47.8,0
164,2025-08,47.8,6.1,6.4,48.0,0
164,2025-09,48.0,9.5,8.5,47.0,0
164,2025-10,47.0,9.2,8.4,46.3,0
164,2025-11,46.3,12.4,35.0,68.8,0
164,2025-12,68.8,11.0,1.9,59.7,0
165,2021-01,364.2,95.2,83.7,352.7,0
165,2021-02,352.7,70.5,81.6,363.8,0
165,2021-03,363.8,80.5,73.2,356.5,0
165,2021-04,356.5,95.2,104.8,366.1,0
165,2021-05,366.1,123.3,109.7,352.5,0
165,2021-06,352.5,95.9,93.9,350.4,0
165,2021-07,350.4,98.5,105.4,357.4,0
165,2021-08,357.4,89.3,86.7,354.7,0
165,2021-09,354.7,92.9,90.1,352.0,0
165,2021-10,352.0,103.8,115.3,363.6,0
165,2021-11,363.6,139.5,275.7,499.7,0
165,2021-12,499.7,157.2,117.7,460.2,0
165,2022-01,460.2,98.8,2.6,364.1,0
165,2022-02,364.1,91.7,81.1,353.5,0
165,2022-03,353.5,106.4,103.3,350.4,0
165,2022-04,350.4,90.5,104.9,364.9,0
165,2022-05,364.9,93.7,83.2,354.4,0
165,2022-06,354.4,100.5,95.8,349.7,0
165,2022-07,349.7,81.9,85.9,353.6,0
165,2022-08,353.6,115.9,121.3,359.0,0
165,2022-09,359.0,82.7,84.8,361.1,0
165,2022-10,361.1,90.5,92.0,362.6,0
165,2022-11,362.6,138.4,259.6,483.9,0
165,2022-12,483.9,125.0,98.8,457.6,0
165,2023-01,457.6,122.1,27.7,363.2,0
165,2023-02,363.2,73.1,66.2,356.3,0
165,2023-03,356.3,93.7,91.7,354.4,0
165,2023-04,354.4,119.0,126.7,362.1,0
165,2023-05,362.1,113.8,118.3,366.6,0
165,2023-06,366.6,115.7,96.9,347.8,0
165,2023-07,347.8,76.1,95.8,367.5,0
165,2023-08,367.5,68.9,61.6,360.2,0
165,2023-09,360.2,91.5,82.5,351.2,0
165,2023-10,351.2,120.1,131.0,362.1,0
165,2023-11,362.1,137.6,316.0,540.4,0
165,2023-12,540.4,115.0,29.7,455.1,0
165,2024-01,455.1,131.7,40.8,364.3,0
165,2024-02,364.3,94.7,98.4,368.0,0
165,2024-03,368.0,64.7,59.1,362.3,0
165,2024-04,362.3,80.3,82.2,364.1,0
165,2024-05,364.1,97.4,96.5,363.2,0
165,2024-06,363.2,97.0,83.4,349.6,0
165,2024-07,349.6,112.8,131.8,368.7,0
165,2024-08,368.7,118.2,102.7,353.1,0
165,2024-09,353.1,97.8,110.5,365.9,0
165,2024-10,365.9,104.3,107.0,368.5,0
165,2024-11,368.5,133.4,256.8,491.9,0
165,2024-12,491.9,111.1,76.6,457.3,0
165,2025-01,457.3,67.9,0.0,389.4,0
165,2025-02,389.4,90.0,56.4,355.9,0
165,2025-03,355.9,72.7,71.6,354.8,0
165,2025-04,354.8,79.3,87.1,362.6,0
165,2025-05,362.6,84.6,79.8,357.8,0
165,2025-06,357.8,98.7,103.6,362.8,0
165,2025-07,362.8,77.1,81.4,367.0,0
165,2025-08,367.0,97.8,90.9,360.1,0
165,2025-09,360.1,124.3,112.2,348.0,0
165,2025-10,348.0,105.1,124.8,367.7,0
165,2025-11,367.7,141.5,266.9,493.1,0
165,2025-12,493.1,135.0,83.5,441.5,0
166,2021-01,19.5,5.1,4.4,18.9,0
166,2021-02,18.9,4.0,4.0,18.9,0
166,2021-03,18.9,3.2,3.6,19.3,0
166,2021-04,19.3,5.0,4.6,18.9,0
166,2021-05,18.9,2.8,3.6,19.7,0
166,2021-06,19.7,4.8,4.0,18.9,0
166,2021-07,18.9,3.1,3.7,19.4,0
166,2021-08,19.4,4.2,3.8,19.0,0
166,2021-09,19.0,3.4,3.5,19.2,0
166,2021-10,19.2,4.4,4.8,19.6,0
166,2021-11,19.6,5.0,12.5,27.1,0
166,2021-12,27.1,4.6,1.9,24.5,0
166,2022-01,24.5,4.3,0.0,20.1,0
166,2022-02,20.1,4.2,3.6,19.5,0
166,2022-03,19.5,2.9,2.7,19.3,0
166,2022-04,19.3,4.7,5.2,19.7,0
166,2022-05,19.7,4.9,4.0,18.9,0
166,2022-06,18.9,4.1,4.8,19.6,0
166,2022-07,19.6,3.2,3.0,19.4,0
166,2022-08,19.4,3.6,3.3,19.1,0
166,2022-09,19.1,4.8,4.9,19.1,0
166,2022-10,19.1,3.6,3.4,19.0,0
166,2022-11,19.0,5.9,14.1,27.2,0
166,2022-12,27.2,5.7,2.6,24.1,0
166,2023-01,24.1,4.4,0.0,19.7,0
166,2023-02,19.7,4.1,3.5,19.1,0
166,2023-03,19.1,3.9,4.2,19.4,0
166,2023-04,19.4,4.2,4.2,19.4,0
166,2023-05,19.4,3.9,3.5,18.9,0
166,2023-06,18.9,2.2,2.5,19.2,0
166,2023-07,19.2,5.4,5.7,19.4,0
166,2023-08,19.4,3.6,3.4,19.3,0
166,2023-09,19.3,3.1,2.8,19.0,0
166,2023-10,19.0,4.1,4.8,19.7,0
166,2023-11,19.7,5.7,15.0,29.0,0
166,2023-12,29.0,4.6,0.0,24.4,0
166,2024-01,24.4,3.4,0.0,21.0,0
166,2024-02,21.0,3.5,2.1,19.6,0
166,2024-03,19.6,3.7,3.7,19.5,0
166,2024-04,19.5,4.2,3.9,19.3,0
166,2024-05,19.3,2.7,2.7,19.3,0
166,2024-06,19.3,5.3,4.8,18.9,0
166,2024-07,18.9,4.2,4.8,19.5,0
166,2024-08,19.5,4.1,3.6,19.0,0
166,2024-09,19.0,4.4,4.6,19.2,0
166,2024-10,19.2,5.3,5.2,19.2,0
166,2024-11,19.2,6.8,13.8,26.1,0
166,2024-12,26.1,5.5,3.3,23.9,0
166,2025-01,23.9,5.5,1.1,19.5,0
166,2025-02,19.5,2.9,2.5,19.2,0
166,2025-03,19.2,3.5,3.7,19.3,0
166,2025-04,19.3,3.6,3.7,19.4,0
166,2025-05,19.4,4.5,4.3,19.2,0
166,2025-06,19.2,4.5,4.6,19.3,0
166,2025-07,19.3,3.7,3.4,19.0,0
166,2025-08,19.0,4.8,4.8,19.0,0
166,2025-09,19.0,4.1,4.0,18.9,0
166,2025-10,18.9,3.4,3.8,19.3,0
166,2025-11,19.3,5.8,14.9,28.4,0
166,2025-12,28.4,4.1,0.1,24.4,0
167,2021-01,13.5,2.8,2.8,13.6,0
167,2021-02,13.6,2.7,2.4,13.2,0
167,2021-03,13.2,3.2,3.5,13.5,0
167,2021-04,13.5,3.2,2.8,13.1,0
167,2021-05,13.1,3.1,3.5,13.5,0
167,2021-06,13.5,3.6,3.7,13.6,0
167,2021-07,13.6,3.7,3.5,13.4,0
167,2021-08,13.4,2.3,2.4,13.5,0
167,2021-09,13.5,2.9,2.9,13.5,0
167,2021-10,13.5,3.4,3.3,13.5,0
167,2021-11,13.5,3.7,10.0,19.8,0
167,2021-12,19.8,4.1,1.1,16.8,0
167,2022-01,16.8,1.7,0.0,15.1,0
167,2022-02,15.1,2.9,1.3,13.4,0
167,2022-03,13.4,3.1,3.2,13.6,0
167,2022-04,13.6,3.8,3.9,13.6,0
167,2022-05,13.6,3.2,3.1,13.5,0
167,2022-06,13.5,3.6,3.6,13.5,0
167,2022-07,13.5,3.2,3.1,13.4,0
167,2022-08,13.4,2.5,2.5,13.4,0
167,2022-09,13.4,3.6,3.4,13.2,0
167,2022-10,13.2,3.4,3.4,13.3,0
167,2022-11,13.3,4.3,9.5,18.5,0
167,2022-12,18.5,3.4,1.6,16.7,0
167,2023-01,16.7,2.7,0.0,14.0,0
167,2023-02,14.0,3.6,3.2,13.6,0
167,2023-03,13.6,3.9,3.7,13.4,0
167,2023-04,13.4,3.8,3.5,13.1,0
167,2023-05,13.1,3.4,3.8,13.5,0
167,2023-06,13.5,3.0,2.7,13.2,0
167,2023-07,13.2,4.0,4.0,13.2,0
167,2023-08,13.2,3.2,3.2,13.3,0
167,2023-09,13.3,2.9,2.8,13.2,0
167,2023-10,13.2,2.4,2.7,13.6,0
167,2023-11,13.6,3.8,9.9,19.7,0
167,2023-12,19.7,4.2,1.5,16.9,0
167,2024-01,16.9,2.9,0.0,14.1,0
167,2024-02,14.1,2.2,1.5,13.4,0
167,2024-03,13.4,3.8,4.1,13.7,0
167,2024-04,13.7,3.0,2.9,13.6,0
167,2024-05,13.6,2.4,2.3,13.5,0
167,2024-06,13.5,3.4,3.1,13.2,0
167,2024-07,13.2,2.4,2.7,13.5,0
167,2024-08,13.5,2.5,2.2,13.2,0
167,2024-09,13.2,2.5,2.5,13.1,0
167,2024-10,13.1,2.6,2.9,13.5,0
167,2024-11,13.5,3.8,9.5,19.2,0
167,2024-12,19.2,3.2,0.8,16.8,0
167,2025-01,16.8,4.3,1.1,13.6,0
167,2025-02,13.6,3.3,3.4,13.7,0
167,2025-03,13.7,3.0,2.8,13.5,0
167,2025-04,13.5,2.8,2.9,13.6,0
167,2025-05,13.6,2.4,2.2,13.5,0
167,2025-06,13.5,3.4,3.6,13.7,0
167,2025-07,13.7,3.8,3.8,13.7,0
167,2025-08,13.7,3.1,2.9,13.5,0
167,2025-09,13.5,3.0,2.8,13.3,0
167,2025-10,13.3,2.7,3.0,13.7,0
167,2025-11,13.7,4.7,11.1,20.0,0
167,2025-12,20.0,4.1,1.0,17.0,0
168,2021-01,23.0,10.9,10.3,22.5,0
168,2021-02,22.5,15.5,15.4,22.3,0
168,2021-03,22.3,8.6,8.7,22.4,0
168,2021-04,22.4,12.6,11.4,21.3,0
168,2021-05,21.3,15.1,16.6,22.8,0
168,2021-06,22.8,11.1,10.4,22.1,0
168,2021-07,22.1,12.5,13.9,23.5,0
168,2021-08,23.5,8.7,7.5,22.4,0
168,2021-09,22.4,9.0,10.0,23.4,0
168,2021-10,23.4,17.4,17.4,23.5,0
168,2021-11,23.5,18.7,28.7,33.4,0
168,2021-12,33.4,13.8,8.2,27.8,0
168,2022-01,27.8,11.1,6.4,23.1,0
168,2022-02,23.1,14.7,13.0,21.5,0
168,2022-03,21.5,11.8,13.7,23.3,0
168,2022-04,23.3,15.0,13.9,22.2,0
168,2022-05,22.2,10.7,11.8,23.4,0
168,2022-06,23.4,12.9,11.2,21.7,0
168,2022-07,21.7,11.4,12.1,22.5,0
168,2022-08,22.5,9.5,9.6,22.6,0
168,2022-09,22.6,12.6,12.9,22.9,0
168,2022-10,22.9,14.8,12.8,20.9,0
168,2022-11,20.9,19.1,28.5,30.3,0
168,2022-12,30.3,18.0,15.9,28.2,0
168,2023-01,28.2,13.8,7.7,22.1,0
168,2023-02,22.1,15.0,16.2,23.3,0
168,2023-03,23.3,9.2,8.3,22.4,0
168,2023-04,22.4,10.2,9.6,21.8,0
168,2023-05,21.8,15.5,15.9,22.3,0
168,2023-06,22.3,13.0,13.1,22.3,0
168,2023-07,22.3,13.0,13.7,23.1,0
168,2023-08,23.1,9.0,8.3,22.4,0
168,2023-09,22.4,14.7,15.2,23.0,0
168,2023-10,23.0,13.1,12.3,22.1,0
168,2023-11,22.1,18.1,25.5,29.6,0
168,2023-12,29.6,14.0,12.3,27.8,0
168,2024-01,27.8,11.6,7.0,23.2,0
168,2024-02,23.2,11.3,10.9,22.8,0
168,2024-03,22.8,11.8,11.1,22.1,0
168,2024-04,22.1,10.3,9.9,21.8,0
168,2024-05,21.8,15.7,14.7,20.8,0
168,2024-06,20.8,12.4,13.0,21.3,0
168,2024-07,21.3,9.7,10.2,21.7,0
168,2024-08,21.7,13.3,14.5,22.9,0
168,2024-09,22.9,14.5,14.2,22.5,0
168,2024-10,22.5,13.4,14.1,23.2,0
168,2024-11,23.2,17.4,28.0,33.9,0
168,2024-12,33.9,15.9,9.6,27.6,0
168,2025-01,27.6,9.1,4.5,23.1,0
168,2025-02,23.1,10.8,10.8,23.1,0
168,2025-03,23.1,10.8,9.4,21.7,0
168,2025-04,21.7,12.4,14.4,23.7,0
168,2025-05,23.7,11.2,10.9,23.4,0
168,2025-06,23.4,10.0,9.2,22.6,0
168,2025-07,22.6,10.6,11.5,23.5,0
168,2025-08,23.5,13.0,10.8,21.2,0
168,2025-09,21.2,13.5,14.3,22.0,0
168,2025-10,22.0,15.8,17.5,23.6,0
168,2025-11,23.6,16.7,23.8,30.7,0
168,2025-12,30.7,14.8,13.5,29.4,0
169,2021-01,137.9,83.8,72.2,126.3,0
169,2021-02,126.3,73.0,81.1,134.4,0
169,2021-03,134.4,81.3,80.1,133.1,0
169,2021-04,133.1,88.2,86.2,131.2,0
169,2021-05,131.2,91.8,87.3,126.7,0
169,2021-06,126.7,66.8,71.7,131.7,0
169,2021-07,131.7,106.8,113.4,138.3,0
169,2021-08,138.3,109.5,103.2,132.0,0
169,2021-09,132.0,89.8,97.0,139.2,0
169,2021-10,139.2,80.2,73.1,132.1,0
169,2021-11,132.1,125.2,193.2,200.2,0
169,2021-12,200.2,129.5,99.3,170.0,0
169,2022-01,170.0,99.1,67.4,138.2,0
169,2022-02,138.2,95.0,87.6,130.8,0
169,2022-03,130.8,62.4,70.7,139.1,0
169,2022-04,139.1,76.3,73.6,136.4,0
169,2022-05,136.4,80.5,70.2,126.1,0
169,2022-06,126.1,65.2,74.7,135.6,0
169,2022-07,135.6,117.9,124.6,142.3,0
169,2022-08,142.3,82.1,67.7,128.0,0
169,2022-09,128.0,95.8,103.0,135.1,0
169,2022-10,135.1,92.2,99.5,142.4,0
169,2022-11,142.4,116.1,165.6,191.8,0
169,2022-12,191.8,105.9,79.6,165.6,0
169,2023-01,165.6,71.0,41.5,136.1,0
169,2023-02,136.1,47.9,52.1,140.2,0
169,2023-03,140.2,95.3,91.1,136.0,0
169,2023-04,136.0,58.3,58.5,136.2,0
169,2023-05,136.2,64.0,64.9,137.1,0
169,2023-06,137.1,56.1,49.3,130.3,0
169,2023-07,130.3,71.0,73.9,133.1,0
169,2023-08,133.1,102.2,101.3,132.3,0
169,2023-09,132.3,86.6,88.2,133.9,0
169,2023-10,133.9,84.7,89.9,139.1,0
169,2023-11,139.1,129.8,179.4,188.8,0
169,2023-12,188.8,98.8,78.9,168.9,0
169,2024-01,168.9,71.9,35.4,132.5,0
169,2024-02,132.5,101.0,108.9,140.4,0
169,2024-03,140.4,65.6,64.5,139.2,0
169,2024-04,139.2,74.1,74.7,139.9,0
169,2024-05,139.9,35.8,33.4,137.6,0
169,2024-06,137.6,106.8,98.8,129.6,0
169,2024-07,129.6,98.8,107.5,138.3,0
169,2024-08,138.3,88.6,76.1,125.9,0
169,2024-09,125.9,59.4,70.2,136.7,0
169,2024-10,136.7,101.8,90.7,125.5,0
169,2024-11,125.5,123.1,194.3,196.7,0
169,2024-12,196.7,111.4,88.9,174.2,0
169,2025-01,174.2,78.7,41.3,136.9,0
169,2025-02,136.9,92.7,85.6,129.7,0
169,2025-03,129.7,73.2,69.6,126.1,0
169,2025-04,126.1,96.4,110.7,140.4,0
169,2025-05,140.4,123.1,107.2,124.5,0
169,2025-06,124.5,82.1,99.1,141.5,0
169,2025-07,141.5,60.7,54.1,134.9,0
169,2025-08,134.9,80.1,71.8,126.6,0
169,2025-09,126.6,74.9,80.2,131.8,0
169,2025-10,131.8,95.4,97.4,133.8,0
169,2025-11,133.8,122.3,175.6,187.2,0
169,2025-12,187.2,113.9,93.1,166.3,0
170,2021-01,14.2,8.5,8.0,13.7,0
170,2021-02,13.7,6.3,5.8,13.2,0
170,2021-03,13.2,6.5,7.0,13.8,0
170,2021-04,13.8,3.3,3.2,13.8,0
170,2021-05,13.8,4.1,4.3,14.0,0
170,2021-06,14.0,7.8,7.8,14.0,0
170,2021-07,14.0,7.3,7.9,14.6,0
170,2021-08,14.6,6.4,5.4,13.6,0
170,2021-09,13.6,7.6,7.4,13.4,0
170,2021-10,13.4,6.2,6.3,13.5,0
170,2021-11,13.5,10.0,17.2,20.7,0
170,2021-12,20.7,8.8,6.1,17.9,0
170,2022-01,17.9,8.5,4.6,14.1,0
170,2022-02,14.1,7.3,7.6,14.4,0
170,2022-03,14.4,7.2,6.9,14.2,0
170,2022-04,14.2,8.1,8.0,14.1,0
170,2022-05,14.1,7.2,7.4,14.2,0
170,2022-06,14.2,6.0,5.7,13.9,0
170,2022-07,13.9,5.4,4.9,13.4,0
170,2022-08,13.4,8.0,8.2,13.7,0
170,2022-09,13.7,5.0,5.2,13.9,0
170,2022-10,13.9,8.5,8.8,14.2,0
170,2022-11,14.2,10.9,16.9,20.2,0
170,2022-12,20.2,7.7,5.4,18.0,0
170,2023-01,18.0,6.0,2.2,14.1,0
170,2023-02,14.1,7.4,7.2,13.9,0
170,2023-03,13.9,7.3,7.8,14.4,0
170,2023-04,14.4,6.8,6.1,13.7,0
170,2023-05,13.7,9.1,8.8,13.4,0
170,2023-06,13.4,5.6,6.7,14.5,0
170,2023-07,14.5,8.5,7.7,13.7,0
170,2023-08,13.7,5.6,5.8,13.9,0
170,2023-09,13.9,6.6,6.2,13.6,0
170,2023-10,13.6,7.8,7.4,13.3,0
170,2023-11,13.3,9.6,16.3,20.0,0
170,2023-12,20.0,8.9,6.2,17.3,0
170,2024-01,17.3,7.9,4.1,13.6,0
170,2024-02,13.6,6.8,7.8,14.5,0
170,2024-03,14.5,7.2,7.0,14.4,0
170,2024-04,14.4,6.4,5.7,13.7,0
170,2024-05,13.7,5.3,5.1,13.5,0
170,2024-06,13.5,7.4,7.0,13.1,0
170,2024-07,13.1,7.2,8.1,14.0,0
170,2024-08,14.0,6.2,5.8,13.6,0
170,2024-09,13.6,6.9,6.4,13.2,0
170,2024-10,13.2,6.5,7.1,13.8,0
170,2024-11,13.8,10.8,16.6,19.7,0
170,2024-12,19.7,11.0,9.1,17.7,0
170,2025-01,17.7,7.9,4.2,13.9,0
170,2025-02,13.9,6.8,6.8,14.0,0
170,2025-03,14.0,10.1,9.4,13.2,0
170,2025-04,13.2,5.5,6.6,14.2,0
170,2025-05,14.2,7.0,6.8,14.0,0
170,2025-06,14.0,5.4,5.7,14.3,0
170,2025-07,14.3,6.5,6.6,14.4,0
170,2025-08,14.4,8.3,8.2,14.3,0
170,2025-09,14.3,8.2,7.6,13.7,0
170,2025-10,13.7,7.0,7.3,14.0,0
170,2025-11,14.0,8.8,15.3,20.5,0
170,2025-12,20.5,9.1,5.7,17.0,0
171,2021-01,28.2,15.1,13.2,26.3,0
171,2021-02,26.3,16.0,18.4,28.8,0
171,2021-03,28.8,13.0,12.9,28.7,0
171,2021-04,28.7,14.2,11.9,26.4,0
171,2021-05,26.4,12.5,13.0,26.8,0
171,2021-06,26.8,14.0,13.7,26.5,0
171,2021-07,26.5,16.8,18.5,28.2,0
171,2021-08,28.2,15.5,14.8,27.4,0
171,2021-09,27.4,16.8,17.1,27.8,0
171,2021-10,27.8,17.9,16.9,26.7,0
171,2021-11,26.7,19.7,30.5,37.5,0
171,2021-12,37.5,15.1,11.4,33.7,0
171,2022-01,33.7,15.1,9.8,28.5,0
171,2022-02,28.5,17.0,14.7,26.2,0
171,2022-03,26.2,17.5,18.8,27.5,0
171,2022-04,27.5,15.3,15.5,27.7,0
171,2022-05,27.7,14.4,13.8,27.1,0
171,2022-06,27.1,14.6,16.1,28.6,0
171,2022-07,28.6,13.6,11.7,26.6,0
171,2022-08,26.6,10.3,10.8,27.1,0
171,2022-09,27.1,13.3,13.0,26.8,0
171,2022-10,26.8,16.1,17.6,28.3,0
171,2022-11,28.3,21.1,34.7,41.9,0
171,2022-12,41.9,16.2,8.7,34.4,0
171,2023-01,34.4,20.3,14.6,28.8,0
171,2023-02,28.8,13.6,12.4,27.6,0
171,2023-03,27.6,18.0,16.5,26.2,0
171,2023-04,26.2,11.3,13.0,27.9,0
171,2023-05,27.9,12.9,11.7,26.7,0
171,2023-06,26.7,15.6,15.9,27.1,0
171,2023-07,27.1,14.1,15.4,28.4,0
171,2023-08,28.4,14.3,12.2,26.3,0
171,2023-09,26.3,19.5,21.4,28.2,0
171,2023-10,28.2,16.4,16.1,27.8,0
171,2023-11,27.8,21.5,33.1,39.4,0
171,2023-12,39.4,17.2,11.6,33.8,0
171,2024-01,33.8,13.4,6.9,27.3,0
171,2024-02,27.3,15.1,14.6,26.7,0
171,2024-03,26.7,16.0,16.8,27.6,0
171,2024-04,27.6,13.4,12.9,27.0,0
171,2024-05,27.0,15.0,16.3,28.4,0
171,2024-06,28.4,16.1,15.7,28.0,0
171,2024-07,28.0,14.0,14.5,28.5,0
171,2024-08,28.5,16.9,16.4,28.1,0
171,2024-09,28.1,11.9,10.2,26.4,0
171,2024-10,26.4,16.0,16.9,27.3,0
171,2024-11,27.3,23.5,38.6,42.4,0
171,2024-12,42.4,20.6,13.8,35.5,0
171,2025-01,35.5,12.0,4.7,28.2,0
171,2025-02,28.2,20.8,20.8,28.1,0
171,2025-03,28.1,13.8,11.9,26.2,0
171,2025-04,26.2,12.9,13.3,26.7,0
171,2025-05,26.7,15.6,17.6,28.7,0
171,2025-06,28.7,12.8,12.4,28.3,0
171,2025-07,28.3,17.2,17.7,28.8,0
171,2025-08,28.8,15.9,14.5,27.4,0
171,2025-09,27.4,13.9,13.6,27.1,0
171,2025-10,27.1,11.9,11.4,26.6,0
171,2025-11,26.6,22.9,38.1,41.9,0
171,2025-12,41.9,18.4,10.8,34.3,0
172,2021-01,38.5,7.3,7.6,38.7,0
172,2021-02,38.7,8.2,7.2,37.6,0
172,2021-03,37.6,10.9,10.7,37.4,0
172,2021-04,37.4,8.1,7.8,37.2,0
172,2021-05,37.2,8.3,9.1,38.0,0
172,2021-06,38.0,5.8,5.4,37.6,0
172,2021-07,37.6,10.4,11.3,38.6,0
172,2021-08,38.6,9.4,8.7,37.8,0
172,2021-09,37.8,8.6,8.5,37.7,0
172,2021-10,37.7,9.4,9.9,38.2,0
172,2021-11,38.2,11.2,29.4,56.4,0
172,2021-12,56.4,13.5,4.9,47.9,0
172,2022-01,47.9,8.9,0.0,39.0,0
172,2022-02,39.0,12.0,10.3,37.2,0
172,2022-03,37.2,11.0,11.9,38.1,0
172,2022-04,38.1,10.8,10.9,38.3,0
172,2022-05,38.3,5.4,5.2,38.0,0
172,2022-06,38.0,9.1,8.2,37.2,0
172,2022-07,37.2,9.8,10.5,37.9,0
172,2022-08,37.9,10.0,10.7,38.6,0
172,2022-09,38.6,7.9,7.1,37.8,0
172,2022-10,37.8,9.4,9.2,37.6,0
172,2022-11,37.6,11.7,31.2,57.1,0
172,2022-12,57.1,10.6,1.6,48.0,0
172,2023-01,48.0,10.6,1.0,38.4,0
172,2023-02,38.4,6.1,5.9,38.2,0
172,2023-03,38.2,10.3,9.5,37.3,0
172,2023-04,37.3,9.9,10.8,38.2,0
172,2023-05,38.2,8.1,7.6,37.7,0
172,2023-06,37.7,14.6,14.5,37.6,0
172,2023-07,37.6,7.0,8.1,38.7,0
172,2023-08,38.7,10.0,8.7,37.4,0
172,2023-09,37.4,8.7,8.9,37.5,0
172,2023-10,37.5,12.0,13.4,39.0,0
172,2023-11,39.0,12.8,26.1,52.3,0
172,2023-12,52.3,10.8,6.1,47.6,0
172,2024-01,47.6,10.7,1.5,38.4,0
172,2024-02,38.4,8.9,7.9,37.5,0
172,2024-03,37.5,7.9,8.8,38.3,0
172,2024-04,38.3,12.3,12.0,38.1,0
172,2024-05,38.1,11.7,10.9,37.2,0
172,2024-06,37.2,9.7,10.9,38.4,0
172,2024-07,38.4,9.9,9.7,38.1,0
172,2024-08,38.1,10.2,10.4,38.3,0
172,2024-09,38.3,8.6,7.8,37.5,0
172,2024-10,37.5,10.0,10.5,38.0,0
172,2024-11,38.0,13.4,29.3,53.9,0
172,2024-12,53.9,11.5,4.9,47.3,0
172,2025-01,47.3,9.4,0.6,38.5,0
172,2025-02,38.5,8.9,8.9,38.4,0
172,2025-03,38.4,11.1,10.0,37.2,0
172,2025-04,37.2,10.4,11.7,38.5,0
172,2025-05,38.5,10.6,9.1,37.0,0
172,2025-06,37.0,8.7,9.4,37.7,0
172,2025-07,37.7,5.8,6.8,38.7,0
172,2025-08,38.7,7.7,6.9,37.9,0
172,2025-09,37.9,12.6,11.6,37.0,0
172,2025-10,37.0,9.0,10.4,38.4,0
172,2025-11,38.4,13.1,30.9,56.1,0
172,2025-12,56.1,12.2,4.2,48.2,0
173,2021-01,19.1,19.1,18.8,18.8,14
173,2021-02,18.8,18.8,16.8,16.8,12
173,2021-03,16.8,16.8,17.3,17.3,10
173,2021-04,17.3,17.3,16.9,16.9,14
173,2021-05,16.9,16.9,18.3,18.3,9
173,2021-06,18.3,18.3,16.5,16.5,13
173,2021-07,16.5,16.5,20.0,20.0,10
173,2021-08,20.0,20.0,20.0,20.0,12
173,2021-09,20.0,20.0,19.7,19.7,6
173,2021-10,19.7,19.7,16.2,16.2,13
173,2021-11,16.2,16.2,23.6,23.6,15
173,2021-12,23.6,23.6,22.6,22.6,13
173,2022-01,22.6,20.7,17.1,19.0,0
173,2022-02,19.0,19.0,16.5,16.5,9
173,2022-03,16.5,16.5,18.6,18.6,11
173,2022-04,18.6,18.6,18.3,18.3,4
173,2022-05,18.3,18.3,17.3,17.3,14
173,2022-06,17.3,17.3,17.2,17.2,14
173,2022-07,17.2,17.2,16.6,16.6,9
173,2022-08,16.6,16.6,17.7,17.7,8
173,2022-09,17.7,17.7,18.2,18.2,9
173,2022-10,18.2,18.2,19.0,19.0,9
173,2022-11,19.0,19.0,26.2,26.2,18
173,2022-12,26.2,26.2,23.0,23.0,8
173,2023-01,23.0,23.0,16.9,16.9,8
173,2023-02,16.9,16.9,16.8,16.8,12
173,2023-03,16.8,16.8,18.2,18.2,13
173,2023-04,18.2,18.2,19.2,19.2,11
173,2023-05,19.2,19.2,18.7,18.7,7
173,2023-06,18.7,18.7,19.9,19.9,8
173,2023-07,19.9,19.9,18.0,18.0,6
173,2023-08,18.0,18.0,20.0,20.0,3
173,2023-09,20.0,20.0,17.8,17.8,6
173,2023-10,17.8,17.8,17.8,17.8,10
173,2023-11,17.8,17.8,24.7,24.7,17
173,2023-12,24.7,24.7,22.1,22.1,8
173,2024-01,22.1,22.1,17.1,17.1,3
173,2024-02,17.1,17.1,17.5,17.5,14
173,2024-03,17.5,17.5,18.6,18.6,11
173,2024-04,18.6,18.6,19.5,19.5,11
173,2024-05,19.5,19.5,19.5,19.5,6
173,2024-06,19.5,19.5,17.5,17.5,6
173,2024-07,17.5,16.7,16.7,17.5,0
173,2024-08,17.5,17.5,18.4,18.4,12
173,2024-09,18.4,18.4,17.5,17.5,11
173,2024-10,17.5,17.5,17.2,17.2,7
173,2024-11,17.2,17.2,23.5,23.5,18
173,2024-12,23.5,23.5,21.8,21.8,5
173,2025-01,21.8,21.8,17.8,17.8,10
173,2025-02,17.8,17.8,17.2,17.2,11
173,2025-03,17.2,17.2,18.6,18.6,9
173,2025-04,18.6,18.4,19.4,19.7,0
173,2025-05,19.7,19.7,16.4,16.4,8
173,2025-06,16.4,16.4,18.8,18.8,15
173,2025-07,18.8,18.8,16.8,16.8,11
173,2025-08,16.8,16.8,19.4,19.4,8
173,2025-09,19.4,19.4,16.7,16.7,8
173,2025-10,16.7,16.7,17.2,17.2,9
173,2025-11,17.2,17.2,27.6,27.6,17
173,2025-12,27.6,27.6,22.0,22.0,5
174,2021-01,32.0,16.4,14.0,29.6,0
174,2021-02,29.6,21.3,20.8,29.1,0
174,2021-03,29.1,14.4,16.3,31.0,0
174,2021-04,31.0,19.6,18.6,30.0,0
174,2021-05,30.0,16.7,19.2,32.5,0
174,2021-06,32.5,18.0,16.9,31.4,0
174,2021-07,31.4,17.9,16.0,29.5,0
174,2021-08,29.5,19.0,20.6,31.1,0
174,2021-09,31.1,14.2,14.6,31.5,0
174,2021-10,31.5,19.9,18.2,29.8,0
174,2021-11,29.8,22.1,36.3,44.1,0
174,2021-12,44.1,23.0,19.8,40.9,0
174,2022-01,40.9,14.6,4.9,31.2,0
174,2022-02,31.2,19.1,19.0,31.0,0
174,2022-03,31.0,17.3,17.4,31.2,0
174,2022-04,31.2,16.5,17.1,31.9,0
174,2022-05,31.9,20.6,17.9,29.2,0
174,2022-06,29.2,21.4,24.8,32.6,0
174,2022-07,32.6,19.0,17.7,31.3,0
174,2022-08,31.3,15.9,15.4,30.8,0
174,2022-09,30.8,18.2,16.7,29.3,0
174,2022-10,29.3,14.5,15.0,29.8,0
174,2022-11,29.8,23.8,36.3,42.3,0
174,2022-12,42.3,21.6,18.7,39.4,0
174,2023-01,39.4,16.8,8.8,31.4,0
174,2023-02,31.4,13.9,13.8,31.3,0
174,2023-03,31.3,21.1,20.0,30.2,0
174,2023-04,30.2,18.2,18.7,30.7,0
174,2023-05,30.7,19.5,19.3,30.5,0
174,2023-06,30.5,15.5,14.6,29.6,0
174,2023-07,29.6,18.8,18.5,29.3,0
174,2023-08,29.3,11.1,14.0,32.2,0
174,2023-09,32.2,18.1,16.8,30.9,0
174,2023-10,30.9,15.6,17.4,32.7,0
174,2023-11,32.7,19.7,28.8,41.8,0
174,2023-12,41.8,22.2,19.1,38.7,0
174,2024-01,38.7,17.1,9.5,31.1,0
174,2024-02,31.1,14.6,13.6,30.1,0
174,2024-03,30.1,12.5,13.4,31.0,0
174,2024-04,31.0,21.2,20.8,30.6,0
174,2024-05,30.6,15.9,17.1,31.8,0
174,2024-06,31.8,13.3,12.0,30.5,0
174,2024-07,30.5,13.4,15.4,32.5,0
174,2024-08,32.5,15.6,15.0,31.9,0
174,2024-09,31.9,17.5,15.2,29.6,0
174,2024-10,29.6,19.8,20.8,30.5,0
174,2024-11,30.5,25.2,38.5,43.9,0
174,2024-12,43.9,21.0,14.8,37.7,0
174,2025-01,37.7,19.7,12.5,30.4,0
174,2025-02,30.4,12.6,14.5,32.4,0
174,2025-03,32.4,18.5,15.7,29.6,0
174,2025-04,29.6,17.3,20.6,32.9,0
174,2025-05,32.9,17.2,15.5,31.2,0
174,2025-06,31.2,18.3,17.0,29.9,0
174,2025-07,29.9,17.2,18.0,30.7,0
174,2025-08,30.7,19.7,21.8,32.8,0
174,2025-09,32.8,20.3,17.9,30.4,0
174,2025-10,30.4,20.9,20.0,29.5,0
174,2025-11,29.5,25.5,37.6,41.5,0
174,2025-12,41.5,18.1,14.2,37.7,0
175,2021-01,16.5,7.1,6.3,15.7,0
175,2021-02,15.7,4.6,4.9,15.9,0
175,2021-03,15.9,9.2,10.3,16.9,0
175,2021-04,16.9,9.0,7.3,15.3,0
175,2021-05,15.3,7.2,7.9,16.0,0
175,2021-06,16.0,6.9,6.7,15.8,0
175,2021-07,15.8,8.2,8.2,15.8,0
175,2021-08,15.8,7.3,6.9,15.4,0
175,2021-09,15.4,5.8,6.3,15.9,0
175,2021-10,15.9,9.2,9.5,16.2,0
175,2021-11,16.2,13.2,21.8,24.8,0
175,2021-12,24.8,9.1,4.7,20.4,0
175,2022-01,20.4,7.9,3.8,16.3,0
175,2022-02,16.3,7.8,7.1,15.7,0
175,2022-03,15.7,3.2,3.8,16.2,0
175,2022-04,16.2,6.2,6.0,16.0,0
175,2022-05,16.0,8.4,8.2,15.8,0
175,2022-06,15.8,8.9,9.0,15.9,0
175,2022-07,15.9,4.6,5.0,16.3,0
175,2022-08,16.3,10.2,10.7,16.8,0
175,2022-09,16.8,6.9,5.6,15.5,0
175,2022-10,15.5,7.9,9.3,16.9,0
175,2022-11,16.9,11.0,17.1,23.0,0
175,2022-12,23.0,8.0,5.4,20.4,0
175,2023-01,20.4,8.6,4.5,16.4,0
175,2023-02,16.4,6.0,5.9,16.3,0
175,2023-03,16.3,9.2,8.1,15.3,0
175,2023-04,15.3,10.7,10.1,14.8,0
175,2023-05,14.8,7.3,8.3,15.7,0
175,2023-06,15.7,8.6,9.2,16.3,0
175,2023-07,16.3,8.8,8.7,16.3,0
175,2023-08,16.3,8.5,8.6,16.4,0
175,2023-09,16.4,9.6,10.1,16.9,0
175,2023-10,16.9,6.2,5.5,16.2,0
175,2023-11,16.2,11.8,17.5,21.9,0
175,2023-12,21.9,11.3,9.7,20.3,0
175,2024-01,20.3,11.2,6.7,15.8,0
175,2024-02,15.8,9.7,10.9,17.0,0
175,2024-03,17.0,10.7,8.9,15.2,0
175,2024-04,15.2,9.8,9.8,15.2,0
175,2024-05,15.2,8.7,9.2,15.6,0
175,2024-06,15.6,7.1,7.0,15.6,0
175,2024-07,15.6,3.8,4.9,16.7,0
175,2024-08,16.7,7.7,7.0,15.9,0
175,2024-09,15.9,9.7,9.3,15.5,0
175,2024-10,15.5,8.3,9.5,16.7,0
175,2024-11,16.7,11.8,16.3,21.2,0
175,2024-12,21.2,11.4,10.1,19.9,0
175,2025-01,19.9,6.2,2.4,16.1,0
175,2025-02,16.1,10.6,11.4,16.9,0
175,2025-03,16.9,9.8,8.7,15.8,0
175,2025-04,15.8,5.0,5.5,16.3,0
175,2025-05,16.3,11.4,9.9,14.8,0
175,2025-06,14.8,6.4,7.3,15.7,0
175,2025-07,15.7,6.7,6.7,15.7,0
175,2025-08,15.7,8.8,9.7,16.7,0
175,2025-09,16.7,9.2,9.0,16.6,0
175,2025-10,16.6,6.5,6.3,16.4,0
175,2025-11,16.4,11.5,16.9,21.9,0
175,2025-12,21.9,9.2,8.0,20.7,0
176,2021-01,10.9,7.0,6.2,10.2,0
176,2021-02,10.2,7.7,7.2,9.7,0
176,2021-03,9.7,8.1,9.5,11.2,0
176,2021-04,11.2,9.9,8.8,10.1,0
176,2021-05,10.1,5.6,6.6,11.1,0
176,2021-06,11.1,6.5,5.9,10.5,0
176,2021-07,10.5,8.1,7.5,9.9,0
176,2021-08,9.9,8.0,8.6,10.5,0
176,2021-09,10.5,6.0,6.1,10.6,0
176,2021-10,10.6,8.3,7.7,10.0,0
176,2021-11,10.0,10.0,14.9,14.9,4
176,2021-12,14.9,10.6,8.3,12.5,0
176,2022-01,12.5,6.0,4.3,10.8,0
176,2022-02,10.8,9.0,8.8,10.7,0
176,2022-03,10.7,8.8,7.8,9.7,0
176,2022-04,9.7,8.7,9.2,10.3,0
176,2022-05,10.3,7.4,7.1,10.0,0
176,2022-06,10.0,9.6,10.6,10.9,0
176,2022-07,10.9,6.2,6.1,10.8,0
176,2022-08,10.8,9.7,9.7,10.8,0
176,2022-09,10.8,10.5,10.2,10.4,0
176,2022-10,10.4,8.3,8.8,11.0,0
176,2022-11,11.0,10.6,14.1,14.5,0
176,2022-12,14.5,9.7,7.5,12.3,0
176,2023-01,12.3,8.5,6.6,10.4,0
176,2023-02,10.4,6.3,7.1,11.2,0
176,2023-03,11.2,8.6,7.6,10.1,0
176,2023-04,10.1,8.0,8.7,10.8,0
176,2023-05,10.8,6.6,6.8,10.9,0
176,2023-06,10.9,10.2,8.7,9.5,0
176,2023-07,9.5,9.5,9.9,9.9,1
176,2023-08,9.9,8.6,8.5,9.7,0
176,2023-09,9.7,7.5,8.3,10.5,0
176,2023-10,10.5,9.3,9.0,10.2,0
176,2023-11,10.2,10.1,14.1,14.2,0
176,2023-12,14.2,9.3,7.5,12.3,0
176,2024-01,12.3,7.6,6.1,10.8,0
176,2024-02,10.8,5.3,5.0,10.5,0
176,2024-03,10.5,7.2,6.7,9.9,0
176,2024-04,9.9,7.1,8.1,10.9,0
176,2024-05,10.9,10.4,10.4,11.0,0
176,2024-06,11.0,9.8,8.3,9.5,0
176,2024-07,9.5,8.6,9.7,10.7,0
176,2024-08,10.7,9.0,8.8,10.5,0
176,2024-09,10.5,7.4,7.3,10.4,0
176,2024-10,10.4,9.3,8.8,9.9,0
176,2024-11,9.9,9.9,16.4,16.4,2
176,2024-12,16.4,10.2,7.6,13.8,0
176,2025-01,13.8,8.1,5.3,11.0,0
176,2025-02,11.0,7.4,6.2,9.8,0
176,2025-03,9.8,7.7,8.1,10.3,0
176,2025-04,10.3,8.6,9.1,10.8,0
176,2025-05,10.8,8.4,7.6,10.0,0
176,2025-06,10.0,10.0,11.1,11.1,2
176,2025-07,11.1,8.1,7.8,10.9,0
176,2025-08,10.9,9.5,9.1,10.5,0
176,2025-09,10.5,9.0,9.1,10.5,0
176,2025-10,10.5,9.1,8.2,9.6,0
176,2025-11,9.6,9.6,16.0,16.0,5
176,2025-12,16.0,12.8,10.5,13.7,0
177,2021-01,47.0,35.1,33.1,45.0,0
177,2021-02,45.0,35.6,34.3,43.7,0
177,2021-03,43.7,30.6,33.6,46.8,0
177,2021-04,46.8,27.7,28.3,47.3,0
177,2021-05,47.3,27.6,23.9,43.7,0
177,2021-06,43.7,35.7,35.4,43.4,0
177,2021-07,43.4,28.9,33.7,48.3,0
177,2021-08,48.3,28.9,23.8,43.1,0
177,2021-09,43.1,18.7,21.3,45.7,0
177,2021-10,45.7,22.7,24.2,47.2,0
177,2021-11,47.2,39.8,55.4,62.8,0
177,2021-12,62.8,34.9,28.9,56.8,0
177,2022-01,56.8,32.2,23.4,48.0,0
177,2022-02,48.0,25.6,21.3,43.7,0
177,2022-03,43.7,25.8,25.9,43.8,0
177,2022-04,43.8,22.6,23.5,44.8,0
177,2022-05,44.8,32.3,30.6,43.0,0
177,2022-06,43.0,24.5,24.3,42.7,0
177,2022-07,42.7,24.7,28.2,46.3,0
177,2022-08,46.3,36.5,31.7,41.5,0
177,2022-09,41.5,20.1,26.5,47.9,0
177,2022-10,47.9,24.1,21.3,45.2,0
177,2022-11,45.2,30.5,52.6,67.3,0
177,2022-12,67.3,32.8,22.0,56.5,0
177,2023-01,56.5,22.1,11.1,45.5,0
177,2023-02,45.5,24.3,27.0,48.2,0
177,2023-03,48.2,23.4,23.1,47.9,0
177,2023-04,47.9,34.6,31.8,45.1,0
177,2023-05,45.1,27.7,29.6,46.9,0
177,2023-06,46.9,33.2,32.6,46.3,0
177,2023-07,46.3,30.0,32.0,48.3,0
177,2023-08,48.3,19.5,18.0,46.8,0
177,2023-09,46.8,28.2,25.8,44.4,0
177,2023-10,44.4,27.5,26.6,43.5,0
177,2023-11,43.5,38.9,54.2,58.8,0
177,2023-12,58.8,29.3,27.5,57.1,0
177,2024-01,57.1,40.0,28.2,45.3,0
177,2024-02,45.3,33.2,31.6,43.8,0
177,2024-03,43.8,31.6,31.4,43.6,0
177,2024-04,43.6,27.6,30.2,46.2,0
177,2024-05,46.2,29.0,30.4,47.6,0
177,2024-06,47.6,30.2,27.1,44.6,0
177,2024-07,44.6,27.7,30.9,47.8,0
177,2024-08,47.8,25.7,22.9,45.0,0
177,2024-09,45.0,38.4,36.4,43.0,0
177,2024-10,43.0,28.4,29.7,44.3,0
177,2024-11,44.3,44.2,63.4,63.5,0
177,2024-12,63.5,41.2,33.5,55.8,0
177,2025-01,55.8,25.4,17.2,47.6,0
177,2025-02,47.6,34.4,31.6,44.8,0
177,2025-03,44.8,30.2,32.7,47.2,0
177,2025-04,47.2,27.0,26.8,47.0,0
177,2025-05,47.0,28.6,27.9,46.3,0
177,2025-06,46.3,32.3,30.5,44.4,0
177,2025-07,44.4,24.0,24.5,44.9,0
177,2025-08,44.9,30.1,28.5,43.3,0
177,2025-09,43.3,28.7,33.4,48.0,0
177,2025-10,48.0,30.7,30.5,47.8,0
177,2025-11,47.8,36.5,53.1,64.5,0
177,2025-12,64.5,33.9,28.6,59.2,0
178,2021-01,3.6,3.6,3.3,3.3,7
178,2021-02,3.3,3.3,3.4,3.4,12
178,2021-03,3.4,3.4,3.4,3.4,10
178,2021-04,3.4,3.4,3.5,3.5,13
178,2021-05,3.5,3.5,3.2,3.2,13
178,2021-06,3.2,3.2,3.2,3.2,16
178,2021-07,3.2,3.2,3.5,3.5,8
178,2021-08,3.5,3.5,3.5,3.5,15
178,2021-09,3.5,3.5,3.6,3.6,14
178,2021-10,3.6,3.6,3.5,3.5,12
178,2021-11,3.5,3.5,4.6,4.6,17
178,2021-12,4.6,4.6,4.0,4.0,12
178,2022-01,4.0,4.0,3.8,3.8,4
178,2022-02,3.8,3.8,3.6,3.6,7
178,2022-03,3.6,3.6,3.5,3.5,12
178,2022-04,3.5,3.5,3.7,3.7,12
178,2022-05,3.7,3.7,3.4,3.4,9
178,2022-06,3.4,3.4,3.2,3.2,9
178,2022-07,3.2,3.0,3.1,3.4,0
178,2022-08,3.4,3.4,3.4,3.4,8
178,2022-09,3.4,3.4,3.7,3.7,7
178,2022-10,3.7,3.7,3.6,3.6,8
178,2022-11,3.6,3.6,5.4,5.4,15
178,2022-12,5.4,5.4,4.7,4.7,6
178,2023-01,4.7,4.5,3.5,3.7,0
178,2023-02,3.7,3.7,3.6,3.6,10
178,2023-03,3.6,3.6,3.2,3.2,1
178,2023-04,3.2,3.2,3.4,3.4,12
178,2023-05,3.4,3.4,3.6,3.6,1
178,2023-06,3.6,3.6,3.6,3.6,8
178,2023-07,3.6,3.3,3.1,3.3,0
178,2023-08,3.3,3.3,3.6,3.6,15
178,2023-09,3.6,3.6,3.3,3.3,11
178,2023-10,3.3,3.3,3.4,3.4,15
178,2023-11,3.4,3.4,4.8,4.8,14
178,2023-12,4.8,4.8,3.9,3.9,6
178,2024-01,3.9,3.9,3.4,3.4,11
178,2024-02,3.4,3.4,3.5,3.5,7
178,2024-03,3.5,3.5,3.2,3.2,13
178,2024-04,3.2,3.2,3.1,3.1,14
178,2024-05,3.1,3.1,3.7,3.7,11
178,2024-06,3.7,3.7,3.3,3.3,6
178,2024-07,3.3,3.3,3.1,3.1,6
178,2024-08,3.1,3.1,3.5,3.5,13
178,2024-09,3.5,3.5,3.7,3.7,13
178,2024-10,3.7,3.7,3.6,3.6,9
178,2024-11,3.6,3.6,4.8,4.8,14
178,2024-12,4.8,4.8,4.3,4.3,8
178,2025-01,4.3,4.3,3.6,3.6,9
178,2025-02,3.6,3.6,3.5,3.5,7
178,2025-03,3.5,3.5,3.5,3.5,14
178,2025-04,3.5,3.5,3.6,3.6,18
178,2025-05,3.6,3.6,3.3,3.3,11
178,2025-06,3.3,3.3,3.7,3.7,3
178,2025-07,3.7,3.7,3.2,3.2,10
178,2025-08,3.2,3.2,3.6,3.6,14
178,2025-09,3.6,3.6,3.6,3.6,6
178,2025-10,3.6,3.6,3.7,3.7,4
178,2025-11,3.7,3.7,5.3,5.3,14
178,2025-12,5.3,4.8,3.9,4.3,0
179,2021-01,10.4,10.4,10.2,10.2,16
179,2021-02,10.2,10.2,10.1,10.1,16
179,2021-03,10.1,10.1,9.4,9.4,11
179,2021-04,9.4,9.4,9.8,9.8,16
179,2021-05,9.8,9.8,10.6,10.6,18
179,2021-06,10.6,10.6,9.6,9.6,18
179,2021-07,9.6,9.6,9.2,9.2,9
179,2021-08,9.2,9.2,9.4,9.4,16
179,2021-09,9.4,9.4,9.5,9.5,12
179,2021-10,9.5,9.5,10.1,10.1,14
179,2021-11,10.1,10.1,13.8,13.8,21
179,2021-12,13.8,13.8,11.8,11.8,7
179,2022-01,11.8,11.8,9.1,9.1,16
179,2022-02,9.1,9.1,10.1,10.1,19
179,2022-03,10.1,10.1,10.9,10.9,12
179,2022-04,10.9,10.9,8.9,8.9,17
179,2022-05,8.9,8.9,10.3,10.3,17
179,2022-06,10.3,10.3,9.7,9.7,15
179,2022-07,9.7,9.7,8.9,8.9,16
179,2022-08,8.9,8.9,10.8,10.8,11
179,2022-09,10.8,10.8,10.7,10.7,15
179,2022-10,10.7,10.7,9.3,9.3,17
179,2022-11,9.3,9.3,14.0,14.0,21
179,2022-12,14.0,14.0,12.3,12.3,15
179,2023-01,12.3,12.3,9.5,9.5,8
179,2023-02,9.5,9.5,10.0,10.0,16
179,2023-03,10.0,10.0,10.9,10.9,17
179,2023-04,10.9,10.9,10.6,10.6,15
179,2023-05,10.6,10.6,10.1,10.1,16
179,2023-06,10.1,10.1,9.1,9.1,12
179,2023-07,9.1,9.1,10.4,10.4,15
179,2023-08,10.4,10.4,9.2,9.2,7
179,2023-09,9.2,9.2,10.7,10.7,12
179,2023-10,10.7,10.7,9.4,9.4,11
179,2023-11,9.4,9.4,14.9,14.9,19
179,2023-12,14.9,14.9,11.6,11.6,15
179,2024-01,11.6,11.6,10.9,10.9,4
179,2024-02,10.9,10.9,8.9,8.9,15
179,2024-03,8.9,8.9,10.3,10.3,15
179,2024-04,10.3,10.3,9.3,9.3,13
179,2024-05,9.3,9.3,9.3,9.3,15
179,2024-06,9.3,9.3,10.9,10.9,17
179,2024-07,10.9,10.9,9.4,9.4,15
179,2024-08,9.4,9.4,10.8,10.8,14
179,2024-09,10.8,10.8,10.8,10.8,11
179,2024-10,10.8,10.8,9.4,9.4,13
179,2024-11,9.4,9.4,15.3,15.3,17
179,2024-12,15.3,15.3,11.3,11.3,11
179,2025-01,11.3,11.3,9.5,9.5,13
179,2025-02,9.5,9.5,9.3,9.3,13
179,2025-03,9.3,9.3,9.9,9.9,11
179,2025-04,9.9,9.9,8.9,8.9,15
179,2025-05,8.9,8.9,9.9,9.9,20
179,2025-06,9.9,9.9,9.1,9.1,15
179,2025-07,9.1,9.1,10.4,10.4,17
179,2025-08,10.4,10.4,10.9,10.9,11
179,2025-09,10.9,10.9,10.7,10.7,11
179,2025-10,10.7,10.7,10.8,10.8,12
179,2025-11,10.8,10.8,15.4,15.4,12
179,2025-12,15.4,15.4,13.3,13.3,2
180,2021-01,1.4,1.4,1.4,1.4,14
180,2021-02,1.4,1.4,1.4,1.4,12
180,2021-03,1.4,1.4,1.3,1.3,11
180,2021-04,1.3,1.3,1.5,1.5,18
180,2021-05,1.5,1.5,1.4,1.4,0
180,2021-06,1.4,1.4,1.5,1.5,16
180,2021-07,1.5,1.5,1.4,1.4,12
180,2021-08,1.4,1.4,1.3,1.3,19
180,2021-09,1.3,1.3,1.3,1.3,20
180,2021-10,1.3,1.3,1.5,1.5,15
180,2021-11,1.5,1.5,2.2,2.2,18
180,2021-12,2.2,2.2,1.5,1.5,9
180,2022-01,1.5,1.5,1.3,1.3,8
180,2022-02,1.3,1.3,1.3,1.3,17
180,2022-03,1.3,1.3,1.4,1.4,13
180,2022-04,1.4,1.4,1.3,1.3,17
180,2022-05,1.3,1.3,1.2,1.2,17
180,2022-06,1.2,1.2,1.5,1.5,18
180,2022-07,1.5,1.5,1.2,1.2,18
180,2022-08,1.2,1.2,1.4,1.4,16
180,2022-09,1.4,1.4,1.3,1.3,18
180,2022-10,1.3,1.3,1.4,1.4,17
180,2022-11,1.4,1.4,2.1,2.1,21
180,2022-12,2.1,2.1,1.6,1.6,16
180,2023-01,1.6,1.6,1.2,1.2,7
180,2023-02,1.2,1.2,1.2,1.2,18
180,2023-03,1.2,1.2,1.3,1.3,20
180,2023-04,1.3,1.3,1.4,1.4,19
180,2023-05,1.4,1.4,1.5,1.5,8
180,2023-06,1.5,1.5,1.2,1.2,16
180,2023-07,1.2,1.2,1.4,1.4,17
180,2023-08,1.4,1.4,1.3,1.3,13
180,2023-09,1.3,1.3,1.3,1.3,19
180,2023-10,1.3,1.3,1.4,1.4,17
180,2023-11,1.4,1.4,2.0,2.0,21
180,2023-12,2.0,2.0,1.7,1.7,12
180,2024-01,1.7,1.7,1.4,1.4,13
180,2024-02,1.4,1.4,1.4,1.4,14
180,2024-03,1.4,1.4,1.3,1.3,16
180,2024-04,1.3,1.3,1.4,1.4,14
180,2024-05,1.4,1.4,1.5,1.5,15
180,2024-06,1.5,1.5,1.5,1.5,13
180,2024-07,1.5,1.5,1.4,1.4,13
180,2024-08,1.4,1.4,1.5,1.5,16
180,2024-09,1.5,1.5,1.3,1.3,16
180,2024-10,1.3,1.3,1.3,1.3,16
180,2024-11,1.3,1.3,2.2,2.2,19
180,2024-12,2.2,2.2,1.7,1.7,7
180,2025-01,1.7,1.7,1.5,1.5,17
180,2025-02,1.5,1.5,1.2,1.2,18
180,2025-03,1.2,1.2,1.5,1.5,19
180,2025-04,1.5,1.5,1.2,1.2,18
180,2025-05,1.2,1.2,1.4,1.4,16
180,2025-06,1.4,1.4,1.4,1.4,16
180,2025-07,1.4,1.4,1.5,1.5,17
180,2025-08,1.5,1.5,1.3,1.3,14
180,2025-09,1.3,1.3,1.5,1.5,19
180,2025-10,1.5,1.5,1.5,1.5,13
180,2025-11,1.5,1.5,1.8,1.8,19
180,2025-12,1.8,1.8,1.5,1.5,12
181,2021-01,12.9,5.6,5.8,13.2,0
181,2021-02,13.2,8.4,7.7,12.4,0
181,2021-03,12.4,8.8,9.3,12.9,0
181,2021-04,12.9,8.6,7.9,12.2,0
181,2021-05,12.2,6.1,6.9,13.0,0
181,2021-06,13.0,8.1,7.2,12.1,0
181,2021-07,12.1,4.7,5.3,12.7,0
181,2021-08,12.7,7.5,8.1,13.2,0
181,2021-09,13.2,7.1,6.0,12.2,0
181,2021-10,12.2,8.6,9.3,12.9,0
181,2021-11,12.9,10.6,15.2,17.5,0
181,2021-12,17.5,9.2,8.0,16.3,0
181,2022-01,16.3,7.0,3.3,12.6,0
181,2022-02,12.6,5.7,5.6,12.6,0
181,2022-03,12.6,6.9,7.1,12.9,0
181,2022-04,12.9,5.0,4.5,12.3,0
181,2022-05,12.3,6.8,7.3,12.9,0
181,2022-06,12.9,7.6,6.8,12.0,0
181,2022-07,12.0,7.9,8.8,12.9,0
181,2022-08,12.9,8.3,7.2,11.9,0
181,2022-09,11.9,6.9,7.3,12.3,0
181,2022-10,12.3,7.0,6.8,12.0,0
181,2022-11,12.0,10.6,15.3,16.7,0
181,2022-12,16.7,9.1,7.8,15.3,0
181,2023-01,15.3,7.9,5.1,12.6,0
181,2023-02,12.6,5.9,5.5,12.1,0
181,2023-03,12.1,7.9,8.1,12.4,0
181,2023-04,12.4,7.9,7.8,12.3,0
181,2023-05,12.3,7.8,7.3,11.8,0
181,2023-06,11.8,6.2,7.6,13.2,0
181,2023-07,13.2,6.2,5.6,12.6,0
181,2023-08,12.6,6.9,6.6,12.3,0
181,2023-09,12.3,7.2,7.0,12.1,0
181,2023-10,12.1,8.0,8.1,12.1,0
181,2023-11,12.1,10.5,15.3,16.9,0
181,2023-12,16.9,9.0,7.7,15.5,0
181,2024-01,15.5,9.4,6.7,12.8,0
181,2024-02,12.8,7.0,6.5,12.3,0
181,2024-03,12.3,7.4,7.1,12.1,0
181,2024-04,12.1,7.6,8.7,13.2,0
181,2024-05,13.2,7.4,6.5,12.2,0
181,2024-06,12.2,7.1,7.3,12.4,0
181,2024-07,12.4,7.2,7.8,13.0,0
181,2024-08,13.0,10.1,10.3,13.3,0
181,2024-09,13.3,7.6,7.6,13.3,0
181,2024-10,13.3,7.7,6.6,12.2,0
181,2024-11,12.2,9.2,15.6,18.5,0
181,2024-12,18.5,7.5,5.0,16.0,0
181,2025-01,16.0,6.7,3.5,12.8,0
181,2025-02,12.8,7.7,7.4,12.6,0
181,2025-03,12.6,8.8,8.0,11.7,0
181,2025-04,11.7,6.6,7.2,12.3,0
181,2025-05,12.3,6.3,6.7,12.6,0
181,2025-06,12.6,8.5,8.5,12.7,0
181,2025-07,12.7,7.8,7.2,12.1,0
181,2025-08,12.1,4.3,5.1,12.9,0
181,2025-09,12.9,4.7,4.9,13.2,0
181,2025-10,13.2,4.4,4.4,13.1,0
181,2025-11,13.1,9.6,13.5,17.0,0
181,2025-12,17.0,8.7,7.3,15.7,0
182,2021-01,57.9,27.8,28.0,58.1,0
182,2021-02,58.1,35.7,32.1,54.4,0
182,2021-03,54.4,30.7,30.2,53.9,0
182,2021-04,53.9,27.5,32.4,58.9,0
182,2021-05,58.9,29.0,28.9,58.8,0
182,2021-06,58.8,20.7,20.3,58.5,0
182,2021-07,58.5,28.9,27.6,57.3,0
182,2021-08,57.3,28.8,30.7,59.1,0
182,2021-09,59.1,32.4,30.2,56.9,0
182,2021-10,56.9,35.0,34.7,56.6,0
182,2021-11,56.6,35.2,63.6,85.0,0
182,2021-12,85.0,32.3,19.1,71.9,0
182,2022-01,71.9,21.6,6.7,56.9,0
182,2022-02,56.9,30.2,31.0,57.7,0
182,2022-03,57.7,29.8,30.0,57.8,0
182,2022-04,57.8,33.0,32.9,57.7,0
182,2022-05,57.7,31.1,27.2,53.7,0
182,2022-06,53.7,31.6,35.4,57.6,0
182,2022-07,57.6,22.4,23.1,58.3,0
182,2022-08,58.3,23.3,23.3,58.3,0
182,2022-09,58.3,28.3,27.8,57.8,0
182,2022-10,57.8,33.9,30.7,54.6,0
182,2022-11,54.6,43.1,65.6,77.1,0
182,2022-12,77.1,33.4,24.8,68.5,0
182,2023-01,68.5,29.3,19.3,58.5,0
182,2023-02,58.5,30.1,30.0,58.5,0
182,2023-03,58.5,21.6,18.8,55.7,0
182,2023-04,55.7,28.7,30.4,57.4,0
182,2023-05,57.4,29.3,28.1,56.2,0
182,2023-06,56.2,27.8,30.2,58.6,0
182,2023-07,58.6,27.5,23.5,54.5,0
182,2023-08,54.5,26.2,27.5,55.8,0
182,2023-09,55.8,24.6,25.4,56.6,0
182,2023-10,56.6,30.6,31.0,57.0,0
182,2023-11,57.0,41.3,60.9,76.7,0
182,2023-12,76.7,36.7,28.2,68.1,0
182,2024-01,68.1,37.5,26.2,56.8,0
182,2024-02,56.8,30.5,27.1,53.4,0
182,2024-03,53.4,35.0,35.5,53.9,0
182,2024-04,53.9,23.9,26.4,56.4,0
182,2024-05,56.4,33.9,33.8,56.3,0
182,2024-06,56.3,30.4,27.6,53.5,0
182,2024-07,53.5,28.5,34.0,59.1,0
182,2024-08,59.1,25.0,24.8,58.8,0
182,2024-09,58.8,28.7,23.7,53.8,0
182,2024-10,53.8,24.3,26.7,56.1,0
182,2024-11,56.1,45.7,77.1,87.5,0
182,2024-12,87.5,28.6,11.9,70.8,0
182,2025-01,70.8,34.4,20.6,57.1,0
182,2025-02,57.1,22.2,23.4,58.3,0
182,2025-03,58.3,29.0,29.6,58.8,0
182,2025-04,58.8,34.1,29.8,54.6,0
182,2025-05,54.6,25.8,25.1,53.9,0
182,2025-06,53.9,32.7,32.5,53.7,0
182,2025-07,53.7,23.0,24.0,54.8,0
182,2025-08,54.8,26.9,25.7,53.6,0
182,2025-09,53.6,23.9,27.5,57.1,0
182,2025-10,57.1,36.6,36.4,56.9,0
182,2025-11,56.9,39.9,66.5,83.5,0
182,2025-12,83.5,32.4,21.2,72.3,0
183,2021-01,28.2,14.7,14.0,27.5,0
183,2021-02,27.5,10.6,10.1,27.0,0
183,2021-03,27.0,9.3,9.6,27.3,0
183,2021-04,27.3,13.6,13.0,26.8,0
183,2021-05,26.8,17.8,19.4,28.4,0
183,2021-06,28.4,15.1,15.6,28.8,0
183,2021-07,28.8,14.5,14.1,28.4,0
183,2021-08,28.4,13.0,11.5,26.9,0
183,2021-09,26.9,14.3,16.2,28.8,0
183,2021-10,28.8,13.4,12.7,28.1,0
183,2021-11,28.1,20.1,28.5,36.5,0
183,2021-12,36.5,19.2,16.3,33.6,0
183,2022-01,33.6,13.1,7.4,28.0,0
183,2022-02,28.0,11.6,10.9,27.3,0
183,2022-03,27.3,16.1,17.7,28.9,0
183,2022-04,28.9,14.9,14.0,28.0,0
183,2022-05,28.0,19.8,20.1,28.3,0
183,2022-06,28.3,15.5,14.2,27.1,0
183,2022-07,27.1,16.2,15.9,26.8,0
183,2022-08,26.8,13.3,14.5,28.0,0
183,2022-09,28.0,10.5,10.5,28.0,0
183,2022-10,28.0,15.2,13.6,26.4,0
183,2022-11,26.4,16.0,29.2,39.6,0
183,2022-12,39.6,13.5,8.6,34.6,0
183,2023-01,34.6,12.6,5.5,27.6,0
183,2023-02,27.6,18.1,19.4,29.0,0
183,2023-03,29.0,12.4,10.1,26.7,0
183,2023-04,26.7,14.2,15.2,27.7,0
183,2023-05,27.7,11.9,12.4,28.2,0
183,2023-06,28.2,12.9,13.4,28.6,0
183,2023-07,28.6,11.2,9.3,26.7,0
183,2023-08,26.7,11.4,11.0,26.4,0
183,2023-09,26.4,12.8,13.9,27.4,0
183,2023-10,27.4,16.0,15.6,27.0,0
183,2023-11,27.0,17.7,31.2,40.5,0
183,2023-12,40.5,15.7,9.6,34.4,0
183,2024-01,34.4,17.4,9.5,26.5,0
183,2024-02,26.5,12.2,12.1,26.4,0
183,2024-03,26.4,12.8,13.3,26.8,0
183,2024-04,26.8,15.4,16.0,27.4,0
183,2024-05,27.4,12.2,13.4,28.6,0
183,2024-06,28.6,13.6,13.3,28.3,0
183,2024-07,28.3,14.7,12.6,26.2,0
183,2024-08,26.2,14.9,15.7,27.1,0
183,2024-09,27.1,17.0,15.7,25.7,0
183,2024-10,25.7,15.7,17.1,27.1,0
183,2024-11,27.1,19.4,30.9,38.5,0
183,2024-12,38.5,16.2,13.1,35.5,0
183,2025-01,35.5,11.6,3.8,27.7,0
183,2025-02,27.7,14.1,14.6,28.3,0
183,2025-03,28.3,13.8,14.3,28.8,0
183,2025-04,28.8,14.4,13.2,27.6,0
183,2025-05,27.6,11.1,10.9,27.5,0
183,2025-06,27.5,16.4,15.5,26.6,0
183,2025-07,26.6,16.8,18.0,27.8,0
183,2025-08,27.8,10.3,10.7,28.2,0
183,2025-09,28.2,13.9,12.5,26.8,0
183,2025-10,26.8,11.8,11.3,26.3,0
183,2025-11,26.3,25.5,41.7,42.4,0
183,2025-12,42.4,21.6,14.5,35.4,0
184,2021-01,30.4,21.7,22.0,30.7,0
184,2021-02,30.7,20.3,18.7,29.1,0
184,2021-03,29.1,20.7,21.5,29.9,0
184,2021-04,29.9,11.0,10.6,29.5,0
184,2021-05,29.5,26.2,23.5,26.8,0
184,2021-06,26.8,26.8,29.4,29.4,0
184,2021-07,29.4,14.9,15.4,29.9,0
184,2021-08,29.9,21.5,23.0,31.4,0
184,2021-09,31.4,16.8,15.4,29.9,0
184,2021-10,29.9,17.5,16.5,29.0,0
184,2021-11,29.0,29.0,44.4,44.4,2
184,2021-12,44.4,30.1,21.3,35.6,0
184,2022-01,35.6,20.1,15.2,30.7,0
184,2022-02,30.7,24.4,23.6,29.9,0
184,2022-03,29.9,19.7,20.6,30.8,0
184,2022-04,30.8,22.8,23.0,31.0,0
184,2022-05,31.0,18.5,15.6,28.2,0
184,2022-06,28.2,23.8,26.9,31.3,0
184,2022-07,31.3,18.1,15.2,28.4,0
184,2022-08,28.4,20.9,22.6,30.0,0
184,2022-09,30.0,20.0,17.8,27.8,0
184,2022-10,27.8,17.3,20.1,30.6,0
184,2022-11,30.6,30.3,39.7,40.0,0
184,2022-12,40.0,33.4,30.1,36.7,0
184,2023-01,36.7,22.9,16.7,30.5,0
184,2023-02,30.5,18.6,17.3,29.2,0
184,2023-03,29.2,24.4,23.7,28.5,0
184,2023-04,28.5,22.2,20.9,27.3,0
184,2023-05,27.3,17.1,20.3,30.5,0
184,2023-06,30.5,22.4,21.3,29.3,0
184,2023-07,29.3,17.3,16.5,28.5,0
184,2023-08,28.5,19.5,22.0,31.0,0
184,2023-09,31.0,20.5,17.9,28.3,0
184,2023-10,28.3,21.2,19.9,27.0,0
184,2023-11,27.0,27.0,41.1,41.1,5
184,2023-12,41.1,21.5,19.1,38.7,0
184,2024-01,38.7,16.3,7.4,29.7,0
184,2024-02,29.7,23.5,23.2,29.4,0
184,2024-03,29.4,24.9,24.9,29.3,0
184,2024-04,29.3,19.2,20.3,30.4,0
184,2024-05,30.4,21.0,19.4,28.8,0
184,2024-06,28.8,16.3,15.8,28.3,0
184,2024-07,28.3,20.7,22.7,30.3,0
184,2024-08,30.3,15.5,16.3,31.2,0
184,2024-09,31.2,26.6,22.4,27.0,0
184,2024-10,27.0,24.3,28.6,31.2,0
184,2024-11,31.2,31.2,44.2,44.2,2
184,2024-12,44.2,21.5,13.8,36.5,0
184,2025-01,36.5,19.4,11.5,28.6,0
184,2025-02,28.6,18.3,20.9,31.3,0
184,2025-03,31.3,22.3,22.4,31.4,0
184,2025-04,31.4,24.5,22.0,29.0,0
184,2025-05,29.0,16.5,17.5,30.0,0
184,2025-06,30.0,23.3,21.2,27.9,0
184,2025-07,27.9,16.9,18.0,28.9,0
184,2025-08,28.9,20.9,19.9,27.8,0
184,2025-09,27.8,23.6,24.6,28.8,0
184,2025-10,28.8,22.4,20.6,27.0,0
184,2025-11,27.0,24.6,38.9,41.3,0
184,2025-12,41.3,24.9,21.4,37.8,0
185,2021-01,4.4,4.3,4.0,4.2,0
185,2021-02,4.2,3.2,3.2,4.2,0
185,2021-03,4.2,3.6,3.6,4.2,0
185,2021-04,4.2,2.5,2.6,4.3,0
185,2021-05,4.3,4.0,3.8,4.2,0
185,2021-06,4.2,4.2,4.3,4.3,4
185,2021-07,4.3,4.2,4.2,4.3,0
185,2021-08,4.3,3.8,3.9,4.4,0
185,2021-09,4.4,4.2,4.3,4.5,0
185,2021-10,4.5,3.2,2.7,4.0,0
185,2021-11,4.0,4.0,6.5,6.5,6
185,2021-12,6.5,4.5,3.3,5.2,0
185,2022-01,5.2,3.1,2.0,4.1,0
185,2022-02,4.1,2.4,2.4,4.1,0
185,2022-03,4.1,3.7,3.5,3.9,0
185,2022-04,3.9,2.8,2.9,4.0,0
185,2022-05,4.0,2.1,2.3,4.3,0
185,2022-06,4.3,4.1,4.4,4.6,0
185,2022-07,4.6,4.1,3.8,4.2,0
185,2022-08,4.2,4.0,4.4,4.6,0
185,2022-09,4.6,3.4,3.2,4.4,0
185,2022-10,4.4,2.5,2.6,4.5,0
185,2022-11,4.5,4.5,6.1,6.1,6
185,2022-12,6.1,3.9,3.1,5.4,0
185,2023-01,5.4,2.3,1.1,4.3,0
185,2023-02,4.3,3.7,3.8,4.3,0
185,2023-03,4.3,4.3,3.8,3.9,0
185,2023-04,3.9,3.9,4.1,4.1,1
185,2023-05,4.1,3.3,3.3,4.1,0
185,2023-06,4.1,2.6,2.8,4.3,0
185,2023-07,4.3,3.2,3.3,4.3,0
185,2023-08,4.3,3.1,3.1,4.2,0
185,2023-09,4.2,4.1,4.0,4.1,0
185,2023-10,4.1,3.8,4.2,4.6,0
185,2023-11,4.6,4.6,5.7,5.7,4
185,2023-12,5.7,4.8,4.0,4.9,0
185,2024-01,4.9,3.9,3.0,4.0,0
185,2024-02,4.0,4.0,4.3,4.3,0
185,2024-03,4.3,3.1,3.0,4.2,0
185,2024-04,4.2,3.7,3.6,4.1,0
185,2024-05,4.1,2.9,3.2,4.3,0
185,2024-06,4.3,3.6,3.7,4.4,0
185,2024-07,4.4,3.5,3.2,4.1,0
185,2024-08,4.1,2.3,2.6,4.5,0
185,2024-09,4.5,4.3,3.7,3.9,0
185,2024-10,3.9,3.4,3.6,4.2,0
185,2024-11,4.2,4.2,6.1,6.1,3
185,2024-12,6.1,4.4,4.0,5.7,0
185,2025-01,5.7,3.1,1.9,4.4,0
185,2025-02,4.4,3.6,3.3,4.2,0
185,2025-03,4.2,3.1,2.9,4.0,0
185,2025-04,4.0,4.0,4.5,4.5,0
185,2025-05,4.5,3.9,3.3,3.9,0
185,2025-06,3.9,3.1,3.5,4.2,0
185,2025-07,4.2,3.9,4.0,4.3,0
185,2025-08,4.3,3.5,3.8,4.6,0
185,2025-09,4.6,3.4,2.9,4.0,0
185,2025-10,4.0,3.1,3.2,4.1,0
185,2025-11,4.1,4.1,6.2,6.2,9
185,2025-12,6.2,3.5,2.6,5.3,0
186,2021-01,7.9,2.5,2.4,7.8,0
186,2021-02,7.8,2.5,2.6,7.9,0
186,2021-03,7.9,2.4,2.2,7.8,0
186,2021-04,7.8,2.1,2.0,7.7,0
186,2021-05,7.7,2.1,2.2,7.8,0
186,2021-06,7.8,2.7,2.9,8.0,0
186,2021-07,8.0,2.4,2.2,7.8,0
186,2021-08,7.8,2.6,2.4,7.6,0
186,2021-09,7.6,2.0,2.3,8.0,0
186,2021-10,8.0,3.3,3.0,7.7,0
186,2021-11,7.7,3.4,6.7,11.0,0
186,2021-12,11.0,3.3,2.1,9.9,0
186,2022-01,9.9,2.4,0.4,7.9,0
186,2022-02,7.9,2.8,2.6,7.6,0
186,2022-03,7.6,2.9,3.1,7.7,0
186,2022-04,7.7,2.5,2.4,7.6,0
186,2022-05,7.6,2.6,2.9,8.0,0
186,2022-06,8.0,2.7,2.4,7.7,0
186,2022-07,7.7,2.3,2.5,7.9,0
186,2022-08,7.9,3.2,3.0,7.7,0
186,2022-09,7.7,2.2,2.3,7.8,0
186,2022-10,7.8,2.4,2.4,7.8,0
186,2022-11,7.8,3.0,6.1,10.9,0
186,2022-12,10.9,3.5,2.3,9.7,0
186,2023-01,9.7,2.7,0.8,7.8,0
186,2023-02,7.8,1.9,1.8,7.6,0
186,2023-03,7.6,3.3,3.4,7.7,0
186,2023-04,7.7,2.5,2.6,7.7,0
186,2023-05,7.7,2.0,2.0,7.7,0
186,2023-06,7.7,2.3,2.4,7.8,0
186,2023-07,7.8,2.6,2.8,7.9,0
186,2023-08,7.9,2.4,2.5,7.9,0
186,2023-09,7.9,2.7,2.2,7.5,0
186,2023-10,7.5,1.8,1.9,7.6,0
186,2023-11,7.6,2.6,5.5,10.5,0
186,2023-12,10.5,3.6,2.8,9.7,0
186,2024-01,9.7,1.4,0.0,8.3,0
186,2024-02,8.3,2.5,1.8,7.6,0
186,2024-03,7.6,2.8,2.9,7.7,0
186,2024-04,7.7,2.0,2.1,7.8,0
186,2024-05,7.8,1.8,1.6,7.7,0
186,2024-06,7.7,2.5,2.3,7.5,0
186,2024-07,7.5,2.7,2.9,7.6,0
186,2024-08,7.6,1.8,2.0,7.9,0
186,2024-09,7.9,2.0,1.8,7.6,0
186,2024-10,7.6,3.1,2.8,7.4,0
186,2024-11,7.4,4.0,6.9,10.3,0
186,2024-12,10.3,2.5,1.8,9.6,0
186,2025-01,9.6,2.2,0.4,7.9,0
186,2025-02,7.9,2.3,2.3,7.9,0
186,2025-03,7.9,2.5,2.5,7.9,0
186,2025-04,7.9,2.1,2.0,7.8,0
186,2025-05,7.8,2.0,1.8,7.7,0
186,2025-06,7.7,2.7,2.7,7.6,0
186,2025-07,7.6,2.9,3.0,7.7,0
186,2025-08,7.7,2.6,2.7,7.8,0
186,2025-09,7.8,2.0,2.2,8.0,0
186,2025-10,8.0,2.2,2.1,7.9,0
186,2025-11,7.9,3.1,6.3,11.2,0
186,2025-12,11.2,3.5,2.2,9.9,0
187,2021-01,10.2,6.7,6.2,9.8,0
187,2021-02,9.8,6.6,7.5,10.6,0
187,2021-03,10.6,8.3,8.1,10.4,0
187,2021-04,10.4,6.3,5.6,9.6,0
187,2021-05,9.6,7.4,8.2,10.5,0
187,2021-06,10.5,6.0,5.8,10.3,0
187,2021-07,10.3,4.6,4.7,10.4,0
187,2021-08,10.4,10.4,9.7,9.7,1
187,2021-09,9.7,4.4,4.2,9.5,0
187,2021-10,9.5,6.1,6.4,9.8,0
187,2021-11,9.8,9.8,13.6,13.6,0
187,2021-12,13.6,9.8,8.7,12.5,0
187,2022-01,12.5,7.8,5.1,9.9,0
187,2022-02,9.9,9.7,10.5,10.6,0
187,2022-03,10.6,6.9,6.4,10.2,0
187,2022-04,10.2,7.0,7.5,10.6,0
187,2022-05,10.6,5.9,5.5,10.3,0
187,2022-06,10.3,6.3,5.9,9.9,0
187,2022-07,9.9,6.9,7.0,10.0,0
187,2022-08,10.0,5.9,6.2,10.3,0
187,2022-09,10.3,7.1,6.2,9.4,0
187,2022-10,9.4,4.8,4.8,9.4,0
187,2022-11,9.4,9.4,14.7,14.7,6
187,2022-12,14.7,9.0,7.1,12.9,0
187,2023-01,12.9,8.5,5.7,10.1,0
187,2023-02,10.1,7.4,7.8,10.4,0
187,2023-03,10.4,5.0,4.8,10.2,0
187,2023-04,10.2,6.0,6.1,10.2,0
187,2023-05,10.2,9.0,8.4,9.6,0
187,2023-06,9.6,7.5,7.1,9.2,0
187,2023-07,9.2,6.9,7.0,9.4,0
187,2023-08,9.4,6.8,8.1,10.6,0
187,2023-09,10.6,6.1,5.0,9.5,0
187,2023-10,9.5,6.3,7.3,10.6,0
187,2023-11,10.6,10.6,14.6,14.6,5
187,2023-12,14.6,9.1,7.1,12.6,0
187,2024-01,12.6,7.8,4.9,9.7,0
187,2024-02,9.7,9.2,8.4,9.0,0
187,2024-03,9.0,8.4,9.0,9.6,0
187,2024-04,9.6,6.6,7.5,10.5,0
187,2024-05,10.5,5.3,5.0,10.2,0
187,2024-06,10.2,9.8,9.7,10.1,0
187,2024-07,10.1,6.1,5.9,9.9,0
187,2024-08,9.9,8.4,8.5,10.0,0
187,2024-09,10.0,7.4,7.4,10.0,0
187,2024-10,10.0,7.0,7.2,10.2,0
187,2024-11,10.2,10.2,15.1,15.1,3
187,2024-12,15.1,9.5,7.0,12.7,0
187,2025-01,12.7,9.1,5.9,9.6,0
187,2025-02,9.6,5.6,6.0,10.0,0
187,2025-03,10.0,5.6,5.8,10.2,0
187,2025-04,10.2,8.6,8.2,9.8,0
187,2025-05,9.8,6.9,6.8,9.6,0
187,2025-06,9.6,7.7,8.1,10.0,0
187,2025-07,10.0,7.0,7.3,10.3,0
187,2025-08,10.3,6.0,5.7,9.9,0
187,2025-09,9.9,7.2,7.5,10.3,0
187,2025-10,10.3,8.5,7.4,9.2,0
187,2025-11,9.2,8.7,12.9,13.4,0
187,2025-12,13.4,9.5,8.0,12.0,0
188,2021-01,59.9,41.7,37.1,55.3,0
188,2021-02,55.3,35.1,38.8,58.9,0
188,2021-03,58.9,48.5,48.9,59.4,0
188,2021-04,59.4,43.4,39.7,55.7,0
188,2021-05,55.7,31.8,32.4,56.3,0
188,2021-06,56.3,40.1,42.1,58.3,0
188,2021-07,58.3,37.3,40.7,61.7,0
188,2021-08,61.7,28.6,26.5,59.6,0
188,2021-09,59.6,30.6,30.9,59.9,0
188,2021-10,59.9,45.2,40.8,55.6,0
188,2021-11,55.6,46.9,77.2,85.9,0
188,2021-12,85.9,34.0,20.0,71.9,0
188,2022-01,71.9,35.0,20.7,57.6,0
188,2022-02,57.6,34.9,35.8,58.5,0
188,2022-03,58.5,47.4,50.6,61.7,0
188,2022-04,61.7,45.7,39.1,55.0,0
188,2022-05,55.0,40.1,41.9,56.9,0
188,2022-06,56.9,29.1,27.9,55.7,0
188,2022-07,55.7,31.1,32.4,57.1,0
188,2022-08,57.1,37.7,37.0,56.4,0
188,2022-09,56.4,40.7,40.6,56.2,0
188,2022-10,56.2,37.1,37.7,56.8,0
188,2022-11,56.8,55.0,80.1,81.9,0
188,2022-12,81.9,51.3,41.0,71.6,0
188,2023-01,71.6,21.8,9.5,59.4,0
188,2023-02,59.4,45.8,45.0,58.6,0
188,2023-03,58.6,42.0,42.5,59.0,0
188,2023-04,59.0,28.5,28.6,59.2,0
188,2023-05,59.2,29.1,31.2,61.2,0
188,2023-06,61.2,38.7,33.2,55.7,0
188,2023-07,55.7,24.8,27.7,58.6,0
188,2023-08,58.6,36.4,34.5,56.7,0
188,2023-09,56.7,43.1,40.4,53.9,0
188,2023-10,53.9,38.8,41.8,56.9,0
188,2023-11,56.9,46.4,76.0,86.5,0
188,2023-12,86.5,45.9,34.7,75.2,0
188,2024-01,75.2,33.5,16.6,58.3,0
188,2024-02,58.3,40.8,36.8,54.3,0
188,2024-03,54.3,43.0,49.4,60.7,0
188,2024-04,60.7,32.7,27.2,55.2,0
188,2024-05,55.2,42.6,48.1,60.7,0
188,2024-06,60.7,36.3,32.1,56.5,0
188,2024-07,56.5,35.6,36.7,57.7,0
188,2024-08,57.7,30.0,32.0,59.6,0
188,2024-09,59.6,31.2,27.8,56.2,0
188,2024-10,56.2,30.4,35.0,60.8,0
188,2024-11,60.8,58.2,73.2,75.8,0
188,2024-12,75.8,45.7,46.7,76.8,0
188,2025-01,76.8,35.6,15.9,57.1,0
188,2025-02,57.1,36.3,35.9,56.7,0
188,2025-03,56.7,41.0,41.2,56.9,0
188,2025-04,56.9,47.2,51.8,61.5,0
188,2025-05,61.5,43.2,41.8,60.1,0
188,2025-06,60.1,39.3,37.7,58.5,0
188,2025-07,58.5,37.8,39.3,60.0,0
188,2025-08,60.0,42.3,39.0,56.7,0
188,2025-09,56.7,35.2,32.8,54.3,0
188,2025-10,54.3,40.5,45.1,58.9,0
188,2025-11,58.9,49.7,75.1,84.3,0
188,2025-12,84.3,41.3,31.2,74.2,0
189,2021-01,9.8,9.8,8.6,8.6,15
189,2021-02,8.6,8.6,9.8,9.8,22
189,2021-03,9.8,9.8,9.7,9.7,16
189,2021-04,9.7,9.7,9.2,9.2,19
189,2021-05,9.2,9.2,8.5,8.5,22
189,2021-06,8.5,8.5,10.0,10.0,23
189,2021-07,10.0,10.0,9.6,9.6,21
189,2021-08,9.6,9.6,10.1,10.1,19
189,2021-09,10.1,10.1,8.9,8.9,21
189,2021-10,8.9,8.9,9.8,9.8,23
189,2021-11,9.8,9.8,14.0,14.0,24
189,2021-12,14.0,14.0,11.9,11.9,18
189,2022-01,11.9,11.9,8.9,8.9,18
189,2022-02,8.9,8.9,10.0,10.0,22
189,2022-03,10.0,10.0,10.0,10.0,19
189,2022-04,10.0,10.0,9.2,9.2,19
189,2022-05,9.2,9.2,8.4,8.4,22
189,2022-06,8.4,8.4,8.4,8.4,21
189,2022-07,8.4,8.4,9.0,9.0,20
189,2022-08,9.0,9.0,9.2,9.2,21
189,2022-09,9.2,9.2,8.6,8.6,22
189,2022-10,8.6,8.6,8.4,8.4,20
189,2022-11,8.4,8.4,13.6,13.6,24
189,2022-12,13.6,13.6,11.3,11.3,21
189,2023-01,11.3,11.3,10.0,10.0,14
189,2023-02,10.0,10.0,10.1,10.1,22
189,2023-03,10.1,10.1,9.5,9.5,21
189,2023-04,9.5,9.5,9.4,9.4,17
189,2023-05,9.4,9.4,9.0,9.0,19
189,2023-06,9.0,9.0,9.7,9.7,21
189,2023-07,9.7,9.7,9.1,9.1,20
189,2023-08,9.1,9.1,10.2,10.2,22
189,2023-09,10.2,10.2,8.9,8.9,20
189,2023-10,8.9,8.9,8.9,8.9,22
189,2023-11,8.9,8.9,12.8,12.8,22
189,2023-12,12.8,12.8,12.4,12.4,18
189,2024-01,12.4,12.4,10.1,10.1,20
189,2024-02,10.1,10.1,10.2,10.2,21
189,2024-03,10.2,10.2,9.2,9.2,18
189,2024-04,9.2,9.2,9.1,9.1,23
189,2024-05,9.1,9.1,9.5,9.5,21
189,2024-06,9.5,9.5,9.3,9.3,19
189,2024-07,9.3,9.3,9.6,9.6,20
189,2024-08,9.6,9.6,8.4,8.4,21
189,2024-09,8.4,8.4,10.0,10.0,19
189,2024-10,10.0,10.0,10.0,10.0,21
189,2024-11,10.0,10.0,12.2,12.2,22
189,2024-12,12.2,12.2,11.3,11.3,18
189,2025-01,11.3,11.3,10.3,10.3,21
189,2025-02,10.3,10.3,8.3,8.3,20
189,2025-03,8.3,8.3,9.5,9.5,19
189,2025-04,9.5,9.5,10.1,10.1,19
189,2025-05,10.1,10.1,9.4,9.4,17
189,2025-06,9.4,9.4,9.0,9.0,21
189,2025-07,9.0,9.0,9.5,9.5,21
189,2025-08,9.5,9.5,8.9,8.9,22
189,2025-09,8.9,8.9,9.1,9.1,22
189,2025-10,9.1,9.1,8.5,8.5,22
189,2025-11,8.5,8.5,12.5,12.5,23
189,2025-12,12.5,12.5,10.5,10.5,21
190,2021-01,1.6,1.6,1.5,1.5,21
190,2021-02,1.5,1.5,1.4,1.4,21
190,2021-03,1.4,1.4,1.5,1.5,23
190,2021-04,1.5,1.5,1.5,1.5,23
190,2021-05,1.5,1.5,1.5,1.5,18
190,2021-06,1.5,1.5,1.4,1.4,19
190,2021-07,1.4,1.4,1.6,1.6,21
190,2021-08,1.6,1.6,1.6,1.6,20
190,2021-09,1.6,1.6,1.6,1.6,18
190,2021-10,1.6,1.6,1.6,1.6,19
190,2021-11,1.6,1.6,2.3,2.3,23
190,2021-12,2.3,2.3,2.1,2.1,19
190,2022-01,2.1,2.1,1.6,1.6,16
190,2022-02,1.6,1.6,1.4,1.4,20
190,2022-03,1.4,1.4,1.7,1.7,24
190,2022-04,1.7,1.7,1.5,1.5,19
190,2022-05,1.5,1.5,1.4,1.4,21
190,2022-06,1.4,1.4,1.7,1.7,23
190,2022-07,1.7,1.7,1.4,1.4,19
190,2022-08,1.4,1.4,1.4,1.4,22
190,2022-09,1.4,1.4,1.6,1.6,22
190,2022-10,1.6,1.6,1.5,1.5,20
190,2022-11,1.5,1.5,2.3,2.3,23
190,2022-12,2.3,2.3,2.0,2.0,20
190,2023-01,2.0,2.0,1.5,1.5,19
190,2023-02,1.5,1.5,1.4,1.4,18
190,2023-03,1.4,1.4,1.5,1.5,21
190,2023-04,1.5,1.5,1.5,1.5,21
190,2023-05,1.5,1.5,1.4,1.4,21
190,2023-06,1.4,1.4,1.4,1.4,22
190,2023-07,1.4,1.4,1.6,1.6,20
190,2023-08,1.6,1.6,1.6,1.6,21
190,2023-09,1.6,1.6,1.5,1.5,18
190,2023-10,1.5,1.5,1.6,1.6,19
190,2023-11,1.6,1.6,2.4,2.4,23
190,2023-12,2.4,2.4,2.0,2.0,19
190,2024-01,2.0,2.0,1.5,1.5,18
190,2024-02,1.5,1.5,1.5,1.5,22
190,2024-03,1.5,1.5,1.4,1.4,20
190,2024-04,1.4,1.4,1.5,1.5,24
190,2024-05,1.5,1.5,1.6,1.6,23
190,2024-06,1.6,1.6,1.4,1.4,21
190,2024-07,1.4,1.4,1.4,1.4,23
190,2024-08,1.4,1.4,1.6,1.6,22
190,2024-09,1.6,1.6,1.5,1.5,23
190,2024-10,1.5,1.5,1.7,1.7,22
190,2024-11,1.7,1.7,2.3,2.3,24
190,2024-12,2.3,2.3,2.0,2.0,22
190,2025-01,2.0,2.0,1.4,1.4,11
190,2025-02,1.4,1.4,1.7,1.7,20
190,2025-03,1.7,1.7,1.6,1.6,20
190,2025-04,1.6,1.6,1.7,1.7,16
190,2025-05,1.7,1.7,1.5,1.5,22
190,2025-06,1.5,1.5,1.7,1.7,22
190,2025-07,1.7,1.7,1.5,1.5,19
190,2025-08,1.5,1.5,1.4,1.4,21
190,2025-09,1.4,1.4,1.5,1.5,24
190,2025-10,1.5,1.5,1.5,1.5,22
190,2025-11,1.5,1.5,2.2,2.2,24
190,2025-12,2.2,2.2,2.1,2.1,18
191,2021-01,11.9,8.7,8.8,11.9,0
191,2021-02,11.9,9.0,8.6,11.6,0
191,2021-03,11.6,9.0,9.0,11.5,0
191,2021-04,11.5,8.1,7.8,11.2,0
191,2021-05,11.2,10.2,10.7,11.7,0
191,2021-06,11.7,9.9,9.8,11.6,0
191,2021-07,11.6,10.6,10.9,11.9,0
191,2021-08,11.9,9.2,8.6,11.3,0
191,2021-09,11.3,8.1,7.6,10.8,0
191,2021-10,10.8,9.5,9.3,10.7,0
191,2021-11,10.7,10.7,16.5,16.5,5
191,2021-12,16.5,9.1,7.6,15.0,0
191,2022-01,15.0,9.1,5.9,11.9,0
191,2022-02,11.9,4.2,3.9,11.6,0
191,2022-03,11.6,8.9,9.3,12.0,0
191,2022-04,12.0,11.9,10.3,10.4,0
191,2022-05,10.4,10.1,10.7,11.0,0
191,2022-06,11.0,5.2,6.1,11.9,0
191,2022-07,11.9,7.1,7.3,12.2,0
191,2022-08,12.2,8.7,7.4,10.9,0
191,2022-09,10.9,5.0,6.0,11.9,0
191,2022-10,11.9,7.3,6.7,11.3,0
191,2022-11,11.3,11.1,15.1,15.2,0
191,2022-12,15.2,10.3,10.2,15.2,0
191,2023-01,15.2,12.0,7.5,10.7,0
191,2023-02,10.7,7.9,8.2,11.0,0
191,2023-03,11.0,6.3,7.4,12.1,0
191,2023-04,12.1,8.6,7.7,11.2,0
191,2023-05,11.2,7.3,7.1,11.0,0
191,2023-06,11.0,7.9,9.1,12.3,0
191,2023-07,12.3,7.9,7.6,12.0,0
191,2023-08,12.0,10.1,9.4,11.2,0
191,2023-09,11.2,6.5,7.2,12.0,0
191,2023-10,12.0,10.6,10.2,11.6,0
191,2023-11,11.6,11.3,15.6,15.9,0
191,2023-12,15.9,10.2,7.8,13.5,0
191,2024-01,13.5,8.8,6.7,11.5,0
191,2024-02,11.5,6.3,6.4,11.6,0
191,2024-03,11.6,9.3,8.7,11.0,0
191,2024-04,11.0,8.2,8.3,11.1,0
191,2024-05,11.1,11.1,12.1,12.1,2
191,2024-06,12.1,8.8,7.3,10.7,0
191,2024-07,10.7,7.6,8.7,11.8,0
191,2024-08,11.8,8.7,7.8,10.9,0
191,2024-09,10.9,10.9,11.2,11.2,0
191,2024-10,11.2,11.2,11.2,11.2,0
191,2024-11,11.2,11.2,14.9,14.9,3
191,2024-12,14.9,13.1,12.1,13.9,0
191,2025-01,13.9,9.7,7.0,11.2,0
191,2025-02,11.2,7.2,7.1,11.1,0
191,2025-03,11.1,7.5,7.3,10.9,0
191,2025-04,10.9,10.2,10.1,10.8,0
191,2025-05,10.8,10.4,11.8,12.1,0
191,2025-06,12.1,9.4,8.9,11.6,0
191,2025-07,11.6,10.9,10.3,11.0,0
191,2025-08,11.0,9.3,10.3,11.9,0
191,2025-09,11.9,4.8,4.3,11.4,0
191,2025-10,11.4,6.5,7.1,12.0,0
191,2025-11,12.0,12.0,14.9,14.9,1
191,2025-12,14.9,12.0,10.7,13.6,0
192,2021-01,18.2,9.0,7.9,17.0,0
192,2021-02,17.0,10.1,11.2,18.1,0
192,2021-03,18.1,6.0,6.3,18.4,0
192,2021-04,18.4,6.8,5.6,17.2,0
192,2021-05,17.2,7.7,7.6,17.1,0
192,2021-06,17.1,7.3,8.4,18.1,0
192,2021-07,18.1,7.3,6.4,17.3,0
192,2021-08,17.3,7.3,7.7,17.7,0
192,2021-09,17.7,11.8,10.8,16.7,0
192,2021-10,16.7,6.1,7.7,18.3,0
192,2021-11,18.3,15.4,22.3,25.2,0
192,2021-12,25.2,11.1,8.8,22.9,0
192,2022-01,22.9,8.7,4.1,18.2,0
192,2022-02,18.2,9.3,8.7,17.7,0
192,2022-03,17.7,7.7,7.2,17.2,0
192,2022-04,17.2,7.4,7.9,17.6,0
192,2022-05,17.6,8.9,8.1,16.8,0
192,2022-06,16.8,9.7,9.9,17.1,0
192,2022-07,17.1,10.0,10.0,17.0,0
192,2022-08,17.0,8.7,9.7,18.1,0
192,2022-09,18.1,6.7,6.1,17.4,0
192,2022-10,17.4,9.0,10.2,18.6,0
192,2022-11,18.6,12.1,20.7,27.1,0
192,2022-12,27.1,12.6,7.4,21.9,0
192,2023-01,21.9,7.9,3.7,17.7,0
192,2023-02,17.7,11.6,12.4,18.5,0
192,2023-03,18.5,5.1,4.1,17.5,0
192,2023-04,17.5,8.4,8.6,17.7,0
192,2023-05,17.7,6.8,7.0,17.9,0
192,2023-06,17.9,9.3,9.6,18.2,0
192,2023-07,18.2,7.6,7.7,18.3,0
192,2023-08,18.3,5.8,5.3,17.8,0
192,2023-09,17.8,8.1,8.1,17.7,0
192,2023-10,17.7,8.9,8.5,17.3,0
192,2023-11,17.3,11.6,21.3,27.0,0
192,2023-12,27.0,10.5,6.3,22.8,0
192,2024-01,22.8,10.6,5.8,18.0,0
192,2024-02,18.0,7.7,7.3,17.6,0
192,2024-03,17.6,7.9,7.9,17.5,0
192,2024-04,17.5,9.2,9.0,17.3,0
192,2024-05,17.3,7.9,7.9,17.3,0
192,2024-06,17.3,9.3,9.6,17.7,0
192,2024-07,17.7,8.4,7.7,17.0,0
192,2024-08,17.0,8.2,8.4,17.2,0
192,2024-09,17.2,7.6,8.4,18.0,0
192,2024-10,18.0,9.5,9.5,18.0,0
192,2024-11,18.0,13.7,19.9,24.1,0
192,2024-12,24.1,10.5,8.2,21.8,0
192,2025-01,21.8,6.1,2.3,18.1,0
192,2025-02,18.1,10.0,9.9,18.0,0
192,2025-03,18.0,8.8,8.6,17.8,0
192,2025-04,17.8,7.1,7.5,18.3,0
192,2025-05,18.3,7.6,7.8,18.4,0
192,2025-06,18.4,6.3,5.3,17.5,0
192,2025-07,17.5,7.7,7.6,17.4,0
192,2025-08,17.4,7.6,8.8,18.6,0
192,2025-09,18.6,8.1,6.8,17.2,0
192,2025-10,17.2,6.3,7.4,18.3,0
192,2025-11,18.3,11.2,16.6,23.8,0
192,2025-12,23.8,11.3,10.8,23.2,0
193,2021-01,32.6,24.5,24.9,33.0,0
193,2021-02,33.0,19.6,19.9,33.3,0
193,2021-03,33.3,26.1,24.2,31.4,0
193,2021-04,31.4,21.4,21.8,31.9,0
193,2021-05,31.9,26.8,27.1,32.1,0
193,2021-06,32.1,32.0,29.7,29.9,0
193,2021-07,29.9,29.4,30.7,31.2,0
193,2021-08,31.2,26.5,27.8,32.5,0
193,2021-09,32.5,21.6,22.3,33.2,0
193,2021-10,33.2,25.0,21.9,30.1,0
193,2021-11,30.1,30.1,41.8,41.8,4
193,2021-12,41.8,30.1,30.3,42.0,0
193,2022-01,42.0,23.7,12.9,31.3,0
193,2022-02,31.3,31.3,29.0,29.0,1
193,2022-03,29.0,22.8,27.4,33.6,0
193,2022-04,33.6,25.1,25.0,33.4,0
193,2022-05,33.4,33.4,32.3,32.3,2
193,2022-06,32.3,25.0,26.1,33.4,0
193,2022-07,33.4,20.5,18.2,31.2,0
193,2022-08,31.2,13.9,13.6,30.9,0
193,2022-09,30.9,23.2,24.7,32.4,0
193,2022-10,32.4,17.5,18.5,33.4,0
193,2022-11,33.4,33.4,42.0,42.0,1
193,2022-12,42.0,28.3,25.9,39.6,0
193,2023-01,39.6,28.9,22.5,33.2,0
193,2023-02,33.2,21.7,19.1,30.6,0
193,2023-03,30.6,24.8,28.1,33.9,0
193,2023-04,33.9,24.8,23.5,32.6,0
193,2023-05,32.6,23.7,21.2,30.1,0
193,2023-06,30.1,26.4,26.5,30.2,0
193,2023-07,30.2,24.9,28.5,33.8,0
193,2023-08,33.8,19.6,18.9,33.1,0
193,2023-09,33.1,26.1,21.8,28.8,0
193,2023-10,28.8,23.2,25.7,31.3,0
193,2023-11,31.3,31.3,48.4,48.4,6
193,2023-12,48.4,30.8,21.7,39.3,0
193,2024-01,39.3,22.6,13.9,30.6,0
193,2024-02,30.6,28.6,30.8,32.8,0
193,2024-03,32.8,29.5,30.1,33.4,0
193,2024-04,33.4,22.4,19.5,30.4,0
193,2024-05,30.4,30.4,31.8,31.8,0
193,2024-06,31.8,23.1,21.6,30.2,0
193,2024-07,30.2,21.4,21.0,29.9,0
193,2024-08,29.9,25.7,26.6,30.7,0
193,2024-09,30.7,27.7,28.9,31.9,0
193,2024-10,31.9,31.9,29.2,29.2,2
193,2024-11,29.2,29.2,43.9,43.9,9
193,2024-12,43.9,35.7,28.9,37.1,0
193,2025-01,37.1,35.0,28.8,30.9,0
193,2025-02,30.9,18.3,19.7,32.4,0
193,2025-03,32.4,26.1,27.5,33.8,0
193,2025-04,33.8,25.3,21.8,30.3,0
193,2025-05,30.3,19.3,20.6,31.6,0
193,2025-06,31.6,25.3,26.2,32.5,0
193,2025-07,32.5,21.0,21.1,32.6,0
193,2025-08,32.6,27.3,26.4,31.7,0
193,2025-09,31.7,31.5,32.7,32.8,0
193,2025-10,32.8,28.1,26.1,30.7,0
193,2025-11,30.7,30.7,42.2,42.2,2
193,2025-12,42.2,31.1,30.1,41.1,0
194,2021-01,104.3,73.9,72.2,102.6,0
194,2021-02,102.6,68.3,69.0,103.3,0
194,2021-03,103.3,57.4,61.1,107.0,0
194,2021-04,107.0,56.5,54.8,105.3,0
194,2021-05,105.3,58.0,58.5,105.8,0
194,2021-06,105.8,53.4,44.5,96.9,0
194,2021-07,96.9,44.4,50.8,103.3,0
194,2021-08,103.3,44.2,41.2,100.3,0
194,2021-09,100.3,64.7,71.2,106.8,0
194,2021-10,106.8,53.9,53.4,106.2,0
194,2021-11,106.2,83.6,131.3,153.9,0
194,2021-12,153.9,75.4,51.2,129.7,0
194,2022-01,129.7,75.3,51.2,105.6,0
194,2022-02,105.6,69.5,67.2,103.2,0
194,2022-03,103.2,54.3,50.8,99.7,0
194,2022-04,99.7,64.6,68.1,103.3,0
194,2022-05,103.3,64.1,58.5,97.7,0
194,2022-06,97.7,64.7,62.1,95.1,0
194,2022-07,95.1,79.9,87.9,103.0,0
194,2022-08,103.0,34.2,31.2,100.0,0
194,2022-09,100.0,43.1,47.6,104.4,0
194,2022-10,104.4,46.0,40.2,98.6,0
194,2022-11,98.6,94.7,148.1,152.1,0
194,2022-12,152.1,64.8,45.1,132.4,0
194,2023-01,132.4,50.4,20.1,102.1,0
194,2023-02,102.1,56.5,61.4,107.1,0
194,2023-03,107.1,67.3,67.6,107.4,0
194,2023-04,107.4,66.9,60.9,101.4,0
194,2023-05,101.4,47.2,44.1,98.4,0
194,2023-06,98.4,66.5,72.6,104.5,0
194,2023-07,104.5,79.9,73.0,97.7,0
194,2023-08,97.7,69.8,75.9,103.8,0
194,2023-09,103.8,55.3,48.5,97.1,0
194,2023-10,97.1,38.7,45.1,103.4,0
194,2023-11,103.4,72.5,117.3,148.1,0
194,2023-12,148.1,64.8,43.8,127.1,0
194,2024-01,127.1,52.8,31.0,105.3,0
194,2024-02,105.3,49.1,42.0,98.2,0
194,2024-03,98.2,71.2,71.3,98.3,0
194,2024-04,98.3,62.3,59.9,95.9,0
194,2024-05,95.9,47.8,50.8,98.9,0
194,2024-06,98.9,60.5,68.4,106.7,0
194,2024-07,106.7,55.9,51.3,102.1,0
194,2024-08,102.1,60.6,61.3,102.8,0
194,2024-09,102.8,58.9,56.9,100.8,0
194,2024-10,100.8,57.1,61.1,104.8,0
194,2024-11,104.8,76.0,113.4,142.2,0
194,2024-12,142.2,81.1,62.0,123.0,0
194,2025-01,123.0,35.6,17.3,104.7,0
194,2025-02,104.7,67.7,64.6,101.6,0
194,2025-03,101.6,62.1,61.1,100.6,0
194,2025-04,100.6,58.4,54.7,96.9,0
194,2025-05,96.9,62.0,72.4,107.3,0
194,2025-06,107.3,51.9,41.7,97.2,0
194,2025-07,97.2,59.5,68.1,105.8,0
194,2025-08,105.8,34.8,34.7,105.7,0
194,2025-09,105.7,70.1,59.9,95.4,0
194,2025-10,95.4,58.7,70.6,107.3,0
194,2025-11,107.3,73.2,105.9,140.0,0
194,2025-12,140.0,91.3,74.9,123.6,0
195,2021-01,15.2,8.8,7.6,14.0,0
195,2021-02,14.0,7.4,8.2,14.8,0
195,2021-03,14.8,9.0,9.3,15.1,0
195,2021-04,15.1,8.7,8.4,14.8,0
195,2021-05,14.8,7.4,8.2,15.6,0
195,2021-06,15.6,7.8,7.0,14.7,0
195,2021-07,14.7,11.4,12.5,15.8,0
195,2021-08,15.8,5.9,5.3,15.2,0
195,2021-09,15.2,6.9,7.1,15.4,0
195,2021-10,15.4,7.1,6.6,14.9,0
195,2021-11,14.9,10.1,15.8,20.6,0
195,2021-12,20.6,9.3,7.8,19.1,0
195,2022-01,19.1,6.8,3.0,15.3,0
195,2022-02,15.3,7.8,7.5,15.0,0
195,2022-03,15.0,6.0,6.4,15.3,0
195,2022-04,15.3,7.4,6.5,14.4,0
195,2022-05,14.4,5.4,5.9,14.9,0
195,2022-06,14.9,5.9,5.3,14.4,0
195,2022-07,14.4,8.0,8.8,15.2,0
195,2022-08,15.2,11.1,10.3,14.4,0
195,2022-09,14.4,4.8,5.5,15.1,0
195,2022-10,15.1,7.7,7.4,14.7,0
195,2022-11,14.7,10.1,15.9,20.6,0
195,2022-12,20.6,5.6,3.8,18.7,0
195,2023-01,18.7,8.2,4.4,14.9,0
195,2023-02,14.9,8.6,7.9,14.2,0
195,2023-03,14.2,6.7,8.1,15.6,0
195,2023-04,15.6,7.6,7.3,15.2,0
195,2023-05,15.2,8.7,7.5,14.1,0
195,2023-06,14.1,8.6,9.8,15.3,0
195,2023-07,15.3,8.2,7.7,14.8,0
195,2023-08,14.8,6.1,6.0,14.7,0
195,2023-09,14.7,7.3,7.1,14.5,0
195,2023-10,14.5,7.4,8.2,15.3,0
195,2023-11,15.3,10.8,16.8,21.3,0
195,2023-12,21.3,8.4,5.6,18.5,0
195,2024-01,18.5,7.5,4.0,15.0,0
195,2024-02,15.0,8.0,8.6,15.5,0
195,2024-03,15.5,5.5,5.3,15.3,0
195,2024-04,15.3,6.9,6.7,15.1,0
195,2024-05,15.1,7.2,7.6,15.5,0
195,2024-06,15.5,7.7,7.6,15.4,0
195,2024-07,15.4,7.5,7.2,15.1,0
195,2024-08,15.1,8.4,8.2,15.0,0
195,2024-09,15.0,7.9,7.3,14.4,0
195,2024-10,14.4,8.5,8.4,14.2,0
195,2024-11,14.2,9.8,17.1,21.5,0
195,2024-12,21.5,10.2,7.3,18.6,0
195,2025-01,18.6,6.0,2.4,15.0,0
195,2025-02,15.0,7.6,7.2,14.6,0
195,2025-03,14.6,8.0,8.8,15.4,0
195,2025-04,15.4,8.3,7.4,14.5,0
195,2025-05,14.5,7.0,7.0,14.5,0
195,2025-06,14.5,6.7,6.8,14.6,0
195,2025-07,14.6,7.8,8.2,15.0,0
195,2025-08,15.0,10.8,11.1,15.3,0
195,2025-09,15.3,5.5,5.0,14.9,0
195,2025-10,14.9,7.0,6.9,14.7,0
195,2025-11,14.7,8.5,14.8,21.0,0
195,2025-12,21.0,8.4,5.9,18.4,0
196,2021-01,10.8,8.3,7.4,9.9,0
196,2021-02,9.9,7.0,8.1,11.0,0
196,2021-03,11.0,7.4,6.6,10.2,0
196,2021-04,10.2,7.4,8.0,10.8,0
196,2021-05,10.8,7.2,7.4,11.0,0
196,2021-06,11.0,7.7,7.6,10.9,0
196,2021-07,10.9,9.5,8.1,9.5,0
196,2021-08,9.5,6.2,7.7,11.0,0
196,2021-09,11.0,8.2,7.1,9.8,0
196,2021-10,9.8,9.8,10.2,10.2,0
196,2021-11,10.2,10.2,15.8,15.8,2
196,2021-12,15.8,12.3,8.9,12.5,0
196,2022-01,12.5,8.3,6.6,10.8,0
196,2022-02,10.8,8.2,7.6,10.2,0
196,2022-03,10.2,7.4,7.1,9.9,0
196,2022-04,9.9,7.7,8.9,11.1,0
196,2022-05,11.1,9.9,8.2,9.4,0
196,2022-06,9.4,7.8,8.7,10.3,0
196,2022-07,10.3,9.0,9.0,10.2,0
196,2022-08,10.2,8.0,8.0,10.3,0
196,2022-09,10.3,8.9,8.5,9.8,0
196,2022-10,9.8,9.8,10.2,10.2,0
196,2022-11,10.2,10.2,15.3,15.3,5
196,2022-12,15.3,8.8,6.3,12.8,0
196,2023-01,12.8,6.7,4.0,10.1,0
196,2023-02,10.1,7.8,7.4,9.7,0
196,2023-03,9.7,6.7,7.5,10.5,0
196,2023-04,10.5,7.5,7.1,10.0,0
196,2023-05,10.0,7.7,8.8,11.1,0
196,2023-06,11.1,10.3,9.2,10.0,0
196,2023-07,10.0,5.7,5.7,10.0,0
196,2023-08,10.0,7.7,7.5,9.8,0
196,2023-09,9.8,8.5,9.8,11.1,0
196,2023-10,11.1,8.3,7.2,10.0,0
196,2023-11,10.0,10.0,14.2,14.2,9
196,2023-12,14.2,12.1,10.2,12.3,0
196,2024-01,12.3,4.0,2.1,10.5,0
196,2024-02,10.5,10.2,10.3,10.6,0
196,2024-03,10.6,7.3,7.5,10.8,0
196,2024-04,10.8,9.5,9.7,11.0,0
196,2024-05,11.0,9.4,9.0,10.6,0
196,2024-06,10.6,8.5,8.8,10.9,0
196,2024-07,10.9,9.0,7.6,9.5,0
196,2024-08,9.5,6.9,7.4,10.0,0
196,2024-09,10.0,10.0,9.9,9.9,1
196,2024-10,9.9,6.1,6.3,10.1,0
196,2024-11,10.1,10.1,13.8,13.8,4
196,2024-12,13.8,10.6,9.8,12.9,0
196,2025-01,12.9,9.0,7.0,10.9,0
196,2025-02,10.9,8.3,8.1,10.7,0
196,2025-03,10.7,9.9,9.0,9.8,0
196,2025-04,9.8,8.4,9.7,11.1,0
196,2025-05,11.1,9.2,9.3,11.2,0
196,2025-06,11.2,10.3,9.1,10.1,0
196,2025-07,10.1,8.3,9.3,11.1,0
196,2025-08,11.1,8.6,8.6,11.2,0
196,2025-09,11.2,7.4,6.6,10.4,0
196,2025-10,10.4,8.9,8.1,9.6,0
196,2025-11,9.6,9.6,14.3,14.3,6
196,2025-12,14.3,10.9,8.6,12.0,0
197,2021-01,4.7,2.4,2.2,4.4,0
197,2021-02,4.4,2.5,2.6,4.6,0
197,2021-03,4.6,2.0,1.8,4.4,0
197,2021-04,4.4,2.5,2.6,4.6,0
197,2021-05,4.6,2.6,2.3,4.3,0
197,2021-06,4.3,2.6,2.8,4.6,0
197,2021-07,4.6,2.1,2.2,4.7,0
197,2021-08,4.7,1.8,1.8,4.7,0
197,2021-09,4.7,2.2,2.1,4.6,0
197,2021-10,4.6,2.4,2.5,4.6,0
197,2021-11,4.6,3.0,4.5,6.1,0
197,2021-12,6.1,3.1,2.7,5.8,0
197,2022-01,5.8,2.3,1.0,4.5,0
197,2022-02,4.5,2.1,2.0,4.4,0
197,2022-03,4.4,2.8,3.1,4.7,0
197,2022-04,4.7,2.8,2.5,4.5,0
197,2022-05,4.5,2.2,2.1,4.4,0
197,2022-06,4.4,2.4,2.7,4.7,0
197,2022-07,4.7,3.1,3.1,4.7,0
197,2022-08,4.7,2.6,2.2,4.3,0
197,2022-09,4.3,1.9,2.1,4.5,0
197,2022-10,4.5,2.8,2.9,4.5,0
197,2022-11,4.5,3.3,4.7,5.9,0
197,2022-12,5.9,2.9,2.7,5.8,0
197,2023-01,5.8,2.6,1.5,4.7,0
197,2023-02,4.7,3.2,2.9,4.5,0
197,2023-03,4.5,3.1,3.0,4.3,0
197,2023-04,4.3,3.2,3.1,4.3,0
197,2023-05,4.3,2.6,2.7,4.3,0
197,2023-06,4.3,2.5,2.6,4.4,0
197,2023-07,4.4,2.1,2.4,4.7,0
197,2023-08,4.7,2.6,2.5,4.6,0
197,2023-09,4.6,3.0,3.0,4.6,0
197,2023-10,4.6,2.6,2.7,4.7,0
197,2023-11,4.7,3.8,5.2,6.1,0
197,2023-12,6.1,2.5,2.3,5.9,0
197,2024-01,5.9,2.0,0.8,4.7,0
197,2024-02,4.7,2.1,2.0,4.6,0
197,2024-03,4.6,1.8,1.9,4.7,0
197,2024-04,4.7,2.5,2.2,4.3,0
197,2024-05,4.3,2.0,2.0,4.3,0
197,2024-06,4.3,2.4,2.7,4.6,0
197,2024-07,4.6,2.8,2.9,4.8,0
197,2024-08,4.8,2.8,2.5,4.5,0
197,2024-09,4.5,2.8,3.0,4.7,0
197,2024-10,4.7,1.5,1.4,4.7,0
197,2024-11,4.7,2.9,4.7,6.4,0
197,2024-12,6.4,3.1,2.5,5.8,0
197,2025-01,5.8,3.2,1.8,4.4,0
197,2025-02,4.4,2.5,2.7,4.6,0
197,2025-03,4.6,2.7,2.7,4.5,0
197,2025-04,4.5,2.2,2.4,4.7,0
197,2025-05,4.7,2.2,1.8,4.3,0
197,2025-06,4.3,2.3,2.8,4.8,0
197,2025-07,4.8,2.1,2.0,4.6,0
197,2025-08,4.6,2.4,2.4,4.7,0
197,2025-09,4.7,3.1,2.7,4.3,0
197,2025-10,4.3,3.1,3.2,4.4,0
197,2025-11,4.4,3.4,5.4,6.3,0
197,2025-12,6.3,2.6,2.2,5.9,0
198,2021-01,61.1,35.0,34.2,60.3,0
198,2021-02,60.3,52.7,51.5,59.1,0
198,2021-03,59.1,45.5,42.9,56.4,0
198,2021-04,56.4,55.4,54.4,55.4,0
198,2021-05,55.4,55.4,52.8,52.8,5
198,2021-06,52.8,44.8,54.7,62.8,0
198,2021-07,62.8,48.5,46.0,60.3,0
198,2021-08,60.3,55.1,56.5,61.6,0
198,2021-09,61.6,61.6,52.9,52.9,1
198,2021-10,52.9,52.6,54.8,55.1,0
198,2021-11,55.1,55.1,77.3,77.3,3
198,2021-12,77.3,63.7,62.4,76.0,0
198,2022-01,76.0,53.7,35.0,57.3,0
198,2022-02,57.3,47.3,50.7,60.6,0
198,2022-03,60.6,46.6,41.9,55.9,0
198,2022-04,55.9,55.9,57.7,57.7,2
198,2022-05,57.7,44.0,47.2,60.9,0
198,2022-06,60.9,59.2,57.8,59.5,0
198,2022-07,59.5,52.8,46.9,53.6,0
198,2022-08,53.6,51.0,58.4,61.0,0
198,2022-09,61.0,40.7,35.8,56.1,0
198,2022-10,56.1,45.2,45.6,56.5,0
198,2022-11,56.5,56.5,75.7,75.7,4
198,2022-12,75.7,71.9,73.9,77.6,0
198,2023-01,77.6,52.2,30.6,56.0,0
198,2023-02,56.0,52.2,54.3,58.1,0
198,2023-03,58.1,52.2,54.0,59.9,0
198,2023-04,59.9,40.7,41.4,60.6,0
198,2023-05,60.6,60.6,52.9,52.9,2
198,2023-06,52.9,52.9,60.0,60.0,1
198,2023-07,60.0,38.7,38.9,60.1,0
198,2023-08,60.1,54.5,51.1,56.6,0
198,2023-09,56.6,43.0,40.6,54.2,0
198,2023-10,54.2,36.8,37.2,54.6,0
198,2023-11,54.6,54.6,84.9,84.9,2
198,2023-12,84.9,72.5,59.8,72.2,0
198,2024-01,72.2,58.4,47.6,61.4,0
198,2024-02,61.4,56.6,53.7,58.5,0
198,2024-03,58.5,38.8,40.6,60.3,0
198,2024-04,60.3,49.3,51.3,62.2,0
198,2024-05,62.2,40.2,33.8,55.8,0
198,2024-06,55.8,35.4,35.5,55.9,0
198,2024-07,55.9,53.0,57.4,60.2,0
198,2024-08,60.2,52.0,51.2,59.5,0
198,2024-09,59.5,59.4,52.1,52.2,0
198,2024-10,52.2,37.0,40.9,56.2,0
198,2024-11,56.2,56.2,77.2,77.2,6
198,2024-12,77.2,39.1,33.7,71.7,0
198,2025-01,71.7,44.3,31.7,59.1,0
198,2025-02,59.1,51.2,50.4,58.3,0
198,2025-03,58.3,53.6,58.1,62.8,0
198,2025-04,62.8,40.6,37.5,59.8,0
198,2025-05,59.8,51.6,46.7,54.9,0
198,2025-06,54.9,52.9,57.0,59.0,0
198,2025-07,59.0,42.9,46.2,62.3,0
198,2025-08,62.3,41.6,41.1,61.8,0
198,2025-09,61.8,52.0,53.1,62.9,0
198,2025-10,62.9,62.9,59.2,59.2,1
198,2025-11,59.2,59.2,89.5,89.5,10
198,2025-12,89.5,77.0,56.3,68.9,0
199,2021-01,367.3,113.2,96.3,350.5,0
199,2021-02,350.5,108.9,123.5,365.1,0
199,2021-03,365.1,138.5,125.8,352.4,0
199,2021-04,352.4,81.4,100.4,371.5,0
199,2021-05,371.5,115.0,108.2,364.7,0
199,2021-06,364.7,116.8,107.2,355.0,0
199,2021-07,355.0,110.0,121.9,366.8,0
199,2021-08,366.8,117.7,121.0,370.1,0
199,2021-09,370.1,147.4,126.8,349.5,0
199,2021-10,349.5,112.4,129.0,366.1,0
199,2021-11,366.1,170.2,291.6,487.4,0
199,2021-12,487.4,151.8,113.7,449.3,0
199,2022-01,449.3,139.3,50.1,360.0,0
199,2022-02,360.0,109.9,107.5,357.7,0
199,2022-03,357.7,97.6,103.5,363.6,0
199,2022-04,363.6,85.9,81.0,358.6,0
199,2022-05,358.6,95.7,98.2,361.1,0
199,2022-06,361.1,99.7,110.3,371.7,0
199,2022-07,371.7,102.1,94.9,364.5,0
199,2022-08,364.5,116.5,104.7,352.7,0
199,2022-09,352.7,135.8,132.5,349.5,0
199,2022-10,349.5,106.6,116.8,359.7,0
199,2022-11,359.7,198.7,336.2,497.2,0
199,2022-12,497.2,160.2,104.5,441.5,0
199,2023-01,441.5,120.7,48.4,369.3,0
199,2023-02,369.3,97.6,96.0,367.6,0
199,2023-03,367.6,92.3,87.2,362.5,0
199,2023-04,362.5,125.4,116.8,353.9,0
199,2023-05,353.9,91.9,106.4,368.4,0
199,2023-06,368.4,108.5,94.6,354.6,0
199,2023-07,354.6,85.1,85.5,355.0,0
199,2023-08,355.0,129.5,128.1,353.6,0
199,2023-09,353.6,128.9,146.3,371.1,0
199,2023-10,371.1,107.1,100.0,364.0,0
199,2023-11,364.0,152.0,283.4,495.4,0
199,2023-12,495.4,155.9,122.3,461.7,0
199,2024-01,461.7,116.7,19.6,364.6,0
199,2024-02,364.6,91.1,93.3,366.9,0
199,2024-03,366.9,121.7,127.4,372.6,0
199,2024-04,372.6,89.3,80.0,363.3,0
199,2024-05,363.3,80.5,81.2,364.0,0
199,2024-06,364.0,118.2,123.1,368.8,0
199,2024-07,368.8,112.0,99.9,356.7,0
199,2024-08,356.7,96.1,110.2,370.9,0
199,2024-09,370.9,121.2,119.2,368.9,0
199,2024-10,368.9,95.7,92.7,365.9,0
199,2024-11,365.9,151.5,310.7,525.1,0
199,2024-12,525.1,137.1,69.4,457.4,0
199,2025-01,457.4,70.0,0.0,387.3,0
199,2025-02,387.3,117.6,90.7,360.4,0
199,2025-03,360.4,120.2,131.7,372.0,0
199,2025-04,372.0,105.6,96.5,362.9,0
199,2025-05,362.9,67.2,63.9,359.5,0
199,2025-06,359.5,97.1,100.7,363.2,0
199,2025-07,363.2,98.1,101.5,366.5,0
199,2025-08,366.5,113.0,103.3,356.8,0
199,2025-09,356.8,117.0,126.4,366.2,0
199,2025-10,366.2,118.1,115.7,363.7,0
199,2025-11,363.7,187.9,367.4,543.1,0
199,2025-12,543.1,120.3,37.0,459.8,0
200,2021-01,138.1,89.8,77.3,125.6,0
200,2021-02,125.6,82.6,93.5,136.5,0
200,2021-03,136.5,73.7,74.1,136.8,0
200,2021-04,136.8,82.7,85.9,139.9,0
200,2021-05,139.9,83.1,69.5,126.4,0
200,2021-06,126.4,69.5,77.0,133.9,0
200,2021-07,133.9,90.4,85.9,129.3,0
200,2021-08,129.3,57.3,65.0,136.9,0
200,2021-09,136.9,81.8,77.0,132.2,0
200,2021-10,132.2,47.4,47.7,132.4,0
200,2021-11,132.4,111.5,169.9,190.9,0
200,2021-12,190.9,118.1,91.3,164.0,0
200,2022-01,164.0,90.0,55.1,129.1,0
200,2022-02,129.1,119.4,128.3,138.1,0
200,2022-03,138.1,100.6,99.5,137.0,0
200,2022-04,137.0,63.6,58.6,132.0,0
200,2022-05,132.0,97.7,99.7,134.0,0
200,2022-06,134.0,94.4,96.7,136.4,0
200,2022-07,136.4,80.0,72.2,128.6,0
200,2022-08,128.6,81.7,90.7,137.5,0
200,2022-09,137.5,81.9,85.8,141.4,0
200,2022-10,141.4,69.5,64.4,136.4,0
200,2022-11,136.4,125.1,168.7,180.0,0
200,2022-12,180.0,107.8,99.1,171.3,0
200,2023-01,171.3,85.3,49.9,135.9,0
200,2023-02,135.9,75.3,71.8,132.4,0
200,2023-03,132.4,84.9,90.6,138.1,0
200,2023-04,138.1,81.6,83.2,139.6,0
200,2023-05,139.6,97.4,90.5,132.7,0
200,2023-06,132.7,84.4,85.2,133.5,0
200,2023-07,133.5,91.7,88.7,130.5,0
200,2023-08,130.5,63.0,63.6,131.0,0
200,2023-09,131.0,103.0,94.2,122.2,0
200,2023-10,122.2,77.1,80.0,125.0,0
200,2023-11,125.0,85.8,141.9,181.1,0
200,2023-12,181.1,97.5,88.0,171.7,0
200,2024-01,171.7,66.5,33.0,138.1,0
200,2024-02,138.1,84.6,84.0,137.5,0
200,2024-03,137.5,93.3,97.9,142.1,0
200,2024-04,142.1,91.0,85.6,136.7,0
200,2024-05,136.7,81.4,77.4,132.7,0
200,2024-06,132.7,106.3,116.6,143.0,0
200,2024-07,143.0,84.2,79.9,138.8,0
200,2024-08,138.8,63.8,57.9,132.9,0
200,2024-09,132.9,92.5,95.2,135.6,0
200,2024-10,135.6,96.1,84.6,124.1,0
200,2024-11,124.1,121.2,204.6,207.5,0
200,2024-12,207.5,134.0,102.4,176.0,0
200,2025-01,176.0,77.6,38.4,136.7,0
200,2025-02,136.7,82.0,72.9,127.7,0
200,2025-03,127.7,81.5,94.0,140.2,0
200,2025-04,140.2,84.5,86.5,142.1,0
200,2025-05,142.1,96.1,81.1,127.1,0
200,2025-06,127.1,63.5,69.6,133.2,0
200,2025-07,133.2,89.7,94.8,138.3,0
200,2025-08,138.3,58.7,61.4,141.0,0
200,2025-09,141.0,87.8,86.6,139.8,0
200,2025-10,139.8,83.7,80.6,136.7,0
200,2025-11,136.7,124.6,187.3,199.3,0
200,2025-12,199.3,116.0,81.0,164.4,0
201,2021-01,15.9,7.4,6.4,14.9,0
201,2021-02,14.9,7.5,8.5,15.9,0
201,2021-03,15.9,8.1,7.6,15.5,0
201,2021-04,15.5,9.1,9.4,15.7,0
201,2021-05,15.7,9.3,8.9,15.3,0
201,2021-06,15.3,10.4,10.7,15.6,0
201,2021-07,15.6,8.1,8.2,15.7,0
201,2021-08,15.7,8.8,8.2,15.2,0
201,2021-09,15.2,6.9,7.7,15.9,0
201,2021-10,15.9,7.3,6.4,15.0,0
201,2021-11,15.0,13.9,21.5,22.6,0
201,2021-12,22.6,11.8,8.1,19.0,0
201,2022-01,19.0,8.0,4.4,15.4,0
201,2022-02,15.4,7.4,6.9,14.9,0
201,2022-03,14.9,9.0,8.5,14.4,0
201,2022-04,14.4,6.4,7.1,15.1,0
201,2022-05,15.1,10.0,9.7,14.7,0
201,2022-06,14.7,8.4,9.6,15.9,0
201,2022-07,15.9,6.8,6.3,15.4,0
201,2022-08,15.4,6.6,7.1,15.9,0
201,2022-09,15.9,10.9,11.3,16.3,0
201,2022-10,16.3,7.5,6.9,15.7,0
201,2022-11,15.7,11.5,16.9,21.1,0
201,2022-12,21.1,11.6,9.6,19.1,0
201,2023-01,19.1,10.1,6.2,15.2,0
201,2023-02,15.2,5.3,5.4,15.4,0
201,2023-03,15.4,9.0,9.8,16.2,0
201,2023-04,16.2,10.5,9.0,14.7,0
201,2023-05,14.7,6.1,7.3,15.9,0
201,2023-06,15.9,8.4,7.8,15.3,0
201,2023-07,15.3,5.5,5.3,15.1,0
201,2023-08,15.1,8.9,8.7,14.9,0
201,2023-09,14.9,9.3,9.6,15.1,0
201,2023-10,15.1,9.8,9.5,14.9,0
201,2023-11,14.9,11.4,18.9,22.4,0
201,2023-12,22.4,10.8,8.3,19.9,0
201,2024-01,19.9,10.4,6.1,15.7,0
201,2024-02,15.7,9.9,8.9,14.7,0
201,2024-03,14.7,8.7,9.5,15.5,0
201,2024-04,15.5,10.3,10.4,15.6,0
201,2024-05,15.6,9.4,8.7,14.9,0
201,2024-06,14.9,9.2,10.6,16.3,0
201,2024-07,16.3,6.7,5.9,15.5,0
201,2024-08,15.5,7.0,7.2,15.7,0
201,2024-09,15.7,7.0,7.4,16.1,0
201,2024-10,16.1,10.0,8.6,14.8,0
201,2024-11,14.8,13.6,20.4,21.6,0
201,2024-12,21.6,14.5,11.3,18.4,0
201,2025-01,18.4,7.8,5.5,16.1,0
201,2025-02,16.1,8.2,7.0,14.9,0
201,2025-03,14.9,7.8,7.8,14.9,0
201,2025-04,14.9,10.0,9.9,14.8,0
201,2025-05,14.8,9.9,10.2,15.2,0
201,2025-06,15.2,8.6,9.1,15.6,0
201,2025-07,15.6,10.7,11.2,16.1,0
201,2025-08,16.1,8.6,7.6,15.2,0
201,2025-09,15.2,6.5,6.8,15.5,0
201,2025-10,15.5,9.8,10.7,16.4,0
201,2025-11,16.4,16.4,23.4,23.4,1
201,2025-12,23.4,13.6,10.4,20.2,0
202,2021-01,21.0,10.0,9.9,21.0,0
202,2021-02,21.0,13.6,12.8,20.2,0
202,2021-03,20.2,10.1,11.5,21.6,0
202,2021-04,21.6,9.3,7.8,20.1,0
202,2021-05,20.1,14.7,15.2,20.6,0
202,2021-06,20.6,8.4,8.1,20.3,0
202,2021-07,20.3,10.4,10.1,20.0,0
202,2021-08,20.0,11.7,10.9,19.2,0
202,2021-09,19.2,9.1,11.3,21.4,0
202,2021-10,21.4,10.8,10.7,21.4,0
202,2021-11,21.4,17.2,25.5,29.6,0
202,2021-12,29.6,15.2,11.8,26.3,0
202,2022-01,26.3,11.2,5.1,20.2,0
202,2022-02,20.2,7.3,7.8,20.7,0
202,2022-03,20.7,11.8,10.4,19.3,0
202,2022-04,19.3,10.2,11.8,21.0,0
202,2022-05,21.0,9.8,10.0,21.1,0
202,2022-06,21.1,12.0,11.8,20.9,0
202,2022-07,20.9,9.6,9.8,21.1,0
202,2022-08,21.1,10.2,10.6,21.5,0
202,2022-09,21.5,15.5,14.5,20.4,0
202,2022-10,20.4,12.7,13.7,21.4,0
202,2022-11,21.4,18.2,25.5,28.7,0
202,2022-12,28.7,12.1,8.5,25.1,0
202,2023-01,25.1,16.6,12.5,20.9,0
202,2023-02,20.9,11.9,11.8,20.8,0
202,2023-03,20.8,15.4,16.3,21.7,0
202,2023-04,21.7,13.5,11.3,19.5,0
202,2023-05,19.5,7.3,7.8,20.0,0
202,2023-06,20.0,13.1,13.3,20.1,0
202,2023-07,20.1,11.6,11.8,20.3,0
202,2023-08,20.3,12.4,13.6,21.5,0
202,2023-09,21.5,13.1,12.5,20.9,0
202,2023-10,20.9,12.0,11.1,20.1,0
202,2023-11,20.1,18.3,26.4,28.2,0
202,2023-12,28.2,15.9,14.7,27.0,0
202,2024-01,27.0,9.8,3.9,21.1,0
202,2024-02,21.1,13.0,12.0,20.1,0
202,2024-03,20.1,14.7,15.2,20.5,0
202,2024-04,20.5,13.7,12.9,19.8,0
202,2024-05,19.8,11.9,12.8,20.6,0
202,2024-06,20.6,10.8,10.4,20.2,0
202,2024-07,20.2,14.6,13.5,19.2,0
202,2024-08,19.2,12.5,12.8,19.5,0
202,2024-09,19.5,13.0,13.6,20.1,0
202,2024-10,20.1,12.3,11.9,19.8,0
202,2024-11,19.8,18.0,25.2,26.9,0
202,2024-12,26.9,17.4,14.4,23.9,0
202,2025-01,23.9,10.6,7.9,21.2,0
202,2025-02,21.2,12.4,11.6,20.4,0
202,2025-03,20.4,12.7,13.3,21.0,0
202,2025-04,21.0,10.3,10.1,20.8,0
202,2025-05,20.8,12.1,12.9,21.6,0
202,2025-06,21.6,12.8,12.6,21.4,0
202,2025-07,21.4,11.2,9.6,19.8,0
202,2025-08,19.8,11.8,13.3,21.3,0
202,2025-09,21.3,13.9,13.5,20.9,0
202,2025-10,20.9,13.2,13.5,21.2,0
202,2025-11,21.2,17.9,26.7,30.0,0
202,2025-12,30.0,17.8,13.8,26.0,0
203,2021-01,13.5,6.6,6.9,13.8,0
203,2021-02,13.8,10.7,9.8,12.9,0
203,2021-03,12.9,11.7,12.4,13.5,0
203,2021-04,13.5,9.7,8.8,12.6,0
203,2021-05,12.6,11.1,12.4,13.8,0
203,2021-06,13.8,11.1,10.6,13.3,0
203,2021-07,13.3,10.8,11.3,13.7,0
203,2021-08,13.7,7.7,6.4,12.5,0
203,2021-09,12.5,9.3,9.1,12.2,0
203,2021-10,12.2,9.8,11.5,13.9,0
203,2021-11,13.9,13.9,20.3,20.3,5
203,2021-12,20.3,14.0,11.0,17.3,0
203,2022-01,17.3,9.1,4.6,12.8,0
203,2022-02,12.8,9.2,8.5,12.1,0
203,2022-03,12.1,8.7,10.6,14.0,0
203,2022-04,14.0,12.1,10.3,12.1,0
203,2022-05,12.1,8.2,9.8,13.8,0
203,2022-06,13.8,7.3,7.1,13.5,0
203,2022-07,13.5,10.8,9.7,12.4,0
203,2022-08,12.4,9.4,9.8,12.8,0
203,2022-09,12.8,12.8,13.3,13.3,0
203,2022-10,13.3,8.7,9.2,13.8,0
203,2022-11,13.8,13.8,20.1,20.1,0
203,2022-12,20.1,15.4,11.2,15.8,0
203,2023-01,15.8,10.7,7.9,13.0,0
203,2023-02,13.0,8.2,8.1,12.9,0
203,2023-03,12.9,9.4,10.4,14.0,0
203,2023-04,14.0,11.3,10.6,13.3,0
203,2023-05,13.3,9.6,10.1,13.8,0
203,2023-06,13.8,13.8,12.6,12.6,0
203,2023-07,12.6,10.6,10.5,12.5,0
203,2023-08,12.5,12.5,12.3,12.3,3
203,2023-09,12.3,6.9,8.3,13.7,0
203,2023-10,13.7,9.7,9.5,13.5,0
203,2023-11,13.5,12.7,16.3,17.1,0
203,2023-12,17.1,9.1,7.6,15.6,0
203,2024-01,15.6,9.5,7.3,13.5,0
203,2024-02,13.5,10.5,10.1,13.1,0
203,2024-03,13.1,10.3,11.0,13.8,0
203,2024-04,13.8,12.5,12.2,13.5,0
203,2024-05,13.5,6.9,6.5,13.1,0
203,2024-06,13.1,10.6,11.5,14.0,0
203,2024-07,14.0,9.7,9.5,13.9,0
203,2024-08,13.9,9.6,9.2,13.5,0
203,2024-09,13.5,10.1,10.3,13.6,0
203,2024-10,13.6,9.7,9.8,13.8,0
203,2024-11,13.8,13.8,19.0,19.0,4
203,2024-12,19.0,13.4,10.7,16.3,0
203,2025-01,16.3,13.9,11.5,14.0,0
203,2025-02,14.0,9.9,9.3,13.3,0
203,2025-03,13.3,11.2,11.7,13.8,0
203,2025-04,13.8,8.5,7.7,13.0,0
203,2025-05,13.0,9.6,10.3,13.7,0
203,2025-06,13.7,13.7,12.1,12.1,5
203,2025-07,12.1,9.6,10.1,12.7,0
203,2025-08,12.7,12.7,13.7,13.7,1
203,2025-09,13.7,8.7,8.8,13.8,0
203,2025-10,13.8,10.5,9.5,12.9,0
203,2025-11,12.9,12.9,17.7,17.7,5
203,2025-12,17.7,12.1,11.6,17.2,0
204,2021-01,1.9,1.9,1.7,1.7,18
204,2021-02,1.7,1.7,2.0,2.0,21
204,2021-03,2.0,2.0,1.7,1.7,19
204,2021-04,1.7,1.7,2.0,2.0,15
204,2021-05,2.0,2.0,1.9,1.9,16
204,2021-06,1.9,1.9,1.8,1.8,15
204,2021-07,1.8,1.8,1.9,1.9,21
204,2021-08,1.9,1.9,1.8,1.8,17
204,2021-09,1.8,1.8,1.7,1.7,19
204,2021-10,1.7,1.7,1.9,1.9,14
204,2021-11,1.9,1.9,2.7,2.7,21
204,2021-12,2.7,2.7,2.4,2.4,15
204,2022-01,2.4,2.4,1.8,1.8,15
204,2022-02,1.8,1.8,1.8,1.8,22
204,2022-03,1.8,1.8,1.9,1.9,20
204,2022-04,1.9,1.9,1.8,1.8,17
204,2022-05,1.8,1.8,1.9,1.9,19
204,2022-06,1.9,1.9,2.0,2.0,15
204,2022-07,2.0,2.0,1.9,1.9,22
204,2022-08,1.9,1.9,1.8,1.8,19
204,2022-09,1.8,1.8,1.8,1.8,23
204,2022-10,1.8,1.8,1.9,1.9,17
204,2022-11,1.9,1.9,2.7,2.7,22
204,2022-12,2.7,2.7,2.4,2.4,17
204,2023-01,2.4,2.4,1.8,1.8,18
204,2023-02,1.8,1.8,1.7,1.7,20
204,2023-03,1.7,1.7,1.7,1.7,17
204,2023-04,1.7,1.7,1.8,1.8,21
204,2023-05,1.8,1.8,1.8,1.8,21
204,2023-06,1.8,1.8,1.7,1.7,21
204,2023-07,1.7,1.7,2.0,2.0,17
204,2023-08,2.0,2.0,1.7,1.7,16
204,2023-09,1.7,1.7,1.9,1.9,14
204,2023-10,1.9,1.9,1.9,1.9,19
204,2023-11,1.9,1.9,2.5,2.5,19
204,2023-12,2.5,2.5,2.3,2.3,11
204,2024-01,2.3,2.3,1.9,1.9,11
204,2024-02,1.9,1.9,1.7,1.7,19
204,2024-03,1.7,1.7,1.8,1.8,20
204,2024-04,1.8,1.8,2.0,2.0,21
204,2024-05,2.0,2.0,1.9,1.9,19
204,2024-06,1.9,1.9,1.8,1.8,18
204,2024-07,1.8,1.8,1.7,1.7,17
204,2024-08,1.7,1.7,1.7,1.7,18
204,2024-09,1.7,1.7,1.7,1.7,19
204,2024-10,1.7,1.7,1.8,1.8,21
204,2024-11,1.8,1.8,2.5,2.5,22
204,2024-12,2.5,2.5,2.1,2.1,14
204,2025-01,2.1,2.1,1.8,1.8,14
204,2025-02,1.8,1.8,1.7,1.7,19
204,2025-03,1.7,1.7,1.7,1.7,18
204,2025-04,1.7,1.7,2.0,2.0,16
204,2025-05,2.0,2.0,1.7,1.7,17
204,2025-06,1.7,1.7,1.9,1.9,18
204,2025-07,1.9,1.9,1.7,1.7,19
204,2025-08,1.7,1.7,2.0,2.0,20
204,2025-09,2.0,2.0,1.7,1.7,11
204,2025-10,1.7,1.7,1.8,1.8,18
204,2025-11,1.8,1.8,2.6,2.6,20
204,2025-12,2.6,2.6,2.1,2.1,17
205,2021-01,52.9,19.9,20.7,53.7,0
205,2021-02,53.7,32.0,29.0,50.7,0
205,2021-03,50.7,29.6,32.6,53.7,0
205,2021-04,53.7,31.5,29.6,51.8,0
205,2021-05,51.8,33.2,35.7,54.3,0
205,2021-06,54.3,25.0,23.9,53.2,0
205,2021-07,53.2,23.7,20.1,49.5,0
205,2021-08,49.5,23.1,22.7,49.1,0
205,2021-09,49.1,32.2,32.6,49.5,0
205,2021-10,49.5,33.0,35.7,52.2,0
205,2021-11,52.2,49.4,76.0,78.8,0
205,2021-12,78.8,48.5,35.7,66.0,0
205,2022-01,66.0,28.0,14.9,52.9,0
205,2022-02,52.9,26.1,25.2,52.0,0
205,2022-03,52.0,21.8,21.5,51.7,0
205,2022-04,51.7,29.7,29.1,51.0,0
205,2022-05,51.0,26.3,29.3,54.0,0
205,2022-06,54.0,27.1,23.5,50.5,0
205,2022-07,50.5,33.9,31.8,48.3,0
205,2022-08,48.3,27.4,30.0,50.8,0
205,2022-09,50.8,22.1,22.3,51.1,0
205,2022-10,51.1,27.8,26.5,49.8,0
205,2022-11,49.8,44.5,62.8,68.1,0
205,2022-12,68.1,31.6,28.1,64.5,0
205,2023-01,64.5,19.3,7.8,53.0,0
205,2023-02,53.0,28.7,24.4,48.7,0
205,2023-03,48.7,28.1,33.8,54.4,0
205,2023-04,54.4,31.3,28.1,51.3,0
205,2023-05,51.3,17.8,19.1,52.5,0
205,2023-06,52.5,27.5,28.1,53.0,0
205,2023-07,53.0,30.2,25.7,48.5,0
205,2023-08,48.5,26.1,26.5,48.9,0
205,2023-09,48.9,23.2,24.0,49.7,0
205,2023-10,49.7,26.0,25.7,49.4,0
205,2023-11,49.4,38.1,56.4,67.7,0
205,2023-12,67.7,30.9,30.0,66.8,0
205,2024-01,66.8,20.0,6.2,53.0,0
205,2024-02,53.0,24.5,24.2,52.8,0
205,2024-03,52.8,34.4,32.5,50.8,0
205,2024-04,50.8,22.6,24.7,52.9,0
205,2024-05,52.9,26.4,25.6,52.1,0
205,2024-06,52.1,28.8,29.8,53.1,0
205,2024-07,53.1,30.8,26.9,49.2,0
205,2024-08,49.2,28.0,30.4,51.6,0
205,2024-09,51.6,28.5,29.9,52.9,0
205,2024-10,52.9,21.2,21.2,52.9,0
205,2024-11,52.9,34.3,58.1,76.7,0
205,2024-12,76.7,34.7,21.3,63.3,0
205,2025-01,63.3,32.8,23.4,53.9,0
205,2025-02,53.9,20.5,20.4,53.7,0
205,2025-03,53.7,26.7,26.6,53.7,0
205,2025-04,53.7,30.4,27.6,50.9,0
205,2025-05,50.9,33.4,34.9,52.3,0
205,2025-06,52.3,30.4,32.1,54.0,0
205,2025-07,54.0,30.0,26.6,50.6,0
205,2025-08,50.6,22.4,23.8,52.0,0
205,2025-09,52.0,25.4,23.9,50.4,0
205,2025-10,50.4,22.8,22.9,50.5,0
205,2025-11,50.5,38.5,65.2,77.2,0
205,2025-12,77.2,38.6,24.6,63.3,0
206,2021-01,15.5,3.7,3.6,15.4,0
206,2021-02,15.4,3.6,3.4,15.2,0
206,2021-03,15.2,3.7,3.8,15.3,0
206,2021-04,15.3,4.8,4.9,15.4,0
206,2021-05,15.4,4.2,4.2,15.4,0
206,2021-06,15.4,1.9,1.9,15.4,0
206,2021-07,15.4,2.9,2.6,15.1,0
206,2021-08,15.1,3.9,3.7,14.9,0
206,2021-09,14.9,4.0,4.3,15.1,0
206,2021-10,15.1,3.5,3.7,15.3,0
206,2021-11,15.3,5.7,12.5,22.1,0
206,2021-12,22.1,5.2,2.1,19.0,0
206,2022-01,19.0,3.4,0.0,15.6,0
206,2022-02,15.6,4.0,3.9,15.5,0
206,2022-03,15.5,2.0,1.9,15.3,0
206,2022-04,15.3,3.1,3.3,15.5,0
206,2022-05,15.5,3.4,3.0,15.2,0
206,2022-06,15.2,3.8,4.0,15.3,0
206,2022-07,15.3,4.5,4.1,14.9,0
206,2022-08,14.9,4.2,4.8,15.5,0
206,2022-09,15.5,3.9,3.3,14.9,0
206,2022-10,14.9,4.1,4.9,15.7,0
206,2022-11,15.7,5.7,12.5,22.5,0
206,2022-12,22.5,5.0,1.8,19.3,0
206,2023-01,19.3,4.4,0.5,15.4,0
206,2023-02,15.4,4.5,4.7,15.7,0
206,2023-03,15.7,3.7,3.7,15.6,0
206,2023-04,15.6,3.6,3.6,15.6,0
206,2023-05,15.6,3.6,3.5,15.5,0
206,2023-06,15.5,4.4,4.3,15.3,0
206,2023-07,15.3,4.2,4.4,15.6,0
206,2023-08,15.6,3.9,3.4,15.1,0
206,2023-09,15.1,3.5,3.4,15.0,0
206,2023-10,15.0,3.1,3.4,15.3,0
206,2023-11,15.3,5.0,11.2,21.6,0
206,2023-12,21.6,3.9,1.5,19.2,0
206,2024-01,19.2,4.5,0.8,15.5,0
206,2024-02,15.5,4.8,4.9,15.5,0
206,2024-03,15.5,4.3,3.8,14.9,0
206,2024-04,14.9,3.3,3.8,15.4,0
206,2024-05,15.4,4.1,4.3,15.6,0
206,2024-06,15.6,4.3,3.5,14.9,0
206,2024-07,14.9,3.3,4.0,15.5,0
206,2024-08,15.5,2.5,2.2,15.2,0
206,2024-09,15.2,4.4,4.0,14.9,0
206,2024-10,14.9,4.8,4.8,14.8,0
206,2024-11,14.8,4.6,10.5,20.7,0
206,2024-12,20.7,4.4,2.7,19.0,0
206,2025-01,19.0,3.2,0.0,15.8,0
206,2025-02,15.8,3.7,2.9,15.0,0
206,2025-03,15.0,4.2,4.1,14.8,0
206,2025-04,14.8,3.5,3.7,15.0,0
206,2025-05,15.0,4.4,4.4,14.9,0
206,2025-06,14.9,2.9,3.4,15.5,0
206,2025-07,15.5,3.4,3.0,15.1,0
206,2025-08,15.1,2.6,2.9,15.4,0
206,2025-09,15.4,4.3,3.8,15.0,0
206,2025-10,15.0,2.7,2.9,15.2,0
206,2025-11,15.2,5.3,11.8,21.7,0
206,2025-12,21.7,4.9,2.4,19.2,0
207,2021-01,11.4,6.4,5.8,10.8,0
207,2021-02,10.8,5.8,5.8,10.8,0
207,2021-03,10.8,8.2,8.8,11.3,0
207,2021-04,11.3,7.6,6.6,10.2,0
207,2021-05,10.2,7.6,8.9,11.5,0
207,2021-06,11.5,4.0,3.9,11.3,0
207,2021-07,11.3,8.7,8.9,11.5,0
207,2021-08,11.5,5.6,5.1,11.0,0
207,2021-09,11.0,6.0,5.9,10.8,0
207,2021-10,10.8,6.5,6.8,11.1,0
207,2021-11,11.1,10.1,13.2,14.2,0
207,2021-12,14.2,5.9,5.6,13.9,0
207,2022-01,13.9,5.5,2.7,11.1,0
207,2022-02,11.1,7.9,8.0,11.2,0
207,2022-03,11.2,7.9,7.7,10.9,0
207,2022-04,10.9,5.8,6.2,11.3,0
207,2022-05,11.3,5.2,5.5,11.6,0
207,2022-06,11.6,8.0,7.9,11.4,0
207,2022-07,11.4,8.3,7.4,10.6,0
207,2022-08,10.6,6.5,6.8,11.0,0
207,2022-09,11.0,6.2,6.1,10.9,0
207,2022-10,10.9,6.1,6.3,11.1,0
207,2022-11,11.1,10.1,14.3,15.4,0
207,2022-12,15.4,8.5,7.0,13.8,0
207,2023-01,13.8,8.4,5.7,11.2,0
207,2023-02,11.2,6.9,6.1,10.3,0
207,2023-03,10.3,6.7,7.5,11.1,0
207,2023-04,11.1,7.8,6.9,10.2,0
207,2023-05,10.2,6.7,8.1,11.5,0
207,2023-06,11.5,8.2,8.3,11.6,0
207,2023-07,11.6,7.4,6.7,11.0,0
207,2023-08,11.0,6.1,5.9,10.8,0
207,2023-09,10.8,4.9,5.6,11.5,0
207,2023-10,11.5,7.2,6.7,11.0,0
207,2023-11,11.0,9.6,13.9,15.3,0
207,2023-12,15.3,9.1,6.9,13.2,0
207,2024-01,13.2,8.8,6.0,10.4,0
207,2024-02,10.4,6.7,7.2,10.9,0
207,2024-03,10.9,8.3,7.8,10.5,0
207,2024-04,10.5,7.9,9.1,11.7,0
207,2024-05,11.7,5.6,5.3,11.3,0
207,2024-06,11.3,6.2,6.1,11.3,0
207,2024-07,11.3,8.6,8.3,11.0,0
207,2024-08,11.0,9.4,8.3,9.9,0
207,2024-09,9.9,8.2,9.2,10.8,0
207,2024-10,10.8,9.2,8.7,10.3,0
207,2024-11,10.3,10.3,17.1,17.1,4
207,2024-12,17.1,7.7,4.6,14.0,0
207,2025-01,14.0,7.8,4.9,11.2,0
207,2025-02,11.2,7.1,6.7,10.7,0
207,2025-03,10.7,5.4,5.5,10.9,0
207,2025-04,10.9,10.6,9.7,10.0,0
207,2025-05,10.0,6.3,7.3,11.0,0
207,2025-06,11.0,7.8,7.2,10.4,0
207,2025-07,10.4,4.4,4.9,10.9,0
207,2025-08,10.9,6.1,6.9,11.6,0
207,2025-09,11.6,6.1,5.1,10.5,0
207,2025-10,10.5,5.5,5.5,10.5,0
207,2025-11,10.5,10.5,14.8,14.8,5
207,2025-12,14.8,9.2,8.5,14.1,0
208,2021-01,39.7,26.0,26.0,39.7,0
208,2021-02,39.7,24.3,22.0,37.3,0
208,2021-03,37.3,22.5,24.7,39.6,0
208,2021-04,39.6,25.5,26.7,40.7,0
208,2021-05,40.7,22.3,20.2,38.7,0
208,2021-06,38.7,22.8,20.3,36.1,0
208,2021-07,36.1,14.8,17.9,39.3,0
208,2021-08,39.3,22.0,23.3,40.7,0
208,2021-09,40.7,18.1,16.8,39.3,0
208,2021-10,39.3,22.1,23.5,40.7,0
208,2021-11,40.7,39.5,53.3,54.5,0
208,2021-12,54.5,30.1,23.0,47.5,0
208,2022-01,47.5,28.3,21.4,40.6,0
208,2022-02,40.6,27.3,24.0,37.3,0
208,2022-03,37.3,22.4,21.5,36.3,0
208,2022-04,36.3,24.2,25.8,38.0,0
208,2022-05,38.0,27.4,25.4,36.0,0
208,2022-06,36.0,22.4,27.3,40.9,0
208,2022-07,40.9,22.3,21.7,40.3,0
208,2022-08,40.3,25.3,24.5,39.4,0
208,2022-09,39.4,18.1,17.8,39.1,0
208,2022-10,39.1,20.2,18.3,37.2,0
208,2022-11,37.2,30.9,46.9,53.2,0
208,2022-12,53.2,26.6,22.0,48.6,0
208,2023-01,48.6,23.2,12.4,37.8,0
208,2023-02,37.8,20.0,22.7,40.6,0
208,2023-03,40.6,11.0,9.2,38.7,0
208,2023-04,38.7,23.2,23.2,38.7,0
208,2023-05,38.7,24.1,24.4,39.1,0
208,2023-06,39.1,20.1,18.2,37.3,0
208,2023-07,37.3,21.1,20.3,36.5,0
208,2023-08,36.5,26.0,29.9,40.3,0
208,2023-09,40.3,29.5,24.6,35.4,0
208,2023-10,35.4,20.3,21.7,36.8,0
208,2023-11,36.8,28.1,50.9,59.5,0
208,2023-12,59.5,35.3,25.0,49.2,0
208,2024-01,49.2,21.3,10.6,38.5,0
208,2024-02,38.5,25.6,27.7,40.6,0
208,2024-03,40.6,20.7,19.2,39.1,0
208,2024-04,39.1,21.9,19.1,36.3,0
208,2024-05,36.3,25.0,24.6,35.9,0
208,2024-06,35.9,15.8,20.1,40.2,0
208,2024-07,40.2,25.5,25.8,40.5,0
208,2024-08,40.5,25.5,22.5,37.6,0
208,2024-09,37.6,20.6,22.7,39.7,0
208,2024-10,39.7,21.5,22.3,40.5,0
208,2024-11,40.5,33.8,47.2,54.0,0
208,2024-12,54.0,32.9,28.7,49.8,0
208,2025-01,49.8,23.1,13.5,40.2,0
208,2025-02,40.2,22.3,20.6,38.5,0
208,2025-03,38.5,24.8,24.9,38.5,0
208,2025-04,38.5,21.7,22.2,39.0,0
208,2025-05,39.0,19.2,20.1,39.9,0
208,2025-06,39.9,22.2,19.2,37.0,0
208,2025-07,37.0,27.1,25.6,35.5,0
208,2025-08,35.5,20.2,22.9,38.3,0
208,2025-09,38.3,24.5,25.2,39.0,0
208,2025-10,39.0,22.0,21.4,38.3,0
208,2025-11,38.3,29.9,41.9,50.2,0
208,2025-12,50.2,21.1,19.4,48.5,0
209,2021-01,26.2,15.2,14.3,25.4,0
209,2021-02,25.4,18.4,19.7,26.7,0
209,2021-03,26.7,15.1,15.3,26.9,0
209,2021-04,26.9,15.8,13.7,24.8,0
209,2021-05,24.8,15.1,17.2,26.9,0
209,2021-06,26.9,17.7,15.8,25.0,0
209,2021-07,25.0,16.0,15.7,24.6,0
209,2021-08,24.6,10.4,10.7,24.9,0
209,2021-09,24.9,20.8,22.9,27.0,0
209,2021-10,27.0,16.4,13.9,24.4,0
209,2021-11,24.4,23.8,38.4,39.0,0
209,2021-12,39.0,23.8,16.6,31.8,0
209,2022-01,31.8,20.0,13.5,25.3,0
209,2022-02,25.3,14.0,14.2,25.5,0
209,2022-03,25.5,17.5,16.5,24.5,0
209,2022-04,24.5,18.6,20.0,25.9,0
209,2022-05,25.9,20.2,21.3,27.0,0
209,2022-06,27.0,16.1,13.4,24.3,0
209,2022-07,24.3,20.1,22.6,26.8,0
209,2022-08,26.8,15.2,12.7,24.3,0
209,2022-09,24.3,17.0,19.1,26.4,0
209,2022-10,26.4,16.7,14.8,24.4,0
209,2022-11,24.4,24.4,35.3,35.3,1
209,2022-12,35.3,21.4,19.8,33.7,0
209,2023-01,33.7,14.5,6.2,25.4,0
209,2023-02,25.4,14.5,15.8,26.8,0
209,2023-03,26.8,13.6,11.8,24.9,0
209,2023-04,24.9,11.7,12.7,25.8,0
209,2023-05,25.8,22.9,23.0,26.0,0
209,2023-06,26.0,14.2,12.9,24.6,0
209,2023-07,24.6,12.8,15.2,26.9,0
209,2023-08,26.9,11.3,9.3,25.0,0
209,2023-09,25.0,18.9,20.8,26.8,0
209,2023-10,26.8,16.1,14.1,24.9,0
209,2023-11,24.9,22.8,31.1,33.2,0
209,2023-12,33.2,23.9,21.4,30.6,0
209,2024-01,30.6,19.4,14.5,25.7,0
209,2024-02,25.7,15.5,15.3,25.5,0
209,2024-03,25.5,18.9,20.4,27.0,0
209,2024-04,27.0,11.4,10.4,25.9,0
209,2024-05,25.9,21.3,19.6,24.2,0
209,2024-06,24.2,18.8,19.0,24.4,0
209,2024-07,24.4,12.2,12.3,24.6,0
209,2024-08,24.6,14.9,14.5,24.2,0
209,2024-09,24.2,14.5,14.9,24.6,0
209,2024-10,24.6,15.3,14.8,24.1,0
209,2024-11,24.1,24.1,38.5,38.5,2
209,2024-12,38.5,23.7,18.0,32.8,0
209,2025-01,32.8,14.6,8.3,26.6,0
209,2025-02,26.6,11.1,11.2,26.7,0
209,2025-03,26.7,17.2,15.1,24.6,0
209,2025-04,24.6,14.9,14.4,24.1,0
209,2025-05,24.1,9.6,12.2,26.7,0
209,2025-06,26.7,15.1,13.5,25.1,0
209,2025-07,25.1,19.5,21.3,27.0,0
209,2025-08,27.0,17.0,15.8,25.8,0
209,2025-09,25.8,20.0,21.1,26.9,0
209,2025-10,26.9,18.5,15.3,23.7,0
209,2025-11,23.7,23.0,36.7,37.5,0
209,2025-12,37.5,17.2,11.3,31.6,0
210,2021-01,9.4,6.4,6.2,9.2,0
210,2021-02,9.2,7.0,6.7,8.9,0
210,2021-03,8.9,7.8,7.3,8.4,0
210,2021-04,8.4,6.4,6.3,8.3,0
210,2021-05,8.3,8.3,9.4,9.4,5
210,2021-06,9.4,7.2,6.3,8.5,0
210,2021-07,8.5,6.7,8.0,9.7,0
210,2021-08,9.7,6.0,5.4,9.1,0
210,2021-09,9.1,8.7,7.7,8.1,0
210,2021-10,8.1,7.4,8.4,9.1,0
210,2021-11,9.1,9.1,12.9,12.9,0
210,2021-12,12.9,9.5,7.5,10.9,0
210,2022-01,10.9,6.2,4.7,9.4,0
210,2022-02,9.4,7.2,7.5,9.7,0
210,2022-03,9.7,7.8,7.1,8.9,0
210,2022-04,8.9,7.6,7.3,8.6,0
210,2022-05,8.6,6.6,6.9,9.0,0
210,2022-06,9.0,7.9,7.1,8.2,0
210,2022-07,8.2,6.2,7.7,9.6,0
210,2022-08,9.6,7.8,7.0,8.8,0
210,2022-09,8.8,7.6,7.8,9.1,0
210,2022-10,9.1,3.4,3.8,9.4,0
210,2022-11,9.4,9.1,12.8,13.2,0
210,2022-12,13.2,8.1,6.9,11.9,0
210,2023-01,11.9,5.6,3.2,9.5,0
210,2023-02,9.5,7.7,6.7,8.5,0
210,2023-03,8.5,7.5,7.1,8.2,0
210,2023-04,8.2,6.1,6.2,8.3,0
210,2023-05,8.3,7.2,7.2,8.3,0
210,2023-06,8.3,5.3,6.3,9.4,0
210,2023-07,9.4,7.7,6.6,8.4,0
210,2023-08,8.4,8.4,8.3,8.3,1
210,2023-09,8.3,6.8,6.9,8.4,0
210,2023-10,8.4,5.7,6.6,9.3,0
210,2023-11,9.3,9.3,11.8,11.8,2
210,2023-12,11.8,6.5,5.7,10.9,0
210,2024-01,10.9,5.5,3.8,9.3,0
210,2024-02,9.3,8.7,7.6,8.1,0
210,2024-03,8.1,5.8,6.5,8.8,0
210,2024-04,8.8,7.8,7.6,8.6,0
210,2024-05,8.6,6.1,7.2,9.6,0
210,2024-06,9.6,5.4,4.6,8.8,0
210,2024-07,8.8,6.7,6.9,9.0,0
210,2024-08,9.0,5.3,5.7,9.5,0
210,2024-09,9.5,5.0,4.9,9.4,0
210,2024-10,9.4,5.9,6.1,9.5,0
210,2024-11,9.5,7.9,10.3,11.9,0
210,2024-12,11.9,9.0,8.6,11.5,0
210,2025-01,11.5,6.8,4.3,9.0,0
210,2025-02,9.0,7.2,7.7,9.5,0
210,2025-03,9.5,6.7,6.8,9.6,0
210,2025-04,9.6,8.6,8.5,9.5,0
210,2025-05,9.5,5.0,4.7,9.2,0
210,2025-06,9.2,9.2,8.0,8.0,1
210,2025-07,8.0,7.9,9.8,9.8,0
210,2025-08,9.8,5.3,4.6,9.1,0
210,2025-09,9.1,6.1,6.5,9.6,0
210,2025-10,9.6,7.4,7.0,9.2,0
210,2025-11,9.2,9.2,13.0,13.0,2
210,2025-12,13.0,8.1,6.5,11.4,0
211,2021-01,14.8,2.9,2.8,14.8,0
211,2021-02,14.8,4.0,3.4,14.2,0
211,2021-03,14.2,3.4,4.0,14.8,0
211,2021-04,14.8,4.1,4.3,15.0,0
211,2021-05,15.0,4.6,4.5,14.9,0
211,2021-06,14.9,3.0,3.0,14.9,0
211,2021-07,14.9,4.0,4.0,14.9,0
211,2021-08,14.9,3.5,3.4,14.8,0
211,2021-09,14.8,3.5,3.6,14.9,0
211,2021-10,14.9,3.3,2.9,14.6,0
211,2021-11,14.6,5.5,12.7,21.7,0
211,2021-12,21.7,4.6,1.4,18.5,0
211,2022-01,18.5,4.6,0.9,14.8,0
211,2022-02,14.8,3.7,3.5,14.5,0
211,2022-03,14.5,2.9,3.2,14.8,0
211,2022-04,14.8,4.1,3.8,14.5,0
211,2022-05,14.5,3.6,3.9,14.9,0
211,2022-06,14.9,3.0,2.5,14.4,0
211,2022-07,14.4,3.1,3.1,14.5,0
211,2022-08,14.5,2.3,2.5,14.7,0
211,2022-09,14.7,2.9,2.7,14.6,0
211,2022-10,14.6,3.8,4.1,14.9,0
211,2022-11,14.9,5.6,11.7,21.0,0
211,2022-12,21.0,5.3,2.6,18.2,0
211,2023-01,18.2,4.0,0.6,14.8,0
211,2023-02,14.8,3.1,2.8,14.5,0
211,2023-03,14.5,3.4,3.4,14.5,0
211,2023-04,14.5,3.6,4.0,14.8,0
211,2023-05,14.8,3.4,3.5,14.8,0
211,2023-06,14.8,2.6,2.6,14.8,0
211,2023-07,14.8,3.1,3.3,15.0,0
211,2023-08,15.0,3.6,3.3,14.6,0
211,2023-09,14.6,2.9,3.0,14.6,0
211,2023-10,14.6,2.9,3.0,14.7,0
211,2023-11,14.7,6.2,11.9,20.5,0
211,2023-12,20.5,4.8,2.7,18.3,0
211,2024-01,18.3,3.6,0.2,14.8,0
211,2024-02,14.8,3.0,3.1,15.0,0
211,2024-03,15.0,3.2,2.8,14.6,0
211,2024-04,14.6,3.0,3.2,14.8,0
211,2024-05,14.8,2.3,2.5,14.9,0
211,2024-06,14.9,3.6,3.2,14.6,0
211,2024-07,14.6,3.8,3.7,14.4,0
211,2024-08,14.4,2.7,3.0,14.7,0
211,2024-09,14.7,4.3,4.7,15.0,0
211,2024-10,15.0,2.6,2.0,14.5,0
211,2024-11,14.5,5.0,11.3,20.8,0
211,2024-12,20.8,3.8,1.5,18.5,0
211,2025-01,18.5,2.9,0.0,15.6,0
211,2025-02,15.6,3.2,2.3,14.7,0
211,2025-03,14.7,3.8,4.0,14.8,0
211,2025-04,14.8,2.6,2.3,14.5,0
211,2025-05,14.5,5.2,5.7,15.0,0
211,2025-06,15.0,4.1,4.1,15.0,0
211,2025-07,15.0,3.2,2.8,14.6,0
211,2025-08,14.6,4.5,4.0,14.2,0
211,2025-09,14.2,3.4,3.9,14.7,0
211,2025-10,14.7,1.7,1.6,14.6,0
211,2025-11,14.6,3.8,9.8,20.6,0
211,2025-12,20.6,3.3,1.2,18.6,0
212,2021-01,88.5,43.3,39.8,85.0,0
212,2021-02,85.0,37.4,42.1,89.6,0
212,2021-03,89.6,52.3,51.7,89.0,0
212,2021-04,89.0,43.2,38.3,84.1,0
212,2021-05,84.1,54.4,56.4,86.1,0
212,2021-06,86.1,49.9,45.7,81.8,0
212,2021-07,81.8,51.6,56.8,87.0,0
212,2021-08,87.0,54.6,52.9,85.3,0
212,2021-09,85.3,50.6,47.1,81.8,0
212,2021-10,81.8,49.6,51.3,83.4,0
212,2021-11,83.4,69.6,98.7,112.6,0
212,2021-12,112.6,63.3,56.3,105.5,0
212,2022-01,105.5,52.5,35.8,88.8,0
212,2022-02,88.8,41.4,37.3,84.7,0
212,2022-03,84.7,42.4,39.9,82.1,0
212,2022-04,82.1,45.9,46.1,82.3,0
212,2022-05,82.3,56.8,55.6,81.1,0
212,2022-06,81.1,41.3,41.8,81.6,0
212,2022-07,81.6,56.1,64.4,90.0,0
212,2022-08,90.0,37.4,35.1,87.7,0
212,2022-09,87.7,64.3,65.3,88.7,0
212,2022-10,88.7,46.1,47.6,90.3,0
212,2022-11,90.3,58.8,94.0,125.4,0
212,2022-12,125.4,58.4,38.2,105.2,0
212,2023-01,105.2,58.3,43.2,90.1,0
212,2023-02,90.1,44.9,43.8,88.9,0
212,2023-03,88.9,33.2,31.0,86.8,0
212,2023-04,86.8,36.8,37.1,87.1,0
212,2023-05,87.1,41.4,40.5,86.2,0
212,2023-06,86.2,62.2,61.1,85.0,0
212,2023-07,85.0,52.6,56.8,89.3,0
212,2023-08,89.3,58.3,49.4,80.4,0
212,2023-09,80.4,58.2,58.1,80.3,0
212,2023-10,80.3,38.9,48.0,89.5,0
212,2023-11,89.5,79.8,109.8,119.4,0
212,2023-12,119.4,58.4,51.1,112.2,0
212,2024-01,112.2,62.1,38.3,88.4,0
212,2024-02,88.4,56.7,49.2,80.9,0
212,2024-03,80.9,40.0,46.9,87.8,0
212,2024-04,87.8,48.1,49.0,88.7,0
212,2024-05,88.7,58.3,57.4,87.8,0
212,2024-06,87.8,43.2,45.0,89.6,0
212,2024-07,89.6,44.8,38.0,82.7,0
212,2024-08,82.7,38.5,37.9,82.1,0
212,2024-09,82.1,42.3,50.7,90.5,0
212,2024-10,90.5,44.8,43.1,88.8,0
212,2024-11,88.8,62.3,89.3,115.8,0
212,2024-12,115.8,48.9,42.4,109.3,0
212,2025-01,109.3,57.6,35.0,86.7,0
212,2025-02,86.7,42.4,44.2,88.6,0
212,2025-03,88.6,53.8,49.3,84.1,0
212,2025-04,84.1,47.8,47.4,83.7,0
212,2025-05,83.7,58.1,59.5,85.1,0
212,2025-06,85.1,35.5,37.5,87.1,0
212,2025-07,87.1,37.3,33.3,83.2,0
212,2025-08,83.2,37.0,44.1,90.3,0
212,2025-09,90.3,46.6,42.1,85.8,0
212,2025-10,85.8,50.1,55.0,90.6,0
212,2025-11,90.6,64.3,88.7,115.0,0
212,2025-12,115.0,57.7,52.6,109.9,0
213,2021-01,77.8,41.9,38.7,74.7,0
213,2021-02,74.7,37.4,40.9,78.2,0
213,2021-03,78.2,42.9,40.5,75.9,0
213,2021-04,75.9,49.4,53.3,79.7,0
213,2021-05,79.7,32.2,25.8,73.3,0
213,2021-06,73.3,39.1,39.3,73.5,0
213,2021-07,73.5,38.4,38.7,73.9,0
213,2021-08,73.9,32.8,31.5,72.5,0
213,2021-09,72.5,59.8,59.8,72.4,0
213,2021-10,72.4,53.5,55.1,74.0,0
213,2021-11,74.0,59.0,91.8,106.8,0
213,2021-12,106.8,59.6,43.8,91.0,0
213,2022-01,91.0,45.1,28.8,74.7,0
213,2022-02,74.7,40.6,43.5,77.6,0
213,2022-03,77.6,31.3,28.5,74.8,0
213,2022-04,74.8,59.5,59.7,75.0,0
213,2022-05,75.0,61.5,57.9,71.4,0
213,2022-06,71.4,45.7,53.1,78.8,0
213,2022-07,78.8,38.6,35.7,76.0,0
213,2022-08,76.0,49.0,50.0,77.0,0
213,2022-09,77.0,48.1,43.9,72.8,0
213,2022-10,72.8,35.0,41.2,78.9,0
213,2022-11,78.9,67.5,94.6,106.0,0
213,2022-12,106.0,63.6,50.5,92.9,0
213,2023-01,92.9,39.9,23.1,76.2,0
213,2023-02,76.2,39.4,36.0,72.7,0
213,2023-03,72.7,48.2,52.0,76.6,0
213,2023-04,76.6,45.9,43.8,74.5,0
213,2023-05,74.5,54.0,51.4,71.9,0
213,2023-06,71.9,39.5,41.5,73.8,0
213,2023-07,73.8,65.7,70.6,78.7,0
213,2023-08,78.7,55.6,57.3,80.3,0
213,2023-09,80.3,42.9,41.1,78.5,0
213,2023-10,78.5,27.0,27.4,78.9,0
213,2023-11,78.9,69.8,102.2,111.3,0
213,2023-12,111.3,57.3,41.9,96.0,0
213,2024-01,96.0,53.6,35.0,77.4,0
213,2024-02,77.4,42.5,43.0,77.9,0
213,2024-03,77.9,45.0,38.5,71.4,0
213,2024-04,71.4,38.0,45.3,78.7,0
213,2024-05,78.7,43.9,39.5,74.3,0
213,2024-06,74.3,41.7,41.6,74.2,0
213,2024-07,74.2,33.7,32.2,72.6,0
213,2024-08,72.6,42.8,46.6,76.4,0
213,2024-09,76.4,44.0,42.6,75.0,0
213,2024-10,75.0,48.6,44.7,71.1,0
213,2024-11,71.1,62.2,97.2,106.1,0
213,2024-12,106.1,60.0,50.6,96.8,0
213,2025-01,96.8,50.0,31.3,78.0,0
213,2025-02,78.0,31.9,31.5,77.7,0
213,2025-03,77.7,50.3,46.4,73.7,0
213,2025-04,73.7,43.7,41.6,71.6,0
213,2025-05,71.6,51.0,59.5,80.1,0
213,2025-06,80.1,35.9,31.3,75.5,0
213,2025-07,75.5,37.4,34.1,72.2,0
213,2025-08,72.2,47.0,45.0,70.2,0
213,2025-09,70.2,39.1,48.9,80.0,0
213,2025-10,80.0,61.1,60.0,78.9,0
213,2025-11,78.9,61.1,87.7,105.5,0
213,2025-12,105.5,54.9,43.7,94.3,0
214,2021-01,13.6,8.6,8.5,13.5,0
214,2021-02,13.5,4.6,4.2,13.1,0
214,2021-03,13.1,8.0,8.4,13.6,0
214,2021-04,13.6,6.4,6.1,13.2,0
214,2021-05,13.2,5.1,5.3,13.4,0
214,2021-06,13.4,5.5,5.9,13.8,0
214,2021-07,13.8,7.4,6.8,13.2,0
214,2021-08,13.2,4.9,4.6,12.9,0
214,2021-09,12.9,6.6,6.6,12.9,0
214,2021-10,12.9,7.5,7.7,13.1,0
214,2021-11,13.1,10.3,15.8,18.6,0
214,2021-12,18.6,10.9,9.3,17.1,0
214,2022-01,17.1,8.8,4.9,13.2,0
214,2022-02,13.2,6.1,6.4,13.5,0
214,2022-03,13.5,7.2,6.4,12.6,0
214,2022-04,12.6,7.8,7.9,12.7,0
214,2022-05,12.7,6.7,6.9,12.9,0
214,2022-06,12.9,6.5,7.4,13.8,0
214,2022-07,13.8,7.0,6.3,13.2,0
214,2022-08,13.2,8.6,7.7,12.3,0
214,2022-09,12.3,6.8,8.2,13.7,0
214,2022-10,13.7,9.0,9.0,13.6,0
214,2022-11,13.6,10.4,15.0,18.2,0
214,2022-12,18.2,10.1,8.5,16.6,0
214,2023-01,16.6,5.6,2.7,13.7,0
214,2023-02,13.7,7.6,6.6,12.6,0
214,2023-03,12.6,7.8,7.5,12.3,0
214,2023-04,12.3,5.8,6.6,13.1,0
214,2023-05,13.1,8.7,8.9,13.3,0
214,2023-06,13.3,7.0,6.8,13.1,0
214,2023-07,13.1,6.9,6.4,12.6,0
214,2023-08,12.6,6.6,7.3,13.3,0
214,2023-09,13.3,8.7,8.5,13.1,0
214,2023-10,13.1,7.9,7.3,12.4,0
214,2023-11,12.4,10.3,16.5,18.6,0
214,2023-12,18.6,9.1,7.5,17.1,0
214,2024-01,17.1,7.5,4.1,13.7,0
214,2024-02,13.7,5.7,5.5,13.5,0
214,2024-03,13.5,7.9,7.3,12.9,0
214,2024-04,12.9,9.6,9.1,12.4,0
214,2024-05,12.4,8.1,8.1,12.3,0
214,2024-06,12.3,5.8,6.6,13.2,0
214,2024-07,13.2,5.6,5.5,13.1,0
214,2024-08,13.1,6.5,6.2,12.8,0
214,2024-09,12.8,9.2,10.0,13.6,0
214,2024-10,13.6,7.5,7.8,14.0,0
214,2024-11,14.0,12.2,15.6,17.4,0
214,2024-12,17.4,7.4,7.0,16.9,0
214,2025-01,16.9,6.1,2.7,13.6,0
214,2025-02,13.6,5.4,5.1,13.3,0
214,2025-03,13.3,7.9,7.8,13.3,0
214,2025-04,13.3,5.0,5.4,13.6,0
214,2025-05,13.6,8.2,7.2,12.7,0
214,2025-06,12.7,8.6,9.5,13.6,0
214,2025-07,13.6,6.0,5.2,12.8,0
214,2025-08,12.8,8.8,9.4,13.5,0
214,2025-09,13.5,7.8,8.3,14.0,0
214,2025-10,14.0,7.1,6.6,13.5,0
214,2025-11,13.5,12.6,16.3,17.1,0
214,2025-12,17.1,7.6,7.2,16.8,0
215,2021-01,29.4,13.0,12.4,28.7,0
215,2021-02,28.7,11.9,11.3,28.1,0
215,2021-03,28.1,13.9,15.6,29.7,0
215,2021-04,29.7,14.1,12.7,28.3,0
215,2021-05,28.3,16.5,17.4,29.2,0
215,2021-06,29.2,18.6,17.0,27.7,0
215,2021-07,27.7,10.8,11.6,28.6,0
215,2021-08,28.6,15.5,16.4,29.5,0
215,2021-09,29.5,16.6,14.7,27.6,0
215,2021-10,27.6,15.4,16.6,28.8,0
215,2021-11,28.8,21.5,31.3,38.6,0
215,2021-12,38.6,23.3,18.5,33.8,0
215,2022-01,33.8,11.7,6.7,28.8,0
215,2022-02,28.8,13.9,15.2,30.0,0
215,2022-03,30.0,16.9,15.1,28.1,0
215,2022-04,28.1,10.1,11.1,29.1,0
215,2022-05,29.1,17.1,15.6,27.6,0
215,2022-06,27.6,15.7,16.9,28.8,0
215,2022-07,28.8,14.7,14.1,28.1,0
215,2022-08,28.1,19.0,17.9,27.0,0
215,2022-09,27.0,12.8,14.5,28.6,0
215,2022-10,28.6,19.7,20.2,29.2,0
215,2022-11,29.2,19.4,30.7,40.5,0
215,2022-12,40.5,21.5,16.3,35.2,0
215,2023-01,35.2,13.4,7.1,29.0,0
215,2023-02,29.0,15.9,16.9,29.9,0
215,2023-03,29.9,11.5,11.3,29.8,0
215,2023-04,29.8,10.7,10.5,29.6,0
215,2023-05,29.6,13.8,12.6,28.4,0
215,2023-06,28.4,14.5,15.3,29.2,0
215,2023-07,29.2,10.1,8.9,28.0,0
215,2023-08,28.0,19.6,19.7,28.1,0
215,2023-09,28.1,15.8,16.8,29.1,0
215,2023-10,29.1,21.3,21.1,28.9,0
215,2023-11,28.9,16.8,27.5,39.7,0
215,2023-12,39.7,18.9,15.4,36.2,0
215,2024-01,36.2,13.5,6.0,28.6,0
215,2024-02,28.6,15.2,16.4,29.8,0
215,2024-03,29.8,13.4,11.4,27.8,0
215,2024-04,27.8,17.4,16.6,27.0,0
215,2024-05,27.0,16.4,18.3,29.0,0
215,2024-06,29.0,21.8,23.0,30.2,0
215,2024-07,30.2,16.2,14.4,28.5,0
215,2024-08,28.5,17.3,18.1,29.3,0
215,2024-09,29.3,17.6,15.2,26.9,0
215,2024-10,26.9,13.2,14.7,28.4,0
215,2024-11,28.4,21.4,32.3,39.3,0
215,2024-12,39.3,13.5,11.2,37.0,0
215,2025-01,37.0,10.4,2.5,29.0,0
215,2025-02,29.0,13.2,12.4,28.3,0
215,2025-03,28.3,10.4,10.2,28.1,0
215,2025-04,28.1,15.6,16.9,29.3,0
215,2025-05,29.3,10.7,11.0,29.6,0
215,2025-06,29.6,11.7,11.6,29.6,0
215,2025-07,29.6,17.0,16.9,29.5,0
215,2025-08,29.5,17.2,16.3,28.6,0
215,2025-09,28.6,15.8,15.4,28.3,0
215,2025-10,28.3,15.8,14.8,27.3,0
215,2025-11,27.3,20.8,35.5,42.0,0
215,2025-12,42.0,19.4,12.4,35.0,0
216,2021-01,25.9,25.5,26.5,26.9,0
216,2021-02,26.9,26.9,26.7,26.7,13
216,2021-03,26.7,26.7,23.3,23.3,14
216,2021-04,23.3,23.3,26.0,26.0,13
216,2021-05,26.0,26.0,27.2,27.2,15
216,2021-06,27.2,27.2,22.8,22.8,8
216,2021-07,22.8,22.8,23.3,23.3,11
216,2021-08,23.3,23.3,24.9,24.9,15
216,2021-09,24.9,24.9,26.7,26.7,5
216,2021-10,26.7,26.7,24.7,24.7,11
216,2021-11,24.7,24.7,32.0,32.0,18
216,2021-12,32.0,32.0,28.3,28.3,12
216,2022-01,28.3,28.3,25.7,25.7,8
216,2022-02,25.7,25.7,26.8,26.8,11
216,2022-03,26.8,26.8,23.0,23.0,13
216,2022-04,23.0,23.0,22.5,22.5,13
216,2022-05,22.5,22.5,25.0,25.0,13
216,2022-06,25.0,25.0,25.9,25.9,14
216,2022-07,25.9,25.9,24.1,24.1,6
216,2022-08,24.1,24.1,23.9,23.9,9
216,2022-09,23.9,23.9,22.0,22.0,14
216,2022-10,22.0,22.0,26.9,26.9,12
216,2022-11,26.9,26.9,34.0,34.0,17
216,2022-12,34.0,34.0,31.1,31.1,13
216,2023-01,31.1,31.1,26.0,26.0,12
216,2023-02,26.0,26.0,23.2,23.2,12
216,2023-03,23.2,23.2,22.6,22.6,12
216,2023-04,22.6,22.6,24.0,24.0,12
216,2023-05,24.0,24.0,23.2,23.2,11
216,2023-06,23.2,23.2,22.5,22.5,15
216,2023-07,22.5,22.5,24.4,24.4,17
216,2023-08,24.4,24.4,22.6,22.6,9
216,2023-09,22.6,22.6,22.8,22.8,15
216,2023-10,22.8,22.8,26.7,26.7,15
216,2023-11,26.7,26.7,38.9,38.9,14
216,2023-12,38.9,38.9,31.4,31.4,10
216,2024-01,31.4,31.4,25.2,25.2,7
216,2024-02,25.2,25.2,23.0,23.0,11
216,2024-03,23.0,23.0,23.1,23.1,13
216,2024-04,23.1,23.1,25.3,25.3,1
216,2024-05,25.3,25.3,24.4,24.4,12
216,2024-06,24.4,24.4,24.4,24.4,9
216,2024-07,24.4,24.4,24.0,24.0,11
216,2024-08,24.0,24.0,26.2,26.2,15
216,2024-09,26.2,26.2,22.8,22.8,17
216,2024-10,22.8,22.8,23.1,23.1,11
216,2024-11,23.1,23.1,34.2,34.2,17
216,2024-12,34.2,34.2,31.5,31.5,9
216,2025-01,31.5,23.4,15.5,23.5,0
216,2025-02,23.5,23.5,22.5,22.5,15
216,2025-03,22.5,22.5,22.9,22.9,15
216,2025-04,22.9,22.9,23.3,23.3,11
216,2025-05,23.3,23.3,23.0,23.0,11
216,2025-06,23.0,23.0,26.6,26.6,18
216,2025-07,26.6,26.6,22.5,22.5,11
216,2025-08,22.5,22.5,22.2,22.2,13
216,2025-09,22.2,22.2,23.7,23.7,15
216,2025-10,23.7,23.7,23.7,23.7,15
216,2025-11,23.7,23.7,34.6,34.6,15
216,2025-12,34.6,34.6,32.4,32.4,11
217,2021-01,218.0,148.9,142.0,211.2,0
217,2021-02,211.2,114.4,116.4,213.1,0
217,2021-03,213.1,137.5,126.8,202.4,0
217,2021-04,202.4,160.2,157.4,199.5,0
217,2021-05,199.5,111.7,125.1,212.9,0
217,2021-06,212.9,128.6,136.0,220.4,0
217,2021-07,220.4,144.4,137.9,213.9,0
217,2021-08,213.9,162.0,143.8,195.8,0
217,2021-09,195.8,130.8,152.7,217.8,0
217,2021-10,217.8,105.3,104.3,216.7,0
217,2021-11,216.7,200.7,272.2,288.3,0
217,2021-12,288.3,148.1,131.0,271.2,0
217,2022-01,271.2,139.8,87.7,219.2,0
217,2022-02,219.2,132.9,119.7,205.9,0
217,2022-03,205.9,158.3,147.3,194.9,0
217,2022-04,194.9,157.2,185.1,222.8,0
217,2022-05,222.8,134.2,115.2,203.8,0
217,2022-06,203.8,126.5,145.7,223.0,0
217,2022-07,223.0,111.5,101.3,212.8,0
217,2022-08,212.8,132.8,143.2,223.2,0
217,2022-09,223.2,91.1,82.4,214.4,0
217,2022-10,214.4,131.1,140.3,223.6,0
217,2022-11,223.6,168.8,267.8,322.6,0
217,2022-12,322.6,167.7,114.4,269.4,0
217,2023-01,269.4,130.5,71.9,210.8,0
217,2023-02,210.8,144.6,150.7,216.9,0
217,2023-03,216.9,161.8,147.0,202.0,0
217,2023-04,202.0,125.6,128.1,204.5,0
217,2023-05,204.5,147.1,146.9,204.3,0
217,2023-06,204.3,87.2,89.6,206.6,0
217,2023-07,206.6,141.0,158.7,224.3,0
217,2023-08,224.3,135.8,121.3,209.9,0
217,2023-09,209.9,140.5,134.6,204.0,0
217,2023-10,204.0,130.6,137.0,210.3,0
217,2023-11,210.3,186.8,265.4,288.9,0
217,2023-12,288.9,197.5,184.7,276.2,0
217,2024-01,276.2,101.3,43.1,218.0,0
217,2024-02,218.0,136.8,131.8,213.0,0
217,2024-03,213.0,83.7,92.7,222.0,0
217,2024-04,222.0,126.5,105.4,200.8,0
217,2024-05,200.8,128.6,137.8,210.1,0
217,2024-06,210.1,143.8,150.1,216.3,0
217,2024-07,216.3,151.7,158.4,222.9,0
217,2024-08,222.9,129.1,114.1,208.0,0
217,2024-09,208.0,124.8,134.9,218.1,0
217,2024-10,218.1,158.9,166.6,225.8,0
217,2024-11,225.8,202.3,282.8,306.3,0
217,2024-12,306.3,126.4,81.2,261.1,0
217,2025-01,261.1,130.4,83.3,214.0,0
217,2025-02,214.0,143.3,150.7,221.4,0
217,2025-03,221.4,143.0,120.4,198.7,0
217,2025-04,198.7,163.3,184.9,220.3,0
217,2025-05,220.3,132.9,115.3,202.7,0
217,2025-06,202.7,158.0,173.2,218.0,0
217,2025-07,218.0,120.8,117.6,214.8,0
217,2025-08,214.8,112.1,112.3,215.1,0
217,2025-09,215.1,130.0,122.7,207.7,0
217,2025-10,207.7,127.8,117.5,197.4,0
217,2025-11,197.4,176.7,305.7,326.4,0
217,2025-12,326.4,134.7,84.8,276.5,0
218,2021-01,152.2,101.0,100.1,151.3,0
218,2021-02,151.3,80.5,80.2,151.1,0
218,2021-03,151.1,81.7,84.1,153.5,0
218,2021-04,153.5,68.7,61.1,145.9,0
218,2021-05,145.9,79.7,80.7,146.9,0
218,2021-06,146.9,87.9,88.4,147.4,0
218,2021-07,147.4,81.9,81.3,146.8,0
218,2021-08,146.8,93.8,90.5,143.5,0
218,2021-09,143.5,68.5,67.0,142.0,0
218,2021-10,142.0,71.3,74.1,144.7,0
218,2021-11,144.7,128.0,195.4,212.1,0
218,2021-12,212.1,115.5,87.4,184.1,0
218,2022-01,184.1,79.4,42.8,147.5,0
218,2022-02,147.5,96.3,103.7,154.9,0
218,2022-03,154.9,89.3,82.8,148.4,0
218,2022-04,148.4,112.2,111.6,147.9,0
218,2022-05,147.9,108.6,114.2,153.5,0
218,2022-06,153.5,75.2,76.7,155.0,0
218,2022-07,155.0,89.2,80.6,146.4,0
218,2022-08,146.4,57.3,65.3,154.4,0
218,2022-09,154.4,121.0,116.1,149.4,0
218,2022-10,149.4,89.3,78.3,138.4,0
218,2022-11,138.4,128.3,208.1,218.3,0
218,2022-12,218.3,112.7,87.8,193.4,0
218,2023-01,193.4,91.1,44.6,146.8,0
218,2023-02,146.8,87.7,84.2,143.4,0
218,2023-03,143.4,69.8,68.5,142.0,0
218,2023-04,142.0,79.7,78.7,141.0,0
218,2023-05,141.0,96.5,108.4,152.9,0
218,2023-06,152.9,89.8,89.1,152.3,0
218,2023-07,152.3,98.2,84.5,138.6,0
218,2023-08,138.6,96.7,100.3,142.2,0
218,2023-09,142.2,82.9,90.7,150.0,0
218,2023-10,150.0,80.1,75.0,144.9,0
218,2023-11,144.9,116.2,201.2,229.9,0
218,2023-12,229.9,119.5,73.7,184.1,0
218,2024-01,184.1,85.1,50.7,149.7,0
218,2024-02,149.7,87.6,92.4,154.4,0
218,2024-03,154.4,100.4,101.4,155.4,0
218,2024-04,155.4,97.5,86.6,144.6,0
218,2024-05,144.6,79.5,76.1,141.2,0
218,2024-06,141.2,91.8,100.1,149.4,0
218,2024-07,149.4,74.9,70.5,145.0,0
218,2024-08,145.0,65.1,64.3,144.2,0
218,2024-09,144.2,71.9,70.4,142.6,0
218,2024-10,142.6,90.8,99.2,151.1,0
218,2024-11,151.1,150.9,196.8,197.0,0
218,2024-12,197.0,80.7,69.2,185.6,0
218,2025-01,185.6,109.7,65.2,141.1,0
218,2025-02,141.1,92.4,101.3,149.9,0
218,2025-03,149.9,65.8,61.8,145.9,0
218,2025-04,145.9,84.4,89.3,150.9,0
218,2025-05,150.9,92.3,90.8,149.4,0
218,2025-06,149.4,83.8,77.4,142.9,0
218,2025-07,142.9,84.7,85.9,144.2,0
218,2025-08,144.2,49.9,49.7,144.0,0
218,2025-09,144.0,92.3,94.0,145.7,0
218,2025-10,145.7,85.0,80.2,141.0,0
218,2025-11,141.0,118.2,184.4,207.2,0
218,2025-12,207.2,103.0,78.1,182.3,0
219,2021-01,36.2,32.4,32.0,35.8,0
219,2021-02,35.8,25.4,24.7,35.1,0
219,2021-03,35.1,26.2,25.3,34.2,0
219,2021-04,34.2,28.5,27.4,33.1,0
219,2021-05,33.1,31.1,34.5,36.5,0
219,2021-06,36.5,34.4,32.9,34.9,0
219,2021-07,34.9,29.1,27.4,33.3,0
219,2021-08,33.3,25.0,24.8,33.1,0
219,2021-09,33.1,33.1,34.4,34.4,1
219,2021-10,34.4,34.4,32.9,32.9,3
219,2021-11,32.9,32.9,48.2,48.2,6
219,2021-12,48.2,46.9,38.3,39.5,0
219,2022-01,39.5,17.1,14.5,36.9,0
219,2022-02,36.9,33.1,30.7,34.5,0
219,2022-03,34.5,31.8,29.7,32.5,0
219,2022-04,32.5,31.7,32.1,32.9,0
219,2022-05,32.9,29.6,29.6,32.9,0
219,2022-06,32.9,29.3,28.1,31.7,0
219,2022-07,31.7,31.7,33.0,33.0,3
219,2022-08,33.0,31.9,31.9,33.1,0
219,2022-09,33.1,28.7,30.1,34.4,0
219,2022-10,34.4,30.2,28.1,32.3,0
219,2022-11,32.3,32.3,47.1,47.1,9
219,2022-12,47.1,30.8,30.1,46.5,0
219,2023-01,46.5,30.7,18.1,33.9,0
219,2023-02,33.9,33.9,36.0,36.0,2
219,2023-03,36.0,30.7,29.4,34.7,0
219,2023-04,34.7,29.8,31.9,36.9,0
219,2023-05,36.9,36.9,37.3,37.3,2
219,2023-06,37.3,28.7,25.1,33.7,0
219,2023-07,33.7,33.3,30.6,31.0,0
219,2023-08,31.0,31.0,31.5,31.5,3
219,2023-09,31.5,26.6,27.0,31.9,0
219,2023-10,31.9,25.3,26.9,33.5,0
219,2023-11,33.5,33.5,49.0,49.0,4
219,2023-12,49.0,29.6,23.3,42.8,0
219,2024-01,42.8,29.0,21.3,35.2,0
219,2024-02,35.2,27.3,27.8,35.7,0
219,2024-03,35.7,26.6,24.0,33.0,0
219,2024-04,33.0,29.9,28.9,32.0,0
219,2024-05,32.0,30.0,33.0,35.0,0
219,2024-06,35.0,22.2,21.9,34.7,0
219,2024-07,34.7,25.0,25.8,35.6,0
219,2024-08,35.6,23.9,24.4,36.1,0
219,2024-09,36.1,22.0,20.6,34.7,0
219,2024-10,34.7,34.7,37.5,37.5,1
219,2024-11,37.5,37.5,47.8,47.8,4
219,2024-12,47.8,37.0,33.2,44.0,0
219,2025-01,44.0,34.7,27.7,36.9,0
219,2025-02,36.9,26.6,26.1,36.4,0
219,2025-03,36.4,21.0,20.6,36.0,0
219,2025-04,36.0,30.9,32.4,37.6,0
219,2025-05,37.6,26.4,23.1,34.3,0
219,2025-06,34.3,34.3,32.2,32.2,1
219,2025-07,32.2,31.8,32.6,33.1,0
219,2025-08,33.1,24.0,24.4,33.5,0
219,2025-09,33.5,21.0,20.5,33.0,0
219,2025-10,33.0,33.0,31.4,31.4,2
219,2025-11,31.4,31.4,51.4,51.4,10
219,2025-12,51.4,28.3,21.5,44.7,0
220,2021-01,51.4,29.3,30.0,52.1,0
220,2021-02,52.1,23.4,20.0,48.7,0
220,2021-03,48.7,15.3,18.0,51.5,0
220,2021-04,51.5,21.4,20.4,50.5,0
220,2021-05,50.5,28.0,30.3,52.7,0
220,2021-06,52.7,27.5,22.6,47.8,0
220,2021-07,47.8,22.9,26.3,51.2,0
220,2021-08,51.2,18.8,19.6,52.1,0
220,2021-09,52.1,24.4,23.4,51.2,0
220,2021-10,51.2,25.1,23.6,49.6,0
220,2021-11,49.6,32.1,56.9,74.5,0
220,2021-12,74.5,31.2,18.1,61.4,0
220,2022-01,61.4,27.8,17.9,51.5,0
220,2022-02,51.5,22.5,19.6,48.6,0
220,2022-03,48.6,28.3,32.7,52.9,0
220,2022-04,52.9,16.4,13.7,50.2,0
220,2022-05,50.2,26.2,24.6,48.7,0
220,2022-06,48.7,27.1,26.1,47.8,0
220,2022-07,47.8,24.8,27.8,50.8,0
220,2022-08,50.8,16.3,17.2,51.7,0
220,2022-09,51.7,23.3,20.0,48.4,0
220,2022-10,48.4,29.9,28.1,46.6,0
220,2022-11,46.6,36.5,66.1,76.2,0
220,2022-12,76.2,40.9,28.6,63.8,0
220,2023-01,63.8,22.4,9.8,51.3,0
220,2023-02,51.3,21.2,20.5,50.6,0
220,2023-03,50.6,25.9,25.9,50.6,0
220,2023-04,50.6,23.4,22.0,49.3,0
220,2023-05,49.3,30.4,33.2,52.1,0
220,2023-06,52.1,17.4,15.1,49.8,0
220,2023-07,49.8,30.4,33.0,52.4,0
220,2023-08,52.4,27.8,24.6,49.2,0
220,2023-09,49.2,28.9,31.9,52.1,0
220,2023-10,52.1,23.7,21.8,50.2,0
220,2023-11,50.2,41.5,57.5,66.2,0
220,2023-12,66.2,34.1,33.2,65.2,0
220,2024-01,65.2,17.8,4.1,51.5,0
220,2024-02,51.5,22.0,20.0,49.5,0
220,2024-03,49.5,16.0,18.5,52.0,0
220,2024-04,52.0,25.2,20.9,47.7,0
220,2024-05,47.7,22.0,24.8,50.5,0
220,2024-06,50.5,29.8,26.4,47.1,0
220,2024-07,47.1,24.2,29.1,52.0,0
220,2024-08,52.0,27.7,27.3,51.6,0
220,2024-09,51.6,29.2,26.5,48.9,0
220,2024-10,48.9,26.2,25.2,47.9,0
220,2024-11,47.9,34.5,59.9,73.3,0
220,2024-12,73.3,25.6,15.6,63.3,0
220,2025-01,63.3,23.5,10.5,50.3,0
220,2025-02,50.3,24.5,22.6,48.4,0
220,2025-03,48.4,22.2,22.7,49.0,0
220,2025-04,49.0,22.5,25.1,51.6,0
220,2025-05,51.6,26.1,25.5,51.0,0
220,2025-06,51.0,21.7,22.4,51.7,0
220,2025-07,51.7,34.3,31.9,49.4,0
220,2025-08,49.4,29.3,31.9,51.9,0
220,2025-09,51.9,24.1,24.5,52.3,0
220,2025-10,52.3,22.7,20.6,50.2,0
220,2025-11,50.2,36.6,53.7,67.4,0
220,2025-12,67.4,41.7,37.5,63.1,0
221,2021-01,1.5,1.5,1.6,1.6,22
221,2021-02,1.6,1.6,1.3,1.3,16
221,2021-03,1.3,1.3,1.5,1.5,19
221,2021-04,1.5,1.5,1.4,1.4,12
221,2021-05,1.4,1.4,1.4,1.4,20
221,2021-06,1.4,1.4,1.3,1.3,24
221,2021-07,1.3,1.3,1.5,1.5,23
221,2021-08,1.5,1.5,1.4,1.4,20
221,2021-09,1.4,1.4,1.4,1.4,21
221,2021-10,1.4,1.4,1.5,1.5,21
221,2021-11,1.5,1.5,2.2,2.2,24
221,2021-12,2.2,2.2,1.7,1.7,19
221,2022-01,1.7,1.7,1.4,1.4,16
221,2022-02,1.4,1.4,1.4,1.4,19
221,2022-03,1.4,1.4,1.4,1.4,23
221,2022-04,1.4,1.4,1.4,1.4,23
221,2022-05,1.4,1.4,1.5,1.5,21
221,2022-06,1.5,1.5,1.5,1.5,21
221,2022-07,1.5,1.5,1.4,1.4,23
221,2022-08,1.4,1.4,1.4,1.4,22
221,2022-09,1.4,1.4,1.4,1.4,21
221,2022-10,1.4,1.4,1.4,1.4,20
221,2022-11,1.4,1.4,2.2,2.2,25
221,2022-12,2.2,2.2,1.9,1.9,18
221,2023-01,1.9,1.9,1.3,1.3,19
221,2023-02,1.3,1.3,1.5,1.5,22
221,2023-03,1.5,1.5,1.5,1.5,19
221,2023-04,1.5,1.5,1.4,1.4,20
221,2023-05,1.4,1.4,1.4,1.4,21
221,2023-06,1.4,1.4,1.4,1.4,22
221,2023-07,1.4,1.4,1.5,1.5,23
221,2023-08,1.5,1.5,1.4,1.4,22
221,2023-09,1.4,1.4,1.4,1.4,23
221,2023-10,1.4,1.4,1.3,1.3,20
221,2023-11,1.3,1.3,1.9,1.9,24
221,2023-12,1.9,1.9,1.9,1.9,19
221,2024-01,1.9,1.9,1.3,1.3,17
221,2024-02,1.3,1.3,1.3,1.3,19
221,2024-03,1.3,1.3,1.5,1.5,24
221,2024-04,1.5,1.5,1.3,1.3,21
221,2024-05,1.3,1.3,1.4,1.4,21
221,2024-06,1.4,1.4,1.4,1.4,21
221,2024-07,1.4,1.4,1.5,1.5,22
221,2024-08,1.5,1.5,1.5,1.5,19
221,2024-09,1.5,1.5,1.4,1.4,23
221,2024-10,1.4,1.4,1.5,1.5,21
221,2024-11,1.5,1.5,2.0,2.0,23
221,2024-12,2.0,2.0,1.8,1.8,18
221,2025-01,1.8,1.8,1.5,1.5,18
221,2025-02,1.5,1.5,1.5,1.5,23
221,2025-03,1.5,1.5,1.5,1.5,22
221,2025-04,1.5,1.5,1.4,1.4,21
221,2025-05,1.4,1.4,1.4,1.4,21
221,2025-06,1.4,1.4,1.6,1.6,22
221,2025-07,1.6,1.6,1.3,1.3,21
221,2025-08,1.3,1.3,1.3,1.3,19
221,2025-09,1.3,1.3,1.3,1.3,20
221,2025-10,1.3,1.3,1.5,1.5,21
221,2025-11,1.5,1.5,2.0,2.0,24
221,2025-12,2.0,2.0,1.7,1.7,20
222,2021-01,9.2,9.2,9.3,9.3,15
222,2021-02,9.3,9.3,9.2,9.2,14
222,2021-03,9.2,9.2,8.2,8.2,16
222,2021-04,8.2,8.2,8.3,8.3,20
222,2021-05,8.3,8.3,9.2,9.2,19
222,2021-06,9.2,9.2,8.5,8.5,13
222,2021-07,8.5,8.5,8.5,8.5,17
222,2021-08,8.5,8.5,9.5,9.5,15
222,2021-09,9.5,9.5,9.2,9.2,20
222,2021-10,9.2,9.2,8.3,8.3,17
222,2021-11,8.3,8.3,12.4,12.4,20
222,2021-12,12.4,12.4,11.8,11.8,14
222,2022-01,11.8,11.8,8.2,8.2,11
222,2022-02,8.2,8.2,9.4,9.4,18
222,2022-03,9.4,9.4,8.1,8.1,17
222,2022-04,8.1,8.1,7.9,7.9,21
222,2022-05,7.9,7.9,8.4,8.4,18
222,2022-06,8.4,8.4,9.2,9.2,16
222,2022-07,9.2,9.2,7.9,7.9,15
222,2022-08,7.9,7.9,9.0,9.0,15
222,2022-09,9.0,9.0,8.2,8.2,20
222,2022-10,8.2,8.2,8.4,8.4,18
222,2022-11,8.4,8.4,13.2,13.2,22
222,2022-12,13.2,13.2,11.6,11.6,13
222,2023-01,11.6,11.6,8.3,8.3,3
222,2023-02,8.3,8.3,8.2,8.2,15
222,2023-03,8.2,8.2,9.0,9.0,17
222,2023-04,9.0,9.0,8.9,8.9,7
222,2023-05,8.9,8.9,8.5,8.5,19
222,2023-06,8.5,8.5,8.7,8.7,16
222,2023-07,8.7,8.7,9.2,9.2,18
222,2023-08,9.2,9.2,8.9,8.9,19
222,2023-09,8.9,8.9,9.4,9.4,16
222,2023-10,9.4,9.4,7.8,7.8,18
222,2023-11,7.8,7.8,13.0,13.0,22
222,2023-12,13.0,13.0,10.7,10.7,18
222,2024-01,10.7,10.7,9.6,9.6,10
222,2024-02,9.6,9.6,9.3,9.3,16
222,2024-03,9.3,9.3,8.7,8.7,5
222,2024-04,8.7,8.7,8.1,8.1,19
222,2024-05,8.1,8.1,8.0,8.0,15
222,2024-06,8.0,8.0,8.0,8.0,15
222,2024-07,8.0,8.0,8.1,8.1,18
222,2024-08,8.1,8.1,8.2,8.2,20
222,2024-09,8.2,8.2,8.9,8.9,18
222,2024-10,8.9,8.9,8.9,8.9,19
222,2024-11,8.9,8.9,13.2,13.2,21
222,2024-12,13.2,13.2,11.1,11.1,15
222,2025-01,11.1,11.1,8.5,8.5,12
222,2025-02,8.5,8.5,8.7,8.7,20
222,2025-03,8.7,8.7,8.9,8.9,18
222,2025-04,8.9,8.9,8.0,8.0,16
222,2025-05,8.0,8.0,8.4,8.4,17
222,2025-06,8.4,8.4,9.5,9.5,19
222,2025-07,9.5,9.5,9.0,9.0,14
222,2025-08,9.0,9.0,8.7,8.7,17
222,2025-09,8.7,8.7,8.9,8.9,14
222,2025-10,8.9,8.9,8.6,8.6,18
222,2025-11,8.6,8.6,12.4,12.4,22
222,2025-12,12.4,12.4,10.8,10.8,13
223,2021-01,35.6,13.4,12.4,34.5,0
223,2021-02,34.5,28.0,27.2,33.8,0
223,2021-03,33.8,22.5,22.3,33.5,0
223,2021-04,33.5,30.1,31.3,34.7,0
223,2021-05,34.7,21.1,22.2,35.8,0
223,2021-06,35.8,21.7,20.8,34.9,0
223,2021-07,34.9,25.5,26.2,35.5,0
223,2021-08,35.5,25.7,23.2,33.1,0
223,2021-09,33.1,21.8,22.7,34.0,0
223,2021-10,34.0,20.8,22.2,35.5,0
223,2021-11,35.5,32.7,48.4,51.2,0
223,2021-12,51.2,29.6,21.9,43.5,0
223,2022-01,43.5,20.7,12.2,35.0,0
223,2022-02,35.0,20.0,21.0,36.0,0
223,2022-03,36.0,17.2,14.7,33.4,0
223,2022-04,33.4,19.0,19.4,33.9,0
223,2022-05,33.9,21.6,20.4,32.6,0
223,2022-06,32.6,28.3,29.7,33.9,0
223,2022-07,33.9,27.4,26.5,33.0,0
223,2022-08,33.0,26.7,26.3,32.6,0
223,2022-09,32.6,24.4,26.4,34.7,0
223,2022-10,34.7,25.2,23.0,32.5,0
223,2022-11,32.5,29.9,47.6,50.2,0
223,2022-12,50.2,29.6,24.4,45.0,0
223,2023-01,45.0,17.5,7.3,34.9,0
223,2023-02,34.9,23.5,22.6,33.9,0
223,2023-03,33.9,21.0,20.2,33.2,0
223,2023-04,33.2,27.0,28.3,34.5,0
223,2023-05,34.5,24.5,25.9,35.8,0
223,2023-06,35.8,19.5,17.4,33.7,0
223,2023-07,33.7,21.9,24.8,36.6,0
223,2023-08,36.6,24.9,23.3,35.0,0
223,2023-09,35.0,29.8,30.8,35.9,0
223,2023-10,35.9,19.9,18.8,34.8,0
223,2023-11,34.8,34.4,50.1,50.4,0
223,2023-12,50.4,31.9,22.5,41.0,0
223,2024-01,41.0,22.4,14.5,33.2,0
223,2024-02,33.2,22.8,21.6,31.9,0
223,2024-03,31.9,14.5,17.0,34.4,0
223,2024-04,34.4,22.0,20.4,32.8,0
223,2024-05,32.8,21.4,24.0,35.3,0
223,2024-06,35.3,21.9,21.2,34.6,0
223,2024-07,34.6,28.4,28.1,34.4,0
223,2024-08,34.4,19.7,19.0,33.7,0
223,2024-09,33.7,21.0,20.1,32.9,0
223,2024-10,32.9,21.7,22.8,34.0,0
223,2024-11,34.0,27.0,42.4,49.4,0
223,2024-12,49.4,27.1,21.6,43.9,0
223,2025-01,43.9,28.4,20.8,36.3,0
223,2025-02,36.3,21.7,19.2,33.8,0
223,2025-03,33.8,19.9,20.2,34.0,0
223,2025-04,34.0,27.6,29.8,36.2,0
223,2025-05,36.2,20.5,19.7,35.5,0
223,2025-06,35.5,16.2,17.0,36.2,0
223,2025-07,36.2,23.4,20.2,33.0,0
223,2025-08,33.0,29.4,32.5,36.1,0
223,2025-09,36.1,23.1,20.5,33.4,0
223,2025-10,33.4,22.3,23.8,35.0,0
223,2025-11,35.0,30.8,49.2,53.4,0
223,2025-12,53.4,26.4,17.3,44.2,0
224,2021-01,25.6,12.5,11.7,24.8,0
224,2021-02,24.8,12.4,12.8,25.2,0
224,2021-03,25.2,13.1,12.2,24.2,0
224,2021-04,24.2,16.7,19.0,26.4,0
224,2021-05,26.4,13.4,12.1,25.2,0
224,2021-06,25.2,15.0,13.5,23.7,0
224,2021-07,23.7,17.0,16.2,22.9,0
224,2021-08,22.9,14.0,16.1,25.0,0
224,2021-09,25.0,10.9,10.9,25.1,0
224,2021-10,25.1,15.1,14.5,24.5,0
224,2021-11,24.5,20.9,35.1,38.7,0
224,2021-12,38.7,17.5,9.2,30.4,0
224,2022-01,30.4,14.6,9.2,24.9,0
224,2022-02,24.9,18.2,17.2,23.9,0
224,2022-03,23.9,18.9,20.2,25.2,0
224,2022-04,25.2,14.8,14.6,25.0,0
224,2022-05,25.0,17.0,16.1,24.2,0
224,2022-06,24.2,10.2,10.9,24.9,0
224,2022-07,24.9,15.6,15.9,25.2,0
224,2022-08,25.2,13.1,12.2,24.3,0
224,2022-09,24.3,15.7,15.8,24.4,0
224,2022-10,24.4,11.8,13.1,25.7,0
224,2022-11,25.7,21.8,34.2,38.0,0
224,2022-12,38.0,18.6,11.5,30.9,0
224,2023-01,30.9,13.1,7.3,25.1,0
224,2023-02,25.1,10.8,10.5,24.8,0
224,2023-03,24.8,11.3,12.1,25.6,0
224,2023-04,25.6,10.6,9.6,24.6,0
224,2023-05,24.6,12.7,13.9,25.7,0
224,2023-06,25.7,11.1,10.2,24.8,0
224,2023-07,24.8,15.4,16.1,25.4,0
224,2023-08,25.4,14.5,12.8,23.7,0
224,2023-09,23.7,11.5,13.9,26.1,0
224,2023-10,26.1,13.8,11.4,23.7,0
224,2023-11,23.7,18.9,32.0,36.8,0
224,2023-12,36.8,9.8,4.8,31.8,0
224,2024-01,31.8,19.1,12.6,25.3,0
224,2024-02,25.3,12.7,11.1,23.7,0
224,2024-03,23.7,15.8,15.4,23.3,0
224,2024-04,23.3,11.6,13.8,25.5,0
224,2024-05,25.5,14.3,14.1,25.2,0
224,2024-06,25.2,13.2,13.3,25.3,0
224,2024-07,25.3,8.4,8.0,25.0,0
224,2024-08,25.0,11.9,10.6,23.7,0
224,2024-09,23.7,12.4,13.1,24.4,0
224,2024-10,24.4,9.2,10.8,26.0,0
224,2024-11,26.0,19.6,27.7,34.2,0
224,2024-12,34.2,20.7,16.9,30.3,0
224,2025-01,30.3,14.2,9.4,25.5,0
224,2025-02,25.5,16.3,16.5,25.7,0
224,2025-03,25.7,10.9,10.7,25.5,0
224,2025-04,25.5,14.5,14.7,25.6,0
224,2025-05,25.6,17.1,16.9,25.4,0
224,2025-06,25.4,13.4,14.0,26.0,0
224,2025-07,26.0,14.7,12.8,24.1,0
224,2025-08,24.1,10.1,10.5,24.5,0
224,2025-09,24.5,18.7,18.1,23.8,0
224,2025-10,23.8,12.5,14.1,25.4,0
224,2025-11,25.4,20.8,29.7,34.2,0
224,2025-12,34.2,15.4,13.0,31.9,0
225,2021-01,16.5,10.1,10.1,16.5,0
225,2021-02,16.5,8.6,7.7,15.6,0
225,2021-03,15.6,9.0,8.8,15.3,0
225,2021-04,15.3,9.2,10.8,17.0,0
225,2021-05,17.0,9.9,9.5,16.6,0
225,2021-06,16.6,13.8,13.1,15.9,0
225,2021-07,15.9,13.4,12.0,14.5,0
225,2021-08,14.5,6.3,7.9,16.1,0
225,2021-09,16.1,7.8,8.4,16.6,0
225,2021-10,16.6,9.5,8.3,15.4,0
225,2021-11,15.4,15.4,24.6,24.6,4
225,2021-12,24.6,11.3,6.5,19.8,0
225,2022-01,19.8,8.9,5.1,15.9,0
225,2022-02,15.9,12.3,12.9,16.5,0
225,2022-03,16.5,11.8,10.9,15.6,0
225,2022-04,15.6,11.2,11.6,16.0,0
225,2022-05,16.0,9.4,10.4,17.0,0
225,2022-06,17.0,10.8,9.6,15.7,0
225,2022-07,15.7,11.5,12.6,16.8,0
225,2022-08,16.8,9.4,8.4,15.7,0
225,2022-09,15.7,10.7,11.0,16.0,0
225,2022-10,16.0,8.0,7.4,15.4,0
225,2022-11,15.4,15.3,22.8,23.0,0
225,2022-12,23.0,12.2,8.4,19.2,0
225,2023-01,19.2,8.8,5.4,15.8,0
225,2023-02,15.8,12.1,13.4,17.0,0
225,2023-03,17.0,10.0,8.8,15.8,0
225,2023-04,15.8,9.2,8.7,15.4,0
225,2023-05,15.4,9.5,10.9,16.8,0
225,2023-06,16.8,10.0,8.8,15.6,0
225,2023-07,15.6,10.9,11.0,15.8,0
225,2023-08,15.8,9.5,9.4,15.6,0
225,2023-09,15.6,11.6,12.0,16.0,0
225,2023-10,16.0,11.8,10.5,14.8,0
225,2023-11,14.8,14.8,24.4,24.4,1
225,2023-12,24.4,11.2,6.6,19.8,0
225,2024-01,19.8,8.8,5.3,16.4,0
225,2024-02,16.4,10.2,9.5,15.7,0
225,2024-03,15.7,9.8,10.1,16.0,0
225,2024-04,16.0,14.1,13.1,15.0,0
225,2024-05,15.0,9.5,9.8,15.2,0
225,2024-06,15.2,12.6,13.0,15.6,0
225,2024-07,15.6,8.1,7.7,15.2,0
225,2024-08,15.2,8.0,8.7,15.9,0
225,2024-09,15.9,10.6,10.1,15.4,0
225,2024-10,15.4,7.3,8.4,16.5,0
225,2024-11,16.5,15.7,24.2,25.0,0
225,2024-12,25.0,13.5,8.8,20.4,0
225,2025-01,20.4,9.3,5.5,16.7,0
225,2025-02,16.7,12.1,10.8,15.4,0
225,2025-03,15.4,12.3,13.8,16.9,0
225,2025-04,16.9,8.0,7.2,16.1,0
225,2025-05,16.1,13.3,14.2,17.0,0
225,2025-06,17.0,9.3,7.9,15.6,0
225,2025-07,15.6,13.2,12.8,15.2,0
225,2025-08,15.2,8.8,9.7,16.2,0
225,2025-09,16.2,12.4,11.7,15.5,0
225,2025-10,15.5,9.8,10.6,16.2,0
225,2025-11,16.2,16.2,22.6,22.6,2
225,2025-12,22.6,14.9,12.6,20.3,0
226,2021-01,61.4,39.4,38.9,60.9,0
226,2021-02,60.9,43.7,42.6,59.7,0
226,2021-03,59.7,27.4,27.5,59.8,0
226,2021-04,59.8,37.1,33.1,55.8,0
226,2021-05,55.8,44.0,50.3,62.0,0
226,2021-06,62.0,37.6,32.8,57.3,0
226,2021-07,57.3,40.8,41.6,58.1,0
226,2021-08,58.1,42.1,47.5,63.5,0
226,2021-09,63.5,34.9,31.2,59.8,0
226,2021-10,59.8,26.7,24.5,57.5,0
226,2021-11,57.5,57.5,89.5,89.5,3
226,2021-12,89.5,51.7,33.4,71.2,0
226,2022-01,71.2,33.6,24.9,62.4,0
226,2022-02,62.4,37.1,33.9,59.2,0
226,2022-03,59.2,53.5,58.3,64.0,0
226,2022-04,64.0,41.6,33.5,55.8,0
226,2022-05,55.8,40.5,46.1,61.4,0
226,2022-06,61.4,38.6,37.2,60.1,0
226,2022-07,60.1,32.2,30.4,58.2,0
226,2022-08,58.2,40.7,37.7,55.2,0
226,2022-09,55.2,38.0,40.4,57.7,0
226,2022-10,57.7,36.0,40.5,62.3,0
226,2022-11,62.3,50.8,70.9,82.4,0
226,2022-12,82.4,46.1,37.9,74.2,0
226,2023-01,74.2,35.7,22.0,60.4,0
226,2023-02,60.4,39.4,36.0,57.1,0
226,2023-03,57.1,50.9,50.6,56.8,0
226,2023-04,56.8,38.9,37.4,55.3,0
226,2023-05,55.3,36.3,36.5,55.6,0
226,2023-06,55.6,23.1,26.3,58.7,0
226,2023-07,58.7,36.5,37.0,59.2,0
226,2023-08,59.2,36.2,38.1,61.1,0
226,2023-09,61.1,37.2,34.3,58.3,0
226,2023-10,58.3,52.5,53.2,59.0,0
226,2023-11,59.0,52.9,83.8,90.0,0
226,2023-12,90.0,56.9,43.3,76.3,0
226,2024-01,76.3,40.3,25.7,61.8,0
226,2024-02,61.8,48.1,49.8,63.6,0
226,2024-03,63.6,36.5,35.3,62.4,0
226,2024-04,62.4,41.3,41.6,62.7,0
226,2024-05,62.7,39.0,38.2,61.8,0
226,2024-06,61.8,38.3,38.7,62.2,0
226,2024-07,62.2,43.2,38.6,57.5,0
226,2024-08,57.5,31.6,36.7,62.6,0
226,2024-09,62.6,50.4,42.2,54.4,0
226,2024-10,54.4,41.6,49.0,61.7,0
226,2024-11,61.7,54.0,69.1,76.9,0
226,2024-12,76.9,44.1,42.7,75.4,0
226,2025-01,75.4,45.1,26.7,57.1,0
226,2025-02,57.1,35.4,34.1,55.8,0
226,2025-03,55.8,24.8,26.5,57.5,0
226,2025-04,57.5,36.0,34.6,56.1,0
226,2025-05,56.1,30.4,32.6,58.3,0
226,2025-06,58.3,36.2,35.1,57.2,0
226,2025-07,57.2,39.3,43.1,61.0,0
226,2025-08,61.0,39.7,42.0,63.3,0
226,2025-09,63.3,47.0,46.1,62.4,0
226,2025-10,62.4,48.0,44.9,59.3,0
226,2025-11,59.3,49.8,82.7,92.2,0
226,2025-12,92.2,42.0,24.8,75.1,0
227,2021-01,34.5,15.5,15.3,34.4,0
227,2021-02,34.4,24.6,24.5,34.2,0
227,2021-03,34.2,15.5,14.7,33.5,0
227,2021-04,33.5,24.3,23.1,32.3,0
227,2021-05,32.3,21.9,23.1,33.5,0
227,2021-06,33.5,9.8,9.8,33.5,0
227,2021-07,33.5,17.3,18.7,34.9,0
227,2021-08,34.9,18.7,18.0,34.2,0
227,2021-09,34.2,17.4,17.6,34.4,0
227,2021-10,34.4,18.3,17.9,34.0,0
227,2021-11,34.0,29.1,45.0,49.9,0
227,2021-12,49.9,28.8,19.8,41.0,0
227,2022-01,41.0,15.8,9.8,34.9,0
227,2022-02,34.9,17.2,16.8,34.6,0
227,2022-03,34.6,20.1,20.9,35.4,0
227,2022-04,35.4,20.4,17.1,32.1,0
227,2022-05,32.1,21.4,21.2,31.9,0
227,2022-06,31.9,17.0,18.6,33.4,0
227,2022-07,33.4,22.8,22.9,33.5,0
227,2022-08,33.5,25.2,22.3,30.6,0
227,2022-09,30.6,17.4,18.5,31.7,0
227,2022-10,31.7,21.9,21.4,31.2,0
227,2022-11,31.2,29.3,47.5,49.5,0
227,2022-12,49.5,23.7,15.7,41.5,0
227,2023-01,41.5,25.5,16.1,32.1,0
227,2023-02,32.1,17.6,19.4,33.9,0
227,2023-03,33.9,20.8,19.6,32.7,0
227,2023-04,32.7,29.7,29.7,32.6,0
227,2023-05,32.6,18.0,20.7,35.3,0
227,2023-06,35.3,18.8,16.7,33.2,0
227,2023-07,33.2,14.3,15.8,34.8,0
227,2023-08,34.8,22.5,23.0,35.4,0
227,2023-09,35.4,22.8,20.9,33.6,0
227,2023-10,33.6,21.1,23.2,35.6,0
227,2023-11,35.6,26.1,35.9,45.3,0
227,2023-12,45.3,29.1,22.9,39.2,0
227,2024-01,39.2,19.5,14.1,33.7,0
227,2024-02,33.7,16.5,16.0,33.2,0
227,2024-03,33.2,15.5,16.7,34.4,0
227,2024-04,34.4,22.4,22.9,34.9,0
227,2024-05,34.9,20.7,19.5,33.8,0
227,2024-06,33.8,19.6,19.5,33.8,0
227,2024-07,33.8,19.9,18.0,31.9,0
227,2024-08,31.9,17.1,18.3,33.2,0
227,2024-09,33.2,18.7,20.7,35.1,0
227,2024-10,35.1,18.8,15.8,32.1,0
227,2024-11,32.1,24.6,38.9,46.3,0
227,2024-12,46.3,26.2,23.0,43.1,0
227,2025-01,43.1,23.8,14.9,34.2,0
227,2025-02,34.2,24.1,25.4,35.6,0
227,2025-03,35.6,19.6,18.9,35.0,0
227,2025-04,35.0,25.4,23.3,32.8,0
227,2025-05,32.8,19.6,19.5,32.7,0
227,2025-06,32.7,19.6,18.9,32.0,0
227,2025-07,32.0,21.0,20.3,31.4,0
227,2025-08,31.4,21.7,21.4,31.1,0
227,2025-09,31.1,23.2,26.9,34.8,0
227,2025-10,34.8,18.8,19.0,35.0,0
227,2025-11,35.0,34.9,43.7,43.9,0
227,2025-12,43.9,22.3,21.3,42.9,0
228,2021-01,408.6,58.7,61.2,411.1,0
228,2021-02,411.1,66.1,66.6,411.6,0
228,2021-03,411.6,81.1,68.9,399.4,0
228,2021-04,399.4,66.5,77.1,410.0,0
228,2021-05,410.0,62.3,53.6,401.3,0
228,2021-06,401.3,94.2,106.1,413.2,0
228,2021-07,413.2,72.3,61.9,402.9,0
228,2021-08,402.9,76.4,73.6,400.1,0
228,2021-09,400.1,79.8,88.2,408.5,0
228,2021-10,408.5,69.5,62.7,401.7,0
228,2021-11,401.7,130.0,323.8,595.4,0
228,2021-12,595.4,107.0,21.6,510.0,0
228,2022-01,510.0,82.9,0.0,427.1,0
228,2022-02,427.1,78.0,55.2,404.4,0
228,2022-03,404.4,90.5,99.2,413.0,0
228,2022-04,413.0,61.7,55.3,406.6,0
228,2022-05,406.6,58.1,55.1,403.7,0
228,2022-06,403.7,62.5,62.5,403.7,0
228,2022-07,403.7,55.6,55.2,403.2,0
228,2022-08,403.2,70.2,69.3,402.3,0
228,2022-09,402.3,56.8,62.8,408.4,0
228,2022-10,408.4,57.0,55.3,406.6,0
228,2022-11,406.6,102.1,284.3,588.9,0
228,2022-12,588.9,87.4,9.3,510.8,0
228,2023-01,510.8,76.9,0.0,433.8,0
228,2023-02,433.8,59.0,30.7,405.5,0
228,2023-03,405.5,78.4,83.3,410.5,0
228,2023-04,410.5,69.1,65.5,406.9,0
228,2023-05,406.9,95.0,88.6,400.4,0
228,2023-06,400.4,88.9,85.0,396.5,0
228,2023-07,396.5,78.6,88.1,406.0,0
228,2023-08,406.0,68.3,61.5,399.2,0
228,2023-09,399.2,105.5,108.1,401.8,0
228,2023-10,401.8,110.9,104.1,395.0,0
228,2023-11,395.0,119.4,331.4,607.0,0
228,2023-12,607.0,102.1,6.1,511.0,0
228,2024-01,511.0,82.9,0.0,428.1,0
228,2024-02,428.1,58.7,34.7,404.1,0
228,2024-03,404.1,71.5,69.3,401.9,0
228,2024-04,401.9,110.1,116.0,407.7,0
228,2024-05,407.7,101.0,89.1,395.8,0
228,2024-06,395.8,61.2,71.7,406.3,0
228,2024-07,406.3,65.0,59.6,400.9,0
228,2024-08,400.9,84.4,94.9,411.5,0
228,2024-09,411.5,103.7,104.6,412.4,0
228,2024-10,412.4,88.7,80.7,404.4,0
228,2024-11,404.4,104.9,293.5,593.1,0
228,2024-12,593.1,93.4,11.4,511.1,0
228,2025-01,511.1,77.6,0.0,433.5,0
228,2025-02,433.5,75.7,43.3,401.1,0
228,2025-03,401.1,102.7,108.5,407.0,0
228,2025-04,407.0,118.8,123.7,411.8,0
228,2025-05,411.8,84.2,84.7,412.4,0
228,2025-06,412.4,96.2,86.4,402.6,0
228,2025-07,402.6,79.4,73.2,396.5,0
228,2025-08,396.5,74.3,77.8,400.1,0
228,2025-09,400.1,58.4,58.0,399.7,0
228,2025-10,399.7,63.6,68.6,404.7,0
228,2025-11,404.7,119.2,272.7,558.2,0
228,2025-12,558.2,96.4,48.1,509.9,0
229,2021-01,8.3,8.3,8.3,8.3,3
229,2021-02,8.3,8.3,8.3,8.3,11
229,2021-03,8.3,8.3,8.5,8.5,7
229,2021-04,8.5,8.5,8.2,8.2,14
229,2021-05,8.2,8.2,8.2,8.2,16
229,2021-06,8.2,8.2,8.1,8.1,14
229,2021-07,8.1,8.1,7.5,7.5,11
229,2021-08,7.5,7.5,8.6,8.6,11
229,2021-09,8.6,8.6,8.6,8.6,12
229,2021-10,8.6,8.6,7.4,7.4,16
229,2021-11,7.4,7.4,12.6,12.6,20
229,2021-12,12.6,12.6,10.9,10.9,11
229,2022-01,10.9,10.9,8.2,8.2,12
229,2022-02,8.2,8.2,8.1,8.1,8
229,2022-03,8.1,8.1,7.4,7.4,12
229,2022-04,7.4,7.4,8.0,8.0,16
229,2022-05,8.0,8.0,7.3,7.3,13
229,2022-06,7.3,7.3,7.9,7.9,15
229,2022-07,7.9,7.9,7.6,7.6,15
229,2022-08,7.6,7.6,7.5,7.5,15
229,2022-09,7.5,7.5,7.5,7.5,15
229,2022-10,7.5,7.5,8.0,8.0,13
229,2022-11,8.0,8.0,12.5,12.5,17
229,2022-12,12.5,12.5,10.3,10.3,10
229,2023-01,10.3,10.3,7.5,7.5,10
229,2023-02,7.5,7.5,7.1,7.1,17
229,2023-03,7.1,7.1,8.2,8.2,19
229,2023-04,8.2,8.2,8.7,8.7,13
229,2023-05,8.7,8.7,7.5,7.5,15
229,2023-06,7.5,7.5,8.2,8.2,17
229,2023-07,8.2,8.2,8.7,8.7,9
229,2023-08,8.7,8.7,8.5,8.5,12
229,2023-09,8.5,8.5,8.3,8.3,14
229,2023-10,8.3,8.3,7.6,7.6,16
229,2023-11,7.6,7.6,11.2,11.2,16
229,2023-12,11.2,11.2,10.5,10.5,11
229,2024-01,10.5,10.5,7.3,7.3,2
229,2024-02,7.3,7.3,8.7,8.7,17
229,2024-03,8.7,8.7,7.9,7.9,11
229,2024-04,7.9,7.9,8.4,8.4,15
229,2024-05,8.4,8.4,7.2,7.2,17
229,2024-06,7.2,7.2,8.4,8.4,15
229,2024-07,8.4,8.4,7.5,7.5,10
229,2024-08,7.5,7.5,7.9,7.9,19
229,2024-09,7.9,7.9,8.4,8.4,13
229,2024-10,8.4,8.0,6.9,7.3,0
229,2024-11,7.3,7.3,10.3,10.3,18
229,2024-12,10.3,10.3,9.7,9.7,9
229,2025-01,9.7,9.7,8.4,8.4,9
229,2025-02,8.4,8.4,7.8,7.8,13
229,2025-03,7.8,7.8,8.7,8.7,14
229,2025-04,8.7,8.7,7.7,7.7,13
229,2025-05,7.7,7.7,8.6,8.6,14
229,2025-06,8.6,8.6,8.4,8.4,14
229,2025-07,8.4,8.4,8.1,8.1,16
229,2025-08,8.1,8.1,7.6,7.6,18
229,2025-09,7.6,7.6,7.3,7.3,5
229,2025-10,7.3,7.3,8.1,8.1,7
229,2025-11,8.1,8.1,12.6,12.6,15
229,2025-12,12.6,12.6,10.9,10.9,11
230,2021-01,7.0,7.0,6.5,6.5,13
230,2021-02,6.5,6.5,6.0,6.0,12
230,2021-03,6.0,6.0,6.1,6.1,9
230,2021-04,6.1,6.1,6.1,6.1,17
230,2021-05,6.1,6.1,6.6,6.6,15
230,2021-06,6.6,6.6,7.1,7.1,10
230,2021-07,7.1,7.1,6.6,6.6,6
230,2021-08,6.6,6.6,7.2,7.2,13
230,2021-09,7.2,7.2,7.3,7.3,8
230,2021-10,7.3,7.3,6.7,6.7,6
230,2021-11,6.7,6.7,9.9,9.9,14
230,2021-12,9.9,9.9,7.5,7.5,7
230,2022-01,7.5,7.5,6.5,6.5,12
230,2022-02,6.5,6.5,6.8,6.8,14
230,2022-03,6.8,6.8,6.8,6.8,10
230,2022-04,6.8,6.8,6.7,6.7,14
230,2022-05,6.7,6.7,7.1,7.1,14
230,2022-06,7.1,7.1,6.5,6.5,11
230,2022-07,6.5,6.5,6.5,6.5,13
230,2022-08,6.5,6.5,7.0,7.0,16
230,2022-09,7.0,7.0,7.0,7.0,15
230,2022-10,7.0,7.0,6.3,6.3,10
230,2022-11,6.3,6.3,9.5,9.5,19
230,2022-12,9.5,9.5,8.8,8.8,10
230,2023-01,8.8,8.8,6.9,6.9,4
230,2023-02,6.9,6.9,6.4,6.4,4
230,2023-03,6.4,6.4,7.2,7.2,16
230,2023-04,7.2,7.2,7.0,7.0,9
230,2023-05,7.0,7.0,7.1,7.1,10
230,2023-06,7.1,7.1,6.6,6.6,13
230,2023-07,6.6,6.6,7.0,7.0,1
230,2023-08,7.0,7.0,6.4,6.4,9
230,2023-09,6.4,6.4,6.0,6.0,10
230,2023-10,6.0,6.0,6.6,6.6,13
230,2023-11,6.6,6.6,10.5,10.5,18
230,2023-12,10.5,10.5,8.4,8.4,5
230,2024-01,8.4,8.4,6.0,6.0,10
230,2024-02,6.0,6.0,6.1,6.1,18
230,2024-03,6.1,6.1,6.9,6.9,15
230,2024-04,6.9,5.3,4.8,6.5,0
230,2024-05,6.5,6.5,5.9,5.9,12
230,2024-06,5.9,5.9,6.7,6.7,13
230,2024-07,6.7,6.7,6.4,6.4,10
230,2024-08,6.4,6.4,6.1,6.1,15
230,2024-09,6.1,6.1,6.1,6.1,15
230,2024-10,6.1,6.1,6.9,6.9,8
230,2024-11,6.9,6.9,8.9,8.9,15
230,2024-12,8.9,8.9,9.0,9.0,14
230,2025-01,9.0,9.0,7.1,7.1,9
230,2025-02,7.1,7.0,6.7,6.9,0
230,2025-03,6.9,6.9,6.4,6.4,8
230,2025-04,6.4,6.4,6.9,6.9,8
230,2025-05,6.9,6.9,6.9,6.9,9
230,2025-06,6.9,6.9,6.2,6.2,6
230,2025-07,6.2,6.2,7.0,7.0,13
230,2025-08,7.0,7.0,7.1,7.1,11
230,2025-09,7.1,7.1,6.7,6.7,12
230,2025-10,6.7,6.7,6.6,6.6,14
230,2025-11,6.6,6.6,10.5,10.5,16
230,2025-12,10.5,10.5,7.6,7.6,4
231,2021-01,15.3,8.4,8.1,15.0,0
231,2021-02,15.0,7.9,7.6,14.7,0
231,2021-03,14.7,11.4,12.3,15.5,0
231,2021-04,15.5,14.1,12.4,13.9,0
231,2021-05,13.9,11.5,12.4,14.8,0
231,2021-06,14.8,10.8,11.0,15.0,0
231,2021-07,15.0,13.0,13.8,15.8,0
231,2021-08,15.8,10.5,9.3,14.6,0
231,2021-09,14.6,11.6,12.7,15.7,0
231,2021-10,15.7,10.0,8.3,13.9,0
231,2021-11,13.9,13.4,18.8,19.4,0
231,2021-12,19.4,14.2,12.3,17.4,0
231,2022-01,17.4,13.0,10.1,14.6,0
231,2022-02,14.6,7.5,8.1,15.2,0
231,2022-03,15.2,11.0,9.7,14.0,0
231,2022-04,14.0,9.5,10.6,15.1,0
231,2022-05,15.1,12.5,13.3,15.9,0
231,2022-06,15.9,8.1,7.1,14.9,0
231,2022-07,14.9,8.7,9.0,15.2,0
231,2022-08,15.2,13.5,12.1,13.7,0
231,2022-09,13.7,13.7,14.2,14.2,3
231,2022-10,14.2,10.6,11.4,15.0,0
231,2022-11,15.0,15.0,19.3,19.3,3
231,2022-12,19.3,14.2,14.2,19.3,0
231,2023-01,19.3,10.2,5.4,14.5,0
231,2023-02,14.5,8.8,8.5,14.1,0
231,2023-03,14.1,10.8,10.3,13.6,0
231,2023-04,13.6,11.2,11.5,13.9,0
231,2023-05,13.9,10.7,11.2,14.4,0
231,2023-06,14.4,12.7,13.2,14.9,0
231,2023-07,14.9,8.9,8.0,14.1,0
231,2023-08,14.1,7.4,8.8,15.4,0
231,2023-09,15.4,6.7,6.2,15.0,0
231,2023-10,15.0,7.8,6.9,14.1,0
231,2023-11,14.1,14.1,21.3,21.3,4
231,2023-12,21.3,12.3,8.8,17.8,0
231,2024-01,17.8,9.4,6.8,15.1,0
231,2024-02,15.1,9.2,9.3,15.1,0
231,2024-03,15.1,14.0,12.3,13.5,0
231,2024-04,13.5,12.0,14.4,15.9,0
231,2024-05,15.9,10.6,10.3,15.6,0
231,2024-06,15.6,7.4,6.2,14.4,0
231,2024-07,14.4,8.7,9.8,15.5,0
231,2024-08,15.5,11.3,10.8,15.1,0
231,2024-09,15.1,10.7,10.2,14.5,0
231,2024-10,14.5,13.0,12.0,13.5,0
231,2024-11,13.5,13.5,20.0,20.0,8
231,2024-12,20.0,9.6,7.5,17.9,0
231,2025-01,17.9,9.8,6.5,14.6,0
231,2025-02,14.6,13.1,11.9,13.4,0
231,2025-03,13.4,9.5,11.1,15.0,0
231,2025-04,15.0,11.2,11.0,14.9,0
231,2025-05,14.9,12.3,11.5,14.1,0
231,2025-06,14.1,6.0,6.3,14.4,0
231,2025-07,14.4,5.0,5.6,15.1,0
231,2025-08,15.1,15.1,14.1,14.1,2
231,2025-09,14.1,11.5,11.7,14.3,0
231,2025-10,14.3,8.8,8.8,14.4,0
231,2025-11,14.4,14.4,20.8,20.8,4
231,2025-12,20.8,12.4,11.2,19.6,0
232,2021-01,8.5,4.1,4.2,8.6,0
232,2021-02,8.6,5.2,5.1,8.5,0
232,2021-03,8.5,4.0,3.6,8.1,0
232,2021-04,8.1,4.5,4.2,7.7,0
232,2021-05,7.7,3.6,4.0,8.1,0
232,2021-06,8.1,4.3,4.7,8.6,0
232,2021-07,8.6,5.9,5.8,8.5,0
232,2021-08,8.5,4.8,4.8,8.4,0
232,2021-09,8.4,5.8,6.1,8.7,0
232,2021-10,8.7,4.0,3.9,8.6,0
232,2021-11,8.6,6.2,9.9,12.3,0
232,2021-12,12.3,6.1,4.4,10.7,0
232,2022-01,10.7,3.7,1.4,8.3,0
232,2022-02,8.3,4.9,4.8,8.2,0
232,2022-03,8.2,7.0,6.4,7.6,0
232,2022-04,7.6,5.6,6.2,8.1,0
232,2022-05,8.1,4.9,5.1,8.3,0
232,2022-06,8.3,4.7,4.5,8.1,0
232,2022-07,8.1,5.7,5.3,7.7,0
232,2022-08,7.7,6.7,6.5,7.6,0
232,2022-09,7.6,3.1,3.5,7.9,0
232,2022-10,7.9,5.1,5.4,8.3,0
232,2022-11,8.3,5.5,8.4,11.2,0
232,2022-12,11.2,4.4,3.7,10.5,0
232,2023-01,10.5,4.8,2.7,8.4,0
232,2023-02,8.4,5.3,5.3,8.4,0
232,2023-03,8.4,5.2,5.0,8.1,0
232,2023-04,8.1,4.9,5.2,8.4,0
232,2023-05,8.4,3.6,3.2,8.1,0
232,2023-06,8.1,4.5,4.6,8.3,0
232,2023-07,8.3,1.4,1.4,8.3,0
232,2023-08,8.3,5.3,4.8,7.7,0
232,2023-09,7.7,4.1,4.5,8.1,0
232,2023-10,8.1,5.1,5.0,7.9,0
232,2023-11,7.9,7.1,11.5,12.3,0
232,2023-12,12.3,6.3,4.6,10.6,0
232,2024-01,10.6,4.7,2.7,8.6,0
232,2024-02,8.6,4.3,4.4,8.6,0
232,2024-03,8.6,6.8,6.0,7.8,0
232,2024-04,7.8,4.9,5.3,8.1,0
232,2024-05,8.1,4.0,4.0,8.2,0
232,2024-06,8.2,3.2,3.1,8.1,0
232,2024-07,8.1,6.2,5.7,7.5,0
232,2024-08,7.5,5.2,5.4,7.8,0
232,2024-09,7.8,4.7,5.4,8.4,0
232,2024-10,8.4,4.9,5.0,8.5,0
232,2024-11,8.5,6.9,10.7,12.3,0
232,2024-12,12.3,6.5,4.4,10.2,0
232,2025-01,10.2,4.7,2.9,8.4,0
232,2025-02,8.4,5.5,5.6,8.5,0
232,2025-03,8.5,4.5,3.8,7.9,0
232,2025-04,7.9,4.8,4.8,7.9,0
232,2025-05,7.9,4.9,5.3,8.2,0
232,2025-06,8.2,4.0,4.4,8.6,0
232,2025-07,8.6,5.7,4.8,7.7,0
232,2025-08,7.7,4.3,5.1,8.4,0
232,2025-09,8.4,4.0,4.1,8.5,0
232,2025-10,8.5,4.9,4.9,8.5,0
232,2025-11,8.5,7.0,10.5,12.0,0
232,2025-12,12.0,6.1,4.6,10.5,0
233,2021-01,43.6,22.4,20.2,41.5,0
233,2021-02,41.5,23.8,26.0,43.6,0
233,2021-03,43.6,36.7,36.6,43.5,0
233,2021-04,43.5,32.0,33.6,45.1,0
233,2021-05,45.1,18.6,15.8,42.4,0
233,2021-06,42.4,25.6,26.3,43.0,0
233,2021-07,43.0,20.8,18.4,40.6,0
233,2021-08,40.6,20.0,22.3,42.9,0
233,2021-09,42.9,39.3,36.6,40.1,0
233,2021-10,40.1,27.3,31.8,44.6,0
233,2021-11,44.6,30.5,49.2,63.3,0
233,2021-12,63.3,37.1,27.6,53.7,0
233,2022-01,53.7,29.3,19.5,43.9,0
233,2022-02,43.9,25.6,25.7,44.1,0
233,2022-03,44.1,31.6,30.9,43.3,0
233,2022-04,43.3,21.1,22.1,44.3,0
233,2022-05,44.3,34.1,29.9,40.1,0
233,2022-06,40.1,30.3,33.3,43.1,0
233,2022-07,43.1,23.6,24.3,43.8,0
233,2022-08,43.8,19.1,17.2,41.8,0
233,2022-09,41.8,28.4,27.5,41.0,0
233,2022-10,41.0,27.0,26.0,40.0,0
233,2022-11,40.0,40.0,65.4,65.4,0
233,2022-12,65.4,37.7,24.2,51.9,0
233,2023-01,51.9,24.5,16.9,44.3,0
233,2023-02,44.3,30.4,29.6,43.5,0
233,2023-03,43.5,26.7,23.7,40.5,0
233,2023-04,40.5,23.1,23.0,40.3,0
233,2023-05,40.3,18.1,22.2,44.5,0
233,2023-06,44.5,29.4,28.4,43.5,0
233,2023-07,43.5,32.7,28.9,39.8,0
233,2023-08,39.8,32.0,30.8,38.5,0
233,2023-09,38.5,23.8,29.3,44.0,0
233,2023-10,44.0,30.6,29.8,43.3,0
233,2023-11,43.3,40.6,53.8,56.5,0
233,2023-12,56.5,31.4,30.2,55.3,0
233,2024-01,55.3,23.5,11.7,43.5,0
233,2024-02,43.5,28.6,29.1,44.1,0
233,2024-03,44.1,24.8,22.7,42.0,0
233,2024-04,42.0,26.3,25.9,41.6,0
233,2024-05,41.6,25.2,25.6,42.0,0
233,2024-06,42.0,27.2,28.7,43.4,0
233,2024-07,43.4,23.5,22.6,42.6,0
233,2024-08,42.6,27.1,26.1,41.6,0
233,2024-09,41.6,25.3,27.2,43.4,0
233,2024-10,43.4,22.6,23.8,44.7,0
233,2024-11,44.7,42.4,56.2,58.5,0
233,2024-12,58.5,43.2,34.1,49.4,0
233,2025-01,49.4,23.4,16.4,42.4,0
233,2025-02,42.4,28.9,27.4,40.9,0
233,2025-03,40.9,23.3,26.2,43.8,0
233,2025-04,43.8,33.8,32.6,42.6,0
233,2025-05,42.6,29.6,27.9,41.0,0
233,2025-06,41.0,34.9,32.9,38.9,0
233,2025-07,38.9,28.0,28.5,39.5,0
233,2025-08,39.5,24.9,29.9,44.5,0
233,2025-09,44.5,29.5,28.2,43.3,0
233,2025-10,43.3,20.1,17.7,40.9,0
233,2025-11,40.9,28.2,44.9,57.6,0
233,2025-12,57.6,32.2,29.3,54.7,0
234,2021-01,16.2,13.4,13.5,16.3,0
234,2021-02,16.3,13.5,11.4,14.2,0
234,2021-03,14.2,14.2,16.5,16.5,2
234,2021-04,16.5,9.1,8.9,16.3,0
234,2021-05,16.3,16.3,16.9,16.9,3
234,2021-06,16.9,12.5,11.2,15.6,0
234,2021-07,15.6,14.6,15.0,16.0,0
234,2021-08,16.0,12.6,11.7,15.1,0
234,2021-09,15.1,13.6,15.0,16.4,0
234,2021-10,16.4,12.4,10.9,15.0,0
234,2021-11,15.0,15.0,20.0,20.0,7
234,2021-12,20.0,13.3,12.4,19.1,0
234,2022-01,19.1,13.5,10.8,16.3,0
234,2022-02,16.3,10.9,11.3,16.7,0
234,2022-03,16.7,11.1,10.1,15.8,0
234,2022-04,15.8,8.0,8.6,16.4,0
234,2022-05,16.4,13.3,13.4,16.5,0
234,2022-06,16.5,16.3,14.0,14.2,0
234,2022-07,14.2,9.4,9.7,14.5,0
234,2022-08,14.5,13.5,14.1,15.1,0
234,2022-09,15.1,13.6,14.5,16.0,0
234,2022-10,16.0,12.0,11.6,15.6,0
234,2022-11,15.6,15.6,23.4,23.4,4
234,2022-12,23.4,13.2,9.7,19.9,0
234,2023-01,19.9,12.0,7.2,15.1,0
234,2023-02,15.1,15.1,16.2,16.2,2
234,2023-03,16.2,10.5,9.9,15.6,0
234,2023-04,15.6,9.7,10.6,16.6,0
234,2023-05,16.6,16.6,16.5,16.5,3
234,2023-06,16.5,12.8,12.3,16.0,0
234,2023-07,16.0,10.2,10.9,16.6,0
234,2023-08,16.6,12.6,12.0,16.0,0
234,2023-09,16.0,6.3,5.5,15.2,0
234,2023-10,15.2,12.7,13.2,15.6,0
234,2023-11,15.6,15.6,23.5,23.5,10
234,2023-12,23.5,11.9,8.0,19.6,0
234,2024-01,19.6,9.9,6.7,16.4,0
234,2024-02,16.4,12.7,11.0,14.8,0
234,2024-03,14.8,10.4,11.5,15.9,0
234,2024-04,15.9,15.9,16.1,16.1,1
234,2024-05,16.1,10.3,9.6,15.4,0
234,2024-06,15.4,13.1,12.2,14.5,0
234,2024-07,14.5,13.7,13.8,14.6,0
234,2024-08,14.6,10.7,10.7,14.6,0
234,2024-09,14.6,10.5,10.8,14.8,0
234,2024-10,14.8,10.8,12.5,16.5,0
234,2024-11,16.5,14.4,21.8,24.0,0
234,2024-12,24.0,15.6,10.6,19.0,0
234,2025-01,19.0,11.5,8.6,16.1,0
234,2025-02,16.1,13.8,12.3,14.6,0
234,2025-03,14.6,13.5,15.8,16.9,0
234,2025-04,16.9,13.9,12.5,15.5,0
234,2025-05,15.5,13.1,13.4,15.9,0
234,2025-06,15.9,12.3,13.1,16.7,0
234,2025-07,16.7,11.0,9.4,15.1,0
234,2025-08,15.1,12.9,14.0,16.2,0
234,2025-09,16.2,14.0,12.9,15.1,0
234,2025-10,15.1,11.2,11.7,15.6,0
234,2025-11,15.6,15.6,20.7,20.7,5
234,2025-12,20.7,16.4,15.6,19.8,0
235,2021-01,7.7,3.9,3.6,7.4,0
235,2021-02,7.4,5.7,5.9,7.6,0
235,2021-03,7.6,4.2,3.9,7.4,0
235,2021-04,7.4,4.6,4.6,7.3,0
235,2021-05,7.3,4.4,4.8,7.8,0
235,2021-06,7.8,5.5,5.2,7.5,0
235,2021-07,7.5,4.5,4.3,7.2,0
235,2021-08,7.2,4.8,5.6,8.0,0
235,2021-09,8.0,3.4,3.0,7.6,0
235,2021-10,7.6,5.1,5.4,7.8,0
235,2021-11,7.8,6.6,9.5,10.7,0
235,2021-12,10.7,5.0,4.0,9.7,0
235,2022-01,9.7,5.0,3.0,7.6,0
235,2022-02,7.6,5.0,4.7,7.2,0
235,2022-03,7.2,4.2,4.8,7.8,0
235,2022-04,7.8,3.5,3.0,7.3,0
235,2022-05,7.3,5.2,5.5,7.6,0
235,2022-06,7.6,5.1,4.5,7.1,0
235,2022-07,7.1,4.6,4.9,7.3,0
235,2022-08,7.3,3.6,3.5,7.2,0
235,2022-09,7.2,3.8,4.2,7.6,0
235,2022-10,7.6,3.7,3.3,7.1,0
235,2022-11,7.1,6.5,9.3,10.0,0
235,2022-12,10.0,6.9,6.2,9.2,0
235,2023-01,9.2,5.4,4.0,7.8,0
235,2023-02,7.8,3.4,3.5,7.9,0
235,2023-03,7.9,6.5,6.5,7.8,0
235,2023-04,7.8,7.5,6.3,6.6,0
235,2023-05,6.6,2.8,4.1,7.9,0
235,2023-06,7.9,4.8,4.5,7.6,0
235,2023-07,7.6,5.7,5.0,6.9,0
235,2023-08,6.9,4.6,5.6,7.9,0
235,2023-09,7.9,3.4,2.9,7.3,0
235,2023-10,7.3,5.2,4.7,6.9,0
235,2023-11,6.9,6.9,11.2,11.2,2
235,2023-12,11.2,4.5,2.6,9.3,0
235,2024-01,9.3,3.2,1.4,7.6,0
235,2024-02,7.6,5.8,6.1,7.9,0
235,2024-03,7.9,3.1,2.9,7.6,0
235,2024-04,7.6,5.7,5.5,7.4,0
235,2024-05,7.4,5.7,5.7,7.5,0
235,2024-06,7.5,4.0,4.3,7.8,0
235,2024-07,7.8,5.3,5.3,7.8,0
235,2024-08,7.8,5.4,5.1,7.5,0
235,2024-09,7.5,4.9,4.9,7.6,0
235,2024-10,7.6,5.9,6.1,7.7,0
235,2024-11,7.7,7.3,11.2,11.6,0
235,2024-12,11.6,6.3,4.4,9.7,0
235,2025-01,9.7,4.6,2.4,7.5,0
235,2025-02,7.5,6.2,6.6,7.8,0
235,2025-03,7.8,3.6,3.4,7.6,0
235,2025-04,7.6,4.9,4.8,7.6,0
235,2025-05,7.6,4.9,4.3,7.0,0
235,2025-06,7.0,5.9,6.2,7.3,0
235,2025-07,7.3,4.7,5.3,8.0,0
235,2025-08,8.0,6.8,6.8,7.9,0
235,2025-09,7.9,5.3,4.4,7.0,0
235,2025-10,7.0,2.9,3.2,7.3,0
235,2025-11,7.3,6.9,10.5,11.0,0
235,2025-12,11.0,6.4,4.8,9.5,0
236,2021-01,4.9,4.9,4.3,4.3,18
236,2021-02,4.3,4.3,5.0,5.0,20
236,2021-03,5.0,5.0,4.3,4.3,21
236,2021-04,4.3,4.3,4.7,4.7,19
236,2021-05,4.7,4.7,4.3,4.3,17
236,2021-06,4.3,4.3,5.0,5.0,19
236,2021-07,5.0,5.0,4.3,4.3,21
236,2021-08,4.3,4.3,5.0,5.0,19
236,2021-09,5.0,5.0,4.4,4.4,20
236,2021-10,4.4,4.4,4.5,4.5,22
236,2021-11,4.5,4.5,6.4,6.4,24
236,2021-12,6.4,6.4,6.0,6.0,19
236,2022-01,6.0,6.0,4.6,4.6,13
236,2022-02,4.6,4.6,4.5,4.5,18
236,2022-03,4.5,4.5,4.4,4.4,17
236,2022-04,4.4,4.4,4.3,4.3,17
236,2022-05,4.3,4.3,5.0,5.0,18
236,2022-06,5.0,5.0,4.4,4.4,19
236,2022-07,4.4,4.4,4.2,4.2,20
236,2022-08,4.2,4.2,4.6,4.6,21
236,2022-09,4.6,4.6,4.8,4.8,22
236,2022-10,4.8,4.8,4.2,4.2,20
236,2022-11,4.2,4.2,7.3,7.3,24
236,2022-12,7.3,7.3,5.3,5.3,13
236,2023-01,5.3,5.3,4.3,4.3,20
236,2023-02,4.3,4.3,4.2,4.2,21
236,2023-03,4.2,4.2,4.8,4.8,21
236,2023-04,4.8,4.8,5.0,5.0,16
236,2023-05,5.0,5.0,4.8,4.8,20
236,2023-06,4.8,4.8,4.4,4.4,17
236,2023-07,4.4,4.4,5.0,5.0,19
236,2023-08,5.0,5.0,4.7,4.7,16
236,2023-09,4.7,4.7,4.2,4.2,19
236,2023-10,4.2,4.2,4.7,4.7,20
236,2023-11,4.7,4.7,7.4,7.4,23
236,2023-12,7.4,7.4,5.3,5.3,11
236,2024-01,5.3,5.3,4.6,4.6,14
236,2024-02,4.6,4.6,4.8,4.8,20
236,2024-03,4.8,4.8,4.3,4.3,20
236,2024-04,4.3,4.3,4.3,4.3,20
236,2024-05,4.3,4.3,4.9,4.9,20
236,2024-06,4.9,4.9,4.7,4.7,22
236,2024-07,4.7,4.7,4.9,4.9,19
236,2024-08,4.9,4.9,4.9,4.9,21
236,2024-09,4.9,4.9,4.8,4.8,18
236,2024-10,4.8,4.8,4.5,4.5,19
236,2024-11,4.5,4.5,7.3,7.3,22
236,2024-12,7.3,7.3,5.6,5.6,14
236,2025-01,5.6,5.6,4.7,4.7,13
236,2025-02,4.7,4.7,4.3,4.3,17
236,2025-03,4.3,4.3,4.5,4.5,20
236,2025-04,4.5,4.5,4.5,4.5,20
236,2025-05,4.5,4.5,5.1,5.1,19
236,2025-06,5.1,5.1,4.9,4.9,20
236,2025-07,4.9,4.9,4.6,4.6,18
236,2025-08,4.6,4.6,4.8,4.8,20
236,2025-09,4.8,4.8,4.6,4.6,16
236,2025-10,4.6,4.6,4.9,4.9,16
236,2025-11,4.9,4.9,7.4,7.4,21
236,2025-12,7.4,7.4,5.8,5.8,11
237,2021-01,12.3,9.1,8.9,12.1,0
237,2021-02,12.1,7.7,6.8,11.2,0
237,2021-03,11.2,8.2,8.1,11.2,0
237,2021-04,11.2,9.2,9.2,11.2,0
237,2021-05,11.2,11.0,12.1,12.3,0
237,2021-06,12.3,10.5,10.8,12.6,0
237,2021-07,12.6,9.8,8.7,11.5,0
237,2021-08,11.5,7.0,7.6,12.2,0
237,2021-09,12.2,10.9,9.9,11.1,0
237,2021-10,11.1,9.5,10.8,12.3,0
237,2021-11,12.3,12.3,18.3,18.3,3
237,2021-12,18.3,11.6,7.7,14.3,0
237,2022-01,14.3,10.6,7.7,11.5,0
237,2022-02,11.5,8.1,8.0,11.3,0
237,2022-03,11.3,7.7,8.4,12.1,0
237,2022-04,12.1,8.9,9.3,12.5,0
237,2022-05,12.5,10.6,9.2,11.1,0
237,2022-06,11.1,11.1,12.4,12.4,1
237,2022-07,12.4,10.6,10.2,11.9,0
237,2022-08,11.9,11.3,11.3,11.9,0
237,2022-09,11.9,9.5,8.6,11.0,0
237,2022-10,11.0,10.8,10.8,11.0,0
237,2022-11,11.0,11.0,18.5,18.5,10
237,2022-12,18.5,11.9,9.2,15.8,0
237,2023-01,15.8,10.5,6.4,11.7,0
237,2023-02,11.7,10.3,11.3,12.7,0
237,2023-03,12.7,8.6,8.2,12.2,0
237,2023-04,12.2,11.1,11.5,12.6,0
237,2023-05,12.6,7.6,7.3,12.2,0
237,2023-06,12.2,9.0,7.8,11.0,0
237,2023-07,11.0,9.4,9.3,10.9,0
237,2023-08,10.9,10.1,12.0,12.9,0
237,2023-09,12.9,8.1,7.0,11.8,0
237,2023-10,11.8,9.5,10.1,12.4,0
237,2023-11,12.4,12.4,17.5,17.5,4
237,2023-12,17.5,11.3,9.2,15.4,0
237,2024-01,15.4,9.3,6.4,12.5,0
237,2024-02,12.5,6.6,5.8,11.7,0
237,2024-03,11.7,7.3,8.4,12.7,0
237,2024-04,12.7,7.8,7.4,12.3,0
237,2024-05,12.3,8.6,7.8,11.5,0
237,2024-06,11.5,7.7,8.9,12.6,0
237,2024-07,12.6,10.3,9.6,11.9,0
237,2024-08,11.9,11.1,11.4,12.3,0
237,2024-09,12.3,12.3,11.7,11.7,1
237,2024-10,11.7,7.2,7.3,11.9,0
237,2024-11,11.9,11.9,15.5,15.5,5
237,2024-12,15.5,15.2,13.8,14.1,0
237,2025-01,14.1,10.5,8.5,12.1,0
237,2025-02,12.1,8.3,7.4,11.2,0
237,2025-03,11.2,10.3,11.8,12.6,0
237,2025-04,12.6,11.4,11.0,12.2,0
237,2025-05,12.2,12.0,11.7,11.9,0
237,2025-06,11.9,7.6,7.4,11.7,0
237,2025-07,11.7,11.7,11.1,11.1,0
237,2025-08,11.1,9.6,10.6,12.2,0
237,2025-09,12.2,11.0,11.5,12.6,0
237,2025-10,12.6,8.1,7.8,12.3,0
237,2025-11,12.3,12.3,15.6,15.6,5
237,2025-12,15.6,10.1,10.2,15.7,0
238,2021-01,9.3,9.3,7.9,7.9,11
238,2021-02,7.9,7.9,8.3,8.3,14
238,2021-03,8.3,8.3,8.6,8.6,11
238,2021-04,8.6,8.6,9.1,9.1,14
238,2021-05,9.1,9.1,8.0,8.0,9
238,2021-06,8.0,8.0,8.0,8.0,13
238,2021-07,8.0,8.0,8.7,8.7,14
238,2021-08,8.7,8.7,8.9,8.9,10
238,2021-09,8.9,8.9,9.1,9.1,10
238,2021-10,9.1,9.1,7.9,7.9,10
238,2021-11,7.9,7.9,11.6,11.6,19
238,2021-12,11.6,11.6,10.9,10.9,10
238,2022-01,10.9,10.9,9.2,9.2,10
238,2022-02,9.2,9.2,8.3,8.3,11
238,2022-03,8.3,8.3,8.2,8.2,16
238,2022-04,8.2,8.2,9.1,9.1,14
238,2022-05,9.1,9.1,8.2,8.2,7
238,2022-06,8.2,8.2,9.1,9.1,15
238,2022-07,9.1,9.1,8.0,8.0,13
238,2022-08,8.0,8.0,9.6,9.6,13
238,2022-09,9.6,9.6,9.7,9.7,13
238,2022-10,9.7,9.7,9.0,9.0,12
238,2022-11,9.0,9.0,13.6,13.6,13
238,2022-12,13.6,13.6,11.8,11.8,11
238,2023-01,11.8,11.8,8.3,8.3,10
238,2023-02,8.3,8.3,8.8,8.8,16
238,2023-03,8.8,8.8,9.5,9.5,16
238,2023-04,9.5,9.5,8.7,8.7,6
238,2023-05,8.7,8.7,9.4,9.4,12
238,2023-06,9.4,9.4,8.5,8.5,13
238,2023-07,8.5,8.5,9.2,9.2,17
238,2023-08,9.2,9.2,8.6,8.6,6
238,2023-09,8.6,8.6,8.5,8.5,13
238,2023-10,8.5,8.5,9.1,9.1,5
238,2023-11,9.1,9.1,13.1,13.1,20
238,2023-12,13.1,13.1,10.6,10.6,11
238,2024-01,10.6,10.6,8.9,8.9,13
238,2024-02,8.9,8.9,9.3,9.3,9
238,2024-03,9.3,9.3,8.5,8.5,14
238,2024-04,8.5,8.5,8.5,8.5,14
238,2024-05,8.5,8.5,8.6,8.6,14
238,2024-06,8.6,8.6,8.7,8.7,18
238,2024-07,8.7,8.7,8.8,8.8,15
238,2024-08,8.8,8.8,9.3,9.3,7
238,2024-09,9.3,9.3,8.9,8.9,12
238,2024-10,8.9,8.9,8.7,8.7,13
238,2024-11,8.7,8.7,12.3,12.3,20
238,2024-12,12.3,12.3,9.9,9.9,14
238,2025-01,9.9,9.9,8.4,8.4,7
238,2025-02,8.4,8.4,8.1,8.1,15
238,2025-03,8.1,8.1,9.0,9.0,10
238,2025-04,9.0,9.0,8.8,8.8,11
238,2025-05,8.8,8.8,9.0,9.0,8
238,2025-06,9.0,9.0,8.8,8.8,6
238,2025-07,8.8,8.8,8.0,8.0,14
238,2025-08,8.0,8.0,9.5,9.5,14
238,2025-09,9.5,9.2,8.6,8.9,0
238,2025-10,8.9,8.9,9.2,9.2,13
238,2025-11,9.2,9.2,12.8,12.8,17
238,2025-12,12.8,12.8,11.4,11.4,11
239,2021-01,11.3,9.3,8.0,10.0,0
239,2021-02,10.0,6.8,7.3,10.5,0
239,2021-03,10.5,8.6,8.9,10.8,0
239,2021-04,10.8,10.5,10.3,10.7,0
239,2021-05,10.7,6.5,7.4,11.5,0
239,2021-06,11.5,6.8,6.4,11.1,0
239,2021-07,11.1,11.1,11.5,11.5,0
239,2021-08,11.5,9.0,9.1,11.7,0
239,2021-09,11.7,8.7,7.8,10.8,0
239,2021-10,10.8,10.8,11.1,11.1,3
239,2021-11,11.1,11.1,15.4,15.4,5
239,2021-12,15.4,10.6,9.5,14.4,0
239,2022-01,14.4,7.8,4.6,11.1,0
239,2022-02,11.1,11.1,10.9,10.9,3
239,2022-03,10.9,10.0,9.4,10.4,0
239,2022-04,10.4,10.4,11.2,11.2,1
239,2022-05,11.2,9.3,9.5,11.5,0
239,2022-06,11.5,10.8,11.0,11.6,0
239,2022-07,11.6,6.6,5.4,10.5,0
239,2022-08,10.5,10.5,10.1,10.1,2
239,2022-09,10.1,10.1,11.5,11.5,0
239,2022-10,11.5,6.7,5.5,10.3,0
239,2022-11,10.3,10.3,14.7,14.7,6
239,2022-12,14.7,10.7,10.3,14.3,0
239,2023-01,14.3,7.0,3.4,10.8,0
239,2023-02,10.8,8.5,8.5,10.7,0
239,2023-03,10.7,10.7,9.6,9.6,2
239,2023-04,9.6,9.6,10.2,10.2,2
239,2023-05,10.2,10.2,11.2,11.2,8
239,2023-06,11.2,11.2,11.0,11.0,0
239,2023-07,11.0,9.4,9.5,11.2,0
239,2023-08,11.2,11.1,9.6,9.7,0
239,2023-09,9.7,8.7,9.5,10.4,0
239,2023-10,10.4,4.4,5.0,11.0,0
239,2023-11,11.0,11.0,15.5,15.5,5
239,2023-12,15.5,9.8,8.7,14.4,0
239,2024-01,14.4,9.6,6.6,11.4,0
239,2024-02,11.4,9.5,8.9,10.8,0
239,2024-03,10.8,7.1,6.7,10.4,0
239,2024-04,10.4,9.0,9.6,11.0,0
239,2024-05,11.0,8.1,7.7,10.6,0
239,2024-06,10.6,10.6,11.5,11.5,3
239,2024-07,11.5,6.7,5.7,10.5,0
239,2024-08,10.5,4.8,4.9,10.6,0
239,2024-09,10.6,9.3,10.5,11.8,0
239,2024-10,11.8,10.0,9.4,11.3,0
239,2024-11,11.3,11.3,16.7,16.7,6
239,2024-12,16.7,10.8,8.3,14.1,0
239,2025-01,14.1,9.3,6.0,10.8,0
239,2025-02,10.8,9.0,8.3,10.0,0
239,2025-03,10.0,9.5,10.8,11.4,0
239,2025-04,11.4,9.7,9.2,10.9,0
239,2025-05,10.9,10.3,10.0,10.5,0
239,2025-06,10.5,8.4,9.3,11.5,0
239,2025-07,11.5,5.9,5.4,10.9,0
239,2025-08,10.9,8.1,8.0,10.8,0
239,2025-09,10.8,10.0,9.1,9.9,0
239,2025-10,9.9,9.7,11.1,11.2,0
239,2025-11,11.2,11.2,15.8,15.8,3
239,2025-12,15.8,15.3,12.1,12.7,0
240,2021-01,22.1,22.1,20.5,20.5,15
240,2021-02,20.5,20.5,19.9,19.9,11
240,2021-03,19.9,15.8,18.7,22.8,0
240,2021-04,22.8,22.8,23.1,23.1,11
240,2021-05,23.1,23.1,21.9,21.9,11
240,2021-06,21.9,20.8,18.0,19.1,0
240,2021-07,19.1,19.1,21.2,21.2,16
240,2021-08,21.2,21.2,22.0,22.0,12
240,2021-09,22.0,22.0,21.1,21.1,8
240,2021-10,21.1,21.1,19.5,19.5,13
240,2021-11,19.5,19.5,29.1,29.1,16
240,2021-12,29.1,29.1,28.0,28.0,10
240,2022-01,28.0,28.0,21.7,21.7,2
240,2022-02,21.7,21.7,21.3,21.3,6
240,2022-03,21.3,21.3,19.5,19.5,11
240,2022-04,19.5,19.5,21.7,21.7,9
240,2022-05,21.7,21.7,22.3,22.3,13
240,2022-06,22.3,22.3,22.2,22.2,9
240,2022-07,22.2,22.2,22.9,22.9,7
240,2022-08,22.9,22.9,23.0,23.0,8
240,2022-09,23.0,23.0,20.6,20.6,14
240,2022-10,20.6,20.6,19.4,19.4,11
240,2022-11,19.4,19.4,27.8,27.8,17
240,2022-12,27.8,27.8,28.0,28.0,6
240,2023-01,28.0,28.0,22.8,22.8,7
240,2023-02,22.8,22.8,23.2,23.2,11
240,2023-03,23.2,23.2,22.7,22.7,3
240,2023-04,22.7,22.7,23.1,23.1,3
240,2023-05,23.1,23.1,19.7,19.7,8
240,2023-06,19.7,19.7,21.1,21.1,7
240,2023-07,21.1,21.1,21.9,21.9,3
240,2023-08,21.9,21.9,19.5,19.5,11
240,2023-09,19.5,19.5,18.9,18.9,7
240,2023-10,18.9,18.9,21.8,21.8,9
240,2023-11,21.8,21.8,29.7,29.7,17
240,2023-12,29.7,29.7,27.6,27.6,7
240,2024-01,27.6,27.6,23.2,23.2,7
240,2024-02,23.2,23.2,20.7,20.7,6
240,2024-03,20.7,20.7,22.9,22.9,5
240,2024-04,22.9,22.9,23.0,23.0,12
240,2024-05,23.0,23.0,19.1,19.1,10
240,2024-06,19.1,19.1,22.8,22.8,11
240,2024-07,22.8,22.8,22.7,22.7,10
240,2024-08,22.7,22.7,22.1,22.1,11
240,2024-09,22.1,22.1,19.1,19.1,2
240,2024-10,19.1,17.8,21.4,22.6,0
240,2024-11,22.6,22.6,28.5,28.5,13
240,2024-12,28.5,28.5,27.5,27.5,11
240,2025-01,27.5,27.5,22.3,22.3,3
240,2025-02,22.3,22.3,23.1,23.1,9
240,2025-03,23.1,23.1,23.0,23.0,12
240,2025-04,23.0,23.0,19.4,19.4,5
240,2025-05,19.4,19.4,21.8,21.8,10
240,2025-06,21.8,21.8,21.9,21.9,12
240,2025-07,21.9,21.9,20.2,20.2,10
240,2025-08,20.2,20.2,22.5,22.5,11
240,2025-09,22.5,22.5,21.4,21.4,1
240,2025-10,21.4,21.4,23.1,23.1,13
240,2025-11,23.1,23.1,27.4,27.4,17
240,2025-12,27.4,27.4,26.3,26.3,8
241,2021-01,8.8,4.9,5.0,9.0,0
241,2021-02,9.0,6.0,5.5,8.4,0
241,2021-03,8.4,4.0,4.2,8.6,0
241,2021-04,8.6,5.4,4.9,8.1,0
241,2021-05,8.1,7.7,7.6,8.0,0
241,2021-06,8.0,6.3,6.7,8.4,0
241,2021-07,8.4,5.9,5.3,7.9,0
241,2021-08,7.9,6.2,6.9,8.6,0
241,2021-09,8.6,7.2,7.1,8.4,0
241,2021-10,8.4,7.4,7.2,8.3,0
241,2021-11,8.3,8.3,13.3,13.3,2
241,2021-12,13.3,7.7,4.7,10.4,0
241,2022-01,10.4,7.5,5.6,8.4,0
241,2022-02,8.4,6.7,6.3,8.0,0
241,2022-03,8.0,7.7,8.8,9.1,0
241,2022-04,9.1,6.0,5.5,8.6,0
241,2022-05,8.6,7.1,6.7,8.2,0
241,2022-06,8.2,7.5,8.0,8.7,0
241,2022-07,8.7,8.3,8.4,8.9,0
241,2022-08,8.9,8.7,8.1,8.3,0
241,2022-09,8.3,7.4,8.3,9.2,0
241,2022-10,9.2,7.2,6.9,8.8,0
241,2022-11,8.8,8.8,12.0,12.0,7
241,2022-12,12.0,8.2,7.5,11.2,0
241,2023-01,11.2,6.1,3.1,8.2,0
241,2023-02,8.2,7.8,7.9,8.3,0
241,2023-03,8.3,6.6,7.2,9.0,0
241,2023-04,9.0,4.8,4.0,8.2,0
241,2023-05,8.2,6.0,6.1,8.2,0
241,2023-06,8.2,8.2,8.8,8.8,6
241,2023-07,8.8,6.5,6.7,9.0,0
241,2023-08,9.0,5.1,4.3,8.2,0
241,2023-09,8.2,7.4,7.7,8.6,0
241,2023-10,8.6,7.9,7.6,8.3,0
241,2023-11,8.3,8.3,11.0,11.0,5
241,2023-12,11.0,9.7,9.7,11.0,0
241,2024-01,11.0,6.9,4.6,8.7,0
241,2024-02,8.7,6.2,6.3,8.8,0
241,2024-03,8.8,7.9,6.9,7.8,0
241,2024-04,7.8,7.0,6.9,7.6,0
241,2024-05,7.6,5.3,5.8,8.1,0
241,2024-06,8.1,6.3,6.1,8.0,0
241,2024-07,8.0,7.7,8.5,8.8,0
241,2024-08,8.8,7.2,6.8,8.4,0
241,2024-09,8.4,6.8,6.3,7.8,0
241,2024-10,7.8,5.9,7.2,9.1,0
241,2024-11,9.1,9.1,12.7,12.7,4
241,2024-12,12.7,9.2,6.7,10.2,0
241,2025-01,10.2,7.4,5.3,8.0,0
241,2025-02,8.0,6.8,7.3,8.6,0
241,2025-03,8.6,8.1,7.4,8.0,0
241,2025-04,8.0,8.0,7.9,7.9,4
241,2025-05,7.9,7.9,8.7,8.7,4
241,2025-06,8.7,5.8,5.9,8.8,0
241,2025-07,8.8,7.9,7.3,8.3,0
241,2025-08,8.3,5.9,5.5,7.8,0
241,2025-09,7.8,5.7,6.4,8.6,0
241,2025-10,8.6,6.6,6.1,8.1,0
241,2025-11,8.1,8.1,12.6,12.6,7
241,2025-12,12.6,10.0,7.4,9.9,0
242,2021-01,42.4,19.4,17.9,40.9,0
242,2021-02,40.9,29.2,30.6,42.3,0
242,2021-03,42.3,22.9,22.5,41.9,0
242,2021-04,41.9,28.0,28.5,42.3,0
242,2021-05,42.3,19.4,20.1,43.0,0
242,2021-06,43.0,23.1,22.3,42.3,0
242,2021-07,42.3,21.6,18.9,39.5,0
242,2021-08,39.5,14.2,15.0,40.3,0
242,2021-09,40.3,19.2,22.2,43.3,0
242,2021-10,43.3,21.0,18.7,41.1,0
242,2021-11,41.1,32.2,46.0,54.9,0
242,2021-12,54.9,27.9,23.5,50.5,0
242,2022-01,50.5,18.8,10.2,41.9,0
242,2022-02,41.9,21.7,22.6,42.8,0
242,2022-03,42.8,21.9,20.0,41.0,0
242,2022-04,41.0,24.9,24.4,40.5,0
242,2022-05,40.5,24.9,26.2,41.7,0
242,2022-06,41.7,24.9,24.8,41.6,0
242,2022-07,41.6,18.1,17.5,41.1,0
242,2022-08,41.1,15.2,14.9,40.8,0
242,2022-09,40.8,22.5,23.7,42.0,0
242,2022-10,42.0,18.3,18.3,42.0,0
242,2022-11,42.0,30.0,50.3,62.4,0
242,2022-12,62.4,29.1,19.6,52.8,0
242,2023-01,52.8,20.7,10.2,42.3,0
242,2023-02,42.3,25.1,22.1,39.2,0
242,2023-03,39.2,20.9,24.9,43.2,0
242,2023-04,43.2,22.6,21.1,41.8,0
242,2023-05,41.8,18.6,16.8,39.9,0
242,2023-06,39.9,17.9,21.3,43.3,0
242,2023-07,43.3,24.4,20.6,39.5,0
242,2023-08,39.5,19.9,20.1,39.7,0
242,2023-09,39.7,24.9,27.0,41.9,0
242,2023-10,41.9,27.0,25.7,40.6,0
242,2023-11,40.6,29.0,45.3,56.8,0
242,2023-12,56.8,30.2,24.4,51.1,0
242,2024-01,51.1,18.2,9.9,42.7,0
242,2024-02,42.7,24.0,22.9,41.6,0
242,2024-03,41.6,28.8,29.3,42.1,0
242,2024-04,42.1,14.7,15.8,43.1,0
242,2024-05,43.1,22.1,19.7,40.8,0
242,2024-06,40.8,21.2,22.8,42.3,0
242,2024-07,42.3,24.3,22.3,40.3,0
242,2024-08,40.3,24.7,25.1,40.7,0
242,2024-09,40.7,19.0,19.8,41.5,0
242,2024-10,41.5,19.4,20.5,42.7,0
242,2024-11,42.7,36.3,54.5,61.0,0
242,2024-12,61.0,23.6,14.0,51.4,0
242,2025-01,51.4,25.8,15.4,41.0,0
242,2025-02,41.0,23.2,22.6,40.4,0
242,2025-03,40.4,23.7,22.4,39.1,0
242,2025-04,39.1,22.3,22.7,39.5,0
242,2025-05,39.5,23.0,25.7,42.2,0
242,2025-06,42.2,19.6,18.5,41.0,0
242,2025-07,41.0,14.0,14.0,41.0,0
242,2025-08,41.0,20.5,20.6,41.0,0
242,2025-09,41.0,25.7,27.8,43.2,0
242,2025-10,43.2,33.5,31.2,40.9,0
242,2025-11,40.9,28.3,50.1,62.7,0
242,2025-12,62.7,30.1,17.6,50.2,0
243,2021-01,88.9,49.2,42.8,82.5,0
243,2021-02,82.5,39.3,44.4,87.6,0
243,2021-03,87.6,42.4,38.7,83.9,0
243,2021-04,83.9,41.9,39.9,82.0,0
243,2021-05,82.0,45.4,54.0,90.6,0
243,2021-06,90.6,42.8,42.4,90.2,0
243,2021-07,90.2,28.7,25.7,87.2,0
243,2021-08,87.2,39.1,38.8,86.8,0
243,2021-09,86.8,43.9,44.9,87.8,0
243,2021-10,87.8,37.1,38.6,89.3,0
243,2021-11,89.3,59.8,93.2,122.7,0
243,2021-12,122.7,51.4,34.1,105.3,0
243,2022-01,105.3,47.5,27.7,85.5,0
243,2022-02,85.5,30.8,30.9,85.6,0
243,2022-03,85.6,42.4,45.5,88.7,0
243,2022-04,88.7,33.4,35.1,90.4,0
243,2022-05,90.4,45.5,42.0,87.0,0
243,2022-06,87.0,50.1,48.0,84.9,0
243,2022-07,84.9,53.5,57.4,88.9,0
243,2022-08,88.9,54.4,50.5,85.0,0
243,2022-09,85.0,38.9,36.5,82.7,0
243,2022-10,82.7,40.8,46.5,88.3,0
243,2022-11,88.3,68.4,106.8,126.8,0
243,2022-12,126.8,52.1,33.7,108.4,0
243,2023-01,108.4,56.2,34.9,87.1,0
243,2023-02,87.1,50.8,47.4,83.7,0
243,2023-03,83.7,36.4,38.5,85.8,0
243,2023-04,85.8,44.7,48.2,89.3,0
243,2023-05,89.3,44.8,40.4,85.0,0
243,2023-06,85.0,48.5,50.7,87.2,0
243,2023-07,87.2,47.7,44.5,83.9,0
243,2023-08,83.9,51.6,54.4,86.8,0
243,2023-09,86.8,41.8,42.6,87.6,0
243,2023-10,87.6,50.0,44.6,82.3,0
243,2023-11,82.3,51.6,99.3,130.0,0
243,2023-12,130.0,48.0,30.5,112.5,0
243,2024-01,112.5,41.7,17.9,88.7,0
243,2024-02,88.7,31.8,27.9,84.8,0
243,2024-03,84.8,30.9,34.5,88.5,0
243,2024-04,88.5,30.5,26.4,84.3,0
243,2024-05,84.3,44.1,42.2,82.5,0
243,2024-06,82.5,41.7,44.6,85.4,0
243,2024-07,85.4,53.7,54.8,86.5,0
243,2024-08,86.5,42.4,41.3,85.4,0
243,2024-09,85.4,33.3,32.8,85.0,0
243,2024-10,85.0,22.2,26.6,89.4,0
243,2024-11,89.4,49.2,76.2,116.4,0
243,2024-12,116.4,52.9,47.5,111.0,0
243,2025-01,111.0,56.7,32.0,86.3,0
243,2025-02,86.3,52.2,55.5,89.6,0
243,2025-03,89.6,46.2,39.3,82.7,0
243,2025-04,82.7,38.2,40.6,85.2,0
243,2025-05,85.2,44.9,47.9,88.2,0
243,2025-06,88.2,39.0,39.7,88.9,0
243,2025-07,88.9,40.0,38.5,87.4,0
243,2025-08,87.4,45.7,43.3,85.0,0
243,2025-09,85.0,39.4,42.3,87.8,0
243,2025-10,87.8,38.6,37.0,86.2,0
243,2025-11,86.2,58.7,94.5,122.0,0
243,2025-12,122.0,64.9,52.5,109.6,0
244,2021-01,1.5,1.5,1.6,1.6,11
244,2021-02,1.6,1.6,1.5,1.5,10
244,2021-03,1.5,1.5,1.6,1.6,15
244,2021-04,1.6,1.6,1.4,1.4,15
244,2021-05,1.4,1.4,1.4,1.4,18
244,2021-06,1.4,1.4,1.5,1.5,11
244,2021-07,1.5,1.5,1.5,1.5,10
244,2021-08,1.5,1.5,1.6,1.6,10
244,2021-09,1.6,1.5,1.2,1.3,0
244,2021-10,1.3,1.3,1.6,1.6,15
244,2021-11,1.6,1.6,2.2,2.2,18
244,2021-12,2.2,2.2,1.7,1.7,13
244,2022-01,1.7,1.7,1.4,1.4,9
244,2022-02,1.4,1.4,1.5,1.5,13
244,2022-03,1.5,1.5,1.3,1.3,14
244,2022-04,1.3,1.3,1.5,1.5,15
244,2022-05,1.5,1.5,1.3,1.3,10
244,2022-06,1.3,1.3,1.4,1.4,17
244,2022-07,1.4,1.4,1.5,1.5,12
244,2022-08,1.5,1.5,1.4,1.4,8
244,2022-09,1.4,1.4,1.5,1.5,18
244,2022-10,1.5,1.5,1.4,1.4,10
244,2022-11,1.4,1.4,1.9,1.9,19
244,2022-12,1.9,1.9,1.8,1.8,14
244,2023-01,1.8,1.8,1.5,1.5,12
244,2023-02,1.5,1.5,1.3,1.3,11
244,2023-03,1.3,1.3,1.5,1.5,16
244,2023-04,1.5,1.5,1.5,1.5,15
244,2023-05,1.5,1.5,1.3,1.3,11
244,2023-06,1.3,1.3,1.6,1.6,9
244,2023-07,1.6,1.6,1.4,1.4,15
244,2023-08,1.4,1.4,1.6,1.6,17
244,2023-09,1.6,1.6,1.4,1.4,11
244,2023-10,1.4,1.4,1.6,1.6,12
244,2023-11,1.6,1.6,1.9,1.9,19
244,2023-12,1.9,1.9,1.7,1.7,16
244,2024-01,1.7,1.7,1.5,1.5,1
244,2024-02,1.5,1.5,1.5,1.5,12
244,2024-03,1.5,1.5,1.5,1.5,11
244,2024-04,1.5,1.5,1.3,1.3,18
244,2024-05,1.3,1.3,1.3,1.3,14
244,2024-06,1.3,1.3,1.4,1.4,14
244,2024-07,1.4,1.4,1.5,1.5,16
244,2024-08,1.5,1.5,1.3,1.3,7
244,2024-09,1.3,1.3,1.6,1.6,15
244,2024-10,1.6,1.6,1.4,1.4,15
244,2024-11,1.4,1.4,2.1,2.1,18
244,2024-12,2.1,2.1,1.7,1.7,9
244,2025-01,1.7,1.7,1.6,1.6,13
244,2025-02,1.6,1.6,1.4,1.4,16
244,2025-03,1.4,1.4,1.3,1.3,14
244,2025-04,1.3,1.3,1.5,1.5,12
244,2025-05,1.5,1.5,1.4,1.4,12
244,2025-06,1.4,1.4,1.3,1.3,17
244,2025-07,1.3,1.3,1.4,1.4,18
244,2025-08,1.4,1.4,1.3,1.3,14
244,2025-09,1.3,1.3,1.3,1.3,10
244,2025-10,1.3,1.3,1.3,1.3,16
244,2025-11,1.3,1.3,2.1,2.1,22
244,2025-12,2.1,2.1,1.9,1.9,15
245,2021-01,47.8,12.4,12.2,47.7,0
245,2021-02,47.7,8.4,7.6,46.9,0
245,2021-03,46.9,9.7,10.5,47.8,0
245,2021-04,47.8,11.6,10.3,46.4,0
245,2021-05,46.4,10.6,10.7,46.5,0
245,2021-06,46.5,8.6,9.8,47.7,0
245,2021-07,47.7,12.6,11.1,46.2,0
245,2021-08,46.2,8.8,8.9,46.4,0
245,2021-09,46.4,10.6,12.1,47.9,0
245,2021-10,47.9,8.9,7.7,46.7,0
245,2021-11,46.7,14.1,33.9,66.5,0
245,2021-12,66.5,12.4,5.2,59.3,0
245,2022-01,59.3,7.8,0.0,51.5,0
245,2022-02,51.5,6.7,2.9,47.8,0
245,2022-03,47.8,9.9,8.8,46.7,0
245,2022-04,46.7,8.3,9.1,47.5,0
245,2022-05,47.5,9.8,10.5,48.3,0
245,2022-06,48.3,12.6,12.6,48.2,0
245,2022-07,48.2,10.6,9.3,46.9,0
245,2022-08,46.9,10.5,11.3,47.7,0
245,2022-09,47.7,10.6,10.6,47.6,0
245,2022-10,47.6,9.4,9.7,48.0,0
245,2022-11,48.0,14.2,34.6,68.4,0
245,2022-12,68.4,12.0,3.2,59.5,0
245,2023-01,59.5,13.7,1.9,47.8,0
245,2023-02,47.8,14.8,13.6,46.6,0
245,2023-03,46.6,9.2,8.9,46.4,0
245,2023-04,46.4,13.2,12.6,45.8,0
245,2023-05,45.8,10.6,11.2,46.4,0
245,2023-06,46.4,11.0,11.6,47.0,0
245,2023-07,47.0,16.5,16.6,47.2,0
245,2023-08,47.2,9.6,8.8,46.4,0
245,2023-09,46.4,10.5,10.5,46.4,0
245,2023-10,46.4,11.6,12.0,46.8,0
245,2023-11,46.8,18.3,39.4,67.9,0
245,2023-12,67.9,11.1,3.0,59.7,0
245,2024-01,59.7,6.9,0.0,52.8,0
245,2024-02,52.8,11.2,6.5,48.0,0
245,2024-03,48.0,9.6,8.9,47.4,0
245,2024-04,47.4,9.3,9.8,47.8,0
245,2024-05,47.8,9.3,9.3,47.9,0
245,2024-06,47.9,9.3,9.2,47.8,0
245,2024-07,47.8,9.0,9.0,47.7,0
245,2024-08,47.7,13.4,12.4,46.8,0
245,2024-09,46.8,10.7,11.6,47.7,0
245,2024-10,47.7,7.5,6.5,46.7,0
245,2024-11,46.7,12.1,29.7,64.3,0
245,2024-12,64.3,12.8,8.3,59.8,0
245,2025-01,59.8,10.1,0.0,49.6,0
245,2025-02,49.6,5.4,3.1,47.3,0
245,2025-03,47.3,11.0,11.0,47.3,0
245,2025-04,47.3,9.2,10.0,48.1,0
245,2025-05,48.1,10.6,9.5,47.0,0
245,2025-06,47.0,12.8,13.1,47.3,0
245,2025-07,47.3,11.0,11.9,48.2,0
245,2025-08,48.2,9.5,7.9,46.5,0
245,2025-09,46.5,8.9,9.3,46.9,0
245,2025-10,46.9,8.5,9.1,47.6,0
245,2025-11,47.6,17.4,34.6,64.8,0
245,2025-12,64.8,13.2,7.2,58.8,0
246,2021-01,74.5,33.9,35.0,75.6,0
246,2021-02,75.6,34.4,30.9,72.0,0
246,2021-03,72.0,38.7,41.5,74.9,0
246,2021-04,74.9,48.0,47.5,74.3,0
246,2021-05,74.3,43.2,41.5,72.6,0
246,2021-06,72.6,47.1,50.8,76.4,0
246,2021-07,76.4,41.7,34.6,69.3,0
246,2021-08,69.3,47.6,48.5,70.2,0
246,2021-09,70.2,43.5,47.8,74.5,0
246,2021-10,74.5,53.5,50.1,71.1,0
246,2021-11,71.1,61.2,101.4,111.4,0
246,2021-12,111.4,60.2,41.8,93.0,0
246,2022-01,93.0,47.3,25.5,71.2,0
246,2022-02,71.2,46.6,42.7,67.3,0
246,2022-03,67.3,28.4,35.1,74.0,0
246,2022-04,74.0,45.3,39.3,67.9,0
246,2022-05,67.9,43.5,46.3,70.7,0
246,2022-06,70.7,31.7,32.5,71.6,0
246,2022-07,71.6,35.7,34.8,70.7,0
246,2022-08,70.7,37.9,38.8,71.5,0
246,2022-09,71.5,35.2,33.8,70.1,0
246,2022-10,70.1,56.3,57.6,71.4,0
246,2022-11,71.4,59.2,93.7,105.9,0
246,2022-12,105.9,39.2,27.6,94.2,0
246,2023-01,94.2,47.4,26.0,72.8,0
246,2023-02,72.8,40.0,43.5,76.3,0
246,2023-03,76.3,64.5,54.2,66.0,0
246,2023-04,66.0,33.7,38.5,70.9,0
246,2023-05,70.9,48.4,45.3,67.8,0
246,2023-06,67.8,41.2,47.7,74.2,0
246,2023-07,74.2,44.8,47.0,76.5,0
246,2023-08,76.5,48.6,42.8,70.7,0
246,2023-09,70.7,53.6,54.6,71.7,0
246,2023-10,71.7,27.2,29.6,74.1,0
246,2023-11,74.1,66.8,97.8,105.2,0
246,2023-12,105.2,55.1,38.0,88.1,0
246,2024-01,88.1,59.5,42.4,71.0,0
246,2024-02,71.0,49.7,50.4,71.7,0
246,2024-03,71.7,28.2,27.7,71.2,0
246,2024-04,71.2,48.1,44.1,67.2,0
246,2024-05,67.2,40.2,49.0,75.9,0
246,2024-06,75.9,36.2,30.4,70.1,0
246,2024-07,70.1,42.5,45.0,72.5,0
246,2024-08,72.5,31.6,28.7,69.6,0
246,2024-09,69.6,32.3,33.8,71.1,0
246,2024-10,71.1,29.1,30.0,71.9,0
246,2024-11,71.9,68.7,100.5,103.7,0
246,2024-12,103.7,62.0,48.5,90.1,0
246,2025-01,90.1,39.5,20.8,71.5,0
246,2025-02,71.5,38.1,40.2,73.6,0
246,2025-03,73.6,40.1,41.4,74.8,0
246,2025-04,74.8,55.0,46.5,66.4,0
246,2025-05,66.4,38.4,40.6,68.6,0
246,2025-06,68.6,33.0,34.1,69.8,0
246,2025-07,69.8,46.0,50.3,74.1,0
246,2025-08,74.1,32.0,31.3,73.5,0
246,2025-09,73.5,32.3,29.5,70.8,0
246,2025-10,70.8,50.7,50.5,70.5,0
246,2025-11,70.5,63.2,87.9,95.3,0
246,2025-12,95.3,48.1,44.0,91.3,0
247,2021-01,24.9,15.8,16.0,25.1,0
247,2021-02,25.1,14.8,13.8,24.1,0
247,2021-03,24.1,15.3,14.4,23.3,0
247,2021-04,23.3,19.1,18.1,22.3,0
247,2021-05,22.3,18.0,21.0,25.3,0
247,2021-06,25.3,11.3,10.2,24.2,0
247,2021-07,24.2,17.5,17.9,24.5,0
247,2021-08,24.5,10.4,10.1,24.3,0
247,2021-09,24.3,20.0,19.0,23.3,0
247,2021-10,23.3,20.6,23.3,25.9,0
247,2021-11,25.9,24.3,34.2,35.8,0
247,2021-12,35.8,17.7,12.1,30.1,0
247,2022-01,30.1,15.7,10.4,24.8,0
247,2022-02,24.8,15.5,16.2,25.5,0
247,2022-03,25.5,19.3,16.7,22.9,0
247,2022-04,22.9,19.8,19.6,22.8,0
247,2022-05,22.8,17.5,16.7,22.1,0
247,2022-06,22.1,14.1,16.4,24.3,0
247,2022-07,24.3,21.9,20.5,23.0,0
247,2022-08,23.0,18.4,20.8,25.5,0
247,2022-09,25.5,13.1,10.8,23.1,0
247,2022-10,23.1,15.0,16.1,24.2,0
247,2022-11,24.2,24.2,35.6,35.6,5
247,2022-12,35.6,18.2,12.8,30.2,0
247,2023-01,30.2,19.1,13.3,24.4,0
247,2023-02,24.4,15.0,15.1,24.6,0
247,2023-03,24.6,19.4,17.7,22.8,0
247,2023-04,22.8,16.3,16.2,22.7,0
247,2023-05,22.7,18.8,21.3,25.3,0
247,2023-06,25.3,12.4,12.4,25.3,0
247,2023-07,25.3,14.9,12.9,23.2,0
247,2023-08,23.2,18.0,20.4,25.6,0
247,2023-09,25.6,17.4,15.5,23.6,0
247,2023-10,23.6,22.3,21.6,22.9,0
247,2023-11,22.9,22.9,37.8,37.8,2
247,2023-12,37.8,19.0,11.0,29.9,0
247,2024-01,29.9,16.1,10.0,23.7,0
247,2024-02,23.7,9.6,10.2,24.3,0
247,2024-03,24.3,15.5,16.2,25.0,0
247,2024-04,25.0,17.8,17.8,25.1,0
247,2024-05,25.1,18.5,19.3,25.8,0
247,2024-06,25.8,18.9,17.0,23.9,0
247,2024-07,23.9,15.9,16.2,24.2,0
247,2024-08,24.2,18.1,17.7,23.8,0
247,2024-09,23.8,16.7,15.9,22.9,0
247,2024-10,22.9,13.8,14.2,23.3,0
247,2024-11,23.3,22.4,31.0,32.0,0
247,2024-12,32.0,20.6,17.5,28.9,0
247,2025-01,28.9,13.8,9.7,24.8,0
247,2025-02,24.8,18.1,16.1,22.8,0
247,2025-03,22.8,15.4,16.7,24.1,0
247,2025-04,24.1,14.9,14.0,23.1,0
247,2025-05,23.1,15.0,15.0,23.2,0
247,2025-06,23.2,22.1,24.7,25.7,0
247,2025-07,25.7,19.4,16.1,22.4,0
247,2025-08,22.4,16.2,17.8,24.0,0
247,2025-09,24.0,17.1,15.4,22.3,0
247,2025-10,22.3,14.1,16.9,25.1,0
247,2025-11,25.1,24.4,37.0,37.7,0
247,2025-12,37.7,18.5,12.3,31.6,0
248,2021-01,35.0,12.3,11.0,33.7,0
248,2021-02,33.7,12.1,12.9,34.4,0
248,2021-03,34.4,19.5,19.1,34.0,0
248,2021-04,34.0,22.6,22.4,33.9,0
248,2021-05,33.9,22.5,23.3,34.8,0
248,2021-06,34.8,11.4,11.6,35.0,0
248,2021-07,35.0,13.7,13.5,34.8,0
248,2021-08,34.8,23.4,23.5,34.9,0
248,2021-09,34.9,20.2,19.8,34.5,0
248,2021-10,34.5,14.3,14.7,34.9,0
248,2021-11,34.9,28.4,39.5,46.1,0
248,2021-12,46.1,19.3,17.6,44.5,0
248,2022-01,44.5,17.3,7.8,34.9,0
248,2022-02,34.9,18.9,17.0,33.0,0
248,2022-03,33.0,21.7,24.8,36.0,0
248,2022-04,36.0,19.8,17.9,34.1,0
248,2022-05,34.1,19.9,19.3,33.6,0
248,2022-06,33.6,20.9,20.4,33.1,0
248,2022-07,33.1,23.2,24.6,34.4,0
248,2022-08,34.4,27.0,23.8,31.3,0
248,2022-09,31.3,16.0,19.1,34.3,0
248,2022-10,34.3,19.1,18.8,34.0,0
248,2022-11,34.0,25.9,39.7,47.8,0
248,2022-12,47.8,24.4,17.9,41.4,0
248,2023-01,41.4,16.3,9.7,34.8,0
248,2023-02,34.8,15.0,15.1,35.0,0
248,2023-03,35.0,17.0,15.2,33.2,0
248,2023-04,33.2,15.2,15.2,33.2,0
248,2023-05,33.2,18.8,18.0,32.4,0
248,2023-06,32.4,11.6,12.2,32.9,0
248,2023-07,32.9,19.2,18.2,31.9,0
248,2023-08,31.9,19.8,23.9,36.1,0
248,2023-09,36.1,16.3,15.9,35.7,0
248,2023-10,35.7,20.9,18.4,33.2,0
248,2023-11,33.2,28.0,43.5,48.7,0
248,2023-12,48.7,30.9,27.1,45.0,0
248,2024-01,45.0,24.4,13.2,33.7,0
248,2024-02,33.7,19.6,19.9,34.0,0
248,2024-03,34.0,15.4,16.4,35.0,0
248,2024-04,35.0,19.4,18.1,33.7,0
248,2024-05,33.7,14.7,15.0,34.0,0
248,2024-06,34.0,18.1,18.9,34.8,0
248,2024-07,34.8,14.0,13.9,34.7,0
248,2024-08,34.7,22.9,23.3,35.1,0
248,2024-09,35.1,23.9,23.3,34.6,0
248,2024-10,34.6,17.4,16.4,33.6,0
248,2024-11,33.6,23.4,41.5,51.8,0
248,2024-12,51.8,23.1,15.6,44.3,0
248,2025-01,44.3,18.0,8.5,34.8,0
248,2025-02,34.8,12.2,10.7,33.2,0
248,2025-03,33.2,19.5,18.8,32.6,0
248,2025-04,32.6,20.1,19.8,32.3,0
248,2025-05,32.3,17.8,18.5,33.0,0
248,2025-06,33.0,15.9,18.2,35.3,0
248,2025-07,35.3,19.3,18.0,34.1,0
248,2025-08,34.1,19.6,17.9,32.4,0
248,2025-09,32.4,14.8,17.8,35.4,0
248,2025-10,35.4,20.7,17.5,32.3,0
248,2025-11,32.3,28.4,44.1,47.9,0
248,2025-12,47.9,27.3,22.8,43.5,0
249,2021-01,28.9,19.9,18.1,27.1,0
249,2021-02,27.1,13.1,14.1,28.2,0
249,2021-03,28.2,19.4,17.8,26.6,0
249,2021-04,26.6,16.2,16.8,27.3,0
249,2021-05,27.3,19.6,20.7,28.4,0
249,2021-06,28.4,16.4,16.9,28.9,0
249,2021-07,28.9,28.9,29.7,29.7,0
249,2021-08,29.7,14.9,13.7,28.5,0
249,2021-09,28.5,21.7,23.1,29.9,0
249,2021-10,29.9,15.1,13.6,28.4,0
249,2021-11,28.4,28.4,43.8,43.8,2
249,2021-12,43.8,20.4,12.7,36.1,0
249,2022-01,36.1,9.1,1.9,28.9,0
249,2022-02,28.9,18.1,16.8,27.7,0
249,2022-03,27.7,21.7,21.5,27.4,0
249,2022-04,27.4,19.1,20.5,28.8,0
249,2022-05,28.8,20.3,19.6,28.2,0
249,2022-06,28.2,9.1,9.7,28.7,0
249,2022-07,28.7,19.3,19.4,28.9,0
249,2022-08,28.9,18.3,18.4,29.0,0
249,2022-09,29.0,18.6,18.6,29.1,0
249,2022-10,29.1,17.9,15.4,26.7,0
249,2022-11,26.7,25.4,40.1,41.4,0
249,2022-12,41.4,19.6,15.0,36.8,0
249,2023-01,36.8,17.7,9.1,28.2,0
249,2023-02,28.2,22.9,20.8,26.1,0
249,2023-03,26.1,14.9,17.9,29.1,0
249,2023-04,29.1,21.3,18.6,26.3,0
249,2023-05,26.3,22.1,25.6,29.8,0
249,2023-06,29.8,16.7,14.5,27.7,0
249,2023-07,27.7,15.1,16.7,29.3,0
249,2023-08,29.3,16.1,13.8,27.0,0
249,2023-09,27.0,20.7,22.7,29.0,0
249,2023-10,29.0,16.3,15.3,28.0,0
249,2023-11,28.0,27.6,38.5,38.9,0
249,2023-12,38.9,21.2,19.3,37.0,0
249,2024-01,37.0,22.4,12.6,27.3,0
249,2024-02,27.3,22.2,24.6,29.6,0
249,2024-03,29.6,17.4,16.0,28.3,0
249,2024-04,28.3,16.2,17.3,29.4,0
249,2024-05,29.4,22.4,22.1,29.1,0
249,2024-06,29.1,13.8,12.4,27.7,0
249,2024-07,27.7,19.0,19.2,27.9,0
249,2024-08,27.9,18.3,19.6,29.1,0
249,2024-09,29.1,16.4,14.9,27.6,0
249,2024-10,27.6,19.4,20.5,28.8,0
249,2024-11,28.8,26.0,36.1,38.8,0
249,2024-12,38.8,24.7,20.4,34.6,0
249,2025-01,34.6,14.3,8.6,29.0,0
249,2025-02,29.0,20.2,19.3,28.1,0
249,2025-03,28.1,19.7,20.8,29.1,0
249,2025-04,29.1,14.8,14.2,28.5,0
249,2025-05,28.5,21.9,19.5,26.1,0
249,2025-06,26.1,18.9,19.8,27.0,0
249,2025-07,27.0,15.9,16.4,27.5,0
249,2025-08,27.5,16.8,18.7,29.3,0
249,2025-09,29.3,21.0,20.7,29.0,0
249,2025-10,29.0,13.6,14.0,29.4,0
249,2025-11,29.4,28.1,38.1,39.5,0
249,2025-12,39.5,25.4,19.1,33.3,0
250,2021-01,86.9,16.5,15.7,86.2,0
250,2021-02,86.2,15.3,14.2,85.1,0
250,2021-03,85.1,12.0,14.3,87.4,0
250,2021-04,87.4,17.4,17.1,87.1,0
250,2021-05,87.1,13.2,11.8,85.7,0
250,2021-06,85.7,15.6,15.5,85.6,0
250,2021-07,85.6,18.7,18.9,85.8,0
250,2021-08,85.8,17.9,17.8,85.7,0
250,2021-09,85.7,16.2,17.3,86.8,0
250,2021-10,86.8,21.8,20.1,85.1,0
250,2021-11,85.1,27.7,64.5,121.8,0
250,2021-12,121.8,21.0,7.3,108.1,0
250,2022-01,108.1,17.1,0.0,91.0,0
250,2022-02,91.0,16.8,11.0,85.2,0
250,2022-03,85.2,13.4,14.8,86.6,0
250,2022-04,86.6,7.2,6.6,85.9,0
250,2022-05,85.9,13.7,13.2,85.5,0
250,2022-06,85.5,16.3,16.1,85.3,0
250,2022-07,85.3,16.0,16.5,85.8,0
250,2022-08,85.8,17.2,17.6,86.2,0
250,2022-09,86.2,16.5,15.9,85.6,0
250,2022-10,85.6,16.0,17.7,87.3,0
250,2022-11,87.3,23.8,56.8,120.3,0
250,2022-12,120.3,27.5,14.3,107.0,0
250,2023-01,107.0,18.6,0.0,88.4,0
250,2023-02,88.4,21.5,19.1,86.1,0
250,2023-03,86.1,16.4,17.2,86.9,0
250,2023-04,86.9,19.7,19.8,87.1,0
250,2023-05,87.1,15.0,13.0,85.0,0
250,2023-06,85.0,19.1,21.5,87.4,0
250,2023-07,87.4,19.4,18.4,86.5,0
250,2023-08,86.5,19.8,18.8,85.5,0
250,2023-09,85.5,16.7,15.5,84.2,0
250,2023-10,84.2,11.1,12.5,85.7,0
250,2023-11,85.7,30.6,62.8,117.9,0
250,2023-12,117.9,18.9,9.0,107.9,0
250,2024-01,107.9,17.7,0.0,90.2,0
250,2024-02,90.2,9.1,5.4,86.6,0
250,2024-03,86.6,15.5,14.9,86.0,0
250,2024-04,86.0,18.1,17.2,85.1,0
250,2024-05,85.1,19.3,20.0,85.8,0
250,2024-06,85.8,15.7,16.7,86.8,0
250,2024-07,86.8,25.1,24.7,86.5,0
250,2024-08,86.5,13.6,12.0,84.8,0
250,2024-09,84.8,17.5,17.8,85.1,0
250,2024-10,85.1,18.5,18.2,84.8,0
250,2024-11,84.8,30.2,72.7,127.3,0
250,2024-12,127.3,18.1,0.0,109.2,0
250,2025-01,109.2,17.4,0.0,91.8,0
250,2025-02,91.8,20.6,13.5,84.8,0
250,2025-03,84.8,17.7,17.4,84.5,0
250,2025-04,84.5,19.8,19.9,84.5,0
250,2025-05,84.5,13.2,14.2,85.5,0
250,2025-06,85.5,13.8,13.9,85.5,0
250,2025-07,85.5,9.4,10.2,86.4,0
250,2025-08,86.4,14.8,13.6,85.2,0
250,2025-09,85.2,19.8,20.8,86.2,0
250,2025-10,86.2,12.0,12.8,86.9,0
250,2025-11,86.9,25.3,67.4,129.0,0
250,2025-12,129.0,22.5,2.0,108.5,0
251,2021-01,50.4,30.7,31.7,51.5,0
251,2021-02,51.5,39.3,39.6,51.7,0
251,2021-03,51.7,25.8,24.2,50.1,0
251,2021-04,50.1,28.5,29.0,50.5,0
251,2021-05,50.5,23.8,23.4,50.1,0
251,2021-06,50.1,36.4,31.8,45.4,0
251,2021-07,45.4,36.9,38.4,46.9,0
251,2021-08,46.9,32.7,30.8,45.0,0
251,2021-09,45.0,35.6,36.1,45.5,0
251,2021-10,45.5,28.8,31.4,48.1,0
251,2021-11,48.1,42.5,67.8,73.4,0
251,2021-12,73.4,40.2,29.3,62.5,0
251,2022-01,62.5,28.3,15.6,49.7,0
251,2022-02,49.7,17.9,18.4,50.2,0
251,2022-03,50.2,22.3,21.4,49.3,0
251,2022-04,49.3,25.6,24.2,48.0,0
251,2022-05,48.0,28.1,28.6,48.6,0
251,2022-06,48.6,28.5,31.0,51.0,0
251,2022-07,51.0,36.7,37.7,52.1,0
251,2022-08,52.1,34.5,28.5,46.0,0
251,2022-09,46.0,38.5,44.0,51.5,0
251,2022-10,51.5,33.3,31.8,50.0,0
251,2022-11,50.0,42.4,63.3,70.9,0
251,2022-12,70.9,37.3,27.2,60.8,0
251,2023-01,60.8,30.5,17.3,47.6,0
251,2023-02,47.6,29.8,30.4,48.2,0
251,2023-03,48.2,28.4,31.6,51.5,0
251,2023-04,51.5,32.5,28.7,47.7,0
251,2023-05,47.7,27.9,30.6,50.5,0
251,2023-06,50.5,20.5,19.2,49.2,0
251,2023-07,49.2,37.5,33.3,45.0,0
251,2023-08,45.0,41.8,48.6,51.8,0
251,2023-09,51.8,26.4,26.0,51.3,0
251,2023-10,51.3,30.9,26.6,47.0,0
251,2023-11,47.0,43.6,66.2,69.6,0
251,2023-12,69.6,39.6,33.5,63.4,0
251,2024-01,63.4,21.0,7.2,49.6,0
251,2024-02,49.6,22.1,19.9,47.4,0
251,2024-03,47.4,36.5,40.4,51.4,0
251,2024-04,51.4,26.0,26.3,51.7,0
251,2024-05,51.7,22.4,18.3,47.5,0
251,2024-06,47.5,28.0,26.9,46.4,0
251,2024-07,46.4,32.5,33.8,47.7,0
251,2024-08,47.7,26.4,26.1,47.4,0
251,2024-09,47.4,23.4,23.2,47.2,0
251,2024-10,47.2,25.7,27.3,48.9,0
251,2024-11,48.9,31.1,56.7,74.4,0
251,2024-12,74.4,35.3,23.8,62.9,0
251,2025-01,62.9,28.9,16.9,50.8,0
251,2025-02,50.8,34.2,28.9,45.5,0
251,2025-03,45.5,35.7,37.4,47.2,0
251,2025-04,47.2,27.2,30.5,50.5,0
251,2025-05,50.5,22.7,20.7,48.6,0
251,2025-06,48.6,23.8,22.7,47.5,0
251,2025-07,47.5,25.8,28.1,49.8,0
251,2025-08,49.8,33.4,33.5,49.9,0
251,2025-09,49.9,34.5,32.5,47.8,0
251,2025-10,47.8,34.5,32.0,45.4,0
251,2025-11,45.4,37.6,58.8,66.5,0
251,2025-12,66.5,41.9,40.0,64.6,0
252,2021-01,4.7,4.7,4.8,4.8,17
252,2021-02,4.8,4.8,4.6,4.6,16
252,2021-03,4.6,4.6,4.7,4.7,22
252,2021-04,4.7,4.7,4.5,4.5,20
252,2021-05,4.5,4.5,4.6,4.6,16
252,2021-06,4.6,4.6,4.7,4.7,18
252,2021-07,4.7,4.7,4.3,4.3,21
252,2021-08,4.3,4.3,4.8,4.8,21
252,2021-09,4.8,4.8,4.1,4.1,22
252,2021-10,4.1,4.1,4.7,4.7,22
252,2021-11,4.7,4.7,6.6,6.6,22
252,2021-12,6.6,6.6,5.5,5.5,18
252,2022-01,5.5,5.5,4.1,4.1,19
252,2022-02,4.1,4.1,4.5,4.5,18
252,2022-03,4.5,4.5,4.9,4.9,17
252,2022-04,4.9,4.9,4.3,4.3,19
252,2022-05,4.3,4.3,4.2,4.2,20
252,2022-06,4.2,4.2,4.7,4.7,20
252,2022-07,4.7,4.7,4.2,4.2,15
252,2022-08,4.2,4.2,4.3,4.3,22
252,2022-09,4.3,4.3,4.2,4.2,18
252,2022-10,4.2,4.2,4.9,4.9,20
252,2022-11,4.9,4.9,6.3,6.3,22
252,2022-12,6.3,6.3,5.9,5.9,19
252,2023-01,5.9,5.9,4.8,4.8,20
252,2023-02,4.8,4.8,4.4,4.4,7
252,2023-03,4.4,4.4,4.7,4.7,21
252,2023-04,4.7,4.7,4.6,4.6,20
252,2023-05,4.6,4.6,4.9,4.9,22
252,2023-06,4.9,4.9,4.9,4.9,21
252,2023-07,4.9,4.9,4.8,4.8,18
252,2023-08,4.8,4.8,4.2,4.2,21
252,2023-09,4.2,4.2,4.2,4.2,22
252,2023-10,4.2,4.2,4.2,4.2,17
252,2023-11,4.2,4.2,7.0,7.0,23
252,2023-12,7.0,7.0,5.7,5.7,19
252,2024-01,5.7,5.7,5.0,5.0,12
252,2024-02,5.0,5.0,4.5,4.5,18
252,2024-03,4.5,4.5,4.1,4.1,20
252,2024-04,4.1,4.1,4.9,4.9,22
252,2024-05,4.9,4.9,4.9,4.9,21
252,2024-06,4.9,4.9,4.3,4.3,21
252,2024-07,4.3,4.3,4.5,4.5,22
252,2024-08,4.5,4.5,4.2,4.2,21
252,2024-09,4.2,4.2,4.6,4.6,21
252,2024-10,4.6,4.6,4.2,4.2,16
252,2024-11,4.2,4.2,7.1,7.1,24
252,2024-12,7.1,7.1,5.3,5.3,16
252,2025-01,5.3,5.3,4.8,4.8,16
252,2025-02,4.8,4.8,4.2,4.2,21
252,2025-03,4.2,4.2,4.6,4.6,19
252,2025-04,4.6,4.6,4.1,4.1,22
252,2025-05,4.1,4.1,4.2,4.2,20
252,2025-06,4.2,4.2,4.6,4.6,19
252,2025-07,4.6,4.6,4.0,4.0,15
252,2025-08,4.0,4.0,4.6,4.6,20
252,2025-09,4.6,4.6,4.8,4.8,19
252,2025-10,4.8,4.8,4.8,4.8,19
252,2025-11,4.8,4.8,6.4,6.4,24
252,2025-12,6.4,6.4,5.5,5.5,18
253,2021-01,28.7,16.4,14.1,26.5,0
253,2021-02,26.5,18.6,20.0,27.9,0
253,2021-03,27.9,23.1,22.6,27.5,0
253,2021-04,27.5,18.9,21.0,29.6,0
253,2021-05,29.6,21.4,18.3,26.6,0
253,2021-06,26.6,26.6,26.5,26.5,3
253,2021-07,26.5,21.0,22.2,27.7,0
253,2021-08,27.7,20.8,21.5,28.4,0
253,2021-09,28.4,18.3,17.1,27.2,0
253,2021-10,27.2,18.4,20.0,28.9,0
253,2021-11,28.9,28.9,42.6,42.6,6
253,2021-12,42.6,22.6,16.4,36.5,0
253,2022-01,36.5,24.0,16.8,29.3,0
253,2022-02,29.3,21.2,18.6,26.7,0
253,2022-03,26.7,23.1,25.7,29.2,0
253,2022-04,29.2,16.1,14.6,27.7,0
253,2022-05,27.7,24.4,26.4,29.7,0
253,2022-06,29.7,21.9,18.1,25.9,0
253,2022-07,25.9,22.4,21.5,25.0,0
253,2022-08,25.0,15.3,19.8,29.5,0
253,2022-09,29.5,24.0,21.4,27.0,0
253,2022-10,27.0,23.8,24.7,27.8,0
253,2022-11,27.8,22.5,35.9,41.2,0
253,2022-12,41.2,25.9,21.2,36.5,0
253,2023-01,36.5,27.8,20.5,29.1,0
253,2023-02,29.1,23.5,23.1,28.7,0
253,2023-03,28.7,23.4,24.1,29.4,0
253,2023-04,29.4,26.6,26.3,29.1,0
253,2023-05,29.1,25.4,25.7,29.4,0
253,2023-06,29.4,21.1,17.8,26.1,0
253,2023-07,26.1,23.4,24.0,26.7,0
253,2023-08,26.7,17.4,16.5,25.9,0
253,2023-09,25.9,21.3,21.7,26.3,0
253,2023-10,26.3,19.1,19.4,26.6,0
253,2023-11,26.6,26.6,40.6,40.6,10
253,2023-12,40.6,24.0,20.1,36.8,0
253,2024-01,36.8,19.6,10.1,27.2,0
253,2024-02,27.2,24.2,25.5,28.6,0
253,2024-03,28.6,23.8,22.0,26.8,0
253,2024-04,26.8,14.9,14.7,26.6,0
253,2024-05,26.6,23.0,22.7,26.3,0
253,2024-06,26.3,17.5,19.9,28.8,0
253,2024-07,28.8,20.2,19.2,27.8,0
253,2024-08,27.8,18.7,18.5,27.6,0
253,2024-09,27.6,19.7,21.1,29.0,0
253,2024-10,29.0,22.6,19.5,26.0,0
253,2024-11,26.0,26.0,42.3,42.3,8
253,2024-12,42.3,26.1,20.5,36.7,0
253,2025-01,36.7,30.6,20.6,26.7,0
253,2025-02,26.7,24.6,23.5,25.7,0
253,2025-03,25.7,18.1,19.4,27.0,0
253,2025-04,27.0,23.9,22.1,25.3,0
253,2025-05,25.3,16.0,18.3,27.5,0
253,2025-06,27.5,20.1,21.0,28.5,0
253,2025-07,28.5,18.5,19.0,28.9,0
253,2025-08,28.9,19.0,16.8,26.7,0
253,2025-09,26.7,22.6,22.6,26.8,0
253,2025-10,26.8,17.9,18.2,27.1,0
253,2025-11,27.1,27.1,37.3,37.3,8
253,2025-12,37.3,26.4,24.7,35.6,0
254,2021-01,13.4,8.7,8.1,12.8,0
254,2021-02,12.8,11.0,10.8,12.6,0
254,2021-03,12.6,9.7,9.1,11.9,0
254,2021-04,11.9,10.6,10.8,12.1,0
254,2021-05,12.1,8.6,10.2,13.7,0
254,2021-06,13.7,10.1,8.5,12.1,0
254,2021-07,12.1,9.8,11.6,13.9,0
254,2021-08,13.9,10.0,9.2,13.1,0
254,2021-09,13.1,12.2,12.4,13.3,0
254,2021-10,13.3,7.4,7.6,13.6,0
254,2021-11,13.6,13.6,18.6,18.6,3
254,2021-12,18.6,12.5,10.8,16.9,0
254,2022-01,16.9,6.3,3.0,13.5,0
254,2022-02,13.5,7.4,6.7,12.8,0
254,2022-03,12.8,10.4,10.0,12.4,0
254,2022-04,12.4,8.1,8.2,12.5,0
254,2022-05,12.5,12.5,11.4,11.4,0
254,2022-06,11.4,10.1,11.0,12.4,0
254,2022-07,12.4,12.4,13.1,13.1,1
254,2022-08,13.1,8.7,8.6,13.1,0
254,2022-09,13.1,8.8,9.1,13.4,0
254,2022-10,13.4,6.9,6.7,13.2,0
254,2022-11,13.2,13.2,19.7,19.7,4
254,2022-12,19.7,13.2,8.9,15.3,0
254,2023-01,15.3,11.1,9.5,13.7,0
254,2023-02,13.7,11.8,10.7,12.6,0
254,2023-03,12.6,9.2,9.7,13.1,0
254,2023-04,13.1,7.8,7.8,13.1,0
254,2023-05,13.1,7.6,7.4,12.9,0
254,2023-06,12.9,12.0,13.0,13.9,0
254,2023-07,13.9,9.0,7.6,12.5,0
254,2023-08,12.5,8.5,8.5,12.5,0
254,2023-09,12.5,12.5,11.8,11.8,0
254,2023-10,11.8,11.5,12.7,12.9,0
254,2023-11,12.9,11.7,15.8,16.9,0
254,2023-12,16.9,14.7,13.9,16.1,0
254,2024-01,16.1,9.7,6.9,13.3,0
254,2024-02,13.3,10.9,10.5,12.9,0
254,2024-03,12.9,10.7,11.6,13.8,0
254,2024-04,13.8,8.2,7.1,12.7,0
254,2024-05,12.7,9.0,9.5,13.2,0
254,2024-06,13.2,10.2,8.9,12.0,0
254,2024-07,12.0,10.3,11.2,12.8,0
254,2024-08,12.8,12.2,13.3,13.9,0
254,2024-09,13.9,9.8,9.3,13.4,0
254,2024-10,13.4,9.3,9.0,13.1,0
254,2024-11,13.1,13.1,18.1,18.1,4
254,2024-12,18.1,9.0,6.8,16.0,0
254,2025-01,16.0,11.8,8.5,12.6,0
254,2025-02,12.6,8.2,8.2,12.6,0
254,2025-03,12.6,7.3,7.4,12.7,0
254,2025-04,12.7,10.2,10.6,13.2,0
254,2025-05,13.2,8.4,8.1,12.9,0
254,2025-06,12.9,9.1,9.5,13.3,0
254,2025-07,13.3,9.5,9.3,13.1,0
254,2025-08,13.1,10.8,10.9,13.1,0
254,2025-09,13.1,9.3,8.6,12.4,0
254,2025-10,12.4,12.1,13.8,14.0,0
254,2025-11,14.0,14.0,18.0,18.0,6
254,2025-12,18.0,13.4,10.4,15.0,0
255,2021-01,10.9,5.2,5.2,10.8,0
255,2021-02,10.8,7.4,6.8,10.2,0
255,2021-03,10.2,6.4,6.4,10.2,0
255,2021-04,10.2,5.6,6.1,10.7,0
255,2021-05,10.7,4.9,4.4,10.1,0
255,2021-06,10.1,7.6,7.1,9.6,0
255,2021-07,9.6,6.1,6.5,10.1,0
255,2021-08,10.1,8.0,7.6,9.7,0
255,2021-09,9.7,6.9,7.4,10.1,0
255,2021-10,10.1,7.5,8.3,10.9,0
255,2021-11,10.9,10.4,15.0,15.5,0
255,2021-12,15.5,9.2,7.6,13.9,0
255,2022-01,13.9,5.2,2.2,11.0,0
255,2022-02,11.0,7.9,7.7,10.8,0
255,2022-03,10.8,5.2,5.5,11.1,0
255,2022-04,11.1,6.1,5.5,10.5,0
255,2022-05,10.5,8.0,7.3,9.7,0
255,2022-06,9.7,6.5,6.8,10.0,0
255,2022-07,10.0,4.5,5.4,10.9,0
255,2022-08,10.9,9.9,9.5,10.5,0
255,2022-09,10.5,8.2,8.5,10.8,0
255,2022-10,10.8,8.7,7.9,10.0,0
255,2022-11,10.0,10.0,15.2,15.2,0
255,2022-12,15.2,7.0,5.3,13.6,0
255,2023-01,13.6,2.9,0.2,10.9,0
255,2023-02,10.9,6.4,5.8,10.3,0
255,2023-03,10.3,4.7,5.4,11.0,0
255,2023-04,11.0,5.1,4.7,10.6,0
255,2023-05,10.6,6.4,6.4,10.7,0
255,2023-06,10.7,5.5,5.6,10.7,0
255,2023-07,10.7,8.7,8.3,10.3,0
255,2023-08,10.3,3.3,3.6,10.6,0
255,2023-09,10.6,9.4,10.1,11.3,0
255,2023-10,11.3,6.9,6.6,10.9,0
255,2023-11,10.9,10.9,14.2,14.2,1
255,2023-12,14.2,8.3,6.9,12.8,0
255,2024-01,12.8,6.3,3.8,10.3,0
255,2024-02,10.3,4.7,5.3,10.9,0
255,2024-03,10.9,6.2,6.4,11.2,0
255,2024-04,11.2,7.0,6.7,10.9,0
255,2024-05,10.9,5.4,4.7,10.2,0
255,2024-06,10.2,5.4,5.8,10.6,0
255,2024-07,10.6,6.1,6.5,11.1,0
255,2024-08,11.1,6.0,5.7,10.7,0
255,2024-09,10.7,7.4,7.0,10.3,0
255,2024-10,10.3,7.8,7.2,9.8,0
255,2024-11,9.8,9.8,14.0,14.0,0
255,2024-12,14.0,4.8,4.0,13.2,0
255,2025-01,13.2,7.3,4.5,10.4,0
255,2025-02,10.4,5.1,5.5,10.8,0
255,2025-03,10.8,6.5,6.4,10.6,0
255,2025-04,10.6,5.5,5.7,10.8,0
255,2025-05,10.8,6.2,5.5,10.2,0
255,2025-06,10.2,6.4,6.9,10.7,0
255,2025-07,10.7,6.1,5.4,9.9,0
255,2025-08,9.9,7.2,7.6,10.4,0
255,2025-09,10.4,7.0,7.2,10.6,0
255,2025-10,10.6,4.8,4.9,10.7,0
255,2025-11,10.7,8.8,13.8,15.7,0
255,2025-12,15.7,7.4,4.8,13.2,0
256,2021-01,8.6,6.9,7.3,8.9,0
256,2021-02,8.9,6.4,5.9,8.5,0
256,2021-03,8.5,6.4,6.1,8.2,0
256,2021-04,8.2,8.2,7.8,7.8,5
256,2021-05,7.8,6.8,7.1,8.2,0
256,2021-06,8.2,6.1,6.8,8.9,0
256,2021-07,8.9,7.0,5.7,7.7,0
256,2021-08,7.7,7.6,7.8,7.9,0
256,2021-09,7.9,5.7,6.3,8.5,0
256,2021-10,8.5,7.5,7.8,8.8,0
256,2021-11,8.8,8.8,11.4,11.4,2
256,2021-12,11.4,8.2,7.2,10.5,0
256,2022-01,10.5,7.0,4.4,7.9,0
256,2022-02,7.9,6.2,6.3,8.1,0
256,2022-03,8.1,6.4,6.5,8.2,0
256,2022-04,8.2,5.3,5.7,8.6,0
256,2022-05,8.6,6.3,6.1,8.4,0
256,2022-06,8.4,8.3,8.9,9.0,0
256,2022-07,9.0,6.9,6.0,8.0,0
256,2022-08,8.0,6.6,7.4,8.9,0
256,2022-09,8.9,5.6,4.9,8.2,0
256,2022-10,8.2,6.9,6.9,8.1,0
256,2022-11,8.1,6.6,10.6,12.1,0
256,2022-12,12.1,6.5,5.0,10.5,0
256,2023-01,10.5,7.9,5.6,8.3,0
256,2023-02,8.3,4.8,4.9,8.3,0
256,2023-03,8.3,8.1,7.4,7.6,0
256,2023-04,7.6,6.9,8.0,8.7,0
256,2023-05,8.7,8.6,8.3,8.3,0
256,2023-06,8.3,5.1,5.1,8.2,0
256,2023-07,8.2,7.8,7.6,8.0,0
256,2023-08,8.0,6.4,6.8,8.4,0
256,2023-09,8.4,7.4,7.1,8.1,0
256,2023-10,8.1,8.1,8.9,8.9,0
256,2023-11,8.9,8.9,12.4,12.4,1
256,2023-12,12.4,7.8,5.6,10.2,0
256,2024-01,10.2,6.1,4.0,8.1,0
256,2024-02,8.1,5.0,4.8,7.9,0
256,2024-03,7.9,5.7,5.6,7.8,0
256,2024-04,7.8,7.8,8.9,8.9,3
256,2024-05,8.9,5.9,5.3,8.3,0
256,2024-06,8.3,7.3,6.7,7.6,0
256,2024-07,7.6,6.4,7.1,8.3,0
256,2024-08,8.3,5.9,6.4,8.9,0
256,2024-09,8.9,5.4,5.0,8.4,0
256,2024-10,8.4,8.4,8.6,8.6,0
256,2024-11,8.6,8.6,12.8,12.8,4
256,2024-12,12.8,8.1,6.1,10.8,0
256,2025-01,10.8,6.6,3.8,8.0,0
256,2025-02,8.0,6.4,7.2,8.8,0
256,2025-03,8.8,6.0,5.5,8.2,0
256,2025-04,8.2,4.5,4.9,8.7,0
256,2025-05,8.7,6.6,5.9,8.0,0
256,2025-06,8.0,7.1,8.1,9.0,0
256,2025-07,9.0,5.5,4.9,8.4,0
256,2025-08,8.4,7.7,7.5,8.2,0
256,2025-09,8.2,6.7,7.4,8.9,0
256,2025-10,8.9,7.4,7.2,8.7,0
256,2025-11,8.7,8.7,12.9,12.9,1
256,2025-12,12.9,7.6,4.7,10.1,0
257,2021-01,0.9,0.9,0.9,0.9,16
257,2021-02,0.9,0.9,0.8,0.8,20
257,2021-03,0.8,0.8,0.9,0.9,16
257,2021-04,0.9,0.9,0.9,0.9,18
257,2021-05,0.9,0.9,0.9,0.9,17
257,2021-06,0.9,0.9,0.8,0.8,19
257,2021-07,0.8,0.8,0.8,0.8,16
257,2021-08,0.8,0.8,0.8,0.8,18
257,2021-09,0.8,0.8,0.7,0.7,19
257,2021-10,0.7,0.7,0.9,0.9,19
257,2021-11,0.9,0.9,1.1,1.1,19
257,2021-12,1.1,1.1,1.1,1.1,18
257,2022-01,1.1,1.1,0.7,0.7,4
257,2022-02,0.7,0.7,0.7,0.7,22
257,2022-03,0.7,0.7,0.8,0.8,19
257,2022-04,0.8,0.8,0.8,0.8,12
257,2022-05,0.8,0.8,0.8,0.8,15
257,2022-06,0.8,0.8,0.8,0.8,20
257,2022-07,0.8,0.8,0.8,0.8,19
257,2022-08,0.8,0.8,0.8,0.8,15
257,2022-09,0.8,0.8,0.8,0.8,17
257,2022-10,0.8,0.8,0.7,0.7,18
257,2022-11,0.7,0.7,1.2,1.2,22
257,2022-12,1.2,1.2,1.1,1.1,15
257,2023-01,1.1,1.1,0.8,0.8,15
257,2023-02,0.8,0.8,0.8,0.8,18
257,2023-03,0.8,0.8,0.8,0.8,20
257,2023-04,0.8,0.8,0.9,0.9,20
257,2023-05,0.9,0.9,0.8,0.8,18
257,2023-06,0.8,0.8,0.9,0.9,14
257,2023-07,0.9,0.9,0.8,0.8,16
257,2023-08,0.8,0.8,0.9,0.9,15
257,2023-09,0.9,0.9,0.9,0.9,19
257,2023-10,0.9,0.9,0.8,0.8,17
257,2023-11,0.8,0.8,1.1,1.1,22
257,2023-12,1.1,1.1,1.1,1.1,18
257,2024-01,1.1,1.1,0.9,0.9,15
257,2024-02,0.9,0.9,0.8,0.8,11
257,2024-03,0.8,0.8,0.8,0.8,19
257,2024-04,0.8,0.8,0.9,0.9,17
257,2024-05,0.9,0.9,0.8,0.8,20
257,2024-06,0.8,0.8,0.8,0.8,12
257,2024-07,0.8,0.8,0.9,0.9,16
257,2024-08,0.9,0.9,0.8,0.8,17
257,2024-09,0.8,0.8,0.9,0.9,16
257,2024-10,0.9,0.9,0.8,0.8,16
257,2024-11,0.8,0.8,1.3,1.3,21
257,2024-12,1.3,1.3,1.1,1.1,12
257,2025-01,1.1,1.1,0.8,0.8,10
257,2025-02,0.8,0.8,0.8,0.8,16
257,2025-03,0.8,0.8,0.9,0.9,17
257,2025-04,0.9,0.9,0.8,0.8,11
257,2025-05,0.8,0.8,0.8,0.8,19
257,2025-06,0.8,0.8,0.8,0.8,21
257,2025-07,0.8,0.8,0.9,0.9,19
257,2025-08,0.9,0.9,0.8,0.8,14
257,2025-09,0.8,0.8,0.8,0.8,14
257,2025-10,0.8,0.8,0.7,0.7,19
257,2025-11,0.7,0.7,1.2,1.2,22
257,2025-12,1.2,1.2,1.0,1.0,18
258,2021-01,5.9,3.7,3.2,5.5,0
258,2021-02,5.5,4.0,4.4,5.9,0
258,2021-03,5.9,3.2,2.8,5.5,0
258,2021-04,5.5,3.7,4.2,6.0,0
258,2021-05,6.0,3.1,2.6,5.5,0
258,2021-06,5.5,3.9,3.8,5.3,0
258,2021-07,5.3,3.4,3.4,5.3,0
258,2021-08,5.3,3.0,3.4,5.7,0
258,2021-09,5.7,3.6,3.3,5.4,0
258,2021-10,5.4,4.3,4.9,6.0,0
258,2021-11,6.0,4.6,6.2,7.6,0
258,2021-12,7.6,5.1,5.1,7.5,0
258,2022-01,7.5,3.2,1.6,6.0,0
258,2022-02,6.0,4.2,3.7,5.5,0
258,2022-03,5.5,3.4,3.4,5.5,0
258,2022-04,5.5,4.1,4.8,6.1,0
258,2022-05,6.1,3.4,2.8,5.5,0
258,2022-06,5.5,3.6,3.7,5.5,0
258,2022-07,5.5,3.1,3.1,5.6,0
258,2022-08,5.6,3.8,3.6,5.3,0
258,2022-09,5.3,3.5,3.8,5.6,0
258,2022-10,5.6,3.7,4.2,6.1,0
258,2022-11,6.1,5.5,6.8,7.4,0
258,2022-12,7.4,4.9,4.7,7.2,0
258,2023-01,7.2,4.2,2.5,5.6,0
258,2023-02,5.6,3.2,3.7,6.1,0
258,2023-03,6.1,3.2,2.7,5.6,0
258,2023-04,5.6,3.0,3.5,6.0,0
258,2023-05,6.0,3.6,3.3,5.7,0
258,2023-06,5.7,3.1,3.5,6.1,0
258,2023-07,6.1,3.0,2.6,5.7,0
258,2023-08,5.7,3.4,3.6,5.8,0
258,2023-09,5.8,3.1,3.0,5.6,0
258,2023-10,5.6,2.2,2.6,6.0,0
258,2023-11,6.0,4.9,7.2,8.3,0
258,2023-12,8.3,4.0,3.2,7.4,0
258,2024-01,7.4,2.6,0.9,5.8,0
258,2024-02,5.8,4.2,4.2,5.8,0
258,2024-03,5.8,2.6,2.6,5.9,0
258,2024-04,5.9,1.9,1.9,5.9,0
258,2024-05,5.9,3.8,3.6,5.7,0
258,2024-06,5.7,3.9,4.2,6.0,0
258,2024-07,6.0,3.4,3.2,5.7,0
258,2024-08,5.7,4.0,4.1,5.9,0
258,2024-09,5.9,2.4,2.4,6.0,0
258,2024-10,6.0,3.2,2.8,5.5,0
258,2024-11,5.5,5.4,7.6,7.7,0
258,2024-12,7.7,4.0,4.0,7.6,0
258,2025-01,7.6,2.5,0.7,5.8,0
258,2025-02,5.8,4.1,3.9,5.6,0
258,2025-03,5.6,3.6,3.3,5.3,0
258,2025-04,5.3,3.8,3.7,5.3,0
258,2025-05,5.3,3.4,4.0,6.0,0
258,2025-06,6.0,3.3,2.9,5.6,0
258,2025-07,5.6,2.9,3.3,6.0,0
258,2025-08,6.0,1.9,1.7,5.8,0
258,2025-09,5.8,4.5,4.5,5.7,0
258,2025-10,5.7,3.9,4.2,6.0,0
258,2025-11,6.0,6.0,7.4,7.4,3
258,2025-12,7.4,5.3,5.4,7.4,0
259,2021-01,15.8,7.4,6.7,15.2,0
259,2021-02,15.2,7.1,6.7,14.7,0
259,2021-03,14.7,6.8,7.3,15.2,0
259,2021-04,15.2,8.3,8.1,15.1,0
259,2021-05,15.1,7.1,7.4,15.4,0
259,2021-06,15.4,11.7,11.2,14.8,0
259,2021-07,14.8,9.0,9.4,15.2,0
259,2021-08,15.2,10.0,11.0,16.3,0
259,2021-09,16.3,7.4,6.3,15.2,0
259,2021-10,15.2,8.6,8.4,15.1,0
259,2021-11,15.1,13.1,19.7,21.6,0
259,2021-12,21.6,11.1,8.7,19.2,0
259,2022-01,19.2,7.6,3.6,15.2,0
259,2022-02,15.2,5.5,6.2,15.9,0
259,2022-03,15.9,6.7,6.9,16.2,0
259,2022-04,16.2,8.4,7.3,15.0,0
259,2022-05,15.0,8.5,9.6,16.1,0
259,2022-06,16.1,10.4,9.2,14.9,0
259,2022-07,14.9,9.3,9.4,15.0,0
259,2022-08,15.0,7.2,8.4,16.1,0
259,2022-09,16.1,9.0,8.4,15.5,0
259,2022-10,15.5,10.0,10.4,15.9,0
259,2022-11,15.9,12.7,17.8,21.0,0
259,2022-12,21.0,10.0,8.9,19.9,0
259,2023-01,19.9,7.7,3.3,15.5,0
259,2023-02,15.5,7.2,7.6,15.9,0
259,2023-03,15.9,8.4,8.3,15.7,0
259,2023-04,15.7,8.6,7.7,14.8,0
259,2023-05,14.8,9.5,10.1,15.4,0
259,2023-06,15.4,9.7,9.0,14.7,0
259,2023-07,14.7,5.4,5.9,15.2,0
259,2023-08,15.2,7.8,8.4,15.8,0
259,2023-09,15.8,7.5,7.9,16.2,0
259,2023-10,16.2,9.6,8.9,15.4,0
259,2023-11,15.4,13.8,19.5,21.2,0
259,2023-12,21.2,8.9,6.7,18.9,0
259,2024-01,18.9,10.1,7.1,16.0,0
259,2024-02,16.0,7.1,6.7,15.6,0
259,2024-03,15.6,9.3,8.4,14.7,0
259,2024-04,14.7,8.7,10.0,15.9,0
259,2024-05,15.9,8.8,8.1,15.2,0
259,2024-06,15.2,6.8,7.4,15.8,0
259,2024-07,15.8,7.4,6.6,15.0,0
259,2024-08,15.0,5.1,6.1,16.0,0
259,2024-09,16.0,7.0,6.0,14.9,0
259,2024-10,14.9,6.9,8.1,16.1,0
259,2024-11,16.1,12.2,19.1,23.0,0
259,2024-12,23.0,9.8,6.5,19.7,0
259,2025-01,19.7,8.0,3.6,15.3,0
259,2025-02,15.3,10.1,11.0,16.3,0
259,2025-03,16.3,7.8,7.0,15.4,0
259,2025-04,15.4,10.5,10.6,15.5,0
259,2025-05,15.5,7.8,7.5,15.2,0
259,2025-06,15.2,6.6,7.2,15.7,0
259,2025-07,15.7,7.4,7.0,15.3,0
259,2025-08,15.3,7.8,7.2,14.7,0
259,2025-09,14.7,8.4,8.5,14.9,0
259,2025-10,14.9,9.0,8.6,14.5,0
259,2025-11,14.5,12.8,19.4,21.1,0
259,2025-12,21.1,10.6,8.1,18.6,0
260,2021-01,21.2,15.2,13.0,19.0,0
260,2021-02,19.0,16.8,16.1,18.4,0
260,2021-03,18.4,10.8,13.8,21.3,0
260,2021-04,21.3,15.3,14.7,20.7,0
260,2021-05,20.7,16.5,16.1,20.2,0
260,2021-06,20.2,12.1,12.7,20.8,0
260,2021-07,20.8,13.1,13.7,21.3,0
260,2021-08,21.3,14.6,15.2,21.9,0
260,2021-09,21.9,17.0,15.2,20.0,0
260,2021-10,20.0,18.7,19.4,20.7,0
260,2021-11,20.7,20.7,28.1,28.1,4
260,2021-12,28.1,16.5,14.0,25.7,0
260,2022-01,25.7,17.9,13.4,21.2,0
260,2022-02,21.2,19.3,18.7,20.6,0
260,2022-03,20.6,15.3,14.8,20.1,0
260,2022-04,20.1,12.1,12.6,20.5,0
260,2022-05,20.5,13.9,15.2,21.9,0
260,2022-06,21.9,19.3,18.6,21.1,0
260,2022-07,21.1,15.5,15.6,21.3,0
260,2022-08,21.3,18.6,15.8,18.6,0
260,2022-09,18.6,12.9,15.5,21.1,0
260,2022-10,21.1,17.6,17.6,21.2,0
260,2022-11,21.2,21.2,30.5,30.5,5
260,2022-12,30.5,22.8,19.6,27.3,0
260,2023-01,27.3,15.9,9.5,20.8,0
260,2023-02,20.8,15.0,14.7,20.5,0
260,2023-03,20.5,16.6,16.8,20.7,0
260,2023-04,20.7,18.3,17.2,19.6,0
260,2023-05,19.6,16.6,17.3,20.3,0
260,2023-06,20.3,16.3,17.0,21.1,0
260,2023-07,21.1,14.4,13.3,19.9,0
260,2023-08,19.9,14.3,15.7,21.4,0
260,2023-09,21.4,15.1,13.6,19.9,0
260,2023-10,19.9,9.1,9.5,20.3,0
260,2023-11,20.3,20.3,28.2,28.2,0
260,2023-12,28.2,22.9,20.0,25.4,0
260,2024-01,25.4,17.1,12.6,20.8,0
260,2024-02,20.8,12.9,11.3,19.3,0
260,2024-03,19.3,17.5,18.9,20.7,0
260,2024-04,20.7,15.9,15.8,20.5,0
260,2024-05,20.5,20.5,19.5,19.5,2
260,2024-06,19.5,16.9,18.2,20.8,0
260,2024-07,20.8,20.8,19.0,19.0,1
260,2024-08,19.0,19.0,22.0,22.0,3
260,2024-09,22.0,16.6,14.2,19.7,0
260,2024-10,19.7,14.5,14.6,19.8,0
260,2024-11,19.8,19.8,31.3,31.3,5
260,2024-12,31.3,20.3,14.2,25.3,0
260,2025-01,25.3,17.0,11.3,19.5,0
260,2025-02,19.5,15.3,15.7,19.9,0
260,2025-03,19.9,19.2,20.3,21.0,0
260,2025-04,21.0,15.9,15.1,20.3,0
260,2025-05,20.3,14.0,13.6,19.9,0
260,2025-06,19.9,16.3,16.2,19.8,0
260,2025-07,19.8,16.6,16.8,20.0,0
260,2025-08,20.0,12.4,12.8,20.5,0
260,2025-09,20.5,12.0,11.1,19.7,0
260,2025-10,19.7,13.5,14.1,20.3,0
260,2025-11,20.3,20.3,30.1,30.1,1
260,2025-12,30.1,21.4,18.1,26.8,0
261,2021-01,21.9,13.9,12.5,20.5,0
261,2021-02,20.5,16.3,15.0,19.3,0
261,2021-03,19.3,13.8,15.3,20.8,0
261,2021-04,20.8,9.3,9.7,21.2,0
261,2021-05,21.2,14.6,14.9,21.5,0
261,2021-06,21.5,16.8,15.9,20.7,0
261,2021-07,20.7,12.8,12.9,20.7,0
261,2021-08,20.7,13.6,12.9,20.0,0
261,2021-09,20.0,8.6,10.5,22.0,0
261,2021-10,22.0,13.1,13.2,22.1,0
261,2021-11,22.1,21.7,28.9,29.3,0
261,2021-12,29.3,17.5,13.6,25.4,0
261,2022-01,25.4,16.7,11.2,19.9,0
261,2022-02,19.9,13.5,16.1,22.6,0
261,2022-03,22.6,17.7,15.8,20.7,0
261,2022-04,20.7,12.0,12.7,21.3,0
261,2022-05,21.3,11.2,10.5,20.6,0
261,2022-06,20.6,14.8,15.5,21.3,0
261,2022-07,21.3,18.9,17.1,19.4,0
261,2022-08,19.4,16.8,17.1,19.7,0
261,2022-09,19.7,12.9,14.3,21.1,0
261,2022-10,21.1,9.3,8.6,20.4,0
261,2022-11,20.4,18.0,29.8,32.2,0
261,2022-12,32.2,17.6,10.9,25.5,0
261,2023-01,25.5,19.1,15.3,21.8,0
261,2023-02,21.8,14.5,15.0,22.3,0
261,2023-03,22.3,15.9,14.0,20.5,0
261,2023-04,20.5,12.8,12.7,20.3,0
261,2023-05,20.3,13.6,15.5,22.2,0
261,2023-06,22.2,15.8,16.2,22.7,0
261,2023-07,22.7,15.5,13.2,20.4,0
261,2023-08,20.4,14.3,13.9,20.0,0
261,2023-09,20.0,16.5,16.9,20.3,0
261,2023-10,20.3,16.2,15.7,19.9,0
261,2023-11,19.9,19.9,31.1,31.1,2
261,2023-12,31.1,16.4,12.6,27.3,0
261,2024-01,27.3,10.7,5.3,21.9,0
261,2024-02,21.9,10.9,10.6,21.6,0
261,2024-03,21.6,17.3,16.4,20.7,0
261,2024-04,20.7,14.9,14.8,20.6,0
261,2024-05,20.6,14.1,13.2,19.7,0
261,2024-06,19.7,9.1,10.9,21.5,0
261,2024-07,21.5,15.2,14.0,20.3,0
261,2024-08,20.3,11.8,13.3,21.8,0
261,2024-09,21.8,14.4,13.1,20.5,0
261,2024-10,20.5,16.3,17.3,21.4,0
261,2024-11,21.4,21.4,32.4,32.4,2
261,2024-12,32.4,17.9,12.4,26.9,0
261,2025-01,26.9,16.5,12.0,22.4,0
261,2025-02,22.4,14.8,14.0,21.6,0
261,2025-03,21.6,15.7,16.2,22.2,0
261,2025-04,22.2,15.9,14.6,20.9,0
261,2025-05,20.9,14.5,14.0,20.4,0
261,2025-06,20.4,10.7,11.1,20.7,0
261,2025-07,20.7,11.9,13.7,22.5,0
261,2025-08,22.5,16.8,14.5,20.2,0
261,2025-09,20.2,11.6,13.6,22.2,0
261,2025-10,22.2,17.1,16.8,21.9,0
261,2025-11,21.9,21.6,30.9,31.2,0
261,2025-12,31.2,19.1,15.4,27.5,0
262,2021-01,275.1,146.5,131.1,259.7,0
262,2021-02,259.7,143.4,136.0,252.3,0
262,2021-03,252.3,134.5,161.9,279.7,0
262,2021-04,279.7,104.8,103.0,277.9,0
262,2021-05,277.9,155.5,132.7,255.1,0
262,2021-06,255.1,101.2,114.5,268.4,0
262,2021-07,268.4,102.0,107.7,274.2,0
262,2021-08,274.2,161.5,156.8,269.5,0
262,2021-09,269.5,131.8,142.9,280.6,0
262,2021-10,280.6,121.5,109.2,268.2,0
262,2021-11,268.2,160.7,266.1,373.6,0
262,2021-12,373.6,160.8,135.6,348.5,0
262,2022-01,348.5,157.8,85.2,275.9,0
262,2022-02,275.9,140.4,125.1,260.5,0
262,2022-03,260.5,153.5,168.7,275.8,0
262,2022-04,275.8,91.9,80.8,264.7,0
262,2022-05,264.7,119.1,119.9,265.4,0
262,2022-06,265.4,147.5,144.9,262.9,0
262,2022-07,262.9,121.9,127.6,268.6,0
262,2022-08,268.6,112.5,111.4,267.5,0
262,2022-09,267.5,105.4,96.2,258.3,0
262,2022-10,258.3,152.5,174.1,280.0,0
262,2022-11,280.0,236.8,311.9,355.1,0
262,2022-12,355.1,195.6,171.3,330.8,0
262,2023-01,330.8,138.1,86.2,278.9,0
262,2023-02,278.9,115.5,104.5,267.9,0
262,2023-03,267.9,97.8,95.5,265.6,0
262,2023-04,265.6,161.7,161.9,265.8,0
262,2023-05,265.8,160.3,172.2,277.7,0
262,2023-06,277.7,132.4,134.4,279.6,0
262,2023-07,279.6,141.0,140.5,279.1,0
262,2023-08,279.1,171.0,148.0,256.1,0
262,2023-09,256.1,116.9,127.6,266.7,0
262,2023-10,266.7,155.6,161.4,272.4,0
262,2023-11,272.4,197.4,339.3,414.4,0
262,2023-12,414.4,167.7,83.9,330.7,0
262,2024-01,330.7,142.8,80.3,268.2,0
262,2024-02,268.2,116.0,112.1,264.3,0
262,2024-03,264.3,153.6,167.4,278.0,0
262,2024-04,278.0,132.4,124.6,270.3,0
262,2024-05,270.3,117.4,123.0,275.9,0
262,2024-06,275.9,198.7,197.3,274.5,0
262,2024-07,274.5,115.6,121.3,280.1,0
262,2024-08,280.1,159.3,149.4,270.1,0
262,2024-09,270.1,148.8,159.1,280.4,0
262,2024-10,280.4,136.7,118.6,262.3,0
262,2024-11,262.3,247.7,390.0,404.6,0
262,2024-12,404.6,167.3,98.9,336.2,0
262,2025-01,336.2,154.3,83.6,265.5,0
262,2025-02,265.5,162.4,171.2,274.3,0
262,2025-03,274.3,169.6,155.2,259.9,0
262,2025-04,259.9,128.1,150.0,281.8,0
262,2025-05,281.8,130.3,115.6,267.1,0
262,2025-06,267.1,140.9,136.1,262.3,0
262,2025-07,262.3,164.9,182.7,280.0,0
262,2025-08,280.0,126.2,123.2,277.0,0
262,2025-09,277.0,157.4,150.4,270.1,0
262,2025-10,270.1,170.8,159.0,258.2,0
262,2025-11,258.2,185.7,282.2,354.7,0
262,2025-12,354.7,162.1,148.7,341.4,0
263,2021-01,7.8,7.8,6.8,6.8,9
263,2021-02,6.8,6.8,8.1,8.1,13
263,2021-03,8.1,8.1,7.3,7.3,13
263,2021-04,7.3,7.3,6.7,6.7,12
263,2021-05,6.7,6.7,7.9,7.9,13
263,2021-06,7.9,7.9,7.9,7.9,7
263,2021-07,7.9,7.9,7.6,7.6,3
263,2021-08,7.6,7.6,7.1,7.1,11
263,2021-09,7.1,7.1,8.1,8.1,5
263,2021-10,8.1,8.1,8.0,8.0,6
263,2021-11,8.0,8.0,10.7,10.7,17
263,2021-12,10.7,10.7,10.0,10.0,7
263,2022-01,10.0,7.7,4.9,7.2,0
263,2022-02,7.2,7.2,8.2,8.2,14
263,2022-03,8.2,8.2,7.5,7.5,8
263,2022-04,7.5,7.5,7.5,7.5,11
263,2022-05,7.5,7.5,7.6,7.6,8
263,2022-06,7.6,7.6,7.1,7.1,10
263,2022-07,7.1,7.1,8.2,8.2,14
263,2022-08,8.2,8.2,7.0,7.0,8
263,2022-09,7.0,7.0,7.8,7.8,9
263,2022-10,7.8,7.8,7.2,7.2,14
263,2022-11,7.2,7.2,10.2,10.2,12
263,2022-12,10.2,10.2,9.8,9.8,2
263,2023-01,9.8,9.4,7.6,8.0,0
263,2023-02,8.0,8.0,7.4,7.4,12
263,2023-03,7.4,7.4,6.7,6.7,1
263,2023-04,6.7,6.7,6.8,6.8,13
263,2023-05,6.8,6.8,6.7,6.7,11
263,2023-06,6.7,6.7,7.4,7.4,11
263,2023-07,7.4,7.4,7.1,7.1,10
263,2023-08,7.1,7.1,7.2,7.2,12
263,2023-09,7.2,7.2,6.8,6.8,13
263,2023-10,6.8,6.8,7.6,7.6,9
263,2023-11,7.6,7.6,11.7,11.7,12
263,2023-12,11.7,11.7,10.2,10.2,2
263,2024-01,10.2,10.2,6.9,6.9,1
263,2024-02,6.9,6.9,7.1,7.1,8
263,2024-03,7.1,7.1,6.9,6.9,12
263,2024-04,6.9,6.9,7.5,7.5,8
263,2024-05,7.5,7.5,6.9,6.9,14
263,2024-06,6.9,6.9,7.2,7.2,13
263,2024-07,7.2,7.2,8.1,8.1,13
263,2024-08,8.1,8.1,7.8,7.8,9
263,2024-09,7.8,7.8,8.0,8.0,8
263,2024-10,8.0,8.0,7.8,7.8,10
263,2024-11,7.8,7.8,11.0,11.0,14
263,2024-12,11.0,11.0,10.0,10.0,12
263,2025-01,10.0,8.8,6.3,7.5,0
263,2025-02,7.5,7.5,8.0,8.0,10
263,2025-03,8.0,8.0,6.8,6.8,4
263,2025-04,6.8,6.8,7.7,7.7,11
263,2025-05,7.7,7.7,7.8,7.8,11
263,2025-06,7.8,7.8,7.7,7.7,7
263,2025-07,7.7,7.7,7.4,7.4,13
263,2025-08,7.4,7.4,7.9,7.9,14
263,2025-09,7.9,7.9,8.2,8.2,8
263,2025-10,8.2,8.2,6.9,6.9,2
263,2025-11,6.9,6.9,11.0,11.0,19
263,2025-12,11.0,11.0,8.8,8.8,1
264,2021-01,7.1,5.1,5.2,7.2,0
264,2021-02,7.2,4.5,4.5,7.3,0
264,2021-03,7.3,5.0,5.1,7.3,0
264,2021-04,7.3,4.6,4.3,7.0,0
264,2021-05,7.0,6.4,5.6,6.2,0
264,2021-06,6.2,5.1,5.8,6.9,0
264,2021-07,6.9,6.9,7.0,7.0,4
264,2021-08,7.0,7.0,6.8,6.8,1
264,2021-09,6.8,6.0,5.8,6.7,0
264,2021-10,6.7,6.7,7.5,7.5,3
264,2021-11,7.5,7.5,9.8,9.8,5
264,2021-12,9.8,8.4,7.6,9.0,0
264,2022-01,9.0,5.8,3.4,6.7,0
264,2022-02,6.7,5.2,5.0,6.5,0
264,2022-03,6.5,5.5,6.1,7.2,0
264,2022-04,7.2,5.5,5.6,7.2,0
264,2022-05,7.2,6.4,6.3,7.1,0
264,2022-06,7.1,6.4,6.2,7.0,0
264,2022-07,7.0,5.7,5.6,6.8,0
264,2022-08,6.8,5.2,5.4,7.1,0
264,2022-09,7.1,6.4,6.4,7.1,0
264,2022-10,7.1,7.1,6.1,6.1,2
264,2022-11,6.1,6.1,10.3,10.3,12
264,2022-12,10.3,6.3,4.4,8.4,0
264,2023-01,8.4,7.5,6.1,6.9,0
264,2023-02,6.9,6.5,6.5,6.9,0
264,2023-03,6.9,6.9,6.9,6.9,3
264,2023-04,6.9,5.9,6.3,7.4,0
264,2023-05,7.4,5.6,5.0,6.8,0
264,2023-06,6.8,6.2,6.7,7.4,0
264,2023-07,7.4,6.7,6.4,7.0,0
264,2023-08,7.0,4.6,4.4,6.9,0
264,2023-09,6.9,5.4,5.4,6.9,0
264,2023-10,6.9,5.9,5.8,6.8,0
264,2023-11,6.8,6.8,10.3,10.3,6
264,2023-12,10.3,8.3,7.0,9.0,0
264,2024-01,9.0,5.1,3.1,7.1,0
264,2024-02,7.1,4.6,4.3,6.8,0
264,2024-03,6.8,5.6,5.5,6.8,0
264,2024-04,6.8,6.8,7.3,7.3,0
264,2024-05,7.3,6.2,6.1,7.2,0
264,2024-06,7.2,4.3,3.8,6.7,0
264,2024-07,6.7,6.2,5.9,6.4,0
264,2024-08,6.4,6.4,7.1,7.1,0
264,2024-09,7.1,4.0,3.8,6.8,0
264,2024-10,6.8,6.8,7.0,7.0,4
264,2024-11,7.0,7.0,10.1,10.1,5
264,2024-12,10.1,7.9,7.0,9.2,0
264,2025-01,9.2,6.4,4.0,6.9,0
264,2025-02,6.9,6.6,6.5,6.8,0
264,2025-03,6.8,5.8,5.4,6.5,0
264,2025-04,6.5,6.5,6.3,6.3,2
264,2025-05,6.3,6.3,6.2,6.2,0
264,2025-06,6.2,5.8,6.2,6.6,0
264,2025-07,6.6,6.6,6.3,6.3,5
264,2025-08,6.3,6.0,5.8,6.1,0
264,2025-09,6.1,6.1,7.2,7.2,2
264,2025-10,7.2,6.8,6.0,6.4,0
264,2025-11,6.4,6.4,9.9,9.9,11
264,2025-12,9.9,7.1,5.9,8.6,0
265,2021-01,10.2,5.2,4.5,9.5,0
265,2021-02,9.5,4.9,5.9,10.4,0
265,2021-03,10.4,3.7,3.6,10.4,0
265,2021-04,10.4,4.0,4.0,10.3,0
265,2021-05,10.3,3.9,3.5,9.9,0
265,2021-06,9.9,5.1,5.5,10.2,0
265,2021-07,10.2,3.5,3.5,10.1,0
265,2021-08,10.1,5.7,5.3,9.8,0
265,2021-09,9.8,5.5,5.4,9.6,0
265,2021-10,9.6,4.8,5.7,10.5,0
265,2021-11,10.5,6.7,9.7,13.5,0
265,2021-12,13.5,7.5,6.5,12.5,0
265,2022-01,12.5,6.3,3.7,9.9,0
265,2022-02,9.9,3.6,4.0,10.2,0
265,2022-03,10.2,5.4,5.4,10.2,0
265,2022-04,10.2,5.5,5.0,9.7,0
265,2022-05,9.7,4.5,5.1,10.3,0
265,2022-06,10.3,4.2,4.2,10.2,0
265,2022-07,10.2,4.9,4.6,9.9,0
265,2022-08,9.9,6.9,7.1,10.1,0
265,2022-09,10.1,6.8,6.8,10.1,0
265,2022-10,10.1,5.8,5.1,9.4,0
265,2022-11,9.4,6.6,10.6,13.3,0
265,2022-12,13.3,6.0,5.5,12.9,0
265,2023-01,12.9,6.9,4.2,10.2,0
265,2023-02,10.2,5.4,5.2,10.0,0
265,2023-03,10.0,4.7,4.7,10.0,0
265,2023-04,10.0,5.3,4.6,9.4,0
265,2023-05,9.4,5.4,6.0,10.0,0
265,2023-06,10.0,6.8,7.0,10.2,0
265,2023-07,10.2,5.1,5.1,10.3,0
265,2023-08,10.3,5.2,4.5,9.5,0
265,2023-09,9.5,6.3,6.3,9.5,0
265,2023-10,9.5,3.8,4.1,9.8,0
265,2023-11,9.8,8.2,12.7,14.3,0
265,2023-12,14.3,5.6,3.5,12.2,0
265,2024-01,12.2,5.2,3.3,10.3,0
265,2024-02,10.3,5.2,4.7,9.8,0
265,2024-03,9.8,4.6,5.2,10.4,0
265,2024-04,10.4,5.7,5.1,9.8,0
265,2024-05,9.8,4.5,4.7,10.0,0
265,2024-06,10.0,6.2,6.5,10.3,0
265,2024-07,10.3,4.8,4.4,9.9,0
265,2024-08,9.9,5.4,5.7,10.2,0
265,2024-09,10.2,3.2,2.8,9.8,0
265,2024-10,9.8,5.8,6.0,10.0,0
265,2024-11,10.0,7.3,11.5,14.3,0
265,2024-12,14.3,6.9,4.6,12.0,0
265,2025-01,12.0,5.2,3.5,10.3,0
265,2025-02,10.3,4.0,3.5,9.9,0
265,2025-03,9.9,5.7,5.4,9.5,0
265,2025-04,9.5,4.3,4.6,9.8,0
265,2025-05,9.8,3.7,3.7,9.7,0
265,2025-06,9.7,3.1,3.3,9.9,0
265,2025-07,9.9,4.9,5.2,10.2,0
265,2025-08,10.2,7.1,7.1,10.2,0
265,2025-09,10.2,5.6,5.5,10.2,0
265,2025-10,10.2,4.6,4.2,9.8,0
265,2025-11,9.8,7.2,11.2,13.8,0
265,2025-12,13.8,5.5,4.2,12.5,0
266,2021-01,4.1,4.1,4.0,4.0,8
266,2021-02,4.0,4.0,3.6,3.6,15
266,2021-03,3.6,3.6,4.2,4.2,18
266,2021-04,4.2,4.2,3.7,3.7,13
266,2021-05,3.7,3.7,3.9,3.9,17
266,2021-06,3.9,3.9,3.6,3.6,14
266,2021-07,3.6,3.6,4.0,4.0,13
266,2021-08,4.0,4.0,3.7,3.7,9
266,2021-09,3.7,3.7,4.2,4.2,13
266,2021-10,4.2,4.2,4.2,4.2,12
266,2021-11,4.2,4.2,5.7,5.7,15
266,2021-12,5.7,5.7,5.2,5.2,13
266,2022-01,5.2,5.2,3.8,3.8,3
266,2022-02,3.8,3.8,3.9,3.9,18
266,2022-03,3.9,3.9,4.1,4.1,13
266,2022-04,4.1,4.1,3.6,3.6,11
266,2022-05,3.6,3.6,3.9,3.9,19
266,2022-06,3.9,3.9,3.9,3.9,18
266,2022-07,3.9,3.9,4.3,4.3,13
266,2022-08,4.3,4.3,4.0,4.0,14
266,2022-09,4.0,4.0,3.6,3.6,13
266,2022-10,3.6,3.6,3.9,3.9,15
266,2022-11,3.9,3.9,5.3,5.3,19
266,2022-12,5.3,5.3,4.4,4.4,14
266,2023-01,4.4,4.4,3.8,3.8,12
266,2023-02,3.8,3.8,3.8,3.8,14
266,2023-03,3.8,3.8,4.2,4.2,11
266,2023-04,4.2,4.2,3.6,3.6,10
266,2023-05,3.6,3.6,4.0,4.0,11
266,2023-06,4.0,4.0,4.0,4.0,13
266,2023-07,4.0,4.0,4.0,4.0,14
266,2023-08,4.0,4.0,3.8,3.8,17
266,2023-09,3.8,3.8,4.2,4.2,14
266,2023-10,4.2,4.2,3.6,3.6,11
266,2023-11,3.6,3.6,6.1,6.1,19
266,2023-12,6.1,6.1,5.4,5.4,12
266,2024-01,5.4,5.4,4.2,4.2,10
266,2024-02,4.2,4.2,3.8,3.8,13
266,2024-03,3.8,3.8,3.8,3.8,18
266,2024-04,3.8,3.8,4.1,4.1,16
266,2024-05,4.1,4.1,4.2,4.2,13
266,2024-06,4.2,4.2,4.1,4.1,10
266,2024-07,4.1,4.1,4.1,4.1,18
266,2024-08,4.1,4.1,4.0,4.0,16
266,2024-09,4.0,4.0,4.3,4.3,13
266,2024-10,4.3,4.3,4.3,4.3,13
266,2024-11,4.3,4.3,5.3,5.3,17
266,2024-12,5.3,5.3,5.3,5.3,14
266,2025-01,5.3,5.3,3.8,3.8,11
266,2025-02,3.8,3.8,3.9,3.9,18
266,2025-03,3.9,3.9,4.0,4.0,13
266,2025-04,4.0,4.0,4.1,4.1,12
266,2025-05,4.1,4.1,3.6,3.6,7
266,2025-06,3.6,3.6,4.2,4.2,17
266,2025-07,4.2,4.2,3.9,3.9,14
266,2025-08,3.9,3.9,3.8,3.8,13
266,2025-09,3.8,3.8,3.8,3.8,14
266,2025-10,3.8,3.8,3.8,3.8,14
266,2025-11,3.8,3.8,5.8,5.8,20
266,2025-12,5.8,5.8,4.7,4.7,11
267,2021-01,4.1,1.9,1.7,3.9,0
267,2021-02,3.9,2.0,2.2,4.0,0
267,2021-03,4.0,2.4,2.2,3.8,0
267,2021-04,3.8,2.0,2.4,4.1,0
267,2021-05,4.1,2.5,2.5,4.1,0
267,2021-06,4.1,2.7,2.6,4.0,0
267,2021-07,4.0,2.4,2.1,3.7,0
267,2021-08,3.7,2.5,2.5,3.7,0
267,2021-09,3.7,2.3,2.3,3.7,0
267,2021-10,3.7,1.7,1.7,3.8,0
267,2021-11,3.8,2.8,5.1,6.1,0
267,2021-12,6.1,2.3,1.1,4.9,0
267,2022-01,4.9,2.1,1.2,3.9,0
267,2022-02,3.9,2.1,1.9,3.8,0
267,2022-03,3.8,2.1,2.2,3.9,0
267,2022-04,3.9,1.7,1.9,4.2,0
267,2022-05,4.2,2.1,2.1,4.1,0
267,2022-06,4.1,2.1,1.8,3.8,0
267,2022-07,3.8,1.6,1.7,3.9,0
267,2022-08,3.9,2.6,2.5,3.8,0
267,2022-09,3.8,1.6,1.7,3.9,0
267,2022-10,3.9,2.3,2.5,4.1,0
267,2022-11,4.1,3.1,4.4,5.4,0
267,2022-12,5.4,2.5,1.8,4.8,0
267,2023-01,4.8,2.4,1.8,4.1,0
267,2023-02,4.1,1.4,1.4,4.1,0
267,2023-03,4.1,2.5,2.3,3.9,0
267,2023-04,3.9,1.6,1.6,3.9,0
267,2023-05,3.9,1.5,1.7,4.2,0
267,2023-06,4.2,1.9,1.6,3.8,0
267,2023-07,3.8,2.2,2.4,4.0,0
267,2023-08,4.0,1.7,1.6,4.0,0
267,2023-09,4.0,1.4,1.3,4.0,0
267,2023-10,4.0,1.6,1.6,4.0,0
267,2023-11,4.0,2.8,4.2,5.4,0
267,2023-12,5.4,2.3,1.9,4.9,0
267,2024-01,4.9,2.2,1.3,4.0,0
267,2024-02,4.0,1.6,1.7,4.1,0
267,2024-03,4.1,2.2,1.9,3.8,0
267,2024-04,3.8,1.3,1.4,3.9,0
267,2024-05,3.9,1.9,2.1,4.1,0
267,2024-06,4.1,2.4,2.2,3.9,0
267,2024-07,3.9,2.2,2.1,3.8,0
267,2024-08,3.8,1.8,1.8,3.8,0
267,2024-09,3.8,1.5,1.7,4.0,0
267,2024-10,4.0,1.9,2.0,4.1,0
267,2024-11,4.1,2.3,3.7,5.5,0
267,2024-12,5.5,2.8,2.2,4.9,0
267,2025-01,4.9,2.1,1.2,4.0,0
267,2025-02,4.0,2.9,2.9,4.0,0
267,2025-03,4.0,2.2,2.2,4.0,0
267,2025-04,4.0,1.7,1.7,4.1,0
267,2025-05,4.1,2.1,1.8,3.8,0
267,2025-06,3.8,2.0,2.3,4.1,0
267,2025-07,4.1,1.9,1.9,4.2,0
267,2025-08,4.2,2.1,1.8,3.9,0
267,2025-09,3.9,2.1,2.2,4.0,0
267,2025-10,4.0,2.3,2.2,3.8,0
267,2025-11,3.8,2.7,4.4,5.5,0
267,2025-12,5.5,2.3,1.9,5.1,0
268,2021-01,7.8,6.5,6.6,7.9,0
268,2021-02,7.9,6.2,6.4,8.1,0
268,2021-03,8.1,6.1,5.8,7.7,0
268,2021-04,7.7,7.1,6.3,6.9,0
268,2021-05,6.9,6.9,7.8,7.8,7
268,2021-06,7.8,7.8,6.9,6.9,2
268,2021-07,6.9,6.9,7.1,7.1,2
268,2021-08,7.1,6.5,6.1,6.8,0
268,2021-09,6.8,5.8,6.5,7.5,0
268,2021-10,7.5,7.0,6.7,7.2,0
268,2021-11,7.2,7.2,11.3,11.3,0
268,2021-12,11.3,8.1,6.0,9.3,0
268,2022-01,9.3,4.8,3.0,7.5,0
268,2022-02,7.5,5.1,5.2,7.6,0
268,2022-03,7.6,7.2,7.3,7.7,0
268,2022-04,7.7,5.8,5.7,7.6,0
268,2022-05,7.6,4.3,4.2,7.4,0
268,2022-06,7.4,6.3,5.9,7.0,0
268,2022-07,7.0,5.3,5.4,7.1,0
268,2022-08,7.1,6.2,6.8,7.7,0
268,2022-09,7.7,5.4,5.4,7.7,0
268,2022-10,7.7,7.7,7.2,7.2,1
268,2022-11,7.2,7.2,10.5,10.5,4
268,2022-12,10.5,8.3,7.0,9.2,0
268,2023-01,9.2,4.6,3.0,7.6,0
268,2023-02,7.6,4.5,4.6,7.7,0
268,2023-03,7.7,6.3,5.6,7.1,0
268,2023-04,7.1,7.1,7.3,7.3,4
268,2023-05,7.3,6.6,7.1,7.7,0
268,2023-06,7.7,5.7,6.0,8.1,0
268,2023-07,8.1,4.9,4.8,8.0,0
268,2023-08,8.0,4.5,4.1,7.6,0
268,2023-09,7.6,4.8,4.6,7.4,0
268,2023-10,7.4,5.1,5.3,7.7,0
268,2023-11,7.7,7.7,10.3,10.3,2
268,2023-12,10.3,7.2,5.9,9.0,0
268,2024-01,9.0,6.2,5.2,8.0,0
268,2024-02,8.0,5.6,5.3,7.8,0
268,2024-03,7.8,5.3,5.4,8.0,0
268,2024-04,8.0,7.3,6.1,6.8,0
268,2024-05,6.8,5.6,6.7,7.9,0
268,2024-06,7.9,4.7,4.5,7.7,0
268,2024-07,7.7,5.3,5.1,7.5,0
268,2024-08,7.5,6.6,7.1,8.0,0
268,2024-09,8.0,5.3,5.4,8.0,0
268,2024-10,8.0,6.3,5.9,7.6,0
268,2024-11,7.6,7.6,11.0,11.0,9
268,2024-12,11.0,8.4,7.0,9.5,0
268,2025-01,9.5,7.0,4.5,7.1,0
268,2025-02,7.1,4.9,5.1,7.2,0
268,2025-03,7.2,6.2,6.3,7.3,0
268,2025-04,7.3,7.3,7.2,7.2,1
268,2025-05,7.2,5.3,5.9,7.9,0
268,2025-06,7.9,6.1,5.7,7.5,0
268,2025-07,7.5,6.0,6.6,8.1,0
268,2025-08,8.1,6.5,5.6,7.2,0
268,2025-09,7.2,6.0,6.3,7.5,0
268,2025-10,7.5,6.0,5.5,7.0,0
268,2025-11,7.0,7.0,9.8,9.8,6
268,2025-12,9.8,8.0,7.4,9.1,0
269,2021-01,21.7,11.1,10.2,20.8,0
269,2021-02,20.8,12.1,11.9,20.6,0
269,2021-03,20.6,14.9,16.2,21.9,0
269,2021-04,21.9,12.0,11.0,20.8,0
269,2021-05,20.8,9.9,10.5,21.4,0
269,2021-06,21.4,9.3,9.1,21.2,0
269,2021-07,21.2,8.2,9.0,22.0,0
269,2021-08,22.0,11.2,9.7,20.5,0
269,2021-09,20.5,11.9,12.9,21.4,0
269,2021-10,21.4,11.8,12.6,22.2,0
269,2021-11,22.2,11.1,18.7,29.9,0
269,2021-12,29.9,14.6,10.3,25.6,0
269,2022-01,25.6,6.7,2.5,21.4,0
269,2022-02,21.4,12.6,13.1,21.9,0
269,2022-03,21.9,9.6,8.7,21.0,0
269,2022-04,21.0,13.7,14.9,22.2,0
269,2022-05,22.2,12.6,12.0,21.6,0
269,2022-06,21.6,7.3,7.2,21.5,0
269,2022-07,21.5,11.6,11.3,21.2,0
269,2022-08,21.2,12.6,13.7,22.2,0
269,2022-09,22.2,13.1,12.1,21.2,0
269,2022-10,21.2,13.5,13.3,21.0,0
269,2022-11,21.0,15.6,23.8,29.2,0
269,2022-12,29.2,10.6,8.6,27.3,0
269,2023-01,27.3,12.3,6.5,21.5,0
269,2023-02,21.5,11.5,10.0,20.1,0
269,2023-03,20.1,13.5,13.3,19.9,0
269,2023-04,19.9,11.4,12.3,20.8,0
269,2023-05,20.8,13.9,15.1,22.1,0
269,2023-06,22.1,6.2,4.9,20.8,0
269,2023-07,20.8,11.2,10.7,20.3,0
269,2023-08,20.3,11.6,11.7,20.4,0
269,2023-09,20.4,10.5,12.2,22.2,0
269,2023-10,22.2,9.3,7.5,20.4,0
269,2023-11,20.4,17.2,25.7,28.8,0
269,2023-12,28.8,16.3,12.5,25.0,0
269,2024-01,25.0,12.1,8.4,21.2,0
269,2024-02,21.2,12.6,11.2,19.9,0
269,2024-03,19.9,9.7,11.5,21.7,0
269,2024-04,21.7,11.1,10.9,21.5,0
269,2024-05,21.5,11.8,11.4,21.1,0
269,2024-06,21.1,8.9,8.9,21.0,0
269,2024-07,21.0,13.7,12.8,20.2,0
269,2024-08,20.2,7.7,8.7,21.1,0
269,2024-09,21.1,12.4,12.8,21.6,0
269,2024-10,21.6,11.9,11.6,21.3,0
269,2024-11,21.3,17.7,29.2,32.8,0
269,2024-12,32.8,17.6,11.3,26.5,0
269,2025-01,26.5,7.9,3.0,21.5,0
269,2025-02,21.5,7.5,7.1,21.2,0
269,2025-03,21.2,7.6,7.1,20.6,0
269,2025-04,20.6,10.7,11.0,20.9,0
269,2025-05,20.9,12.4,13.1,21.6,0
269,2025-06,21.6,14.2,14.7,22.1,0
269,2025-07,22.1,13.0,11.5,20.6,0
269,2025-08,20.6,11.6,11.0,19.9,0
269,2025-09,19.9,9.5,10.1,20.4,0
269,2025-10,20.4,10.2,12.0,22.2,0
269,2025-11,22.2,16.2,22.6,28.6,0
269,2025-12,28.6,15.4,13.1,26.3,0
270,2021-01,78.3,37.7,32.5,73.0,0
270,2021-02,73.0,30.7,35.4,77.7,0
270,2021-03,77.7,32.8,32.1,77.1,0
270,2021-04,77.1,22.7,23.6,78.0,0
270,2021-05,78.0,19.4,16.9,75.5,0
270,2021-06,75.5,30.9,34.1,78.7,0
270,2021-07,78.7,22.4,20.2,76.5,0
270,2021-08,76.5,28.1,25.9,74.3,0
270,2021-09,74.3,22.6,22.8,74.5,0
270,2021-10,74.5,26.0,26.0,74.4,0
270,2021-11,74.4,38.9,79.1,114.6,0
270,2021-12,114.6,31.2,13.6,97.0,0
270,2022-01,97.0,23.1,4.6,78.5,0
270,2022-02,78.5,19.6,17.3,76.2,0
270,2022-03,76.2,29.4,29.3,76.1,0
270,2022-04,76.1,24.4,24.1,75.8,0
270,2022-05,75.8,21.9,21.0,75.0,0
270,2022-06,75.0,25.1,27.8,77.7,0
270,2022-07,77.7,28.6,25.5,74.5,0
270,2022-08,74.5,17.8,20.0,76.8,0
270,2022-09,76.8,30.0,31.5,78.3,0
270,2022-10,78.3,29.2,26.2,75.3,0
270,2022-11,75.3,35.7,71.2,110.8,0
270,2022-12,110.8,29.6,14.3,95.5,0
270,2023-01,95.5,13.6,0.0,81.9,0
270,2023-02,81.9,30.2,24.1,75.8,0
270,2023-03,75.8,20.5,23.1,78.4,0
270,2023-04,78.4,19.5,19.7,78.6,0
270,2023-05,78.6,22.1,21.2,77.7,0
270,2023-06,77.7,27.1,26.6,77.2,0
270,2023-07,77.2,24.9,24.7,77.0,0
270,2023-08,77.0,28.1,28.4,77.3,0
270,2023-09,77.3,29.5,31.9,79.7,0
270,2023-10,79.7,17.2,14.2,76.7,0
270,2023-11,76.7,33.5,70.3,113.5,0
270,2023-12,113.5,38.9,20.4,95.0,0
270,2024-01,95.0,33.1,16.7,78.6,0
270,2024-02,78.6,34.6,33.7,77.7,0
270,2024-03,77.7,31.7,30.5,76.6,0
270,2024-04,76.6,31.4,33.2,78.3,0
270,2024-05,78.3,25.8,25.6,78.1,0
270,2024-06,78.1,30.2,30.6,78.6,0
270,2024-07,78.6,21.5,19.9,76.9,0
270,2024-08,76.9,27.7,28.0,77.3,0
270,2024-09,77.3,20.4,20.7,77.6,0
270,2024-10,77.6,24.6,24.8,77.9,0
270,2024-11,77.9,35.7,67.4,109.6,0
270,2024-12,109.6,28.9,15.8,96.5,0
270,2025-01,96.5,28.0,10.3,78.8,0
270,2025-02,78.8,35.3,31.0,74.5,0
270,2025-03,74.5,26.4,28.5,76.6,0
270,2025-04,76.6,18.7,18.4,76.3,0
270,2025-05,76.3,22.3,24.1,78.1,0
270,2025-06,78.1,24.3,23.8,77.5,0
270,2025-07,77.5,25.6,23.5,75.4,0
270,2025-08,75.4,23.3,23.1,75.2,0
270,2025-09,75.2,21.1,21.6,75.7,0
270,2025-10,75.7,26.6,29.2,78.3,0
270,2025-11,78.3,36.7,66.8,108.4,0
270,2025-12,108.4,39.3,26.2,95.3,0
271,2021-01,163.7,54.2,49.3,158.8,0
271,2021-02,158.8,37.7,36.8,157.9,0
271,2021-03,157.9,38.2,38.1,157.8,0
271,2021-04,157.8,41.2,48.9,165.5,0
271,2021-05,165.5,31.5,25.5,159.4,0
271,2021-06,159.4,47.0,46.6,159.1,0
271,2021-07,159.1,40.1,40.7,159.7,0
271,2021-08,159.7,44.7,50.4,165.4,0
271,2021-09,165.4,41.1,36.0,160.4,0
271,2021-10,160.4,52.1,55.3,163.6,0
271,2021-11,163.6,61.9,126.3,227.9,0
271,2021-12,227.9,62.9,37.6,202.7,0
271,2022-01,202.7,42.1,2.8,163.5,0
271,2022-02,163.5,53.7,52.6,162.4,0
271,2022-03,162.4,52.7,50.8,160.5,0
271,2022-04,160.5,42.5,45.7,163.7,0
271,2022-05,163.7,37.7,39.3,165.4,0
271,2022-06,165.4,36.4,34.1,163.1,0
271,2022-07,163.1,49.2,42.5,156.5,0
271,2022-08,156.5,51.4,59.9,165.1,0
271,2022-09,165.1,33.6,32.4,163.9,0
271,2022-10,163.9,46.1,45.0,162.8,0
271,2022-11,162.8,59.4,116.8,220.2,0
271,2022-12,220.2,46.5,28.8,202.5,0
271,2023-01,202.5,51.0,11.4,162.9,0
271,2023-02,162.9,52.8,50.7,160.9,0
271,2023-03,160.9,33.4,37.7,165.2,0
271,2023-04,165.2,44.0,43.3,164.4,0
271,2023-05,164.4,31.4,26.2,159.3,0
271,2023-06,159.3,52.1,54.7,161.8,0
271,2023-07,161.8,58.8,56.1,159.1,0
271,2023-08,159.1,35.5,40.0,163.6,0
271,2023-09,163.6,45.8,48.2,166.0,0
271,2023-10,166.0,42.4,36.1,159.8,0
271,2023-11,159.8,56.2,118.5,222.1,0
271,2023-12,222.1,49.3,27.3,200.0,0
271,2024-01,200.0,36.3,0.0,163.8,0
271,2024-02,163.8,33.1,28.5,159.2,0
271,2024-03,159.2,52.3,51.4,158.3,0
271,2024-04,158.3,29.9,36.2,164.7,0
271,2024-05,164.7,45.8,39.2,158.1,0
271,2024-06,158.1,41.6,40.9,157.3,0
271,2024-07,157.3,57.7,57.7,157.3,0
271,2024-08,157.3,36.1,41.8,163.0,0
271,2024-09,163.0,50.6,49.7,162.1,0
271,2024-10,162.1,46.0,46.7,162.8,0
271,2024-11,162.8,59.3,128.4,231.9,0
271,2024-12,231.9,54.7,24.1,201.2,0
271,2025-01,201.2,41.0,3.4,163.5,0
271,2025-02,163.5,33.6,31.5,161.5,0
271,2025-03,161.5,39.1,42.8,165.2,0
271,2025-04,165.2,41.2,36.7,160.7,0
271,2025-05,160.7,29.5,32.8,164.1,0
271,2025-06,164.1,34.1,34.9,164.9,0
271,2025-07,164.9,45.6,40.2,159.5,0
271,2025-08,159.5,40.9,41.7,160.3,0
271,2025-09,160.3,32.7,33.6,161.2,0
271,2025-10,161.2,43.0,40.3,158.5,0
271,2025-11,158.5,65.9,138.5,231.2,0
271,2025-12,231.2,53.0,25.5,203.7,0
272,2021-01,58.7,26.5,26.0,58.2,0
272,2021-02,58.2,32.8,29.6,55.0,0
272,2021-03,55.0,25.5,25.6,55.1,0
272,2021-04,55.1,22.9,24.8,57.0,0
272,2021-05,57.0,29.4,26.6,54.3,0
272,2021-06,54.3,24.6,28.1,57.8,0
272,2021-07,57.8,28.8,25.7,54.6,0
272,2021-08,54.6,38.3,38.4,54.7,0
272,2021-09,54.7,30.6,32.6,56.8,0
272,2021-10,56.8,27.2,26.2,55.8,0
272,2021-11,55.8,53.9,86.9,88.9,0
272,2021-12,88.9,47.1,27.1,68.9,0
272,2022-01,68.9,23.3,12.7,58.3,0
272,2022-02,58.3,34.8,30.6,54.1,0
272,2022-03,54.1,33.1,36.6,57.6,0
272,2022-04,57.6,30.1,28.6,56.1,0
272,2022-05,56.1,44.7,40.4,51.8,0
272,2022-06,51.8,22.2,26.1,55.7,0
272,2022-07,55.7,31.5,30.8,55.1,0
272,2022-08,55.1,40.2,44.8,59.7,0
272,2022-09,59.7,30.0,25.5,55.3,0
272,2022-10,55.3,20.8,21.9,56.4,0
272,2022-11,56.4,32.3,62.1,86.2,0
272,2022-12,86.2,46.9,31.7,71.0,0
272,2023-01,71.0,20.5,7.3,57.8,0
272,2023-02,57.8,35.0,32.6,55.3,0
272,2023-03,55.3,31.0,35.4,59.7,0
272,2023-04,59.7,23.8,21.0,56.9,0
272,2023-05,56.9,20.8,20.5,56.6,0
272,2023-06,56.6,22.7,21.8,55.7,0
272,2023-07,55.7,30.2,33.4,58.9,0
272,2023-08,58.9,31.5,27.8,55.3,0
272,2023-09,55.3,19.5,23.0,58.7,0
272,2023-10,58.7,37.2,39.1,60.6,0
272,2023-11,60.6,49.3,64.0,75.3,0
272,2023-12,75.3,34.1,32.5,73.7,0
272,2024-01,73.7,36.9,22.2,59.0,0
272,2024-02,59.0,28.8,24.8,55.0,0
272,2024-03,55.0,36.5,38.1,56.6,0
272,2024-04,56.6,24.8,23.3,55.1,0
272,2024-05,55.1,26.6,29.2,57.8,0
272,2024-06,57.8,26.1,25.9,57.6,0
272,2024-07,57.6,32.7,30.1,55.1,0
272,2024-08,55.1,35.9,35.5,54.6,0
272,2024-09,54.6,33.1,38.0,59.6,0
272,2024-10,59.6,32.7,31.0,57.9,0
272,2024-11,57.9,37.9,56.4,76.5,0
272,2024-12,76.5,37.3,31.0,70.2,0
272,2025-01,70.2,21.3,8.4,57.3,0
272,2025-02,57.3,29.7,28.8,56.4,0
272,2025-03,56.4,29.2,32.2,59.4,0
272,2025-04,59.4,38.4,34.2,55.2,0
272,2025-05,55.2,36.7,41.5,60.0,0
272,2025-06,60.0,25.7,25.0,59.2,0
272,2025-07,59.2,36.7,37.2,59.8,0
272,2025-08,59.8,31.2,31.1,59.7,0
272,2025-09,59.7,22.7,18.6,55.7,0
272,2025-10,55.7,19.0,20.7,57.4,0
272,2025-11,57.4,33.5,52.3,76.2,0
272,2025-12,76.2,30.6,26.5,72.1,0
273,2021-01,4.5,2.1,2.0,4.4,0
273,2021-02,4.4,2.2,2.1,4.4,0
273,2021-03,4.4,2.5,2.3,4.2,0
273,2021-04,4.2,2.2,2.6,4.5,0
273,2021-05,4.5,2.7,2.5,4.3,0
273,2021-06,4.3,2.3,2.6,4.6,0
273,2021-07,4.6,2.4,2.2,4.4,0
273,2021-08,4.4,1.9,2.0,4.5,0
273,2021-09,4.5,2.7,2.7,4.5,0
273,2021-10,4.5,2.5,2.2,4.2,0
273,2021-11,4.2,3.7,5.9,6.5,0
273,2021-12,6.5,3.7,2.6,5.4,0
273,2022-01,5.4,2.5,1.5,4.4,0
273,2022-02,4.4,2.2,2.2,4.5,0
273,2022-03,4.5,2.1,2.2,4.5,0
273,2022-04,4.5,2.8,2.9,4.5,0
273,2022-05,4.5,2.6,2.5,4.4,0
273,2022-06,4.4,2.5,2.3,4.3,0
273,2022-07,4.3,2.6,2.6,4.2,0
273,2022-08,4.2,2.0,2.1,4.3,0
273,2022-09,4.3,2.1,2.3,4.6,0
273,2022-10,4.6,2.3,2.2,4.4,0
273,2022-11,4.4,4.0,5.2,5.7,0
273,2022-12,5.7,2.8,2.8,5.7,0
273,2023-01,5.7,2.0,0.8,4.5,0
273,2023-02,4.5,2.0,2.0,4.4,0
273,2023-03,4.4,2.4,2.2,4.2,0
273,2023-04,4.2,1.9,2.2,4.5,0
273,2023-05,4.5,2.5,2.5,4.5,0
273,2023-06,4.5,1.6,1.4,4.3,0
273,2023-07,4.3,3.2,3.4,4.5,0
273,2023-08,4.5,1.8,1.8,4.5,0
273,2023-09,4.5,2.0,1.9,4.4,0
273,2023-10,4.4,1.9,1.9,4.3,0
273,2023-11,4.3,3.3,5.2,6.2,0
273,2023-12,6.2,3.0,2.3,5.6,0
273,2024-01,5.6,2.6,1.5,4.5,0
273,2024-02,4.5,2.0,1.9,4.4,0
273,2024-03,4.4,2.5,2.3,4.2,0
273,2024-04,4.2,2.6,2.5,4.1,0
273,2024-05,4.1,2.5,2.9,4.4,0
273,2024-06,4.4,2.7,2.6,4.3,0
273,2024-07,4.3,2.3,2.2,4.2,0
273,2024-08,4.2,2.8,2.8,4.2,0
273,2024-09,4.2,1.6,1.9,4.5,0
273,2024-10,4.5,3.2,2.7,4.1,0
273,2024-11,4.1,3.9,6.3,6.5,0
273,2024-12,6.5,3.1,2.3,5.7,0
273,2025-01,5.7,2.3,1.2,4.6,0
273,2025-02,4.6,2.8,2.7,4.5,0
273,2025-03,4.5,2.0,1.9,4.3,0
273,2025-04,4.3,1.7,1.9,4.5,0
273,2025-05,4.5,2.2,2.3,4.6,0
273,2025-06,4.6,2.9,2.5,4.2,0
273,2025-07,4.2,2.3,2.7,4.6,0
273,2025-08,4.6,1.6,1.5,4.5,0
273,2025-09,4.5,3.4,3.0,4.1,0
273,2025-10,4.1,3.0,3.5,4.6,0
273,2025-11,4.6,3.8,6.0,6.7,0
273,2025-12,6.7,2.5,1.5,5.7,0
274,2021-01,64.2,31.7,33.0,65.5,0
274,2021-02,65.5,31.3,30.3,64.5,0
274,2021-03,64.5,31.1,29.9,63.3,0
274,2021-04,63.3,38.3,37.1,62.1,0
274,2021-05,62.1,28.5,31.0,64.6,0
274,2021-06,64.6,39.4,40.3,65.5,0
274,2021-07,65.5,24.0,20.0,61.5,0
274,2021-08,61.5,43.6,45.3,63.2,0
274,2021-09,63.2,39.9,39.8,63.1,0
274,2021-10,63.1,43.3,41.9,61.7,0
274,2021-11,61.7,52.1,86.9,96.5,0
274,2021-12,96.5,48.5,27.6,75.6,0
274,2022-01,75.6,28.7,15.7,62.6,0
274,2022-02,62.6,28.5,27.8,62.0,0
274,2022-03,62.0,28.4,28.0,61.6,0
274,2022-04,61.6,31.7,35.8,65.7,0
274,2022-05,65.7,34.1,32.3,63.9,0
274,2022-06,63.9,37.0,37.2,64.0,0
274,2022-07,64.0,41.6,42.3,64.7,0
274,2022-08,64.7,32.0,32.7,65.4,0
274,2022-09,65.4,37.0,36.9,65.3,0
274,2022-10,65.3,35.5,32.9,62.7,0
274,2022-11,62.7,54.5,73.9,82.2,0
274,2022-12,82.2,59.9,57.2,79.5,0
274,2023-01,79.5,41.5,24.7,62.8,0
274,2023-02,62.8,39.8,39.2,62.3,0
274,2023-03,62.3,32.1,32.7,62.8,0
274,2023-04,62.8,30.2,32.0,64.7,0
274,2023-05,64.7,27.6,27.3,64.3,0
274,2023-06,64.3,30.6,30.1,63.8,0
274,2023-07,63.8,40.7,37.1,60.2,0
274,2023-08,60.2,42.3,48.3,66.2,0
274,2023-09,66.2,32.7,27.1,60.6,0
274,2023-10,60.6,40.6,43.5,63.5,0
274,2023-11,63.5,61.2,79.1,81.4,0
274,2023-12,81.4,44.1,42.7,80.0,0
274,2024-01,80.0,47.1,32.0,64.9,0
274,2024-02,64.9,30.2,25.7,60.4,0
274,2024-03,60.4,30.1,32.2,62.5,0
274,2024-04,62.5,45.4,45.3,62.5,0
274,2024-05,62.5,32.3,34.6,64.8,0
274,2024-06,64.8,34.7,29.3,59.4,0
274,2024-07,59.4,31.6,37.1,64.9,0
274,2024-08,64.9,30.8,29.4,63.6,0
274,2024-09,63.6,31.4,33.3,65.5,0
274,2024-10,65.5,35.1,30.1,60.5,0
274,2024-11,60.5,44.1,79.3,95.7,0
274,2024-12,95.7,43.3,27.9,80.3,0
274,2025-01,80.3,33.1,16.1,63.4,0
274,2025-02,63.4,42.9,41.1,61.5,0
274,2025-03,61.5,33.6,38.0,66.0,0
274,2025-04,66.0,33.3,29.1,61.7,0
274,2025-05,61.7,37.8,41.0,64.9,0
274,2025-06,64.9,42.4,38.8,61.3,0
274,2025-07,61.3,39.6,36.8,58.5,0
274,2025-08,58.5,32.1,33.7,60.2,0
274,2025-09,60.2,36.4,36.6,60.4,0
274,2025-10,60.4,38.9,38.9,60.3,0
274,2025-11,60.3,48.4,78.5,90.5,0
274,2025-12,90.5,44.1,30.9,77.3,0
275,2021-01,22.2,12.4,12.7,22.5,0
275,2021-02,22.5,9.2,8.6,21.9,0
275,2021-03,21.9,6.7,6.9,22.2,0
275,2021-04,22.2,10.2,9.2,21.1,0
275,2021-05,21.1,11.4,11.1,20.8,0
275,2021-06,20.8,13.0,14.5,22.3,0
275,2021-07,22.3,14.3,12.3,20.4,0
275,2021-08,20.4,10.1,11.8,22.1,0
275,2021-09,22.1,10.0,9.9,21.9,0
275,2021-10,21.9,9.7,9.9,22.1,0
275,2021-11,22.1,13.3,23.2,32.0,0
275,2021-12,32.0,15.5,10.4,26.9,0
275,2022-01,26.9,9.8,4.5,21.6,0
275,2022-02,21.6,9.5,8.7,20.8,0
275,2022-03,20.8,11.6,12.0,21.3,0
275,2022-04,21.3,9.5,9.4,21.1,0
275,2022-05,21.1,10.2,11.7,22.6,0
275,2022-06,22.6,10.2,9.1,21.6,0
275,2022-07,21.6,9.8,9.2,21.0,0
275,2022-08,21.0,12.3,12.9,21.5,0
275,2022-09,21.5,10.4,11.2,22.3,0
275,2022-10,22.3,9.1,9.4,22.6,0
275,2022-11,22.6,17.1,27.1,32.6,0
275,2022-12,32.6,11.9,7.1,27.8,0
275,2023-01,27.8,10.0,4.5,22.2,0
275,2023-02,22.2,13.5,12.1,20.8,0
275,2023-03,20.8,6.9,7.4,21.2,0
275,2023-04,21.2,11.7,11.3,20.8,0
275,2023-05,20.8,13.3,15.2,22.7,0
275,2023-06,22.7,13.6,13.7,22.8,0
275,2023-07,22.8,9.8,8.5,21.5,0
275,2023-08,21.5,9.1,9.5,21.9,0
275,2023-09,21.9,7.9,7.4,21.4,0
275,2023-10,21.4,7.5,7.4,21.3,0
275,2023-11,21.3,16.5,24.0,28.8,0
275,2023-12,28.8,11.5,9.5,26.8,0
275,2024-01,26.8,15.3,10.5,22.0,0
275,2024-02,22.0,13.1,13.9,22.8,0
275,2024-03,22.8,10.6,9.9,22.1,0
275,2024-04,22.1,8.1,8.4,22.4,0
275,2024-05,22.4,10.8,9.1,20.7,0
275,2024-06,20.7,9.0,9.7,21.4,0
275,2024-07,21.4,9.3,10.4,22.5,0
275,2024-08,22.5,12.3,11.9,22.2,0
275,2024-09,22.2,11.6,10.9,21.4,0
275,2024-10,21.4,11.1,10.2,20.6,0
275,2024-11,20.6,17.2,25.7,29.1,0
275,2024-12,29.1,14.0,10.8,25.9,0
275,2025-01,25.9,9.9,6.0,22.0,0
275,2025-02,22.0,10.8,9.7,20.9,0
275,2025-03,20.9,12.7,13.9,22.1,0
275,2025-04,22.1,9.4,8.4,21.0,0
275,2025-05,21.0,8.5,10.0,22.5,0
275,2025-06,22.5,8.7,7.8,21.6,0
275,2025-07,21.6,10.6,10.9,21.9,0
275,2025-08,21.9,11.4,11.7,22.2,0
275,2025-09,22.2,11.9,11.2,21.5,0
275,2025-10,21.5,10.5,10.7,21.7,0
275,2025-11,21.7,16.7,24.0,29.0,0
275,2025-12,29.0,11.4,8.9,26.4,0
276,2021-01,45.7,13.3,11.5,43.9,0
276,2021-02,43.9,11.0,11.7,44.6,0
276,2021-03,44.6,11.7,12.9,45.8,0
276,2021-04,45.8,13.3,12.7,45.2,0
276,2021-05,45.2,14.1,14.6,45.7,0
276,2021-06,45.7,11.9,11.4,45.1,0
276,2021-07,45.1,15.0,14.9,45.0,0
276,2021-08,45.0,11.9,11.7,44.8,0
276,2021-09,44.8,12.6,13.8,46.0,0
276,2021-10,46.0,11.1,10.7,45.6,0
276,2021-11,45.6,14.2,34.9,66.2,0
276,2021-12,66.2,16.0,7.0,57.2,0
276,2022-01,57.2,12.5,0.9,45.7,0
276,2022-02,45.7,12.8,11.5,44.3,0
276,2022-03,44.3,10.4,10.0,44.0,0
276,2022-04,44.0,12.1,13.5,45.5,0
276,2022-05,45.5,13.6,12.7,44.6,0
276,2022-06,44.6,10.3,9.8,44.1,0
276,2022-07,44.1,8.9,9.1,44.3,0
276,2022-08,44.3,12.9,14.9,46.3,0
276,2022-09,46.3,16.0,15.2,45.5,0
276,2022-10,45.5,11.4,11.8,45.9,0
276,2022-11,45.9,22.5,38.8,62.2,0
276,2022-12,62.2,14.3,9.0,56.9,0
276,2023-01,56.9,18.2,6.4,45.2,0
276,2023-02,45.2,13.5,14.4,46.1,0
276,2023-03,46.1,12.5,12.5,46.1,0
276,2023-04,46.1,14.6,14.4,45.9,0
276,2023-05,45.9,8.9,9.0,46.1,0
276,2023-06,46.1,13.5,12.0,44.5,0
276,2023-07,44.5,14.3,14.3,44.5,0
276,2023-08,44.5,12.9,14.7,46.3,0
276,2023-09,46.3,14.7,13.3,44.9,0
276,2023-10,44.9,8.7,9.9,46.1,0
276,2023-11,46.1,19.1,39.8,66.8,0
276,2023-12,66.8,14.3,4.1,56.6,0
276,2024-01,56.6,12.4,1.4,45.6,0
276,2024-02,45.6,10.1,10.3,45.7,0
276,2024-03,45.7,13.7,13.3,45.3,0
276,2024-04,45.3,11.7,10.4,44.0,0
276,2024-05,44.0,10.0,10.3,44.3,0
276,2024-06,44.3,15.1,15.3,44.5,0
276,2024-07,44.5,9.7,11.2,46.0,0
276,2024-08,46.0,15.6,14.5,44.9,0
276,2024-09,44.9,9.9,10.7,45.8,0
276,2024-10,45.8,13.8,11.9,43.9,0
276,2024-11,43.9,22.2,42.3,64.0,0
276,2024-12,64.0,15.6,8.3,56.7,0
276,2025-01,56.7,8.2,0.0,48.5,0
276,2025-02,48.5,11.4,7.4,44.4,0
276,2025-03,44.4,10.6,12.4,46.2,0
276,2025-04,46.2,15.3,15.2,46.1,0
276,2025-05,46.1,13.0,12.6,45.6,0
276,2025-06,45.6,11.2,9.8,44.2,0
276,2025-07,44.2,10.7,12.3,45.8,0
276,2025-08,45.8,13.1,11.5,44.2,0
276,2025-09,44.2,11.2,12.9,45.9,0
276,2025-10,45.9,15.1,13.0,43.7,0
276,2025-11,43.7,15.7,34.3,62.3,0
276,2025-12,62.3,13.0,8.0,57.4,0
277,2021-01,17.1,17.1,15.7,15.7,17
277,2021-02,15.7,15.7,15.9,15.9,22
277,2021-03,15.9,15.9,14.8,14.8,22
277,2021-04,14.8,14.8,17.6,17.6,22
277,2021-05,17.6,17.6,17.5,17.5,21
277,2021-06,17.5,17.5,17.2,17.2,20
277,2021-07,17.2,17.2,16.9,16.9,11
277,2021-08,16.9,16.9,17.1,17.1,21
277,2021-09,17.1,17.1,15.9,15.9,19
277,2021-10,15.9,15.9,15.8,15.8,19
277,2021-11,15.8,15.8,24.8,24.8,24
277,2021-12,24.8,24.8,21.0,21.0,18
277,2022-01,21.0,21.0,17.4,17.4,15
277,2022-02,17.4,17.4,15.9,15.9,19
277,2022-03,15.9,15.9,15.7,15.7,19
277,2022-04,15.7,15.7,17.0,17.0,18
277,2022-05,17.0,17.0,16.0,16.0,19
277,2022-06,16.0,16.0,17.5,17.5,19
277,2022-07,17.5,17.5,17.0,17.0,19
277,2022-08,17.0,17.0,15.4,15.4,21
277,2022-09,15.4,15.4,15.8,15.8,15
277,2022-10,15.8,15.8,15.4,15.4,21
277,2022-11,15.4,15.4,25.5,25.5,23
277,2022-12,25.5,25.5,22.2,22.2,10
277,2023-01,22.2,22.2,17.4,17.4,7
277,2023-02,17.4,17.4,17.8,17.8,20
277,2023-03,17.8,17.8,17.0,17.0,21
277,2023-04,17.0,17.0,15.9,15.9,20
277,2023-05,15.9,15.9,15.4,15.4,21
277,2023-06,15.4,15.4,16.9,16.9,19
277,2023-07,16.9,16.9,17.9,17.9,19
277,2023-08,17.9,17.9,17.3,17.3,18
277,2023-09,17.3,17.3,16.3,16.3,15
277,2023-10,16.3,16.3,16.5,16.5,21
277,2023-11,16.5,16.5,22.7,22.7,23
277,2023-12,22.7,22.7,22.2,22.2,18
277,2024-01,22.2,22.2,15.3,15.3,6
277,2024-02,15.3,15.3,15.6,15.6,22
277,2024-03,15.6,15.6,17.6,17.6,17
277,2024-04,17.6,17.6,15.5,15.5,15
277,2024-05,15.5,15.5,15.3,15.3,20
277,2024-06,15.3,15.3,15.7,15.7,21
277,2024-07,15.7,15.7,16.4,16.4,23
277,2024-08,16.4,16.4,15.2,15.2,16
277,2024-09,15.2,15.2,16.2,16.2,13
277,2024-10,16.2,16.2,17.2,17.2,19
277,2024-11,17.2,17.2,25.3,25.3,23
277,2024-12,25.3,25.3,21.4,21.4,19
277,2025-01,21.4,21.4,15.5,15.5,18
277,2025-02,15.5,15.5,14.7,14.7,22
277,2025-03,14.7,14.7,14.7,14.7,20
277,2025-04,14.7,14.7,16.7,16.7,23
277,2025-05,16.7,16.7,15.8,15.8,19
277,2025-06,15.8,15.8,16.0,16.0,22
277,2025-07,16.0,16.0,17.2,17.2,21
277,2025-08,17.2,17.2,17.1,17.1,20
277,2025-09,17.1,17.1,16.9,16.9,15
277,2025-10,16.9,16.9,16.9,16.9,19
277,2025-11,16.9,16.9,24.1,24.1,23
277,2025-12,24.1,24.1,18.6,18.6,20
278,2021-01,15.3,15.3,13.8,13.8,19
278,2021-02,13.8,13.8,14.0,14.0,22
278,2021-03,14.0,14.0,15.9,15.9,21
278,2021-04,15.9,15.9,13.1,13.1,18
278,2021-05,13.1,13.1,14.4,14.4,21
278,2021-06,14.4,14.4,13.5,13.5,22
278,2021-07,13.5,13.5,14.3,14.3,20
278,2021-08,14.3,14.3,13.2,13.2,23
278,2021-09,13.2,13.2,13.7,13.7,19
278,2021-10,13.7,13.7,15.5,15.5,23
278,2021-11,15.5,15.5,20.0,20.0,23
278,2021-12,20.0,20.0,17.2,17.2,20
278,2022-01,17.2,17.2,15.2,15.2,17
278,2022-02,15.2,15.2,15.9,15.9,19
278,2022-03,15.9,15.9,13.8,13.8,22
278,2022-04,13.8,13.8,13.8,13.8,23
278,2022-05,13.8,13.8,15.2,15.2,22
278,2022-06,15.2,15.2,15.2,15.2,21
278,2022-07,15.2,15.2,15.5,15.5,19
278,2022-08,15.5,15.5,15.8,15.8,13
278,2022-09,15.8,15.8,14.4,14.4,18
278,2022-10,14.4,14.4,14.6,14.6,22
278,2022-11,14.6,14.6,19.9,19.9,24
278,2022-12,19.9,19.9,16.7,16.7,20
278,2023-01,16.7,16.7,15.6,15.6,20
278,2023-02,15.6,15.6,14.3,14.3,21
278,2023-03,14.3,14.3,15.6,15.6,20
278,2023-04,15.6,15.6,16.0,16.0,20
278,2023-05,16.0,16.0,13.6,13.6,21
278,2023-06,13.6,13.6,13.7,13.7,22
278,2023-07,13.7,13.7,14.9,14.9,23
278,2023-08,14.9,14.9,15.5,15.5,21
278,2023-09,15.5,15.5,15.5,15.5,21
278,2023-10,15.5,15.5,13.6,13.6,20
278,2023-11,13.6,13.6,23.2,23.2,24
278,2023-12,23.2,23.2,17.2,17.2,14
278,2024-01,17.2,17.2,15.8,15.8,19
278,2024-02,15.8,15.8,15.6,15.6,20
278,2024-03,15.6,15.6,13.3,13.3,21
278,2024-04,13.3,13.3,14.0,14.0,20
278,2024-05,14.0,14.0,15.1,15.1,21
278,2024-06,15.1,15.1,15.5,15.5,22
278,2024-07,15.5,15.5,14.0,14.0,20
278,2024-08,14.0,14.0,14.1,14.1,21
278,2024-09,14.1,14.1,15.5,15.5,23
278,2024-10,15.5,15.5,14.9,14.9,19
278,2024-11,14.9,14.9,18.9,18.9,23
278,2024-12,18.9,18.9,18.5,18.5,20
278,2025-01,18.5,18.5,15.0,15.0,18
278,2025-02,15.0,15.0,15.0,15.0,20
278,2025-03,15.0,15.0,14.8,14.8,15
278,2025-04,14.8,14.8,15.8,15.8,17
278,2025-05,15.8,15.8,15.7,15.7,21
278,2025-06,15.7,15.7,13.9,13.9,16
278,2025-07,13.9,13.9,13.0,13.0,20
278,2025-08,13.0,13.0,15.6,15.6,22
278,2025-09,15.6,15.6,14.9,14.9,19
278,2025-10,14.9,14.9,14.7,14.7,18
278,2025-11,14.7,14.7,21.1,21.1,24
278,2025-12,21.1,21.1,16.6,16.6,20
279,2021-01,7.8,7.8,7.5,7.5,20
279,2021-02,7.5,7.5,7.7,7.7,21
279,2021-03,7.7,7.7,7.2,7.2,21
279,2021-04,7.2,7.2,7.8,7.8,21
279,2021-05,7.8,7.8,8.0,8.0,20
279,2021-06,8.0,8.0,6.7,6.7,22
279,2021-07,6.7,6.7,8.1,8.1,15
279,2021-08,8.1,8.1,8.2,8.2,21
279,2021-09,8.2,8.2,8.2,8.2,18
279,2021-10,8.2,8.2,7.4,7.4,18
279,2021-11,7.4,7.4,10.2,10.2,24
279,2021-12,10.2,10.2,8.5,8.5,18
279,2022-01,8.5,8.5,7.2,7.2,22
279,2022-02,7.2,7.2,7.1,7.1,21
279,2022-03,7.1,7.1,7.1,7.1,21
279,2022-04,7.1,7.1,7.4,7.4,21
279,2022-05,7.4,7.4,7.7,7.7,22
279,2022-06,7.7,7.7,8.2,8.2,19
279,2022-07,8.2,8.2,7.5,7.5,19
279,2022-08,7.5,7.5,7.5,7.5,22
279,2022-09,7.5,7.5,7.4,7.4,22
279,2022-10,7.4,7.4,6.8,6.8,20
279,2022-11,6.8,6.8,11.9,11.9,25
279,2022-12,11.9,11.9,9.3,9.3,20
279,2023-01,9.3,9.3,7.0,7.0,18
279,2023-02,7.0,7.0,7.4,7.4,24
279,2023-03,7.4,7.4,7.0,7.0,19
279,2023-04,7.0,7.0,6.7,6.7,23
279,2023-05,6.7,6.7,7.5,7.5,22
279,2023-06,7.5,7.5,7.0,7.0,22
279,2023-07,7.0,7.0,7.4,7.4,19
279,2023-08,7.4,7.4,6.8,6.8,24
279,2023-09,6.8,6.8,8.1,8.1,24
279,2023-10,8.1,8.1,8.1,8.1,18
279,2023-11,8.1,8.1,11.2,11.2,23
279,2023-12,11.2,11.2,9.5,9.5,20
279,2024-01,9.5,9.5,7.5,7.5,21
279,2024-02,7.5,7.5,7.8,7.8,21
279,2024-03,7.8,7.8,7.7,7.7,21
279,2024-04,7.7,7.7,7.0,7.0,22
279,2024-05,7.0,7.0,7.4,7.4,22
279,2024-06,7.4,7.4,6.8,6.8,20
279,2024-07,6.8,6.8,6.9,6.9,22
279,2024-08,6.9,6.9,7.0,7.0,19
279,2024-09,7.0,7.0,7.3,7.3,21
279,2024-10,7.3,7.3,8.0,8.0,21
279,2024-11,8.0,8.0,11.7,11.7,23
279,2024-12,11.7,11.7,8.6,8.6,21
279,2025-01,8.6,8.6,6.9,6.9,19
279,2025-02,6.9,6.9,7.8,7.8,23
279,2025-03,7.8,7.8,7.2,7.2,20
279,2025-04,7.2,7.2,7.9,7.9,20
279,2025-05,7.9,7.9,7.5,7.5,22
279,2025-06,7.5,7.5,7.8,7.8,21
279,2025-07,7.8,7.8,7.0,7.0,21
279,2025-08,7.0,7.0,8.2,8.2,18
279,2025-09,8.2,8.2,7.6,7.6,22
279,2025-10,7.6,7.6,6.9,6.9,21
279,2025-11,6.9,6.9,11.9,11.9,25
279,2025-12,11.9,11.9,9.6,9.6,11
280,2021-01,268.4,55.3,53.4,266.6,0
280,2021-02,266.6,39.6,39.9,266.8,0
280,2021-03,266.8,71.5,65.8,261.1,0
280,2021-04,261.1,41.8,43.4,262.6,0
280,2021-05,262.6,60.1,66.4,268.9,0
280,2021-06,268.9,38.6,32.7,263.1,0
280,2021-07,263.1,64.9,70.0,268.2,0
280,2021-08,268.2,52.5,54.7,270.4,0
280,2021-09,270.4,51.4,45.7,264.6,0
280,2021-10,264.6,55.1,56.4,265.8,0
280,2021-11,265.8,78.3,195.0,382.5,0
280,2021-12,382.5,86.5,39.8,335.8,0
280,2022-01,335.8,52.2,0.0,283.6,0
280,2022-02,283.6,58.9,38.7,263.4,0
280,2022-03,263.4,31.7,37.7,269.4,0
280,2022-04,269.4,63.0,57.6,264.0,0
280,2022-05,264.0,38.5,39.7,265.1,0
280,2022-06,265.1,73.2,67.9,259.8,0
280,2022-07,259.8,62.7,68.8,266.0,0
280,2022-08,266.0,47.0,46.7,265.6,0
280,2022-09,265.6,61.9,55.6,259.3,0
280,2022-10,259.3,28.3,37.0,268.0,0
280,2022-11,268.0,85.8,204.6,386.8,0
280,2022-12,386.8,63.1,12.1,335.8,0
280,2023-01,335.8,38.9,0.0,296.9,0
280,2023-02,296.9,62.0,32.8,267.7,0
280,2023-03,267.7,49.0,48.7,267.4,0
280,2023-04,267.4,57.0,51.6,261.9,0
280,2023-05,261.9,68.0,70.8,264.7,0
280,2023-06,264.7,52.5,47.9,260.1,0
280,2023-07,260.1,51.2,54.8,263.7,0
280,2023-08,263.7,41.3,48.3,270.7,0
280,2023-09,270.7,44.5,37.5,263.7,0
280,2023-10,263.7,39.3,44.2,268.6,0
280,2023-11,268.6,71.6,164.2,361.1,0
280,2023-12,361.1,63.9,38.7,335.9,0
280,2024-01,335.9,56.5,0.0,279.5,0
280,2024-02,279.5,63.5,48.5,264.5,0
280,2024-03,264.5,51.9,56.4,269.0,0
280,2024-04,269.0,61.0,59.2,267.3,0
280,2024-05,267.3,62.9,55.9,260.4,0
280,2024-06,260.4,67.8,79.4,272.0,0
280,2024-07,272.0,40.7,32.4,263.6,0
280,2024-08,263.6,47.2,46.7,263.0,0
280,2024-09,263.0,47.5,47.8,263.3,0
280,2024-10,263.3,46.0,52.2,269.5,0
280,2024-11,269.5,87.4,216.5,398.6,0
280,2024-12,398.6,46.7,0.0,351.8,0
280,2025-01,351.8,54.0,0.0,297.8,0
280,2025-02,297.8,59.3,26.4,264.9,0
280,2025-03,264.9,33.8,34.6,265.7,0
280,2025-04,265.7,44.0,44.6,266.3,0
280,2025-05,266.3,38.8,36.1,263.6,0
280,2025-06,263.6,50.8,57.0,269.7,0
280,2025-07,269.7,38.5,37.8,269.0,0
280,2025-08,269.0,60.7,56.1,264.4,0
280,2025-09,264.4,45.3,45.3,264.4,0
280,2025-10,264.4,66.3,70.9,269.0,0
280,2025-11,269.0,83.8,188.7,373.9,0
280,2025-12,373.9,49.5,11.0,335.5,0
281,2021-01,13.8,6.4,5.8,13.2,0
281,2021-02,13.2,8.3,8.1,13.0,0
281,2021-03,13.0,6.9,7.3,13.4,0
281,2021-04,13.4,10.2,11.0,14.3,0
281,2021-05,14.3,7.4,7.0,13.8,0
281,2021-06,13.8,10.5,10.7,14.0,0
281,2021-07,14.0,6.7,6.6,14.0,0
281,2021-08,14.0,9.4,9.4,13.9,0
281,2021-09,13.9,9.3,9.2,13.8,0
281,2021-10,13.8,9.9,9.1,13.0,0
281,2021-11,13.0,13.0,17.4,17.4,5
281,2021-12,17.4,10.6,10.3,17.1,0
281,2022-01,17.1,11.9,8.3,13.5,0
281,2022-02,13.5,6.0,5.5,13.0,0
281,2022-03,13.0,8.3,9.5,14.2,0
281,2022-04,14.2,11.2,10.4,13.4,0
281,2022-05,13.4,7.5,7.0,12.8,0
281,2022-06,12.8,10.0,9.8,12.6,0
281,2022-07,12.6,7.3,8.7,14.1,0
281,2022-08,14.1,10.1,10.0,13.9,0
281,2022-09,13.9,10.1,10.4,14.2,0
281,2022-10,14.2,8.5,6.9,12.6,0
281,2022-11,12.6,8.4,14.7,19.0,0
281,2022-12,19.0,12.3,9.9,16.6,0
281,2023-01,16.6,8.4,5.8,14.0,0
281,2023-02,14.0,10.3,10.5,14.1,0
281,2023-03,14.1,6.7,5.9,13.4,0
281,2023-04,13.4,6.3,6.8,13.8,0
281,2023-05,13.8,12.7,10.8,12.0,0
281,2023-06,12.0,10.6,11.6,13.0,0
281,2023-07,13.0,10.5,9.6,12.1,0
281,2023-08,12.1,10.5,12.2,13.8,0
281,2023-09,13.8,7.8,7.5,13.5,0
281,2023-10,13.5,9.4,8.6,12.7,0
281,2023-11,12.7,12.7,19.0,19.0,5
281,2023-12,19.0,10.0,7.6,16.5,0
281,2024-01,16.5,12.1,8.1,12.5,0
281,2024-02,12.5,8.1,8.0,12.5,0
281,2024-03,12.5,8.2,8.3,12.6,0
281,2024-04,12.6,11.9,13.5,14.2,0
281,2024-05,14.2,9.4,9.3,14.1,0
281,2024-06,14.1,12.7,11.7,13.1,0
281,2024-07,13.1,7.0,7.8,13.9,0
281,2024-08,13.9,8.1,7.2,13.0,0
281,2024-09,13.0,11.9,11.3,12.4,0
281,2024-10,12.4,12.0,11.6,12.0,0
281,2024-11,12.0,8.8,15.2,18.4,0
281,2024-12,18.4,10.6,8.5,16.3,0
281,2025-01,16.3,13.3,10.2,13.2,0
281,2025-02,13.2,6.1,6.9,14.0,0
281,2025-03,14.0,10.9,10.6,13.7,0
281,2025-04,13.7,8.8,8.3,13.2,0
281,2025-05,13.2,8.7,9.0,13.6,0
281,2025-06,13.6,9.9,9.2,12.8,0
281,2025-07,12.8,11.5,12.4,13.7,0
281,2025-08,13.7,12.0,11.9,13.7,0
281,2025-09,13.7,10.7,10.1,13.1,0
281,2025-10,13.1,10.4,9.6,12.3,0
281,2025-11,12.3,12.3,18.0,18.0,6
281,2025-12,18.0,10.2,9.5,17.3,0
282,2021-01,196.6,64.6,66.5,198.5,0
282,2021-02,198.5,48.5,47.6,197.6,0
282,2021-03,197.6,57.5,52.0,192.1,0
282,2021-04,192.1,50.9,57.6,198.8,0
282,2021-05,198.8,51.6,51.3,198.5,0
282,2021-06,198.5,60.9,53.1,190.7,0
282,2021-07,190.7,33.9,39.9,196.7,0
282,2021-08,196.7,73.8,64.4,187.3,0
282,2021-09,187.3,66.3,75.9,196.8,0
282,2021-10,196.8,61.3,52.7,188.2,0
282,2021-11,188.2,78.0,165.1,275.3,0
282,2021-12,275.3,66.4,34.3,243.2,0
282,2022-01,243.2,49.0,2.1,196.3,0
282,2022-02,196.3,58.2,57.7,195.8,0
282,2022-03,195.8,60.9,53.5,188.4,0
282,2022-04,188.4,55.4,63.9,196.9,0
282,2022-05,196.9,52.4,52.0,196.5,0
282,2022-06,196.5,63.9,64.4,197.0,0
282,2022-07,197.0,62.2,59.4,194.3,0
282,2022-08,194.3,52.2,47.4,189.5,0
282,2022-09,189.5,68.5,75.3,196.3,0
282,2022-10,196.3,73.7,68.7,191.3,0
282,2022-11,191.3,80.3,167.0,278.0,0
282,2022-12,278.0,82.1,47.2,243.1,0
282,2023-01,243.1,57.6,11.4,196.9,0
282,2023-02,196.9,69.4,63.2,190.7,0
282,2023-03,190.7,59.6,64.9,196.0,0
282,2023-04,196.0,55.9,52.7,192.8,0
282,2023-05,192.8,59.7,58.9,191.9,0
282,2023-06,191.9,68.4,64.0,187.6,0
282,2023-07,187.6,55.1,62.7,195.2,0
282,2023-08,195.2,61.1,61.5,195.7,0
282,2023-09,195.7,63.2,63.0,195.5,0
282,2023-10,195.5,52.1,51.5,194.8,0
282,2023-11,194.8,71.8,161.6,284.6,0
282,2023-12,284.6,78.9,36.8,242.5,0
282,2024-01,242.5,49.4,3.4,196.5,0
282,2024-02,196.5,66.9,65.8,195.4,0
282,2024-03,195.4,51.2,51.9,196.0,0
282,2024-04,196.0,62.9,59.8,193.0,0
282,2024-05,193.0,79.3,83.3,196.9,0
282,2024-06,196.9,61.6,53.0,188.3,0
282,2024-07,188.3,55.1,63.2,196.4,0
282,2024-08,196.4,37.4,37.5,196.4,0
282,2024-09,196.4,60.6,58.5,194.4,0
282,2024-10,194.4,68.4,64.1,190.1,0
282,2024-11,190.1,77.5,170.6,283.2,0
282,2024-12,283.2,69.5,31.7,245.4,0
282,2025-01,245.4,52.3,3.5,196.5,0
282,2025-02,196.5,63.8,59.9,192.6,0
282,2025-03,192.6,57.4,55.8,191.1,0
282,2025-04,191.1,67.3,73.8,197.5,0
282,2025-05,197.5,68.6,60.0,188.9,0
282,2025-06,188.9,56.1,57.0,189.8,0
282,2025-07,189.8,49.8,52.9,192.9,0
282,2025-08,192.9,48.4,52.1,196.6,0
282,2025-09,196.6,61.8,61.6,196.4,0
282,2025-10,196.4,42.6,37.2,191.1,0
282,2025-11,191.1,87.2,169.2,273.1,0
282,2025-12,273.1,67.2,35.0,240.9,0
283,2021-01,41.3,14.8,12.8,39.3,0
283,2021-02,39.3,18.8,18.3,38.8,0
283,2021-03,38.8,17.2,17.1,38.7,0
283,2021-04,38.7,19.0,18.6,38.3,0
283,2021-05,38.3,16.8,18.9,40.4,0
283,2021-06,40.4,18.6,16.7,38.5,0
283,2021-07,38.5,23.1,22.8,38.2,0
283,2021-08,38.2,21.6,25.1,41.7,0
283,2021-09,41.7,17.1,16.3,40.9,0
283,2021-10,40.9,19.2,19.2,40.9,0
283,2021-11,40.9,31.8,44.0,53.2,0
283,2021-12,53.2,25.7,24.3,51.7,0
283,2022-01,51.7,20.2,9.5,41.0,0
283,2022-02,41.0,20.1,21.3,42.2,0
283,2022-03,42.2,20.0,19.9,42.0,0
283,2022-04,42.0,19.9,18.4,40.5,0
283,2022-05,40.5,20.2,19.3,39.6,0
283,2022-06,39.6,21.4,23.2,41.4,0
283,2022-07,41.4,18.5,18.1,41.0,0
283,2022-08,41.0,22.3,20.4,39.2,0
283,2022-09,39.2,21.5,20.9,38.6,0
283,2022-10,38.6,17.3,19.8,41.1,0
283,2022-11,41.1,30.4,42.2,52.9,0
283,2022-12,52.9,25.3,23.0,50.5,0
283,2023-01,50.5,23.4,12.4,39.6,0
283,2023-02,39.6,18.6,18.0,39.0,0
283,2023-03,39.0,17.0,17.5,39.5,0
283,2023-04,39.5,22.9,26.0,42.6,0
283,2023-05,42.6,17.2,15.3,40.6,0
283,2023-06,40.6,20.7,20.6,40.5,0
283,2023-07,40.5,15.8,15.4,40.1,0
283,2023-08,40.1,20.8,21.7,41.0,0
283,2023-09,41.0,17.4,16.1,39.7,0
283,2023-10,39.7,17.9,19.1,41.0,0
283,2023-11,41.0,30.4,48.1,58.7,0
283,2023-12,58.7,26.0,16.5,49.2,0
283,2024-01,49.2,17.6,8.3,40.0,0
283,2024-02,40.0,19.6,18.4,38.7,0
283,2024-03,38.7,24.1,25.0,39.7,0
283,2024-04,39.7,19.4,21.5,41.8,0
283,2024-05,41.8,17.8,17.7,41.7,0
283,2024-06,41.7,14.3,12.5,39.9,0
283,2024-07,39.9,19.7,19.3,39.6,0
283,2024-08,39.6,20.9,22.5,41.2,0
283,2024-09,41.2,17.2,16.0,40.0,0
283,2024-10,40.0,17.3,19.1,41.8,0
283,2024-11,41.8,30.7,45.8,56.9,0
283,2024-12,56.9,31.3,23.3,48.9,0
283,2025-01,48.9,20.4,11.6,40.1,0
283,2025-02,40.1,22.5,23.3,40.8,0
283,2025-03,40.8,20.1,20.2,41.0,0
283,2025-04,41.0,19.2,18.3,40.1,0
283,2025-05,40.1,20.9,22.3,41.5,0
283,2025-06,41.5,16.9,14.8,39.3,0
283,2025-07,39.3,15.9,16.0,39.4,0
283,2025-08,39.4,25.6,26.7,40.5,0
283,2025-09,40.5,18.2,19.1,41.4,0
283,2025-10,41.4,19.2,17.4,39.6,0
283,2025-11,39.6,25.3,46.3,60.7,0
283,2025-12,60.7,25.4,14.6,49.8,0
284,2021-01,7.2,5.2,4.5,6.5,0
284,2021-02,6.5,5.2,5.4,6.7,0
284,2021-03,6.7,6.4,6.7,7.0,0
284,2021-04,7.0,5.3,5.4,7.1,0
284,2021-05,7.1,4.5,4.6,7.2,0
284,2021-06,7.2,6.1,6.5,7.5,0
284,2021-07,7.5,4.7,3.8,6.7,0
284,2021-08,6.7,6.7,6.2,6.2,1
284,2021-09,6.2,5.0,6.3,7.5,0
284,2021-10,7.5,4.9,4.2,6.7,0
284,2021-11,6.7,6.7,9.8,9.8,2
284,2021-12,9.8,6.9,5.6,8.5,0
284,2022-01,8.5,3.8,2.3,7.0,0
284,2022-02,7.0,5.7,6.1,7.3,0
284,2022-03,7.3,6.0,6.1,7.5,0
284,2022-04,7.5,5.5,5.3,7.3,0
284,2022-05,7.3,4.2,3.7,6.8,0
284,2022-06,6.8,5.0,5.5,7.3,0
284,2022-07,7.3,4.3,3.6,6.6,0
284,2022-08,6.6,3.5,3.5,6.6,0
284,2022-09,6.6,5.4,6.2,7.4,0
284,2022-10,7.4,3.4,3.2,7.3,0
284,2022-11,7.3,6.7,10.1,10.6,0
284,2022-12,10.6,7.8,5.9,8.8,0
284,2023-01,8.8,3.9,2.1,7.0,0
284,2023-02,7.0,6.3,6.8,7.5,0
284,2023-03,7.5,3.9,3.1,6.7,0
284,2023-04,6.7,5.6,6.4,7.4,0
284,2023-05,7.4,5.1,5.0,7.2,0
284,2023-06,7.2,6.0,5.5,6.8,0
284,2023-07,6.8,6.1,5.6,6.3,0
284,2023-08,6.3,5.7,6.0,6.6,0
284,2023-09,6.6,5.7,6.7,7.5,0
284,2023-10,7.5,4.6,4.5,7.4,0
284,2023-11,7.4,7.4,9.3,9.3,2
284,2023-12,9.3,5.7,4.9,8.5,0
284,2024-01,8.5,6.9,5.2,6.8,0
284,2024-02,6.8,5.5,5.5,6.8,0
284,2024-03,6.8,5.2,5.3,6.9,0
284,2024-04,6.9,5.5,5.6,7.1,0
284,2024-05,7.1,4.7,5.0,7.4,0
284,2024-06,7.4,6.8,6.5,7.0,0
284,2024-07,7.0,5.8,5.5,6.7,0
284,2024-08,6.7,4.1,3.9,6.5,0
284,2024-09,6.5,4.4,4.6,6.7,0
284,2024-10,6.7,6.0,6.6,7.2,0
284,2024-11,7.2,7.2,9.0,9.0,4
284,2024-12,9.0,5.7,5.3,8.6,0
284,2025-01,8.6,5.8,3.8,6.6,0
284,2025-02,6.6,3.3,3.7,7.0,0
284,2025-03,7.0,4.3,4.6,7.3,0
284,2025-04,7.3,4.4,4.0,6.9,0
284,2025-05,6.9,4.5,4.4,6.8,0
284,2025-06,6.8,5.9,5.7,6.6,0
284,2025-07,6.6,5.5,5.3,6.4,0
284,2025-08,6.4,6.4,7.3,7.3,0
284,2025-09,7.3,6.5,6.4,7.2,0
284,2025-10,7.2,4.4,4.6,7.4,0
284,2025-11,7.4,6.3,9.4,10.4,0
284,2025-12,10.4,6.1,4.6,8.9,0
285,2021-01,198.5,118.5,105.8,185.9,0
285,2021-02,185.9,104.9,103.1,184.1,0
285,2021-03,184.1,68.1,74.1,190.1,0
285,2021-04,190.1,103.1,96.7,183.8,0
285,2021-05,183.8,135.6,134.2,182.3,0
285,2021-06,182.3,65.1,83.4,200.6,0
285,2021-07,200.6,119.3,108.9,190.1,0
285,2021-08,190.1,135.4,130.1,184.9,0
285,2021-09,184.9,89.7,98.5,193.7,0
285,2021-10,193.7,106.3,104.8,192.2,0
285,2021-11,192.2,138.9,223.1,276.4,0
285,2021-12,276.4,140.9,102.0,237.4,0
285,2022-01,237.4,104.7,63.5,196.2,0
285,2022-02,196.2,112.2,118.3,202.3,0
285,2022-03,202.3,92.8,88.0,197.5,0
285,2022-04,197.5,86.5,77.5,188.5,0
285,2022-05,188.5,111.7,104.5,181.3,0
285,2022-06,181.3,88.4,106.2,199.1,0
285,2022-07,199.1,108.3,108.2,198.9,0
285,2022-08,198.9,122.7,126.2,202.5,0
285,2022-09,202.5,108.3,95.0,189.2,0
285,2022-10,189.2,133.9,122.6,177.9,0
285,2022-11,177.9,166.4,237.2,248.7,0
285,2022-12,248.7,121.0,126.5,254.2,0
285,2023-01,254.2,101.9,46.5,198.8,0
285,2023-02,198.8,96.5,83.3,185.6,0
285,2023-03,185.6,111.6,120.1,194.1,0
285,2023-04,194.1,113.3,117.4,198.2,0
285,2023-05,198.2,91.8,96.2,202.5,0
285,2023-06,202.5,103.1,97.0,196.5,0
285,2023-07,196.5,53.6,54.6,197.5,0
285,2023-08,197.5,97.3,89.1,189.3,0
285,2023-09,189.3,78.3,87.2,198.3,0
285,2023-10,198.3,100.7,92.9,190.5,0
285,2023-11,190.5,161.2,268.6,297.8,0
285,2023-12,297.8,108.2,59.4,249.1,0
285,2024-01,249.1,103.8,51.9,197.2,0
285,2024-02,197.2,86.4,88.0,198.8,0
285,2024-03,198.8,82.1,71.2,187.9,0
285,2024-04,187.9,116.0,118.2,190.1,0
285,2024-05,190.1,77.7,75.3,187.8,0
285,2024-06,187.8,104.5,109.4,192.6,0
285,2024-07,192.6,125.8,118.2,185.0,0
285,2024-08,185.0,95.8,108.9,198.2,0
285,2024-09,198.2,89.2,77.1,186.1,0
285,2024-10,186.1,142.1,144.7,188.8,0
285,2024-11,188.8,172.7,277.2,293.3,0
285,2024-12,293.3,116.0,66.9,244.2,0
285,2025-01,244.2,66.1,17.4,195.5,0
285,2025-02,195.5,110.9,109.2,193.8,0
285,2025-03,193.8,82.2,84.5,196.0,0
285,2025-04,196.0,141.9,147.7,201.8,0
285,2025-05,201.8,80.5,69.7,191.1,0
285,2025-06,191.1,76.2,82.8,197.7,0
285,2025-07,197.7,84.3,87.6,201.0,0
285,2025-08,201.0,99.3,99.1,200.7,0
285,2025-09,200.7,107.7,97.1,190.1,0
285,2025-10,190.1,98.5,105.7,197.3,0
285,2025-11,197.3,165.5,234.2,266.0,0
285,2025-12,266.0,97.9,72.0,240.0,0
286,2021-01,33.3,13.0,11.3,31.6,0
286,2021-02,31.6,21.5,22.7,32.9,0
286,2021-03,32.9,26.1,26.0,32.7,0
286,2021-04,32.7,22.8,23.0,32.9,0
286,2021-05,32.9,26.2,27.8,34.5,0
286,2021-06,34.5,25.2,22.4,31.7,0
286,2021-07,31.7,15.5,17.6,33.8,0
286,2021-08,33.8,20.2,18.3,32.0,0
286,2021-09,32.0,17.3,17.5,32.2,0
286,2021-10,32.2,18.1,18.2,32.3,0
286,2021-11,32.3,30.6,44.9,46.6,0
286,2021-12,46.6,30.6,25.5,41.5,0
286,2022-01,41.5,13.6,5.6,33.5,0
286,2022-02,33.5,24.7,25.6,34.4,0
286,2022-03,34.4,17.4,14.1,31.1,0
286,2022-04,31.1,19.1,18.3,30.3,0
286,2022-05,30.3,18.4,18.8,30.6,0
286,2022-06,30.6,24.1,23.0,29.5,0
286,2022-07,29.5,16.0,18.9,32.4,0
286,2022-08,32.4,18.4,19.1,33.1,0
286,2022-09,33.1,21.0,21.5,33.6,0
286,2022-10,33.6,19.6,18.1,32.1,0
286,2022-11,32.1,32.1,44.7,44.7,1
286,2022-12,44.7,25.9,19.6,38.3,0
286,2023-01,38.3,22.5,15.9,31.7,0
286,2023-02,31.7,13.1,14.9,33.6,0
286,2023-03,33.6,13.5,11.6,31.7,0
286,2023-04,31.7,26.0,27.8,33.5,0
286,2023-05,33.5,28.9,27.5,32.1,0
286,2023-06,32.1,30.0,31.8,34.0,0
286,2023-07,34.0,23.2,23.7,34.4,0
286,2023-08,34.4,18.8,15.8,31.5,0
286,2023-09,31.5,22.3,24.7,33.8,0
286,2023-10,33.8,23.2,21.5,32.1,0
286,2023-11,32.1,30.1,47.0,48.9,0
286,2023-12,48.9,28.2,20.5,41.3,0
286,2024-01,41.3,18.9,10.4,32.7,0
286,2024-02,32.7,27.1,27.7,33.3,0
286,2024-03,33.3,19.1,17.0,31.1,0
286,2024-04,31.1,15.6,17.6,33.2,0
286,2024-05,33.2,20.9,18.0,30.3,0
286,2024-06,30.3,22.7,22.2,29.8,0
286,2024-07,29.8,21.6,23.0,31.2,0
286,2024-08,31.2,22.0,23.1,32.4,0
286,2024-09,32.4,22.9,20.9,30.4,0
286,2024-10,30.4,20.9,24.9,34.4,0
286,2024-11,34.4,31.1,38.9,42.2,0
286,2024-12,42.2,26.6,22.5,38.1,0
286,2025-01,38.1,27.5,20.7,31.4,0
286,2025-02,31.4,28.5,28.3,31.2,0
286,2025-03,31.2,22.5,22.2,30.9,0
286,2025-04,30.9,17.9,21.3,34.3,0
286,2025-05,34.3,18.7,17.9,33.5,0
286,2025-06,33.5,17.9,17.1,32.8,0
286,2025-07,32.8,20.1,21.3,34.0,0
286,2025-08,34.0,19.1,16.7,31.6,0
286,2025-09,31.6,19.1,19.7,32.3,0
286,2025-10,32.3,24.7,24.2,31.8,0
286,2025-11,31.8,27.9,37.8,41.7,0
286,2025-12,41.7,28.1,24.1,37.7,0
287,2021-01,10.8,10.8,9.5,9.5,1
287,2021-02,9.5,9.5,9.2,9.2,10
287,2021-03,9.2,9.2,10.0,10.0,17
287,2021-04,10.0,10.0,11.1,11.1,12
287,2021-05,11.1,11.1,9.9,9.9,4
287,2021-06,9.9,9.9,10.0,10.0,5
287,2021-07,10.0,10.0,10.6,10.6,13
287,2021-08,10.6,10.6,10.8,10.8,11
287,2021-09,10.8,8.1,7.8,10.4,0
287,2021-10,10.4,10.4,9.7,9.7,8
287,2021-11,9.7,9.7,14.8,14.8,15
287,2021-12,14.8,14.8,12.1,12.1,6
287,2022-01,12.1,12.1,11.3,11.3,2
287,2022-02,11.3,11.3,9.6,9.6,11
287,2022-03,9.6,9.6,10.4,10.4,14
287,2022-04,10.4,10.4,9.3,9.3,11
287,2022-05,9.3,9.3,10.0,10.0,11
287,2022-06,10.0,10.0,10.9,10.9,10
287,2022-07,10.9,10.9,9.6,9.6,3
287,2022-08,9.6,9.6,10.7,10.7,5
287,2022-09,10.7,10.7,10.5,10.5,14
287,2022-10,10.5,10.5,9.2,9.2,11
287,2022-11,9.2,9.2,15.6,15.6,18
287,2022-12,15.6,15.6,12.8,12.8,8
287,2023-01,12.8,12.8,10.3,10.3,4
287,2023-02,10.3,10.3,11.2,11.2,13
287,2023-03,11.2,11.2,10.7,10.7,8
287,2023-04,10.7,10.7,10.1,10.1,10
287,2023-05,10.1,10.1,10.8,10.8,12
287,2023-06,10.8,10.8,10.3,10.3,9
287,2023-07,10.3,10.3,11.2,11.2,12
287,2023-08,11.2,11.2,10.1,10.1,3
287,2023-09,10.1,10.1,9.3,9.3,11
287,2023-10,9.3,9.3,9.6,9.6,7
287,2023-11,9.6,9.6,15.9,15.9,15
287,2023-12,15.9,15.9,12.8,12.8,9
287,2024-01,12.8,12.8,11.0,11.0,4
287,2024-02,11.0,11.0,11.0,11.0,9
287,2024-03,11.0,11.0,10.4,10.4,12
287,2024-04,10.4,10.4,10.7,10.7,12
287,2024-05,10.7,10.7,9.5,9.5,3
287,2024-06,9.5,9.5,10.0,10.0,16
287,2024-07,10.0,10.0,11.2,11.2,10
287,2024-08,11.2,11.0,10.7,10.9,0
287,2024-09,10.9,10.9,11.2,11.2,12
287,2024-10,11.2,11.2,9.8,9.8,10
287,2024-11,9.8,9.8,14.2,14.2,19
287,2024-12,14.2,14.2,12.9,12.9,9
287,2025-01,12.9,12.9,10.2,10.2,3
287,2025-02,10.2,10.2,10.2,10.2,7
287,2025-03,10.2,10.2,10.8,10.8,10
287,2025-04,10.8,10.8,9.2,9.2,15
287,2025-05,9.2,9.2,10.9,10.9,16
287,2025-06,10.9,10.9,9.2,9.2,7
287,2025-07,9.2,9.2,11.2,11.2,10
287,2025-08,11.2,11.2,10.5,10.5,12
287,2025-09,10.5,10.5,10.3,10.3,8
287,2025-10,10.3,10.3,11.0,11.0,7
287,2025-11,11.0,11.0,15.1,15.1,16
287,2025-12,15.1,15.1,14.0,14.0,4
288,2021-01,8.3,8.3,7.3,7.3,9
288,2021-02,7.3,7.3,7.2,7.2,15
288,2021-03,7.2,7.2,7.1,7.1,13
288,2021-04,7.1,7.1,8.5,8.5,16
288,2021-05,8.5,8.5,7.5,7.5,4
288,2021-06,7.5,7.5,8.5,8.5,12
288,2021-07,8.5,7.3,6.5,7.7,0
288,2021-08,7.7,7.7,7.9,7.9,9
288,2021-09,7.9,7.9,8.6,8.6,13
288,2021-10,8.6,7.0,6.2,7.8,0
288,2021-11,7.8,7.8,12.2,12.2,16
288,2021-12,12.2,11.4,9.9,10.7,0
288,2022-01,10.7,8.9,5.6,7.4,0
288,2022-02,7.4,7.4,8.7,8.7,10
288,2022-03,8.7,8.7,8.4,8.4,9
288,2022-04,8.4,8.4,7.1,7.1,7
288,2022-05,7.1,7.1,7.8,7.8,10
288,2022-06,7.8,7.8,7.3,7.3,15
288,2022-07,7.3,7.3,7.7,7.7,10
288,2022-08,7.7,7.7,7.1,7.1,13
288,2022-09,7.1,7.1,7.5,7.5,16
288,2022-10,7.5,7.5,8.6,8.6,11
288,2022-11,8.6,8.6,11.5,11.5,17
288,2022-12,11.5,11.5,9.1,9.1,12
288,2023-01,9.1,9.1,8.2,8.2,10
288,2023-02,8.2,8.2,7.5,7.5,9
288,2023-03,7.5,7.5,8.4,8.4,17
288,2023-04,8.4,8.1,7.3,7.6,0
288,2023-05,7.6,7.6,7.5,7.5,12
288,2023-06,7.5,7.5,8.7,8.7,14
288,2023-07,8.7,8.7,7.8,7.8,5
288,2023-08,7.8,7.8,7.5,7.5,13
288,2023-09,7.5,7.5,8.4,8.4,12
288,2023-10,8.4,8.4,8.7,8.7,7
288,2023-11,8.7,8.7,10.9,10.9,5
288,2023-12,10.9,9.9,8.2,9.2,0
288,2024-01,9.2,9.2,8.6,8.6,11
288,2024-02,8.6,8.6,7.1,7.1,14
288,2024-03,7.1,7.1,7.4,7.4,13
288,2024-04,7.4,7.4,8.4,8.4,13
288,2024-05,8.4,8.4,7.1,7.1,11
288,2024-06,7.1,7.1,8.4,8.4,13
288,2024-07,8.4,8.4,8.0,8.0,7
288,2024-08,8.0,8.0,7.7,7.7,9
288,2024-09,7.7,7.7,8.3,8.3,14
288,2024-10,8.3,8.3,8.2,8.2,12
288,2024-11,8.2,8.2,10.6,10.6,18
288,2024-12,10.6,10.6,10.2,10.2,6
288,2025-01,10.2,10.2,7.9,7.9,8
288,2025-02,7.9,7.9,7.1,7.1,12
288,2025-03,7.1,7.1,8.2,8.2,18
288,2025-04,8.2,8.2,7.2,7.2,11
288,2025-05,7.2,7.2,7.8,7.8,18
288,2025-06,7.8,7.8,7.9,7.9,12
288,2025-07,7.9,7.9,7.9,7.9,8
288,2025-08,7.9,7.9,8.2,8.2,14
288,2025-09,8.2,8.2,8.3,8.3,9
288,2025-10,8.3,8.3,7.4,7.4,6
288,2025-11,7.4,7.4,12.3,12.3,17
288,2025-12,12.3,12.3,10.6,10.6,4
289,2021-01,44.7,10.5,9.2,43.4,0
289,2021-02,43.4,11.1,11.0,43.3,0
289,2021-03,43.3,11.3,12.3,44.2,0
289,2021-04,44.2,13.5,14.5,45.2,0
289,2021-05,45.2,11.9,10.1,43.4,0
289,2021-06,43.4,14.2,13.9,43.1,0
289,2021-07,43.1,13.0,14.4,44.5,0
289,2021-08,44.5,11.0,9.9,43.4,0
289,2021-09,43.4,12.6,13.4,44.2,0
289,2021-10,44.2,10.3,10.5,44.4,0
289,2021-11,44.4,18.1,36.5,62.8,0
289,2021-12,62.8,14.0,6.2,54.9,0
289,2022-01,54.9,10.5,0.2,44.7,0
289,2022-02,44.7,12.7,12.1,44.1,0
289,2022-03,44.1,5.8,5.8,44.0,0
289,2022-04,44.0,15.6,15.5,43.9,0
289,2022-05,43.9,8.9,8.6,43.6,0
289,2022-06,43.6,12.9,13.0,43.8,0
289,2022-07,43.8,12.9,14.1,45.0,0
289,2022-08,45.0,13.2,12.4,44.2,0
289,2022-09,44.2,13.0,13.6,44.8,0
289,2022-10,44.8,12.1,10.8,43.5,0
289,2022-11,43.5,16.6,37.1,63.9,0
289,2022-12,63.9,16.4,8.3,55.9,0
289,2023-01,55.9,11.6,0.4,44.7,0
289,2023-02,44.7,15.8,15.1,43.9,0
289,2023-03,43.9,10.3,11.1,44.7,0
289,2023-04,44.7,8.6,8.2,44.4,0
289,2023-05,44.4,14.6,12.9,42.6,0
289,2023-06,42.6,11.6,12.1,43.2,0
289,2023-07,43.2,12.3,12.3,43.2,0
289,2023-08,43.2,8.9,9.6,43.9,0
289,2023-09,43.9,10.5,9.9,43.4,0
289,2023-10,43.4,11.2,11.2,43.3,0
289,2023-11,43.3,17.6,35.1,60.8,0
289,2023-12,60.8,15.8,10.1,55.1,0
289,2024-01,55.1,14.4,4.0,44.7,0
289,2024-02,44.7,13.2,13.8,45.3,0
289,2024-03,45.3,11.6,11.1,44.9,0
289,2024-04,44.9,13.4,12.8,44.3,0
289,2024-05,44.3,12.6,12.3,44.0,0
289,2024-06,44.0,10.9,11.1,44.2,0
289,2024-07,44.2,10.5,10.4,44.2,0
289,2024-08,44.2,13.0,13.2,44.4,0
289,2024-09,44.4,12.2,12.8,45.0,0
289,2024-10,45.0,13.4,13.5,45.2,0
289,2024-11,45.2,16.0,32.6,61.8,0
289,2024-12,61.8,13.4,7.4,55.8,0
289,2025-01,55.8,12.0,0.9,44.7,0
289,2025-02,44.7,8.8,9.2,45.1,0
289,2025-03,45.1,12.0,12.1,45.2,0
289,2025-04,45.2,11.1,9.2,43.4,0
289,2025-05,43.4,11.9,12.4,43.9,0
289,2025-06,43.9,9.0,8.7,43.6,0
289,2025-07,43.6,12.4,12.9,44.1,0
289,2025-08,44.1,9.6,9.8,44.3,0
289,2025-09,44.3,11.0,11.0,44.3,0
289,2025-10,44.3,11.5,12.4,45.2,0
289,2025-11,45.2,13.4,30.5,62.4,0
289,2025-12,62.4,14.1,7.8,56.2,0
290,2021-01,86.5,21.3,19.7,84.9,0
290,2021-02,84.9,21.4,23.1,86.6,0
290,2021-03,86.6,11.8,12.3,87.0,0
290,2021-04,87.0,21.4,21.1,86.7,0
290,2021-05,86.7,14.4,12.6,84.9,0
290,2021-06,84.9,22.1,22.7,85.5,0
290,2021-07,85.5,17.3,18.7,86.9,0
290,2021-08,86.9,15.7,16.0,87.2,0
290,2021-09,87.2,18.8,17.0,85.4,0
290,2021-10,85.4,17.9,17.9,85.3,0
290,2021-11,85.3,31.4,65.5,119.4,0
290,2021-12,119.4,27.3,14.1,106.2,0
290,2022-01,106.2,14.7,0.0,91.5,0
290,2022-02,91.5,17.6,11.8,85.7,0
290,2022-03,85.7,19.7,20.3,86.3,0
290,2022-04,86.3,20.2,19.4,85.4,0
290,2022-05,85.4,18.2,20.1,87.3,0
290,2022-06,87.3,24.0,24.0,87.3,0
290,2022-07,87.3,14.9,13.1,85.5,0
290,2022-08,85.5,23.0,24.7,87.2,0
290,2022-09,87.2,22.0,18.2,83.3,0
290,2022-10,83.3,12.3,15.0,86.0,0
290,2022-11,86.0,22.3,63.0,126.7,0
290,2022-12,126.7,22.3,3.4,107.8,0
290,2023-01,107.8,20.5,0.0,87.2,0
290,2023-02,87.2,20.3,19.3,86.3,0
290,2023-03,86.3,24.1,24.8,87.0,0
290,2023-04,87.0,20.7,19.5,85.8,0
290,2023-05,85.8,22.0,23.0,86.8,0
290,2023-06,86.8,18.4,16.3,84.7,0
290,2023-07,84.7,21.8,22.8,85.7,0
290,2023-08,85.7,17.6,15.8,83.9,0
290,2023-09,83.9,17.7,19.0,85.2,0
290,2023-10,85.2,19.8,21.1,86.5,0
290,2023-11,86.5,26.8,68.9,128.6,0
290,2023-12,128.6,22.0,1.4,108.0,0
290,2024-01,108.0,17.7,0.0,90.2,0
290,2024-02,90.2,18.2,13.8,85.8,0
290,2024-03,85.8,18.7,20.1,87.3,0
290,2024-04,87.3,19.9,17.6,84.9,0
290,2024-05,84.9,19.6,18.6,83.9,0
290,2024-06,83.9,28.0,26.3,82.2,0
290,2024-07,82.2,25.7,30.5,87.0,0
290,2024-08,87.0,15.7,15.2,86.5,0
290,2024-09,86.5,15.0,14.0,85.5,0
290,2024-10,85.5,18.3,17.0,84.3,0
290,2024-11,84.3,25.8,62.1,120.5,0
290,2024-12,120.5,20.8,8.2,107.9,0
290,2025-01,107.9,15.0,0.0,92.9,0
290,2025-02,92.9,22.8,14.7,84.8,0
290,2025-03,84.8,20.8,19.9,83.9,0
290,2025-04,83.9,17.1,17.9,84.7,0
290,2025-05,84.7,23.3,22.3,83.7,0
290,2025-06,83.7,19.4,19.3,83.5,0
290,2025-07,83.5,17.6,19.6,85.5,0
290,2025-08,85.5,18.3,17.6,84.7,0
290,2025-09,84.7,16.8,18.0,85.9,0
290,2025-10,85.9,23.8,21.7,83.8,0
290,2025-11,83.8,29.9,63.3,117.2,0
290,2025-12,117.2,21.7,11.1,106.6,0
291,2021-01,226.1,56.5,50.4,220.0,0
291,2021-02,220.0,63.4,69.4,226.0,0
291,2021-03,226.0,57.9,58.0,226.0,0
291,2021-04,226.0,56.4,50.4,220.0,0
291,2021-05,220.0,50.8,58.2,227.4,0
291,2021-06,227.4,51.7,52.1,227.8,0
291,2021-07,227.8,51.5,48.2,224.4,0
291,2021-08,224.4,33.3,32.8,223.9,0
291,2021-09,223.9,50.5,50.5,223.8,0
291,2021-10,223.8,55.4,54.4,222.9,0
291,2021-11,222.9,75.5,162.1,309.5,0
291,2021-12,309.5,59.0,30.7,281.2,0
291,2022-01,281.2,57.1,1.8,225.9,0
291,2022-02,225.9,51.0,47.9,222.8,0
291,2022-03,222.8,54.7,53.5,221.7,0
291,2022-04,221.7,60.7,62.4,223.3,0
291,2022-05,223.3,45.0,44.6,222.9,0
291,2022-06,222.9,71.3,76.5,228.0,0
291,2022-07,228.0,49.3,46.8,225.5,0
291,2022-08,225.5,70.4,67.9,223.1,0
291,2022-09,223.1,46.4,44.9,221.6,0
291,2022-10,221.6,71.8,76.2,226.0,0
291,2022-11,226.0,60.8,142.0,307.2,0
291,2022-12,307.2,68.1,45.5,284.6,0
291,2023-01,284.6,62.5,3.8,225.9,0
291,2023-02,225.9,38.7,33.7,220.9,0
291,2023-03,220.9,48.4,45.8,218.4,0
291,2023-04,218.4,43.5,51.6,226.5,0
291,2023-05,226.5,46.3,46.6,226.8,0
291,2023-06,226.8,64.9,55.3,217.1,0
291,2023-07,217.1,52.8,59.3,223.7,0
291,2023-08,223.7,41.3,41.9,224.4,0
291,2023-09,224.4,68.5,69.4,225.3,0
291,2023-10,225.3,51.6,45.3,219.0,0
291,2023-11,219.0,80.0,178.1,317.1,0
291,2023-12,317.1,69.8,33.9,281.2,0
291,2024-01,281.2,52.4,0.0,228.8,0
291,2024-02,228.8,44.8,41.1,225.1,0
291,2024-03,225.1,55.2,48.7,218.6,0
291,2024-04,218.6,69.1,73.3,222.8,0
291,2024-05,222.8,52.4,48.3,218.7,0
291,2024-06,218.7,61.7,65.7,222.6,0
291,2024-07,222.6,72.8,79.7,229.5,0
291,2024-08,229.5,49.4,41.2,221.2,0
291,2024-09,221.2,59.5,62.3,224.1,0
291,2024-10,224.1,56.2,55.8,223.7,0
291,2024-11,223.7,94.1,191.9,321.5,0
291,2024-12,321.5,64.4,22.8,279.8,0
291,2025-01,279.8,67.7,14.1,226.3,0
291,2025-02,226.3,44.2,44.6,226.7,0
291,2025-03,226.7,55.4,49.7,221.0,0
291,2025-04,221.0,58.0,55.6,218.6,0
291,2025-05,218.6,53.1,58.6,224.0,0
291,2025-06,224.0,47.0,43.9,220.9,0
291,2025-07,220.9,43.3,50.5,228.1,0
291,2025-08,228.1,54.1,45.7,219.7,0
291,2025-09,219.7,50.5,54.2,223.5,0
291,2025-10,223.5,70.1,69.0,222.4,0
291,2025-11,222.4,74.2,171.0,319.2,0
291,2025-12,319.2,86.4,43.4,276.1,0
292,2021-01,33.4,18.2,16.1,31.3,0
292,2021-02,31.3,14.0,15.6,32.8,0
292,2021-03,32.8,11.7,12.6,33.7,0
292,2021-04,33.7,20.2,18.7,32.2,0
292,2021-05,32.2,17.3,17.6,32.4,0
292,2021-06,32.4,14.6,13.3,31.1,0
292,2021-07,31.1,15.6,15.5,31.0,0
292,2021-08,31.0,15.7,17.6,32.9,0
292,2021-09,32.9,15.5,15.2,32.6,0
292,2021-10,32.6,7.2,8.2,33.5,0
292,2021-11,33.5,16.1,30.7,48.1,0
292,2021-12,48.1,20.5,13.7,41.3,0
292,2022-01,41.3,14.5,6.8,33.6,0
292,2022-02,33.6,15.6,14.8,32.7,0
292,2022-03,32.7,11.5,12.2,33.4,0
292,2022-04,33.4,13.7,12.2,31.8,0
292,2022-05,31.8,20.9,22.4,33.3,0
292,2022-06,33.3,19.0,18.1,32.5,0
292,2022-07,32.5,17.2,18.0,33.3,0
292,2022-08,33.3,11.8,11.3,32.9,0
292,2022-09,32.9,18.2,16.7,31.4,0
292,2022-10,31.4,20.5,20.2,31.1,0
292,2022-11,31.1,24.0,35.3,42.4,0
292,2022-12,42.4,18.6,15.8,39.6,0
292,2023-01,39.6,14.6,8.6,33.6,0
292,2023-02,33.6,15.6,13.7,31.7,0
292,2023-03,31.7,12.8,13.6,32.4,0
292,2023-04,32.4,18.8,19.3,33.0,0
292,2023-05,33.0,14.7,13.0,31.3,0
292,2023-06,31.3,14.0,15.2,32.6,0
292,2023-07,32.6,20.0,21.2,33.8,0
292,2023-08,33.8,14.0,12.1,31.9,0
292,2023-09,31.9,15.3,17.2,33.8,0
292,2023-10,33.8,14.4,12.0,31.4,0
292,2023-11,31.4,23.8,39.7,47.2,0
292,2023-12,47.2,21.2,14.4,40.5,0
292,2024-01,40.5,17.2,9.6,32.9,0
292,2024-02,32.9,17.7,18.5,33.7,0
292,2024-03,33.7,8.1,8.1,33.7,0
292,2024-04,33.7,18.6,18.2,33.3,0
292,2024-05,33.3,15.2,13.9,32.1,0
292,2024-06,32.1,19.0,17.4,30.4,0
292,2024-07,30.4,15.8,17.5,32.1,0
292,2024-08,32.1,10.0,11.0,33.2,0
292,2024-09,33.2,13.3,14.0,33.9,0
292,2024-10,33.9,11.7,11.1,33.3,0
292,2024-11,33.3,22.2,37.6,48.7,0
292,2024-12,48.7,20.8,12.8,40.6,0
292,2025-01,40.6,13.4,5.9,33.0,0
292,2025-02,33.0,16.8,17.9,34.1,0
292,2025-03,34.1,17.2,17.0,33.9,0
292,2025-04,33.9,20.5,19.7,33.2,0
292,2025-05,33.2,15.4,15.1,32.9,0
292,2025-06,32.9,11.8,12.3,33.4,0
292,2025-07,33.4,15.9,14.6,32.1,0
292,2025-08,32.1,13.1,14.1,33.1,0
292,2025-09,33.1,13.7,12.4,31.8,0
292,2025-10,31.8,17.0,18.2,33.0,0
292,2025-11,33.0,21.2,32.3,44.1,0
292,2025-12,44.1,14.9,13.1,42.3,0
293,2021-01,7.2,3.0,3.0,7.2,0
293,2021-02,7.2,4.7,4.4,6.8,0
293,2021-03,6.8,6.8,7.0,7.0,2
293,2021-04,7.0,4.2,4.4,7.2,0
293,2021-05,7.2,5.8,5.3,6.7,0
293,2021-06,6.7,6.7,7.2,7.2,4
293,2021-07,7.2,7.2,6.7,6.7,0
293,2021-08,6.7,5.4,5.1,6.4,0
293,2021-09,6.4,4.8,5.3,6.9,0
293,2021-10,6.9,6.9,6.4,6.4,1
293,2021-11,6.4,6.4,10.5,10.5,7
293,2021-12,10.5,5.1,3.3,8.6,0
293,2022-01,8.6,7.7,5.5,6.4,0
293,2022-02,6.4,6.4,6.3,6.3,0
293,2022-03,6.3,6.3,6.9,6.9,3
293,2022-04,6.9,3.5,3.8,7.1,0
293,2022-05,7.1,6.8,7.2,7.5,0
293,2022-06,7.5,5.5,4.7,6.6,0
293,2022-07,6.6,6.6,7.5,7.5,3
293,2022-08,7.5,7.5,6.7,6.7,3
293,2022-09,6.7,5.9,6.3,7.1,0
293,2022-10,7.1,6.4,6.0,6.6,0
293,2022-11,6.6,6.6,8.9,8.9,3
293,2022-12,8.9,7.8,7.2,8.4,0
293,2023-01,8.4,6.3,5.2,7.3,0
293,2023-02,7.3,5.2,5.1,7.2,0
293,2023-03,7.2,5.6,5.8,7.5,0
293,2023-04,7.5,4.5,4.4,7.4,0
293,2023-05,7.4,5.4,5.2,7.2,0
293,2023-06,7.2,6.8,6.0,6.3,0
293,2023-07,6.3,6.3,7.2,7.2,2
293,2023-08,7.2,4.7,4.9,7.4,0
293,2023-09,7.4,5.9,5.7,7.2,0
293,2023-10,7.2,6.9,7.2,7.5,0
293,2023-11,7.5,7.5,8.8,8.9,0
293,2023-12,8.9,7.0,6.2,8.0,0
293,2024-01,8.0,5.7,4.7,7.0,0
293,2024-02,7.0,6.8,6.8,7.0,0
293,2024-03,7.0,7.0,6.2,6.2,2
293,2024-04,6.2,6.2,6.8,6.8,5
293,2024-05,6.8,6.8,7.4,7.4,0
293,2024-06,7.4,4.6,4.0,6.9,0
293,2024-07,6.9,5.4,5.3,6.7,0
293,2024-08,6.7,4.9,4.8,6.7,0
293,2024-09,6.7,5.7,6.3,7.3,0
293,2024-10,7.3,5.3,4.5,6.5,0
293,2024-11,6.5,6.5,9.8,9.8,7
293,2024-12,9.8,5.8,4.7,8.8,0
293,2025-01,8.8,6.8,5.2,7.2,0
293,2025-02,7.2,5.5,5.1,6.8,0
293,2025-03,6.8,4.8,4.5,6.4,0
293,2025-04,6.4,6.4,6.4,6.4,4
293,2025-05,6.4,6.2,7.1,7.3,0
293,2025-06,7.3,5.2,4.9,7.0,0
293,2025-07,7.0,4.4,4.2,6.8,0
293,2025-08,6.8,6.8,6.2,6.2,1
293,2025-09,6.2,5.7,6.9,7.5,0
293,2025-10,7.5,5.6,4.6,6.4,0
293,2025-11,6.4,6.4,9.6,9.6,11
293,2025-12,9.6,6.4,6.0,9.2,0
294,2021-01,11.7,11.7,10.7,10.7,21
294,2021-02,10.7,10.7,11.3,11.3,23
294,2021-03,11.3,11.3,11.8,11.8,20
294,2021-04,11.8,11.8,10.5,10.5,20
294,2021-05,10.5,10.5,10.3,10.3,21
294,2021-06,10.3,10.3,10.1,10.1,22
294,2021-07,10.1,10.1,11.1,11.1,20
294,2021-08,11.1,11.1,10.0,10.0,17
294,2021-09,10.0,10.0,10.6,10.6,21
294,2021-10,10.6,10.6,10.6,10.6,22
294,2021-11,10.6,10.6,14.7,14.7,25
294,2021-12,14.7,14.7,13.1,13.1,21
294,2022-01,13.1,13.1,11.7,11.7,21
294,2022-02,11.7,11.7,11.3,11.3,20
294,2022-03,11.3,11.3,11.6,11.6,17
294,2022-04,11.6,11.6,11.2,11.2,23
294,2022-05,11.2,11.2,12.1,12.1,20
294,2022-06,12.1,12.1,10.2,10.2,20
294,2022-07,10.2,10.2,11.1,11.1,23
294,2022-08,11.1,11.1,10.8,10.8,22
294,2022-09,10.8,10.8,12.1,12.1,17
294,2022-10,12.1,12.1,11.6,11.6,18
294,2022-11,11.6,11.6,17.6,17.6,24
294,2022-12,17.6,17.6,12.6,12.6,19
294,2023-01,12.6,12.6,12.1,12.1,19
294,2023-02,12.1,12.1,12.2,12.2,21
294,2023-03,12.2,12.2,12.1,12.1,19
294,2023-04,12.1,12.1,11.7,11.7,19
294,2023-05,11.7,11.7,10.6,10.6,23
294,2023-06,10.6,10.6,11.1,11.1,21
294,2023-07,11.1,11.1,12.1,12.1,21
294,2023-08,12.1,12.1,12.3,12.3,21
294,2023-09,12.3,12.3,12.2,12.2,19
294,2023-10,12.2,12.2,11.5,11.5,20
294,2023-11,11.5,11.5,16.1,16.1,23
294,2023-12,16.1,16.1,14.4,14.4,20
294,2024-01,14.4,14.4,10.1,10.1,18
294,2024-02,10.1,10.1,11.8,11.8,22
294,2024-03,11.8,11.8,11.0,11.0,19
294,2024-04,11.0,11.0,11.1,11.1,21
294,2024-05,11.1,11.1,11.0,11.0,21
294,2024-06,11.0,11.0,11.4,11.4,18
294,2024-07,11.4,11.4,12.0,12.0,17
294,2024-08,12.0,12.0,10.2,10.2,20
294,2024-09,10.2,10.2,11.5,11.5,21
294,2024-10,11.5,11.5,10.4,10.4,21
294,2024-11,10.4,10.4,15.1,15.1,23
294,2024-12,15.1,15.1,13.4,13.4,21
294,2025-01,13.4,13.4,10.5,10.5,18
294,2025-02,10.5,10.5,10.4,10.4,21
294,2025-03,10.4,10.4,11.4,11.4,22
294,2025-04,11.4,11.4,11.1,11.1,18
294,2025-05,11.1,11.1,11.7,11.7,21
294,2025-06,11.7,11.7,11.7,11.7,24
294,2025-07,11.7,11.7,10.1,10.1,18
294,2025-08,10.1,10.1,12.3,12.3,22
294,2025-09,12.3,12.3,11.9,11.9,22
294,2025-10,11.9,11.9,11.3,11.3,19
294,2025-11,11.3,11.3,15.0,15.0,25
294,2025-12,15.0,15.0,14.7,14.7,18
295,2021-01,11.9,8.4,8.4,12.0,0
295,2021-02,12.0,8.3,8.6,12.3,0
295,2021-03,12.3,8.2,7.5,11.6,0
295,2021-04,11.6,8.5,7.7,10.7,0
295,2021-05,10.7,8.2,9.8,12.2,0
295,2021-06,12.2,4.6,4.2,11.8,0
295,2021-07,11.8,9.1,8.2,10.9,0
295,2021-08,10.9,8.9,10.3,12.3,0
295,2021-09,12.3,8.7,8.7,12.3,0
295,2021-10,12.3,11.2,9.3,10.3,0
295,2021-11,10.3,10.3,15.3,15.3,8
295,2021-12,15.3,5.3,5.1,15.0,0
295,2022-01,15.0,8.8,5.7,11.9,0
295,2022-02,11.9,7.6,6.5,10.8,0
295,2022-03,10.8,6.9,6.9,10.8,0
295,2022-04,10.8,9.6,9.5,10.8,0
295,2022-05,10.8,7.0,7.2,11.0,0
295,2022-06,11.0,7.0,7.2,11.2,0
295,2022-07,11.2,7.3,7.7,11.6,0
295,2022-08,11.6,7.6,7.5,11.5,0
295,2022-09,11.5,9.4,8.7,10.8,0
295,2022-10,10.8,8.0,7.8,10.6,0
295,2022-11,10.6,10.6,14.9,14.9,6
295,2022-12,14.9,10.4,10.5,15.0,0
295,2023-01,15.0,8.8,5.3,11.5,0
295,2023-02,11.5,7.4,7.8,11.9,0
295,2023-03,11.9,6.7,6.9,12.1,0
295,2023-04,12.1,5.7,5.1,11.4,0
295,2023-05,11.4,6.7,6.3,11.0,0
295,2023-06,11.0,9.5,9.1,10.6,0
295,2023-07,10.6,6.4,7.1,11.3,0
295,2023-08,11.3,7.5,8.4,12.2,0
295,2023-09,12.2,6.1,5.2,11.4,0
295,2023-10,11.4,5.2,5.5,11.7,0
295,2023-11,11.7,11.7,16.9,16.9,4
295,2023-12,16.9,10.4,8.6,15.1,0
295,2024-01,15.1,9.7,6.0,11.4,0
295,2024-02,11.4,8.9,9.3,11.8,0
295,2024-03,11.8,6.1,6.5,12.2,0
295,2024-04,12.2,6.9,6.9,12.1,0
295,2024-05,12.1,8.1,7.7,11.7,0
295,2024-06,11.7,8.8,8.8,11.7,0
295,2024-07,11.7,7.6,7.0,11.1,0
295,2024-08,11.1,8.2,7.8,10.7,0
295,2024-09,10.7,7.7,8.3,11.4,0
295,2024-10,11.4,6.9,7.2,11.6,0
295,2024-11,11.6,11.6,15.5,15.6,0
295,2024-12,15.6,9.4,7.6,13.7,0
295,2025-01,13.7,9.4,6.6,10.9,0
295,2025-02,10.9,5.9,6.6,11.6,0
295,2025-03,11.6,8.1,7.6,11.1,0
295,2025-04,11.1,8.5,9.1,11.8,0
295,2025-05,11.8,10.3,10.4,11.9,0
295,2025-06,11.9,7.3,6.3,10.9,0
295,2025-07,10.9,8.1,8.5,11.3,0
295,2025-08,11.3,7.9,8.8,12.2,0
295,2025-09,12.2,7.9,7.2,11.5,0
295,2025-10,11.5,7.1,6.7,11.1,0
295,2025-11,11.1,11.1,17.8,17.8,3
295,2025-12,17.8,10.5,7.4,14.7,0
296,2021-01,89.5,18.4,17.2,88.3,0
296,2021-02,88.3,19.7,18.9,87.5,0
296,2021-03,87.5,17.7,17.3,87.2,0
296,2021-04,87.2,20.4,21.1,87.8,0
296,2021-05,87.8,13.0,13.0,87.8,0
296,2021-06,87.8,23.3,25.4,89.9,0
296,2021-07,89.9,18.5,18.7,90.1,0
296,2021-08,90.1,16.5,16.5,90.1,0
296,2021-09,90.1,20.1,18.6,88.6,0
296,2021-10,88.6,20.7,18.7,86.6,0
296,2021-11,86.6,25.6,66.7,127.7,0
296,2021-12,127.7,23.6,7.9,112.0,0
296,2022-01,112.0,21.6,0.0,90.4,0
296,2022-02,90.4,14.3,13.5,89.6,0
296,2022-03,89.6,15.7,15.8,89.6,0
296,2022-04,89.6,19.8,20.0,89.8,0
296,2022-05,89.8,14.7,12.6,87.7,0
296,2022-06,87.7,11.4,11.2,87.5,0
296,2022-07,87.5,17.1,18.8,89.3,0
296,2022-08,89.3,17.6,17.2,88.9,0
296,2022-09,88.9,17.4,17.8,89.3,0
296,2022-10,89.3,11.2,11.5,89.6,0
296,2022-11,89.6,23.4,55.7,121.9,0
296,2022-12,121.9,16.9,7.1,112.2,0
296,2023-01,112.2,14.6,0.0,97.5,0
296,2023-02,97.5,17.7,8.8,88.6,0
296,2023-03,88.6,17.0,16.1,87.6,0
296,2023-04,87.6,18.9,20.4,89.1,0
296,2023-05,89.1,19.4,17.9,87.6,0
296,2023-06,87.6,20.8,22.5,89.3,0
296,2023-07,89.3,16.3,14.5,87.5,0
296,2023-08,87.5,19.4,21.2,89.3,0
296,2023-09,89.3,17.5,17.6,89.5,0
296,2023-10,89.5,16.7,14.7,87.4,0
296,2023-11,87.4,26.6,70.1,130.9,0
296,2023-12,130.9,27.4,7.9,111.5,0
296,2024-01,111.5,19.2,0.0,92.3,0
296,2024-02,92.3,20.3,15.7,87.6,0
296,2024-03,87.6,13.6,14.4,88.5,0
296,2024-04,88.5,18.7,18.4,88.2,0
296,2024-05,88.2,19.7,20.6,89.1,0
296,2024-06,89.1,13.9,12.6,87.9,0
296,2024-07,87.9,18.6,17.5,86.8,0
296,2024-08,86.8,26.0,26.0,86.8,0
296,2024-09,86.8,20.1,19.5,86.2,0
296,2024-10,86.2,17.1,18.3,87.5,0
296,2024-11,87.5,30.1,65.5,122.9,0
296,2024-12,122.9,16.6,5.7,112.0,0
296,2025-01,112.0,21.4,0.0,90.6,0
296,2025-02,90.6,20.9,19.4,89.1,0
296,2025-03,89.1,13.9,12.4,87.6,0
296,2025-04,87.6,20.9,23.2,89.8,0
296,2025-05,89.8,19.1,16.8,87.5,0
296,2025-06,87.5,12.1,12.3,87.7,0
296,2025-07,87.7,18.3,17.2,86.6,0
296,2025-08,86.6,17.6,21.4,90.4,0
296,2025-09,90.4,16.2,14.0,88.2,0
296,2025-10,88.2,18.1,19.8,89.8,0
296,2025-11,89.8,23.8,61.1,127.1,0
296,2025-12,127.1,23.9,7.9,111.1,0
297,2021-01,60.7,28.0,25.3,58.1,0
297,2021-02,58.1,33.5,32.5,57.0,0
297,2021-03,57.0,31.8,35.6,60.7,0
297,2021-04,60.7,31.8,29.5,58.4,0
297,2021-05,58.4,33.3,32.6,57.7,0
297,2021-06,57.7,26.5,28.4,59.6,0
297,2021-07,59.6,23.7,22.5,58.4,0
297,2021-08,58.4,30.8,30.7,58.4,0
297,2021-09,58.4,33.8,31.3,55.8,0
297,2021-10,55.8,29.5,31.6,57.9,0
297,2021-11,57.9,37.3,60.5,81.1,0
297,2021-12,81.1,41.5,34.7,74.3,0
297,2022-01,74.3,23.9,9.9,60.3,0
297,2022-02,60.3,23.5,23.3,60.1,0
297,2022-03,60.1,34.2,36.3,62.2,0
297,2022-04,62.2,37.2,31.4,56.3,0
297,2022-05,56.3,28.7,32.7,60.3,0
297,2022-06,60.3,25.5,25.0,59.9,0
297,2022-07,59.9,25.1,22.2,57.0,0
297,2022-08,57.0,30.5,33.2,59.7,0
297,2022-09,59.7,38.4,33.7,55.0,0
297,2022-10,55.0,35.1,37.4,57.3,0
297,2022-11,57.3,40.0,67.0,84.3,0
297,2022-12,84.3,39.4,27.5,72.4,0
297,2023-01,72.4,27.4,15.0,59.9,0
297,2023-02,59.9,25.6,26.6,61.0,0
297,2023-03,61.0,25.8,23.7,58.9,0
297,2023-04,58.9,27.6,29.0,60.2,0
297,2023-05,60.2,28.5,29.9,61.6,0
297,2023-06,61.6,27.4,24.3,58.5,0
297,2023-07,58.5,40.4,41.2,59.4,0
297,2023-08,59.4,29.3,27.7,57.8,0
297,2023-09,57.8,26.4,28.2,59.6,0
297,2023-10,59.6,29.9,30.2,60.0,0
297,2023-11,60.0,48.2,65.4,77.2,0
297,2023-12,77.2,28.9,24.4,72.7,0
297,2024-01,72.7,33.7,21.0,59.9,0
297,2024-02,59.9,29.8,26.1,56.2,0
297,2024-03,56.2,29.0,29.6,56.8,0
297,2024-04,56.8,30.1,31.9,58.5,0
297,2024-05,58.5,27.5,29.4,60.5,0
297,2024-06,60.5,31.1,27.8,57.2,0
297,2024-07,57.2,30.4,31.5,58.4,0
297,2024-08,58.4,20.4,20.6,58.6,0
297,2024-09,58.6,29.0,30.7,60.3,0
297,2024-10,60.3,32.1,27.8,56.0,0
297,2024-11,56.0,44.0,67.6,79.7,0
297,2024-12,79.7,31.6,27.0,75.2,0
297,2025-01,75.2,37.5,22.0,59.7,0
297,2025-02,59.7,25.6,25.6,59.7,0
297,2025-03,59.7,27.9,24.7,56.5,0
297,2025-04,56.5,29.4,33.0,60.1,0
297,2025-05,60.1,27.4,29.2,61.9,0
297,2025-06,61.9,30.6,26.7,58.0,0
297,2025-07,58.0,33.2,34.6,59.3,0
297,2025-08,59.3,27.3,25.3,57.3,0
297,2025-09,57.3,32.8,37.8,62.3,0
297,2025-10,62.3,30.8,25.7,57.3,0
297,2025-11,57.3,35.9,65.6,87.0,0
297,2025-12,87.0,44.3,31.2,73.9,0
298,2021-01,54.1,24.3,21.5,51.4,0
298,2021-02,51.4,22.5,26.2,55.2,0
298,2021-03,55.2,24.9,22.7,53.0,0
298,2021-04,53.0,32.3,33.3,54.1,0
298,2021-05,54.1,26.3,24.4,52.2,0
298,2021-06,52.2,19.1,19.7,52.8,0
298,2021-07,52.8,22.5,20.9,51.2,0
298,2021-08,51.2,33.1,33.5,51.6,0
298,2021-09,51.6,31.9,33.9,53.6,0
298,2021-10,53.6,26.9,28.1,54.8,0
298,2021-11,54.8,25.6,51.0,80.3,0
298,2021-12,80.3,30.5,18.3,68.1,0
298,2022-01,68.1,21.3,7.7,54.4,0
298,2022-02,54.4,20.3,20.1,54.2,0
298,2022-03,54.2,21.9,20.7,53.0,0
298,2022-04,53.0,21.5,23.4,55.0,0
298,2022-05,55.0,24.8,23.9,54.0,0
298,2022-06,54.0,25.3,26.1,54.8,0
298,2022-07,54.8,28.0,23.3,50.0,0
298,2022-08,50.0,28.6,28.3,49.7,0
298,2022-09,49.7,25.4,27.5,51.7,0
298,2022-10,51.7,26.6,29.3,54.4,0
298,2022-11,54.4,41.5,66.4,79.2,0
298,2022-12,79.2,27.7,16.3,67.7,0
298,2023-01,67.7,25.1,11.6,54.2,0
298,2023-02,54.2,22.8,22.2,53.6,0
298,2023-03,53.6,25.0,26.0,54.6,0
298,2023-04,54.6,29.8,26.7,51.5,0
298,2023-05,51.5,17.4,17.4,51.5,0
298,2023-06,51.5,24.8,25.1,51.8,0
298,2023-07,51.8,23.3,26.1,54.6,0
298,2023-08,54.6,23.2,23.5,54.9,0
298,2023-09,54.9,32.9,27.5,49.6,0
298,2023-10,49.6,30.8,30.9,49.6,0
298,2023-11,49.6,35.1,63.4,77.9,0
298,2023-12,77.9,33.7,23.3,67.5,0
298,2024-01,67.5,25.4,11.3,53.4,0
298,2024-02,53.4,24.2,23.9,53.2,0
298,2024-03,53.2,31.6,28.9,50.5,0
298,2024-04,50.5,24.7,29.8,55.5,0
298,2024-05,55.5,17.4,16.1,54.2,0
298,2024-06,54.2,30.6,31.7,55.3,0
298,2024-07,55.3,27.1,22.7,51.0,0
298,2024-08,51.0,22.9,25.6,53.7,0
298,2024-09,53.7,17.6,16.7,52.8,0
298,2024-10,52.8,27.1,26.7,52.4,0
298,2024-11,52.4,36.9,59.9,75.4,0
298,2024-12,75.4,24.3,17.2,68.3,0
298,2025-01,68.3,21.9,8.0,54.4,0
298,2025-02,54.4,18.6,19.1,54.9,0
298,2025-03,54.9,23.6,22.8,54.2,0
298,2025-04,54.2,24.9,25.3,54.5,0
298,2025-05,54.5,20.9,20.9,54.6,0
298,2025-06,54.6,20.6,17.2,51.2,0
298,2025-07,51.2,31.3,29.9,49.8,0
298,2025-08,49.8,18.7,21.9,53.0,0
298,2025-09,53.0,22.8,21.3,51.5,0
298,2025-10,51.5,28.7,31.3,54.2,0
298,2025-11,54.2,41.9,64.4,76.7,0
298,2025-12,76.7,20.6,9.9,66.0,0
299,2021-01,251.4,77.6,68.8,242.6,0
299,2021-02,242.6,68.6,67.3,241.2,0
299,2021-03,241.2,34.0,40.1,247.3,0
299,2021-04,247.3,56.8,57.3,247.8,0
299,2021-05,247.8,56.6,60.4,251.6,0
299,2021-06,251.6,86.6,77.1,242.1,0
299,2021-07,242.1,58.3,58.3,242.0,0
299,2021-08,242.0,91.2,104.7,255.5,0
299,2021-09,255.5,69.7,67.9,253.6,0
299,2021-10,253.6,80.7,79.0,251.8,0
299,2021-11,251.8,95.9,210.5,366.5,0
299,2021-12,366.5,81.4,26.3,311.4,0
299,2022-01,311.4,68.4,7.5,250.6,0
299,2022-02,250.6,62.8,65.3,253.0,0
299,2022-03,253.0,32.6,30.2,250.6,0
299,2022-04,250.6,70.4,70.1,250.3,0
299,2022-05,250.3,63.7,64.0,250.6,0
299,2022-06,250.6,61.0,58.5,248.1,0
299,2022-07,248.1,50.8,56.7,254.0,0
299,2022-08,254.0,61.9,54.4,246.5,0
299,2022-09,246.5,71.4,67.6,242.7,0
299,2022-10,242.7,83.6,83.5,242.6,0
299,2022-11,242.6,77.8,174.7,339.5,0
299,2022-12,339.5,81.6,56.0,313.9,0
299,2023-01,313.9,72.2,9.3,250.9,0
299,2023-02,250.9,36.2,31.7,246.4,0
299,2023-03,246.4,68.4,70.5,248.5,0
299,2023-04,248.5,63.0,59.4,244.9,0
299,2023-05,244.9,70.1,75.3,250.2,0
299,2023-06,250.2,70.5,63.9,243.6,0
299,2023-07,243.6,61.8,66.5,248.3,0
299,2023-08,248.3,61.3,66.2,253.3,0
299,2023-09,253.3,65.7,56.2,243.7,0
299,2023-10,243.7,54.5,54.8,244.0,0
299,2023-11,244.0,88.9,196.2,351.3,0
299,2023-12,351.3,93.4,54.9,312.7,0
299,2024-01,312.7,41.9,0.0,270.8,0
299,2024-02,270.8,75.8,50.7,245.7,0
299,2024-03,245.7,49.8,58.2,254.1,0
299,2024-04,254.1,53.5,50.0,250.5,0
299,2024-05,250.5,74.4,74.8,250.9,0
299,2024-06,250.9,63.7,56.6,243.8,0
299,2024-07,243.8,69.8,77.5,251.6,0
299,2024-08,251.6,68.4,59.2,242.4,0
299,2024-09,242.4,70.0,77.9,250.3,0
299,2024-10,250.3,45.3,44.6,249.5,0
299,2024-11,249.5,94.8,217.2,371.9,0
299,2024-12,371.9,86.0,26.8,312.7,0
299,2025-01,312.7,71.7,9.3,250.3,0
299,2025-02,250.3,59.2,60.2,251.3,0
299,2025-03,251.3,47.4,46.2,250.1,0
299,2025-04,250.1,78.9,77.5,248.7,0
299,2025-05,248.7,63.4,57.7,243.0,0
299,2025-06,243.0,81.8,86.1,247.3,0
299,2025-07,247.3,74.6,70.3,243.1,0
299,2025-08,243.1,66.5,70.7,247.3,0
299,2025-09,247.3,66.6,73.7,254.3,0
299,2025-10,254.3,54.2,47.8,247.9,0
299,2025-11,247.9,98.5,221.8,371.2,0
299,2025-12,371.2,90.6,33.9,314.6,0
300,2021-01,94.1,66.8,65.9,93.2,0
300,2021-02,93.2,40.1,38.5,91.7,0
300,2021-03,91.7,55.3,55.7,92.1,0
300,2021-04,92.1,80.5,73.0,84.7,0
300,2021-05,84.7,56.6,64.1,92.2,0
300,2021-06,92.2,43.3,42.3,91.3,0
300,2021-07,91.3,55.0,55.7,91.9,0
300,2021-08,91.9,41.7,40.0,90.2,0
300,2021-09,90.2,41.1,46.3,95.3,0
300,2021-10,95.3,60.4,59.6,94.5,0
300,2021-11,94.5,90.9,128.8,132.5,0
300,2021-12,132.5,88.3,75.4,119.6,0
300,2022-01,119.6,57.5,32.6,94.8,0
300,2022-02,94.8,74.8,71.4,91.3,0
300,2022-03,91.3,56.7,61.2,95.9,0
300,2022-04,95.9,70.4,60.7,86.1,0
300,2022-05,86.1,79.1,82.0,89.0,0
300,2022-06,89.0,50.7,49.3,87.7,0
300,2022-07,87.7,55.1,58.4,91.1,0
300,2022-08,91.1,49.9,50.5,91.7,0
300,2022-09,91.7,66.1,62.0,87.6,0
300,2022-10,87.6,67.1,74.8,95.2,0
300,2022-11,95.2,86.0,114.1,123.3,0
300,2022-12,123.3,85.4,77.7,115.5,0
300,2023-01,115.5,59.4,37.6,93.7,0
300,2023-02,93.7,45.4,45.3,93.6,0
300,2023-03,93.6,55.4,55.1,93.4,0
300,2023-04,93.4,54.5,48.1,87.0,0
300,2023-05,87.0,63.5,63.5,87.0,0
300,2023-06,87.0,42.2,42.2,87.0,0
300,2023-07,87.0,57.2,63.7,93.6,0
300,2023-08,93.6,60.2,63.0,96.5,0
300,2023-09,96.5,74.2,73.6,95.8,0
300,2023-10,95.8,61.3,54.1,88.5,0
300,2023-11,88.5,82.8,123.7,129.4,0
300,2023-12,129.4,73.8,54.6,110.3,0
300,2024-01,110.3,47.6,27.5,90.2,0
300,2024-02,90.2,47.2,51.4,94.3,0
300,2024-03,94.3,45.1,40.8,90.0,0
300,2024-04,90.0,57.1,59.6,92.5,0
300,2024-05,92.5,65.3,60.9,88.1,0
300,2024-06,88.1,58.9,64.6,93.8,0
300,2024-07,93.8,70.2,68.2,91.8,0
300,2024-08,91.8,46.4,41.7,87.1,0
300,2024-09,87.1,47.8,47.1,86.4,0
300,2024-10,86.4,86.4,87.6,87.6,0
300,2024-11,87.6,87.6,138.5,138.5,3
300,2024-12,138.5,75.3,56.6,119.8,0
300,2025-01,119.8,38.8,12.3,93.3,0
300,2025-02,93.3,40.1,41.7,94.9,0
300,2025-03,94.9,47.7,40.5,87.7,0
300,2025-04,87.7,66.3,69.9,91.3,0
300,2025-05,91.3,46.1,46.2,91.3,0
300,2025-06,91.3,56.2,51.9,87.0,0
300,2025-07,87.0,74.7,82.3,94.6,0
300,2025-08,94.6,43.3,42.4,93.7,0
300,2025-09,93.7,51.2,53.7,96.3,0
300,2025-10,96.3,66.4,67.4,97.2,0
300,2025-11,97.2,75.7,104.8,126.3,0
300,2025-12,126.3,82.5,66.4,110.2,0
301,2021-01,52.3,38.3,34.4,48.5,0
301,2021-02,48.5,32.3,36.0,52.1,0
301,2021-03,52.1,35.3,31.7,48.5,0
301,2021-04,48.5,40.9,40.5,48.1,0
301,2021-05,48.1,24.2,28.6,52.5,0
301,2021-06,52.5,39.4,34.9,48.1,0
301,2021-07,48.1,25.5,26.7,49.2,0
301,2021-08,49.2,35.3,35.6,49.5,0
301,2021-09,49.5,31.9,36.1,53.7,0
301,2021-10,53.7,35.4,34.1,52.4,0
301,2021-11,52.4,48.5,68.8,72.7,0
301,2021-12,72.7,41.4,30.7,62.0,0
301,2022-01,62.0,33.8,22.8,51.1,0
301,2022-02,51.1,26.5,27.0,51.6,0
301,2022-03,51.6,27.9,26.3,50.0,0
301,2022-04,50.0,30.1,29.3,49.1,0
301,2022-05,49.1,36.7,39.5,52.0,0
301,2022-06,52.0,35.4,32.5,49.1,0
301,2022-07,49.1,35.6,40.2,53.7,0
301,2022-08,53.7,30.1,28.9,52.4,0
301,2022-09,52.4,26.3,26.5,52.6,0
301,2022-10,52.6,26.3,27.0,53.3,0
301,2022-11,53.3,36.9,56.4,72.8,0
301,2022-12,72.8,48.1,42.5,67.1,0
301,2023-01,67.1,34.7,17.0,49.5,0
301,2023-02,49.5,38.3,38.4,49.7,0
301,2023-03,49.7,33.9,36.8,52.5,0
301,2023-04,52.5,33.8,29.8,48.5,0
301,2023-05,48.5,37.6,36.2,47.2,0
301,2023-06,47.2,29.3,30.7,48.6,0
301,2023-07,48.6,26.1,29.9,52.4,0
301,2023-08,52.4,36.0,36.2,52.6,0
301,2023-09,52.6,35.4,34.1,51.3,0
301,2023-10,51.3,28.3,26.4,49.4,0
301,2023-11,49.4,48.5,71.9,72.8,0
301,2023-12,72.8,35.7,26.3,63.4,0
301,2024-01,63.4,31.9,18.4,49.9,0
301,2024-02,49.9,21.3,25.0,53.5,0
301,2024-03,53.5,24.7,20.8,49.7,0
301,2024-04,49.7,39.1,38.1,48.7,0
301,2024-05,48.7,28.5,30.4,50.6,0
301,2024-06,50.6,37.2,33.2,46.6,0
301,2024-07,46.6,30.6,30.8,46.9,0
301,2024-08,46.9,37.0,39.6,49.5,0
301,2024-09,49.5,35.2,35.7,50.0,0
301,2024-10,50.0,20.7,23.2,52.4,0
301,2024-11,52.4,44.0,60.4,68.8,0
301,2024-12,68.8,42.4,36.5,62.9,0
301,2025-01,62.9,25.0,12.4,50.4,0
301,2025-02,50.4,22.3,24.1,52.2,0
301,2025-03,52.2,33.7,33.0,51.4,0
301,2025-04,51.4,41.7,40.3,50.0,0
301,2025-05,50.0,27.0,25.4,48.4,0
301,2025-06,48.4,34.2,33.5,47.7,0
301,2025-07,47.7,34.6,41.1,54.2,0
301,2025-08,54.2,25.9,22.8,51.2,0
301,2025-09,51.2,41.6,43.3,52.9,0
301,2025-10,52.9,34.7,32.0,50.2,0
301,2025-11,50.2,45.3,70.8,75.7,0
301,2025-12,75.7,44.0,29.4,61.2,0
302,2021-01,92.7,16.8,15.2,91.1,0
302,2021-02,91.1,27.1,28.4,92.5,0
302,2021-03,92.5,17.4,16.1,91.1,0
302,2021-04,91.1,19.3,17.7,89.6,0
302,2021-05,89.6,22.3,23.1,90.3,0
302,2021-06,90.3,23.1,22.3,89.5,0
302,2021-07,89.5,30.0,34.9,94.3,0
302,2021-08,94.3,24.1,21.4,91.6,0
302,2021-09,91.6,26.2,26.5,91.9,0
302,2021-10,91.9,19.5,18.3,90.8,0
302,2021-11,90.8,33.1,78.5,136.1,0
302,2021-12,136.1,22.0,1.6,115.7,0
302,2022-01,115.7,24.9,1.8,92.5,0
302,2022-02,92.5,19.7,18.6,91.4,0
302,2022-03,91.4,20.2,18.8,90.0,0
302,2022-04,90.0,19.3,19.9,90.6,0
302,2022-05,90.6,21.0,21.1,90.7,0
302,2022-06,90.7,19.4,21.4,92.7,0
302,2022-07,92.7,19.6,18.5,91.6,0
302,2022-08,91.6,22.9,23.5,92.1,0
302,2022-09,92.1,30.3,29.4,91.3,0
302,2022-10,91.3,20.0,22.0,93.3,0
302,2022-11,93.3,31.6,65.3,127.0,0
302,2022-12,127.0,36.7,26.7,117.0,0
302,2023-01,117.0,22.6,0.0,94.4,0
302,2023-02,94.4,27.9,24.5,91.0,0
302,2023-03,91.0,13.3,14.1,91.8,0
302,2023-04,91.8,21.2,21.9,92.5,0
302,2023-05,92.5,23.4,24.4,93.4,0
302,2023-06,93.4,18.2,17.7,93.0,0
302,2023-07,93.0,23.2,21.7,91.5,0
302,2023-08,91.5,30.9,30.7,91.3,0
302,2023-09,91.3,15.2,17.2,93.3,0
302,2023-10,93.3,23.0,21.6,92.0,0
302,2023-11,92.0,32.7,70.2,129.6,0
302,2023-12,129.6,31.2,18.2,116.6,0
302,2024-01,116.6,26.4,2.3,92.6,0
302,2024-02,92.6,23.4,21.5,90.6,0
302,2024-03,90.6,19.0,20.1,91.7,0
302,2024-04,91.7,19.7,19.1,91.1,0
302,2024-05,91.1,26.9,26.8,91.0,0
302,2024-06,91.0,14.8,15.6,91.8,0
302,2024-07,91.8,18.4,19.1,92.5,0
302,2024-08,92.5,28.4,26.4,90.5,0
302,2024-09,90.5,23.4,26.6,93.8,0
302,2024-10,93.8,24.5,23.1,92.3,0
302,2024-11,92.3,20.4,55.7,127.6,0
302,2024-12,127.6,31.9,17.5,113.2,0
302,2025-01,113.2,28.7,7.5,92.1,0
302,2025-02,92.1,25.4,24.9,91.6,0
302,2025-03,91.6,25.3,24.8,91.1,0
302,2025-04,91.1,22.0,23.2,92.3,0
302,2025-05,92.3,17.3,15.5,90.5,0
302,2025-06,90.5,18.1,17.5,90.0,0
302,2025-07,90.0,24.3,23.2,88.9,0
302,2025-08,88.9,22.4,26.2,92.6,0
302,2025-09,92.6,24.8,23.2,91.0,0
302,2025-10,91.0,23.2,22.2,90.1,0
302,2025-11,90.1,34.2,75.3,131.2,0
302,2025-12,131.2,35.0,20.1,116.3,0
303,2021-01,31.8,19.2,16.4,29.0,0
303,2021-02,29.0,18.9,20.7,30.7,0
303,2021-03,30.7,16.6,15.3,29.5,0
303,2021-04,29.5,16.2,17.2,30.5,0
303,2021-05,30.5,19.8,18.5,29.2,0
303,2021-06,29.2,17.2,20.4,32.4,0
303,2021-07,32.4,16.7,16.3,32.1,0
303,2021-08,32.1,24.3,24.9,32.7,0
303,2021-09,32.7,18.2,16.2,30.6,0
303,2021-10,30.6,14.8,16.6,32.4,0
303,2021-11,32.4,23.6,32.6,41.4,0
303,2021-12,41.4,24.6,23.1,40.0,0
303,2022-01,40.0,16.0,6.9,30.9,0
303,2022-02,30.9,18.5,19.4,31.8,0
303,2022-03,31.8,20.3,18.2,29.7,0
303,2022-04,29.7,19.3,19.0,29.4,0
303,2022-05,29.4,16.1,18.6,31.9,0
303,2022-06,31.9,17.2,16.8,31.5,0
303,2022-07,31.5,20.5,17.9,28.8,0
303,2022-08,28.8,19.7,19.3,28.5,0
303,2022-09,28.5,13.1,17.0,32.4,0
303,2022-10,32.4,17.6,16.2,31.0,0
303,2022-11,31.0,27.8,41.3,44.6,0
303,2022-12,44.6,19.0,13.1,38.7,0
303,2023-01,38.7,13.5,5.8,31.0,0
303,2023-02,31.0,18.4,16.4,29.0,0
303,2023-03,29.0,17.7,17.6,29.0,0
303,2023-04,29.0,20.4,21.7,30.2,0
303,2023-05,30.2,18.7,20.2,31.8,0
303,2023-06,31.8,15.9,15.4,31.2,0
303,2023-07,31.2,17.3,15.8,29.8,0
303,2023-08,29.8,15.9,17.8,31.7,0
303,2023-09,31.7,19.8,19.2,31.1,0
303,2023-10,31.1,20.1,20.5,31.4,0
303,2023-11,31.4,22.3,35.0,44.1,0
303,2023-12,44.1,20.7,15.5,38.9,0
303,2024-01,38.9,24.2,17.3,32.0,0
303,2024-02,32.0,16.5,14.9,30.3,0
303,2024-03,30.3,18.1,19.5,31.7,0
303,2024-04,31.7,22.9,23.1,31.9,0
303,2024-05,31.9,22.7,20.7,29.9,0
303,2024-06,29.9,13.4,13.7,30.2,0
303,2024-07,30.2,16.1,17.3,31.5,0
303,2024-08,31.5,19.3,19.8,32.0,0
303,2024-09,32.0,16.7,14.6,29.9,0
303,2024-10,29.9,15.7,15.0,29.3,0
303,2024-11,29.3,29.3,41.7,41.7,0
303,2024-12,41.7,27.4,22.8,37.1,0
303,2025-01,37.1,17.7,12.1,31.5,0
303,2025-02,31.5,14.9,14.7,31.2,0
303,2025-03,31.2,17.7,18.2,31.7,0
303,2025-04,31.7,19.7,18.0,30.1,0
303,2025-05,30.1,18.3,17.3,29.1,0
303,2025-06,29.1,25.4,27.6,31.3,0
303,2025-07,31.3,18.1,16.0,29.1,0
303,2025-08,29.1,15.8,18.4,31.7,0
303,2025-09,31.7,21.5,21.9,32.2,0
303,2025-10,32.2,9.6,9.0,31.5,0
303,2025-11,31.5,25.4,34.5,40.7,0
303,2025-12,40.7,19.6,16.7,37.8,0
304,2021-01,32.3,6.1,5.5,31.6,0
304,2021-02,31.6,5.4,5.3,31.4,0
304,2021-03,31.4,7.0,6.8,31.2,0
304,2021-04,31.2,6.2,7.3,32.3,0
304,2021-05,32.3,7.1,6.8,32.0,0
304,2021-06,32.0,6.7,5.8,31.2,0
304,2021-07,31.2,6.0,6.1,31.3,0
304,2021-08,31.3,6.1,6.4,31.7,0
304,2021-09,31.7,7.0,7.7,32.4,0
304,2021-10,32.4,7.7,8.0,32.6,0
304,2021-11,32.6,8.4,22.3,46.5,0
304,2021-12,46.5,6.0,0.0,40.5,0
304,2022-01,40.5,4.3,0.0,36.2,0
304,2022-02,36.2,7.4,3.6,32.3,0
304,2022-03,32.3,5.7,5.5,32.1,0
304,2022-04,32.1,8.5,8.0,31.6,0
304,2022-05,31.6,6.6,7.2,32.2,0
304,2022-06,32.2,6.6,6.7,32.3,0
304,2022-07,32.3,7.7,7.9,32.6,0
304,2022-08,32.6,7.6,6.5,31.5,0
304,2022-09,31.5,4.2,4.4,31.7,0
304,2022-10,31.7,6.4,6.1,31.4,0
304,2022-11,31.4,10.3,22.5,43.6,0
304,2022-12,43.6,7.5,3.6,39.7,0
304,2023-01,39.7,5.0,0.0,34.7,0
304,2023-02,34.7,5.1,2.6,32.2,0
304,2023-03,32.2,6.1,5.8,31.9,0
304,2023-04,31.9,6.5,6.3,31.8,0
304,2023-05,31.8,6.6,6.8,32.0,0
304,2023-06,32.0,7.1,7.5,32.4,0
304,2023-07,32.4,5.7,4.9,31.6,0
304,2023-08,31.6,5.3,5.8,32.1,0
304,2023-09,32.1,6.7,7.1,32.5,0
304,2023-10,32.5,7.7,7.3,32.1,0
304,2023-11,32.1,10.5,22.3,43.9,0
304,2023-12,43.9,6.9,3.5,40.4,0
304,2024-01,40.4,7.5,0.0,32.9,0
304,2024-02,32.9,4.5,4.0,32.4,0
304,2024-03,32.4,7.7,6.5,31.2,0
304,2024-04,31.2,6.6,7.3,31.9,0
304,2024-05,31.9,6.1,5.6,31.4,0
304,2024-06,31.4,6.3,6.7,31.8,0
304,2024-07,31.8,7.7,8.2,32.2,0
304,2024-08,32.2,6.4,5.9,31.8,0
304,2024-09,31.8,4.5,4.8,32.1,0
304,2024-10,32.1,8.9,9.0,32.2,0
304,2024-11,32.2,8.0,20.9,45.0,0
304,2024-12,45.0,7.3,2.3,40.1,0
304,2025-01,40.1,8.2,0.4,32.2,0
304,2025-02,32.2,6.3,6.0,31.9,0
304,2025-03,31.9,5.1,4.7,31.5,0
304,2025-04,31.5,6.0,5.7,31.3,0
304,2025-05,31.3,6.3,7.5,32.6,0
304,2025-06,32.6,7.1,6.2,31.6,0
304,2025-07,31.6,6.1,6.9,32.4,0
304,2025-08,32.4,8.2,8.4,32.5,0
304,2025-09,32.5,5.0,4.7,32.2,0
304,2025-10,32.2,5.9,6.2,32.4,0
304,2025-11,32.4,9.5,24.2,47.1,0
304,2025-12,47.1,5.7,0.0,41.4,0
305,2021-01,4.8,4.2,3.6,4.2,0
305,2021-02,4.2,3.6,3.6,4.2,0
305,2021-03,4.2,3.1,3.3,4.4,0
305,2021-04,4.4,4.4,4.2,4.2,1
305,2021-05,4.2,4.2,5.0,5.0,4
305,2021-06,5.0,3.5,3.4,4.9,0
305,2021-07,4.9,3.0,2.6,4.4,0
305,2021-08,4.4,2.9,3.1,4.6,0
305,2021-09,4.6,3.2,3.2,4.7,0
305,2021-10,4.7,3.3,3.3,4.7,0
305,2021-11,4.7,4.7,6.9,6.9,7
305,2021-12,6.9,6.9,5.7,5.7,1
305,2022-01,5.7,4.6,3.6,4.7,0
305,2022-02,4.7,4.0,3.6,4.3,0
305,2022-03,4.3,3.9,4.1,4.5,0
305,2022-04,4.5,3.6,3.3,4.2,0
305,2022-05,4.2,3.3,3.8,4.7,0
305,2022-06,4.7,4.1,3.9,4.5,0
305,2022-07,4.5,4.5,4.9,4.9,3
305,2022-08,4.9,3.2,2.8,4.5,0
305,2022-09,4.5,4.2,4.5,4.8,0
305,2022-10,4.8,3.2,3.1,4.6,0
305,2022-11,4.6,4.6,6.9,6.9,2
305,2022-12,6.9,4.5,3.7,6.1,0
305,2023-01,6.1,2.9,1.6,4.7,0
305,2023-02,4.7,3.4,3.3,4.6,0
305,2023-03,4.6,4.6,4.6,4.6,3
305,2023-04,4.6,3.0,3.1,4.8,0
305,2023-05,4.8,2.3,2.0,4.5,0
305,2023-06,4.5,4.5,5.0,5.0,5
305,2023-07,5.0,3.6,3.5,4.8,0
305,2023-08,4.8,4.2,4.1,4.7,0
305,2023-09,4.7,4.1,4.2,4.8,0
305,2023-10,4.8,4.8,4.8,4.8,1
305,2023-11,4.8,4.8,7.2,7.2,5
305,2023-12,7.2,5.4,3.6,5.4,0
305,2024-01,5.4,4.0,3.2,4.6,0
305,2024-02,4.6,3.5,3.4,4.4,0
305,2024-03,4.4,3.9,3.9,4.5,0
305,2024-04,4.5,3.6,3.5,4.4,0
305,2024-05,4.4,4.4,4.4,4.4,3
305,2024-06,4.4,4.4,4.4,4.4,1
305,2024-07,4.4,4.4,4.1,4.1,1
305,2024-08,4.1,4.0,4.4,4.5,0
305,2024-09,4.5,4.0,4.4,4.9,0
305,2024-10,4.9,2.6,2.5,4.8,0
305,2024-11,4.8,4.8,7.2,7.2,0
305,2024-12,7.2,4.2,3.0,6.0,0
305,2025-01,6.0,2.4,1.1,4.8,0
305,2025-02,4.8,4.7,4.1,4.2,0
305,2025-03,4.2,2.9,3.3,4.6,0
305,2025-04,4.6,4.6,4.5,4.6,0
305,2025-05,4.6,4.0,3.8,4.4,0
305,2025-06,4.4,3.7,3.6,4.3,0
305,2025-07,4.3,4.3,4.9,4.9,6
305,2025-08,4.9,3.8,3.9,4.9,0
305,2025-09,4.9,4.1,4.0,4.9,0
305,2025-10,4.9,4.9,4.3,4.3,2
305,2025-11,4.3,4.3,6.8,6.8,5
305,2025-12,6.8,3.7,2.6,5.7,0
306,2021-01,3.6,3.5,3.5,3.6,0
306,2021-02,3.6,3.6,3.2,3.2,5
306,2021-03,3.2,2.5,2.9,3.6,0
306,2021-04,3.6,2.0,2.0,3.6,0
306,2021-05,3.6,2.4,2.2,3.4,0
306,2021-06,3.4,2.7,2.9,3.6,0
306,2021-07,3.6,2.4,2.5,3.7,0
306,2021-08,3.7,2.7,2.6,3.5,0
306,2021-09,3.5,2.9,2.6,3.2,0
306,2021-10,3.2,3.0,3.2,3.4,0
306,2021-11,3.4,3.4,4.5,4.5,4
306,2021-12,4.5,3.7,3.2,4.1,0
306,2022-01,4.1,2.5,1.9,3.5,0
306,2022-02,3.5,2.8,2.8,3.5,0
306,2022-03,3.5,2.4,2.2,3.3,0
306,2022-04,3.3,3.3,3.2,3.2,0
306,2022-05,3.2,2.8,3.2,3.6,0
306,2022-06,3.6,2.5,2.5,3.5,0
306,2022-07,3.5,3.0,2.6,3.2,0
306,2022-08,3.2,3.2,3.6,3.6,4
306,2022-09,3.6,3.1,3.2,3.7,0
306,2022-10,3.7,2.5,2.1,3.3,0
306,2022-11,3.3,3.3,5.5,5.5,6
306,2022-12,5.5,3.5,2.2,4.2,0
306,2023-01,4.2,2.9,2.3,3.6,0
306,2023-02,3.6,2.9,2.7,3.3,0
306,2023-03,3.3,2.7,2.6,3.3,0
306,2023-04,3.3,3.2,3.6,3.7,0
306,2023-05,3.7,2.4,2.0,3.3,0
306,2023-06,3.3,2.6,2.7,3.4,0
306,2023-07,3.4,2.7,2.9,3.5,0
306,2023-08,3.5,3.1,3.2,3.7,0
306,2023-09,3.7,1.8,1.5,3.4,0
306,2023-10,3.4,1.8,1.9,3.6,0
306,2023-11,3.6,3.6,5.0,5.0,4
306,2023-12,5.0,3.4,2.6,4.1,0
306,2024-01,4.1,2.8,2.0,3.4,0
306,2024-02,3.4,1.8,1.9,3.5,0
306,2024-03,3.5,3.1,3.0,3.4,0
306,2024-04,3.4,2.7,3.0,3.7,0
306,2024-05,3.7,2.8,2.6,3.5,0
306,2024-06,3.5,2.7,2.7,3.6,0
306,2024-07,3.6,2.6,2.4,3.4,0
306,2024-08,3.4,2.3,2.4,3.5,0
306,2024-09,3.5,3.2,2.8,3.1,0
306,2024-10,3.1,2.9,3.3,3.6,0
306,2024-11,3.6,3.6,5.4,5.4,3
306,2024-12,5.4,2.2,1.3,4.5,0
306,2025-01,4.5,2.8,1.9,3.5,0
306,2025-02,3.5,2.7,2.6,3.4,0
306,2025-03,3.4,2.9,3.0,3.5,0
306,2025-04,3.5,2.9,2.5,3.2,0
306,2025-05,3.2,3.2,3.2,3.2,2
306,2025-06,3.2,2.7,3.1,3.7,0
306,2025-07,3.7,2.8,2.3,3.2,0
306,2025-08,3.2,2.2,2.4,3.4,0
306,2025-09,3.4,3.1,3.1,3.5,0
306,2025-10,3.5,2.8,2.7,3.4,0
306,2025-11,3.4,3.3,5.0,5.1,0
306,2025-12,5.1,3.4,2.7,4.4,0
307,2021-01,13.3,6.8,6.0,12.5,0
307,2021-02,12.5,7.6,7.7,12.6,0
307,2021-03,12.6,6.0,6.0,12.6,0
307,2021-04,12.6,7.7,8.8,13.7,0
307,2021-05,13.7,7.2,6.2,12.7,0
307,2021-06,12.7,6.8,6.6,12.5,0
307,2021-07,12.5,7.2,8.0,13.3,0
307,2021-08,13.3,6.9,6.4,12.8,0
307,2021-09,12.8,8.3,9.0,13.5,0
307,2021-10,13.5,4.6,4.1,13.0,0
307,2021-11,13.0,8.9,15.7,19.8,0
307,2021-12,19.8,8.1,4.6,16.3,0
307,2022-01,16.3,5.5,2.5,13.3,0
307,2022-02,13.3,4.9,4.8,13.3,0
307,2022-03,13.3,8.8,7.6,12.1,0
307,2022-04,12.1,5.7,7.2,13.6,0
307,2022-05,13.6,6.5,6.0,13.1,0
307,2022-06,13.1,8.4,8.6,13.4,0
307,2022-07,13.4,6.8,6.4,13.0,0
307,2022-08,13.0,6.5,6.5,12.9,0
307,2022-09,12.9,5.5,5.3,12.7,0
307,2022-10,12.7,6.0,6.0,12.7,0
307,2022-11,12.7,9.7,14.4,17.4,0
307,2022-12,17.4,5.9,4.6,16.2,0
307,2023-01,16.2,8.9,5.2,12.5,0
307,2023-02,12.5,6.9,7.6,13.3,0
307,2023-03,13.3,7.7,7.2,12.8,0
307,2023-04,12.8,5.8,5.6,12.6,0
307,2023-05,12.6,7.7,8.8,13.6,0
307,2023-06,13.6,7.0,6.1,12.7,0
307,2023-07,12.7,8.8,8.6,12.6,0
307,2023-08,12.6,6.5,7.3,13.4,0
307,2023-09,13.4,7.3,6.3,12.3,0
307,2023-10,12.3,5.8,6.3,12.8,0
307,2023-11,12.8,10.8,16.8,18.7,0
307,2023-12,18.7,8.1,6.3,16.9,0
307,2024-01,16.9,8.6,4.9,13.2,0
307,2024-02,13.2,8.2,7.4,12.3,0
307,2024-03,12.3,6.8,7.6,13.1,0
307,2024-04,13.1,6.3,6.0,12.8,0
307,2024-05,12.8,7.1,7.6,13.3,0
307,2024-06,13.3,8.1,7.1,12.4,0
307,2024-07,12.4,5.3,5.5,12.6,0
307,2024-08,12.6,6.3,7.2,13.6,0
307,2024-09,13.6,6.5,6.4,13.4,0
307,2024-10,13.4,6.8,5.7,12.3,0
307,2024-11,12.3,8.4,13.8,17.7,0
307,2024-12,17.7,10.0,7.7,15.5,0
307,2025-01,15.5,6.9,4.3,12.8,0
307,2025-02,12.8,5.7,5.7,12.8,0
307,2025-03,12.8,6.6,6.8,13.0,0
307,2025-04,13.0,7.1,6.7,12.6,0
307,2025-05,12.6,6.2,6.2,12.7,0
307,2025-06,12.7,6.1,6.1,12.6,0
307,2025-07,12.6,6.7,7.4,13.3,0
307,2025-08,13.3,7.6,7.3,12.9,0
307,2025-09,12.9,8.1,8.8,13.6,0
307,2025-10,13.6,7.2,6.4,12.9,0
307,2025-11,12.9,9.7,16.4,19.5,0
307,2025-12,19.5,8.9,5.1,15.7,0
308,2021-01,155.1,73.5,68.2,149.8,0
308,2021-02,149.8,63.4,66.1,152.5,0
308,2021-03,152.5,65.7,64.9,151.7,0
308,2021-04,151.7,57.2,57.4,151.9,0
308,2021-05,151.9,89.2,95.4,158.0,0
308,2021-06,158.0,67.7,65.0,155.4,0
308,2021-07,155.4,70.0,65.5,150.9,0
308,2021-08,150.9,76.1,72.2,147.1,0
308,2021-09,147.1,47.5,57.5,157.0,0
308,2021-10,157.0,78.1,75.4,154.3,0
308,2021-11,154.3,105.2,152.3,201.4,0
308,2021-12,201.4,112.7,106.2,194.9,0
308,2022-01,194.9,33.4,0.0,161.4,0
308,2022-02,161.4,82.4,75.8,154.8,0
308,2022-03,154.8,91.2,89.5,153.0,0
308,2022-04,153.0,95.8,83.5,140.7,0
308,2022-05,140.7,76.8,95.4,159.4,0
308,2022-06,159.4,84.2,78.5,153.7,0
308,2022-07,153.7,65.2,59.2,147.6,0
308,2022-08,147.6,68.3,68.0,147.3,0
308,2022-09,147.3,82.0,89.7,155.1,0
308,2022-10,155.1,72.0,68.3,151.4,0
308,2022-11,151.4,109.3,174.5,216.6,0
308,2022-12,216.6,79.4,54.9,192.1,0
308,2023-01,192.1,75.9,40.6,156.7,0
308,2023-02,156.7,61.5,54.7,149.9,0
308,2023-03,149.9,74.7,69.1,144.3,0
308,2023-04,144.3,84.4,99.9,159.7,0
308,2023-05,159.7,92.7,89.2,156.2,0
308,2023-06,156.2,71.3,71.9,156.8,0
308,2023-07,156.8,74.7,69.9,152.0,0
308,2023-08,152.0,53.0,54.7,153.7,0
308,2023-09,153.7,74.7,78.1,157.1,0
308,2023-10,157.1,76.3,66.1,146.9,0
308,2023-11,146.9,107.8,167.0,206.0,0
308,2023-12,206.0,91.7,74.0,188.3,0
308,2024-01,188.3,70.5,34.9,152.8,0
308,2024-02,152.8,55.7,50.4,147.5,0
308,2024-03,147.5,66.6,74.5,155.4,0
308,2024-04,155.4,84.4,78.9,150.0,0
308,2024-05,150.0,69.9,67.3,147.3,0
308,2024-06,147.3,72.5,80.1,154.9,0
308,2024-07,154.9,80.4,82.4,156.8,0
308,2024-08,156.8,80.9,79.3,155.2,0
308,2024-09,155.2,53.7,51.5,153.0,0
308,2024-10,153.0,76.3,75.5,152.2,0
308,2024-11,152.2,109.0,161.5,204.7,0
308,2024-12,204.7,66.7,50.3,188.4,0
308,2025-01,188.4,58.5,22.4,152.3,0
308,2025-02,152.3,43.8,44.2,152.7,0
308,2025-03,152.7,74.2,75.1,153.5,0
308,2025-04,153.5,101.3,107.1,159.3,0
308,2025-05,159.3,59.7,54.7,154.3,0
308,2025-06,154.3,70.6,74.7,158.4,0
308,2025-07,158.4,81.3,73.0,150.2,0
308,2025-08,150.2,58.8,57.2,148.6,0
308,2025-09,148.6,72.8,79.6,155.4,0
308,2025-10,155.4,68.5,61.6,148.5,0
308,2025-11,148.5,115.8,170.4,203.1,0
308,2025-12,203.1,85.0,77.7,195.8,0
309,2021-01,33.9,20.2,19.1,32.7,0
309,2021-02,32.7,9.8,11.4,34.3,0
309,2021-03,34.3,19.4,18.6,33.6,0
309,2021-04,33.6,15.1,13.1,31.6,0
309,2021-05,31.6,23.0,25.1,33.7,0
309,2021-06,33.7,22.3,20.3,31.7,0
309,2021-07,31.7,15.2,14.8,31.3,0
309,2021-08,31.3,11.5,14.2,34.0,0
309,2021-09,34.0,13.9,12.4,32.5,0
309,2021-10,32.5,17.1,16.8,32.3,0
309,2021-11,32.3,28.6,41.2,44.8,0
309,2021-12,44.8,24.2,18.5,39.2,0
309,2022-01,39.2,23.6,15.7,31.2,0
309,2022-02,31.2,16.6,18.5,33.2,0
309,2022-03,33.2,18.6,19.6,34.2,0
309,2022-04,34.2,24.1,21.5,31.6,0
309,2022-05,31.6,21.1,23.5,34.0,0
309,2022-06,34.0,21.1,21.3,34.2,0
309,2022-07,34.2,19.7,20.2,34.7,0
309,2022-08,34.7,12.2,10.3,32.8,0
309,2022-09,32.8,15.0,14.5,32.3,0
309,2022-10,32.3,19.5,19.1,31.8,0
309,2022-11,31.8,28.7,39.3,42.4,0
309,2022-12,42.4,24.9,24.9,42.5,0
309,2023-01,42.5,20.6,12.2,34.1,0
309,2023-02,34.1,20.6,17.6,31.0,0
309,2023-03,31.0,17.4,19.3,33.0,0
309,2023-04,33.0,19.2,18.4,32.2,0
309,2023-05,32.2,16.8,19.1,34.5,0
309,2023-06,34.5,14.5,13.5,33.4,0
309,2023-07,33.4,23.6,24.1,33.9,0
309,2023-08,33.9,20.7,20.1,33.4,0
309,2023-09,33.4,13.8,13.2,32.8,0
309,2023-10,32.8,21.0,19.7,31.5,0
309,2023-11,31.5,31.5,42.4,42.4,0
309,2023-12,42.4,23.3,23.6,42.6,0
309,2024-01,42.6,17.0,8.4,34.0,0
309,2024-02,34.0,15.6,15.7,34.1,0
309,2024-03,34.1,18.7,17.8,33.2,0
309,2024-04,33.2,16.3,16.0,32.9,0
309,2024-05,32.9,13.5,14.0,33.3,0
309,2024-06,33.3,17.6,17.3,33.1,0
309,2024-07,33.1,21.6,20.5,31.9,0
309,2024-08,31.9,17.7,19.9,34.1,0
309,2024-09,34.1,17.3,15.8,32.6,0
309,2024-10,32.6,14.3,15.0,33.3,0
309,2024-11,33.3,26.5,43.8,50.6,0
309,2024-12,50.6,19.7,12.0,42.9,0
309,2025-01,42.9,23.5,13.7,33.1,0
309,2025-02,33.1,24.1,25.6,34.6,0
309,2025-03,34.6,20.7,19.4,33.3,0
309,2025-04,33.3,18.6,19.1,33.8,0
309,2025-05,33.8,18.0,15.6,31.4,0
309,2025-06,31.4,19.0,19.5,31.9,0
309,2025-07,31.9,25.0,26.1,33.0,0
309,2025-08,33.0,18.8,19.5,33.7,0
309,2025-09,33.7,11.8,10.4,32.3,0
309,2025-10,32.3,19.6,21.7,34.4,0
309,2025-11,34.4,28.6,41.5,47.3,0
309,2025-12,47.3,22.3,15.3,40.3,0
310,2021-01,49.9,22.6,21.9,49.1,0
310,2021-02,49.1,28.4,27.2,47.9,0
310,2021-03,47.9,17.6,17.3,47.6,0
310,2021-04,47.6,25.5,27.0,49.1,0
310,2021-05,49.1,21.5,21.5,49.1,0
310,2021-06,49.1,28.5,30.1,50.7,0
310,2021-07,50.7,28.8,25.0,46.9,0
310,2021-08,46.9,16.8,17.6,47.8,0
310,2021-09,47.8,18.4,21.4,50.8,0
310,2021-10,50.8,27.0,26.0,49.8,0
310,2021-11,49.8,29.0,53.1,73.9,0
310,2021-12,73.9,14.0,2.3,62.2,0
310,2022-01,62.2,23.5,10.9,49.6,0
310,2022-02,49.6,26.0,24.2,47.7,0
310,2022-03,47.7,23.5,25.9,50.2,0
310,2022-04,50.2,22.0,19.1,47.3,0
310,2022-05,47.3,36.5,40.6,51.4,0
310,2022-06,51.4,21.4,20.4,50.4,0
310,2022-07,50.4,32.2,28.2,46.3,0
310,2022-08,46.3,29.3,31.6,48.6,0
310,2022-09,48.6,19.9,19.2,47.9,0
310,2022-10,47.9,32.3,31.6,47.2,0
310,2022-11,47.2,28.1,49.0,68.1,0
310,2022-12,68.1,25.7,18.0,60.3,0
310,2023-01,60.3,18.9,8.7,50.2,0
310,2023-02,50.2,24.6,24.1,49.6,0
310,2023-03,49.6,22.8,19.8,46.6,0
310,2023-04,46.6,20.7,21.4,47.3,0
310,2023-05,47.3,24.3,26.5,49.5,0
310,2023-06,49.5,19.9,20.3,49.9,0
310,2023-07,49.9,23.4,23.7,50.2,0
310,2023-08,50.2,21.5,20.0,48.7,0
310,2023-09,48.7,19.7,18.7,47.7,0
310,2023-10,47.7,24.1,22.7,46.3,0
310,2023-11,46.3,37.7,66.4,75.1,0
310,2023-12,75.1,38.5,25.9,62.5,0
310,2024-01,62.5,27.9,14.9,49.5,0
310,2024-02,49.5,20.0,17.9,47.4,0
310,2024-03,47.4,22.6,24.9,49.6,0
310,2024-04,49.6,31.7,29.7,47.6,0
310,2024-05,47.6,19.5,18.7,46.7,0
310,2024-06,46.7,28.2,26.8,45.3,0
310,2024-07,45.3,20.6,24.4,49.1,0
310,2024-08,49.1,20.3,18.7,47.4,0
310,2024-09,47.4,24.1,25.4,48.7,0
310,2024-10,48.7,28.6,27.1,47.3,0
310,2024-11,47.3,38.2,60.1,69.1,0
310,2024-12,69.1,29.2,21.8,61.7,0
310,2025-01,61.7,22.4,10.1,49.4,0
310,2025-02,49.4,28.1,29.2,50.6,0
310,2025-03,50.6,24.1,23.4,49.8,0
310,2025-04,49.8,23.5,24.3,50.7,0
310,2025-05,50.7,29.3,28.3,49.7,0
310,2025-06,49.7,31.8,29.4,47.3,0
310,2025-07,47.3,23.3,23.0,47.0,0
310,2025-08,47.0,20.8,23.5,49.7,0
310,2025-09,49.7,22.1,22.8,50.3,0
310,2025-10,50.3,18.6,16.1,47.9,0
310,2025-11,47.9,36.7,57.3,68.4,0
310,2025-12,68.4,32.1,23.0,59.3,0
311,2021-01,52.4,7.9,7.1,51.6,0
311,2021-02,51.6,11.7,12.1,51.9,0
311,2021-03,51.9,12.9,12.1,51.1,0
311,2021-04,51.1,9.5,10.5,52.1,0
311,2021-05,52.1,6.3,5.8,51.6,0
311,2021-06,51.6,12.7,11.5,50.4,0
311,2021-07,50.4,11.4,11.9,51.0,0
311,2021-08,51.0,6.9,8.2,52.3,0
311,2021-09,52.3,7.8,7.5,52.0,0
311,2021-10,52.0,11.0,11.0,52.1,0
311,2021-11,52.1,16.4,36.6,72.3,0
311,2021-12,72.3,12.2,4.8,64.9,0
311,2022-01,64.9,13.7,1.0,52.3,0
311,2022-02,52.3,9.2,9.2,52.3,0
311,2022-03,52.3,7.9,7.5,51.9,0
311,2022-04,51.9,8.7,9.1,52.3,0
311,2022-05,52.3,12.0,11.3,51.6,0
311,2022-06,51.6,7.9,8.7,52.4,0
311,2022-07,52.4,9.8,8.5,51.1,0
311,2022-08,51.1,12.2,11.5,50.5,0
311,2022-09,50.5,7.9,9.1,51.7,0
311,2022-10,51.7,7.1,7.4,52.0,0
311,2022-11,52.0,13.9,35.7,73.9,0
311,2022-12,73.9,12.5,4.2,65.6,0
311,2023-01,65.6,8.6,0.0,57.0,0
311,2023-02,57.0,8.9,3.9,52.1,0
311,2023-03,52.1,10.8,10.0,51.3,0
311,2023-04,51.3,8.9,8.9,51.3,0
311,2023-05,51.3,9.8,10.7,52.2,0
311,2023-06,52.2,9.5,9.3,52.0,0
311,2023-07,52.0,8.8,9.0,52.3,0
311,2023-08,52.3,10.5,9.4,51.2,0
311,2023-09,51.2,10.4,10.8,51.7,0
311,2023-10,51.7,8.0,8.2,51.9,0
311,2023-11,51.9,11.4,30.9,71.3,0
311,2023-12,71.3,12.6,6.9,65.6,0
311,2024-01,65.6,11.0,0.0,54.6,0
311,2024-02,54.6,8.8,5.8,51.7,0
311,2024-03,51.7,10.0,11.1,52.7,0
311,2024-04,52.7,10.1,10.1,52.7,0
311,2024-05,52.7,9.4,7.7,51.1,0
311,2024-06,51.1,9.1,9.3,51.3,0
311,2024-07,51.3,8.8,8.5,51.0,0
311,2024-08,51.0,10.2,10.0,50.8,0
311,2024-09,50.8,9.2,11.1,52.6,0
311,2024-10,52.6,8.1,7.7,52.2,0
311,2024-11,52.2,13.0,35.0,74.2,0
311,2024-12,74.2,12.6,3.5,65.1,0
311,2025-01,65.1,12.5,0.0,52.6,0
311,2025-02,52.6,10.1,9.5,52.0,0
311,2025-03,52.0,9.8,10.1,52.3,0
311,2025-04,52.3,8.9,7.7,51.1,0
311,2025-05,51.1,10.9,11.3,51.5,0
311,2025-06,51.5,8.8,10.0,52.7,0
311,2025-07,52.7,9.3,7.7,51.1,0
311,2025-08,51.1,11.4,10.8,50.5,0
311,2025-09,50.5,9.1,10.1,51.5,0
311,2025-10,51.5,9.1,9.3,51.7,0
311,2025-11,51.7,12.6,37.6,76.7,0
311,2025-12,76.7,11.4,0.1,65.5,0
312,2021-01,15.0,9.5,9.4,15.0,0
312,2021-02,15.0,7.8,7.5,14.6,0
312,2021-03,14.6,11.6,10.9,13.9,0
312,2021-04,13.9,9.8,10.9,15.0,0
312,2021-05,15.0,9.8,9.0,14.2,0
312,2021-06,14.2,10.2,10.3,14.2,0
312,2021-07,14.2,9.3,9.4,14.3,0
312,2021-08,14.3,6.4,6.8,14.7,0
312,2021-09,14.7,10.4,10.1,14.4,0
312,2021-10,14.4,10.8,9.7,13.3,0
312,2021-11,13.3,13.3,20.2,20.2,6
312,2021-12,20.2,12.3,11.3,19.1,0
312,2022-01,19.1,12.7,8.4,14.8,0
312,2022-02,14.8,10.9,11.1,15.0,0
312,2022-03,15.0,8.7,8.9,15.3,0
312,2022-04,15.3,8.1,8.3,15.4,0
312,2022-05,15.4,11.3,9.3,13.4,0
312,2022-06,13.4,6.4,8.1,15.1,0
312,2022-07,15.1,9.0,8.7,14.8,0
312,2022-08,14.8,9.7,8.7,13.8,0
312,2022-09,13.8,9.6,10.7,14.9,0
312,2022-10,14.9,8.4,7.9,14.3,0
312,2022-11,14.3,13.1,19.2,20.4,0
312,2022-12,20.4,13.2,10.1,17.4,0
312,2023-01,17.4,11.6,9.1,14.8,0
312,2023-02,14.8,12.2,10.7,13.4,0
312,2023-03,13.4,10.1,10.4,13.7,0
312,2023-04,13.7,12.5,13.1,14.3,0
312,2023-05,14.3,9.5,9.2,13.9,0
312,2023-06,13.9,9.8,10.9,15.1,0
312,2023-07,15.1,9.6,8.3,13.8,0
312,2023-08,13.8,10.2,10.5,14.2,0
312,2023-09,14.2,8.7,8.7,14.1,0
312,2023-10,14.1,8.4,9.4,15.2,0
312,2023-11,15.2,14.4,18.4,19.2,0
312,2023-12,19.2,14.0,13.8,19.0,0
312,2024-01,19.0,10.0,5.4,14.4,0
312,2024-02,14.4,10.6,10.1,13.9,0
312,2024-03,13.9,8.4,8.3,13.8,0
312,2024-04,13.8,10.0,10.6,14.4,0
312,2024-05,14.4,7.1,7.0,14.3,0
312,2024-06,14.3,10.9,11.2,14.6,0
312,2024-07,14.6,10.7,11.6,15.5,0
312,2024-08,15.5,10.3,9.6,14.8,0
312,2024-09,14.8,9.5,9.8,15.1,0
312,2024-10,15.1,12.8,11.4,13.7,0
312,2024-11,13.7,13.7,20.8,20.8,2
312,2024-12,20.8,11.6,8.5,17.7,0
312,2025-01,17.7,6.9,4.3,15.1,0
312,2025-02,15.1,10.9,10.4,14.6,0
312,2025-03,14.6,8.8,7.9,13.7,0
312,2025-04,13.7,11.2,12.1,14.7,0
312,2025-05,14.7,10.0,9.6,14.3,0
312,2025-06,14.3,9.1,9.2,14.4,0
312,2025-07,14.4,11.3,11.1,14.2,0
312,2025-08,14.2,11.4,12.8,15.5,0
312,2025-09,15.5,10.7,9.9,14.8,0
312,2025-10,14.8,10.8,9.5,13.5,0
312,2025-11,13.5,13.5,22.8,22.8,3
312,2025-12,22.8,13.2,8.0,17.6,0
313,2021-01,23.7,4.6,4.0,23.1,0
313,2021-02,23.1,4.7,4.8,23.2,0
313,2021-03,23.2,4.3,5.0,23.9,0
313,2021-04,23.9,3.4,3.3,23.8,0
313,2021-05,23.8,4.2,4.0,23.6,0
313,2021-06,23.6,4.4,3.9,23.1,0
313,2021-07,23.1,5.1,5.3,23.4,0
313,2021-08,23.4,4.5,4.3,23.2,0
313,2021-09,23.2,4.5,4.9,23.6,0
313,2021-10,23.6,4.3,4.2,23.5,0
313,2021-11,23.5,6.7,17.7,34.5,0
313,2021-12,34.5,6.1,1.2,29.5,0
313,2022-01,29.5,4.3,0.0,25.2,0
313,2022-02,25.2,3.9,2.3,23.5,0
313,2022-03,23.5,4.9,4.5,23.1,0
313,2022-04,23.1,5.3,5.7,23.4,0
313,2022-05,23.4,4.6,4.3,23.2,0
313,2022-06,23.2,4.0,4.2,23.3,0
313,2022-07,23.3,4.6,5.3,23.9,0
313,2022-08,23.9,4.4,4.1,23.6,0
313,2022-09,23.6,3.4,3.0,23.3,0
313,2022-10,23.3,3.0,3.6,23.8,0
313,2022-11,23.8,6.1,17.0,34.7,0
313,2022-12,34.7,5.4,0.4,29.7,0
313,2023-01,29.7,4.0,0.0,25.7,0
313,2023-02,25.7,3.8,1.6,23.5,0
313,2023-03,23.5,3.7,3.6,23.4,0
313,2023-04,23.4,5.6,5.4,23.3,0
313,2023-05,23.3,3.9,4.6,23.9,0
313,2023-06,23.9,2.6,2.4,23.7,0
313,2023-07,23.7,5.9,6.0,23.7,0
313,2023-08,23.7,5.0,5.2,23.9,0
313,2023-09,23.9,4.6,4.0,23.4,0
313,2023-10,23.4,4.1,4.6,23.9,0
313,2023-11,23.9,7.3,17.4,34.0,0
313,2023-12,34.0,5.6,1.1,29.5,0
313,2024-01,29.5,5.0,0.0,24.6,0
313,2024-02,24.6,4.5,3.4,23.4,0
313,2024-03,23.4,4.2,4.7,23.9,0
313,2024-04,23.9,4.4,4.1,23.7,0
313,2024-05,23.7,4.5,4.7,23.9,0
313,2024-06,23.9,4.5,3.8,23.2,0
313,2024-07,23.2,4.4,4.8,23.5,0
313,2024-08,23.5,4.3,4.2,23.5,0
313,2024-09,23.5,5.5,5.8,23.7,0
313,2024-10,23.7,5.9,5.2,23.0,0
313,2024-11,23.0,5.0,15.6,33.7,0
313,2024-12,33.7,6.5,2.2,29.4,0
313,2025-01,29.4,4.1,0.0,25.3,0
313,2025-02,25.3,4.7,3.1,23.7,0
313,2025-03,23.7,3.7,3.3,23.3,0
313,2025-04,23.3,4.9,4.6,23.1,0
313,2025-05,23.1,3.7,4.2,23.6,0
313,2025-06,23.6,3.7,3.8,23.6,0
313,2025-07,23.6,3.7,3.7,23.7,0
313,2025-08,23.7,5.6,5.7,23.8,0
313,2025-09,23.8,4.0,3.9,23.8,0
313,2025-10,23.8,3.7,3.4,23.6,0
313,2025-11,23.6,5.5,16.2,34.2,0
313,2025-12,34.2,6.3,1.6,29.5,0
314,2021-01,30.0,19.4,17.0,27.5,0
314,2021-02,27.5,19.7,22.4,30.2,0
314,2021-03,30.2,17.8,15.4,27.9,0
314,2021-04,27.9,21.1,23.2,30.1,0
314,2021-05,30.1,18.7,18.5,29.9,0
314,2021-06,29.9,16.0,15.6,29.5,0
314,2021-07,29.5,17.7,17.4,29.1,0
314,2021-08,29.1,13.3,14.9,30.7,0
314,2021-09,30.7,17.0,16.8,30.5,0
314,2021-10,30.5,14.5,14.7,30.6,0
314,2021-11,30.6,21.9,34.9,43.6,0
314,2021-12,43.6,14.6,7.7,36.7,0
314,2022-01,36.7,14.3,6.6,29.0,0
314,2022-02,29.0,19.7,18.8,28.1,0
314,2022-03,28.1,11.8,13.7,30.0,0
314,2022-04,30.0,20.0,18.9,29.0,0
314,2022-05,29.0,15.5,14.0,27.5,0
314,2022-06,27.5,12.0,12.7,28.2,0
314,2022-07,28.2,15.5,16.0,28.7,0
314,2022-08,28.7,16.3,16.2,28.7,0
314,2022-09,28.7,14.9,17.0,30.7,0
314,2022-10,30.7,19.5,18.7,29.9,0
314,2022-11,29.9,23.7,34.4,40.6,0
314,2022-12,40.6,17.8,13.7,36.5,0
314,2023-01,36.5,18.2,11.6,30.0,0
314,2023-02,30.0,11.3,11.5,30.2,0
314,2023-03,30.2,19.6,19.0,29.7,0
314,2023-04,29.7,18.0,18.3,30.0,0
314,2023-05,30.0,14.9,13.2,28.3,0
314,2023-06,28.3,19.7,21.1,29.7,0
314,2023-07,29.7,19.6,17.4,27.5,0
314,2023-08,27.5,14.4,15.2,28.2,0
314,2023-09,28.2,16.0,16.5,28.7,0
314,2023-10,28.7,12.0,11.4,28.1,0
314,2023-11,28.1,21.6,37.6,44.1,0
314,2023-12,44.1,19.6,11.3,35.7,0
314,2024-01,35.7,10.6,4.4,29.4,0
314,2024-02,29.4,12.2,12.9,30.2,0
314,2024-03,30.2,12.3,11.3,29.1,0
314,2024-04,29.1,16.8,16.8,29.1,0
314,2024-05,29.1,14.1,14.0,29.0,0
314,2024-06,29.0,13.6,12.5,27.8,0
314,2024-07,27.8,14.0,14.5,28.4,0
314,2024-08,28.4,13.0,14.6,30.1,0
314,2024-09,30.1,16.5,15.4,28.9,0
314,2024-10,28.9,14.5,13.8,28.2,0
314,2024-11,28.2,22.2,37.6,43.6,0
314,2024-12,43.6,19.1,13.3,37.8,0
314,2025-01,37.8,8.5,0.6,29.9,0
314,2025-02,29.9,15.1,14.3,29.1,0
314,2025-03,29.1,11.5,12.4,29.9,0
314,2025-04,29.9,15.3,14.2,28.9,0
314,2025-05,28.9,16.0,15.4,28.3,0
314,2025-06,28.3,12.1,14.3,30.4,0
314,2025-07,30.4,17.1,15.3,28.6,0
314,2025-08,28.6,17.6,19.5,30.5,0
314,2025-09,30.5,17.3,15.6,28.8,0
314,2025-10,28.8,15.9,17.4,30.3,0
314,2025-11,30.3,22.6,31.8,39.5,0
314,2025-12,39.5,21.7,17.2,35.0,0
315,2021-01,417.9,216.0,225.8,427.7,0
315,2021-02,427.7,160.0,137.8,405.4,0
315,2021-03,405.4,196.0,187.5,396.9,0
315,2021-04,396.9,185.1,209.8,421.6,0
315,2021-05,421.6,260.4,250.0,411.3,0
315,2021-06,411.3,223.4,207.4,395.4,0
315,2021-07,395.4,213.7,215.0,396.7,0
315,2021-08,396.7,215.3,240.9,422.3,0
315,2021-09,422.3,219.0,213.2,416.6,0
315,2021-10,416.6,212.9,206.6,410.3,0
315,2021-11,410.3,231.6,365.7,544.3,0
315,2021-12,544.3,288.2,251.1,507.3,0
315,2022-01,507.3,144.3,50.0,412.9,0
315,2022-02,412.9,259.0,249.2,403.2,0
315,2022-03,403.2,195.0,186.0,394.1,0
315,2022-04,394.1,212.7,236.2,417.6,0
315,2022-05,417.6,249.0,243.4,412.0,0
315,2022-06,412.0,261.4,228.4,378.9,0
315,2022-07,378.9,289.6,303.3,392.6,0
315,2022-08,392.6,254.9,247.3,384.9,0
315,2022-09,384.9,222.9,251.1,413.2,0
315,2022-10,413.2,213.3,221.2,421.2,0
315,2022-11,421.2,319.9,521.0,622.3,0
315,2022-12,622.3,192.5,82.6,512.3,0
315,2023-01,512.3,169.0,68.2,411.5,0
315,2023-02,411.5,177.3,167.4,401.7,0
315,2023-03,401.7,194.6,199.2,406.3,0
315,2023-04,406.3,191.7,198.7,413.3,0
315,2023-05,413.3,228.6,236.2,420.9,0
315,2023-06,420.9,222.3,209.1,407.7,0
315,2023-07,407.7,277.7,289.5,419.6,0
315,2023-08,419.6,223.9,230.3,426.0,0
315,2023-09,426.0,194.3,191.7,423.4,0
315,2023-10,423.4,230.3,208.0,401.1,0
315,2023-11,401.1,323.3,492.0,569.8,0
315,2023-12,569.8,293.8,236.7,512.7,0
315,2024-01,512.7,169.7,70.1,413.2,0
315,2024-02,413.2,222.7,200.3,390.8,0
315,2024-03,390.8,257.8,248.7,381.8,0
315,2024-04,381.8,206.6,222.9,398.0,0
315,2024-05,398.0,240.3,226.3,384.0,0
315,2024-06,384.0,185.6,195.6,394.0,0
315,2024-07,394.0,199.3,233.8,428.4,0
315,2024-08,428.4,233.8,222.8,417.4,0
315,2024-09,417.4,330.3,346.8,433.9,0
315,2024-10,433.9,304.0,252.8,382.7,0
315,2024-11,382.7,333.3,533.1,582.5,0
315,2024-12,582.5,287.4,236.4,531.5,0
315,2025-01,531.5,208.5,82.9,405.8,0
315,2025-02,405.8,277.4,262.7,391.1,0
315,2025-03,391.1,231.9,270.9,430.2,0
315,2025-04,430.2,316.9,307.2,420.5,0
315,2025-05,420.5,145.8,149.3,424.0,0
315,2025-06,424.0,133.5,123.0,413.5,0
315,2025-07,413.5,201.9,191.3,402.9,0
315,2025-08,402.9,227.4,208.1,383.6,0
315,2025-09,383.6,171.2,198.5,410.9,0
315,2025-10,410.9,237.1,253.8,427.6,0
315,2025-11,427.6,358.6,535.8,604.8,0
315,2025-12,604.8,244.6,137.9,498.1,0
316,2021-01,26.0,26.0,22.6,22.6,4
316,2021-02,22.6,22.6,24.0,24.0,18
316,2021-03,24.0,24.0,23.1,23.1,18
316,2021-04,23.1,23.1,26.2,26.2,19
316,2021-05,26.2,26.2,25.8,25.8,18
316,2021-06,25.8,25.8,23.3,23.3,18
316,2021-07,23.3,23.3,22.7,22.7,19
316,2021-08,22.7,22.7,22.7,22.7,21
316,2021-09,22.7,22.7,25.2,25.2,17
316,2021-10,25.2,25.2,27.3,27.3,15
316,2021-11,27.3,27.3,38.1,38.1,20
316,2021-12,38.1,38.1,33.2,33.2,15
316,2022-01,33.2,33.2,25.0,25.0,7
316,2022-02,25.0,25.0,23.7,23.7,18
316,2022-03,23.7,23.7,22.2,22.2,16
316,2022-04,22.2,22.2,24.5,24.5,17
316,2022-05,24.5,24.5,24.7,24.7,18
316,2022-06,24.7,24.7,24.3,24.3,16
316,2022-07,24.3,24.3,24.5,24.5,18
316,2022-08,24.5,24.5,24.4,24.4,18
316,2022-09,24.4,24.4,24.4,24.4,12
316,2022-10,24.4,24.4,23.8,23.8,18
316,2022-11,23.8,23.8,32.5,32.5,20
316,2022-12,32.5,32.5,33.2,33.2,17
316,2023-01,33.2,33.2,27.1,27.1,16
316,2023-02,27.1,27.1,24.9,24.9,15
316,2023-03,24.9,24.9,25.7,25.7,15
316,2023-04,25.7,25.7,25.1,25.1,12
316,2023-05,25.1,25.1,23.1,23.1,15
316,2023-06,23.1,23.1,24.1,24.1,17
316,2023-07,24.1,24.1,26.0,26.0,18
316,2023-08,26.0,26.0,24.6,24.6,16
316,2023-09,24.6,24.6,23.3,23.3,17
316,2023-10,23.3,23.3,24.8,24.8,18
316,2023-11,24.8,24.8,32.1,32.1,22
316,2023-12,32.1,32.1,28.6,28.6,16
316,2024-01,28.6,28.6,24.7,24.7,12
316,2024-02,24.7,24.7,25.6,25.6,17
316,2024-03,25.6,25.6,26.8,26.8,14
316,2024-04,26.8,26.8,23.5,23.5,18
316,2024-05,23.5,23.5,24.6,24.6,17
316,2024-06,24.6,24.6,23.0,23.0,18
316,2024-07,23.0,23.0,25.8,25.8,20
316,2024-08,25.8,25.8,25.0,25.0,13
316,2024-09,25.0,25.0,23.6,23.6,16
316,2024-10,23.6,23.6,27.1,27.1,15
316,2024-11,27.1,27.1,33.0,33.0,21
316,2024-12,33.0,33.0,33.5,33.5,17
316,2025-01,33.5,33.5,24.4,24.4,14
316,2025-02,24.4,24.4,23.8,23.8,16
316,2025-03,23.8,23.8,26.0,26.0,17
316,2025-04,26.0,26.0,24.8,24.8,13
316,2025-05,24.8,24.8,24.6,24.6,18
316,2025-06,24.6,24.6,25.0,25.0,20
316,2025-07,25.0,25.0,23.8,23.8,13
316,2025-08,23.8,23.8,25.4,25.4,18
316,2025-09,25.4,25.4,26.6,26.6,12
316,2025-10,26.6,26.6,26.0,26.0,18
316,2025-11,26.0,26.0,33.0,33.0,22
316,2025-12,33.0,33.0,28.2,28.2,19
317,2021-01,5.0,5.0,5.2,5.2,16
317,2021-02,5.2,5.2,5.2,5.2,14
317,2021-03,5.2,5.2,4.8,4.8,18
317,2021-04,4.8,4.8,4.8,4.8,19
317,2021-05,4.8,4.8,4.4,4.4,20
317,2021-06,4.4,4.4,5.1,5.1,17
317,2021-07,5.1,5.1,4.8,4.8,17
317,2021-08,4.8,4.8,4.9,4.9,13
317,2021-09,4.9,4.9,4.4,4.4,18
317,2021-10,4.4,4.4,4.9,4.9,15
317,2021-11,4.9,4.9,6.6,6.6,21
317,2021-12,6.6,6.6,5.5,5.5,18
317,2022-01,5.5,5.5,5.0,5.0,10
317,2022-02,5.0,5.0,4.4,4.4,15
317,2022-03,4.4,4.4,4.9,4.9,13
317,2022-04,4.9,4.9,4.9,4.9,15
317,2022-05,4.9,4.9,4.3,4.3,16
317,2022-06,4.3,4.3,4.4,4.4,20
317,2022-07,4.4,4.4,4.5,4.5,20
317,2022-08,4.5,4.5,5.0,5.0,19
317,2022-09,5.0,5.0,4.7,4.7,17
317,2022-10,4.7,4.7,5.2,5.2,18
317,2022-11,5.2,5.2,6.5,6.5,20
317,2022-12,6.5,6.5,6.2,6.2,16
317,2023-01,6.2,6.2,5.0,5.0,16
317,2023-02,5.0,5.0,5.2,5.2,18
317,2023-03,5.2,5.2,4.9,4.9,12
317,2023-04,4.9,4.9,4.4,4.4,15
317,2023-05,4.4,4.4,4.9,4.9,18
317,2023-06,4.9,4.9,4.8,4.8,20
317,2023-07,4.8,4.8,4.9,4.9,18
317,2023-08,4.9,4.9,5.0,5.0,20
317,2023-09,5.0,5.0,4.8,4.8,15
317,2023-10,4.8,4.8,4.7,4.7,20
317,2023-11,4.7,4.7,7.2,7.2,23
317,2023-12,7.2,7.2,6.4,6.4,16
317,2024-01,6.4,6.4,4.8,4.8,13
317,2024-02,4.8,4.8,4.2,4.2,19
317,2024-03,4.2,4.2,5.1,5.1,20
317,2024-04,5.1,5.1,5.1,5.1,15
317,2024-05,5.1,5.1,4.2,4.2,18
317,2024-06,4.2,4.2,4.4,4.4,21
317,2024-07,4.4,4.4,5.1,5.1,15
317,2024-08,5.1,5.1,5.0,5.0,18
317,2024-09,5.0,5.0,4.2,4.2,20
317,2024-10,4.2,4.2,4.9,4.9,22
317,2024-11,4.9,4.9,7.3,7.3,20
317,2024-12,7.3,7.3,6.2,6.2,17
317,2025-01,6.2,6.2,4.8,4.8,12
317,2025-02,4.8,4.8,4.8,4.8,15
317,2025-03,4.8,4.8,4.7,4.7,19
317,2025-04,4.7,4.7,4.9,4.9,17
317,2025-05,4.9,4.9,4.8,4.8,19
317,2025-06,4.8,4.8,4.5,4.5,19
317,2025-07,4.5,4.5,5.1,5.1,19
317,2025-08,5.1,5.1,4.8,4.8,18
317,2025-09,4.8,4.8,5.0,5.0,15
317,2025-10,5.0,5.0,4.4,4.4,17
317,2025-11,4.4,4.4,7.5,7.5,22
317,2025-12,7.5,7.5,5.9,5.9,17
318,2021-01,7.7,4.8,4.9,7.8,0
318,2021-02,7.8,5.8,5.6,7.6,0
318,2021-03,7.6,5.0,5.2,7.8,0
318,2021-04,7.8,4.6,4.4,7.7,0
318,2021-05,7.7,5.8,5.1,7.0,0
318,2021-06,7.0,5.3,5.4,7.1,0
318,2021-07,7.1,3.7,4.0,7.5,0
318,2021-08,7.5,5.7,6.1,8.0,0
318,2021-09,8.0,4.8,4.7,7.8,0
318,2021-10,7.8,4.5,4.0,7.3,0
318,2021-11,7.3,7.3,10.7,10.7,6
318,2021-12,10.7,6.0,4.5,9.2,0
318,2022-01,9.2,5.7,4.1,7.6,0
318,2022-02,7.6,5.9,6.0,7.8,0
318,2022-03,7.8,5.3,5.4,7.9,0
318,2022-04,7.9,4.3,3.6,7.2,0
318,2022-05,7.2,6.4,5.9,6.6,0
318,2022-06,6.6,4.5,5.5,7.7,0
318,2022-07,7.7,4.2,3.6,7.1,0
318,2022-08,7.1,4.4,5.2,7.9,0
318,2022-09,7.9,5.8,5.2,7.3,0
318,2022-10,7.3,6.8,7.5,7.9,0
318,2022-11,7.9,7.7,10.0,10.2,0
318,2022-12,10.2,5.7,5.0,9.4,0
318,2023-01,9.4,5.4,3.2,7.2,0
318,2023-02,7.2,4.0,4.4,7.6,0
318,2023-03,7.6,5.9,6.1,7.8,0
318,2023-04,7.8,5.1,5.2,7.8,0
318,2023-05,7.8,5.4,4.7,7.1,0
318,2023-06,7.1,5.2,5.9,7.9,0
318,2023-07,7.9,5.8,5.2,7.3,0
318,2023-08,7.3,4.4,4.4,7.2,0
318,2023-09,7.2,4.5,5.0,7.7,0
318,2023-10,7.7,5.0,4.8,7.5,0
318,2023-11,7.5,6.9,10.6,11.1,0
318,2023-12,11.1,6.0,4.0,9.2,0
318,2024-01,9.2,6.2,4.2,7.2,0
318,2024-02,7.2,3.6,4.3,7.9,0
318,2024-03,7.9,5.5,4.7,7.0,0
318,2024-04,7.0,3.0,3.6,7.6,0
318,2024-05,7.6,5.4,5.1,7.3,0
318,2024-06,7.3,4.8,5.2,7.6,0
318,2024-07,7.6,4.1,4.0,7.5,0
318,2024-08,7.5,5.3,5.6,7.8,0
318,2024-09,7.8,4.4,4.0,7.4,0
318,2024-10,7.4,4.5,4.2,7.1,0
318,2024-11,7.1,7.1,10.5,10.5,4
318,2024-12,10.5,5.8,4.9,9.6,0
318,2025-01,9.6,4.8,2.4,7.3,0
318,2025-02,7.3,6.5,6.2,6.9,0
318,2025-03,6.9,6.9,6.8,6.8,2
318,2025-04,6.8,4.4,5.0,7.4,0
318,2025-05,7.4,5.3,5.2,7.3,0
318,2025-06,7.3,5.0,4.9,7.2,0
318,2025-07,7.2,6.4,5.9,6.7,0
318,2025-08,6.7,4.6,5.6,7.7,0
318,2025-09,7.7,5.1,4.7,7.2,0
318,2025-10,7.2,5.6,6.1,7.7,0
318,2025-11,7.7,7.3,9.8,10.2,0
318,2025-12,10.2,6.3,5.4,9.4,0
319,2021-01,22.4,9.9,9.5,22.0,0
319,2021-02,22.0,11.5,10.3,20.8,0
319,2021-03,20.8,14.6,15.0,21.3,0
319,2021-04,21.3,12.4,12.1,21.0,0
319,2021-05,21.0,11.2,11.6,21.4,0
319,2021-06,21.4,16.5,18.3,23.1,0
319,2021-07,23.1,12.4,11.8,22.6,0
319,2021-08,22.6,12.7,11.6,21.4,0
319,2021-09,21.4,11.2,10.5,20.8,0
319,2021-10,20.8,12.9,13.0,20.8,0
319,2021-11,20.8,20.8,28.8,28.8,2
319,2021-12,28.8,18.2,16.8,27.3,0
319,2022-01,27.3,10.4,5.3,22.3,0
319,2022-02,22.3,9.8,10.4,22.9,0
319,2022-03,22.9,11.4,9.5,21.0,0
319,2022-04,21.0,10.2,10.4,21.2,0
319,2022-05,21.2,15.5,14.9,20.6,0
319,2022-06,20.6,12.8,14.0,21.8,0
319,2022-07,21.8,19.3,19.2,21.7,0
319,2022-08,21.7,14.1,14.4,22.1,0
319,2022-09,22.1,12.7,12.9,22.3,0
319,2022-10,22.3,14.1,12.2,20.3,0
319,2022-11,20.3,18.3,26.6,28.7,0
319,2022-12,28.7,17.7,15.4,26.4,0
319,2023-01,26.4,12.5,8.8,22.7,0
319,2023-02,22.7,16.3,14.7,21.1,0
319,2023-03,21.1,15.2,15.0,21.0,0
319,2023-04,21.0,12.1,13.8,22.7,0
319,2023-05,22.7,14.9,14.8,22.6,0
319,2023-06,22.6,16.0,15.5,22.2,0
319,2023-07,22.2,16.5,17.1,22.9,0
319,2023-08,22.9,20.1,18.6,21.4,0
319,2023-09,21.4,13.6,15.0,22.7,0
319,2023-10,22.7,11.4,11.2,22.5,0
319,2023-11,22.5,13.6,21.2,30.1,0
319,2023-12,30.1,12.9,9.5,26.7,0
319,2024-01,26.7,9.4,5.1,22.4,0
319,2024-02,22.4,12.1,11.5,21.8,0
319,2024-03,21.8,14.3,14.4,22.0,0
319,2024-04,22.0,14.6,14.5,21.9,0
319,2024-05,21.9,11.8,12.8,22.8,0
319,2024-06,22.8,13.1,11.1,20.9,0
319,2024-07,20.9,14.8,15.8,21.9,0
319,2024-08,21.9,15.7,16.8,23.0,0
319,2024-09,23.0,7.0,6.6,22.5,0
319,2024-10,22.5,13.5,12.9,22.0,0
319,2024-11,22.0,22.0,31.9,31.9,1
319,2024-12,31.9,15.4,11.1,27.7,0
319,2025-01,27.7,11.3,5.7,22.0,0
319,2025-02,22.0,15.9,14.4,20.6,0
319,2025-03,20.6,17.2,16.5,19.9,0
319,2025-04,19.9,16.1,16.2,20.1,0
319,2025-05,20.1,12.6,13.8,21.2,0
319,2025-06,21.2,12.6,13.2,21.8,0
319,2025-07,21.8,14.3,14.7,22.2,0
319,2025-08,22.2,15.6,15.5,22.2,0
319,2025-09,22.2,16.1,17.1,23.1,0
319,2025-10,23.1,10.6,8.4,21.0,0
319,2025-11,21.0,20.3,29.1,29.8,0
319,2025-12,29.8,11.5,9.8,28.1,0
320,2021-01,50.5,37.4,32.4,45.5,0
320,2021-02,45.5,36.2,42.8,52.1,0
320,2021-03,52.1,38.8,33.8,47.1,0
320,2021-04,47.1,38.5,38.4,47.0,0
320,2021-05,47.0,36.3,35.9,46.6,0
320,2021-06,46.6,31.3,34.8,50.1,0
320,2021-07,50.1,35.6,35.2,49.7,0
320,2021-08,49.7,35.6,35.1,49.2,0
320,2021-09,49.2,35.4,36.5,50.3,0
320,2021-10,50.3,26.6,23.5,47.2,0
320,2021-11,47.2,47.2,74.0,74.0,2
320,2021-12,74.0,35.5,24.0,62.5,0
320,2022-01,62.5,30.3,19.0,51.2,0
320,2022-02,51.2,43.4,39.2,47.1,0
320,2022-03,47.1,32.0,32.5,47.5,0
320,2022-04,47.5,34.8,34.0,46.8,0
320,2022-05,46.8,42.2,41.2,45.8,0
320,2022-06,45.8,40.8,39.3,44.4,0
320,2022-07,44.4,37.9,42.2,48.6,0
320,2022-08,48.6,29.6,29.9,48.9,0
320,2022-09,48.9,35.1,36.9,50.7,0
320,2022-10,50.7,34.5,30.2,46.3,0
320,2022-11,46.3,46.3,75.3,75.3,2
320,2022-12,75.3,30.8,18.9,63.3,0
320,2023-01,63.3,33.0,20.7,51.0,0
320,2023-02,51.0,37.1,37.7,51.5,0
320,2023-03,51.5,37.4,37.5,51.6,0
320,2023-04,51.6,31.7,26.7,46.6,0
320,2023-05,46.6,31.1,30.6,46.1,0
320,2023-06,46.1,28.6,33.2,50.7,0
320,2023-07,50.7,30.2,29.5,50.0,0
320,2023-08,50.0,36.7,34.6,47.8,0
320,2023-09,47.8,26.9,27.8,48.7,0
320,2023-10,48.7,36.0,35.8,48.5,0
320,2023-11,48.5,44.3,63.6,67.8,0
320,2023-12,67.8,37.6,29.8,60.0,0
320,2024-01,60.0,37.3,26.7,49.4,0
320,2024-02,49.4,30.0,29.3,48.7,0
320,2024-03,48.7,42.7,45.7,51.7,0
320,2024-04,51.7,40.1,39.8,51.5,0
320,2024-05,51.5,33.0,31.5,50.0,0
320,2024-06,50.0,31.9,30.4,48.5,0
320,2024-07,48.5,25.2,24.3,47.6,0
320,2024-08,47.6,29.8,28.3,46.0,0
320,2024-09,46.0,30.7,32.5,47.8,0
320,2024-10,47.8,35.4,39.5,51.9,0
320,2024-11,51.9,46.0,60.2,66.1,0
320,2024-12,66.1,46.5,40.6,60.2,0
320,2025-01,60.2,35.0,26.3,51.6,0
320,2025-02,51.6,29.9,26.7,48.3,0
320,2025-03,48.3,36.8,36.9,48.4,0
320,2025-04,48.4,21.7,21.9,48.7,0
320,2025-05,48.7,41.0,38.5,46.2,0
320,2025-06,46.2,31.6,31.2,45.8,0
320,2025-07,45.8,41.1,43.1,47.8,0
320,2025-08,47.8,25.7,24.5,46.6,0
320,2025-09,46.6,34.8,36.9,48.7,0
320,2025-10,48.7,32.1,31.4,48.0,0
320,2025-11,48.0,48.0,73.8,73.8,6
320,2025-12,73.8,44.5,33.9,63.1,0
321,2021-01,26.9,26.9,27.8,27.8,16
321,2021-02,27.8,27.8,27.4,27.4,20
321,2021-03,27.4,27.4,25.1,25.1,19
321,2021-04,25.1,25.1,27.1,27.1,15
321,2021-05,27.1,27.1,24.0,24.0,17
321,2021-06,24.0,24.0,27.8,27.8,17
321,2021-07,27.8,27.8,25.7,25.7,21
321,2021-08,25.7,25.7,26.1,26.1,18
321,2021-09,26.1,26.1,24.2,24.2,17
321,2021-10,24.2,24.2,23.2,23.2,19
321,2021-11,23.2,23.2,37.2,37.2,23
321,2021-12,37.2,37.2,29.0,29.0,15
321,2022-01,29.0,29.0,24.1,24.1,17
321,2022-02,24.1,24.1,24.3,24.3,20
321,2022-03,24.3,24.3,24.2,24.2,13
321,2022-04,24.2,24.2,23.2,23.2,19
321,2022-05,23.2,23.2,27.6,27.6,21
321,2022-06,27.6,27.6,26.5,26.5,19
321,2022-07,26.5,26.5,26.7,26.7,16
321,2022-08,26.7,26.7,24.5,24.5,16
321,2022-09,24.5,24.5,25.8,25.8,18
321,2022-10,25.8,25.8,25.3,25.3,18
321,2022-11,25.3,25.3,33.6,33.6,22
321,2022-12,33.6,33.6,31.5,31.5,18
321,2023-01,31.5,31.5,24.7,24.7,19
321,2023-02,24.7,24.7,23.6,23.6,8
321,2023-03,23.6,23.6,27.1,27.1,19
321,2023-04,27.1,27.1,25.7,25.7,18
321,2023-05,25.7,25.7,24.3,24.3,18
321,2023-06,24.3,24.3,27.2,27.2,17
321,2023-07,27.2,27.2,24.2,24.2,15
321,2023-08,24.2,24.2,26.0,26.0,19
321,2023-09,26.0,26.0,28.2,28.2,21
321,2023-10,28.2,28.2,26.4,26.4,18
321,2023-11,26.4,26.4,39.5,39.5,22
321,2023-12,39.5,39.5,34.7,34.7,19
321,2024-01,34.7,34.7,27.3,27.3,13
321,2024-02,27.3,27.3,23.1,23.1,15
321,2024-03,23.1,23.1,23.3,23.3,22
321,2024-04,23.3,23.3,27.1,27.1,17
321,2024-05,27.1,27.1,26.4,26.4,14
321,2024-06,26.4,26.4,27.5,27.5,21
321,2024-07,27.5,27.5,24.4,24.4,18
321,2024-08,24.4,24.4,23.8,23.8,15
321,2024-09,23.8,23.8,27.1,27.1,16
321,2024-10,27.1,27.1,27.8,27.8,18
321,2024-11,27.8,27.8,34.1,34.1,18
321,2024-12,34.1,34.1,29.8,29.8,18
321,2025-01,29.8,29.8,25.6,25.6,18
321,2025-02,25.6,25.6,24.9,24.9,20
321,2025-03,24.9,24.9,25.2,25.2,20
321,2025-04,25.2,25.2,23.7,23.7,18
321,2025-05,23.7,23.7,27.4,27.4,17
321,2025-06,27.4,27.4,24.6,24.6,19
321,2025-07,24.6,24.6,27.4,27.4,20
321,2025-08,27.4,27.4,26.1,26.1,18
321,2025-09,26.1,26.1,24.8,24.8,17
321,2025-10,24.8,24.8,24.4,24.4,19
321,2025-11,24.4,24.4,40.9,40.9,24
321,2025-12,40.9,40.9,30.1,30.1,16
322,2021-01,7.2,3.8,3.6,6.9,0
322,2021-02,6.9,3.0,3.1,7.1,0
322,2021-03,7.1,4.0,4.2,7.2,0
322,2021-04,7.2,4.2,3.8,6.8,0
322,2021-05,6.8,5.7,6.1,7.2,0
322,2021-06,7.2,5.0,5.0,7.2,0
322,2021-07,7.2,4.0,3.6,6.9,0
322,2021-08,6.9,2.6,2.8,7.1,0
322,2021-09,7.1,4.7,4.7,7.0,0
322,2021-10,7.0,3.1,3.4,7.3,0
322,2021-11,7.3,5.7,9.2,10.8,0
322,2021-12,10.8,5.0,2.8,8.6,0
322,2022-01,8.6,4.5,3.1,7.2,0
322,2022-02,7.2,3.0,2.8,7.1,0
322,2022-03,7.1,3.6,3.8,7.2,0
322,2022-04,7.2,3.9,3.7,7.0,0
322,2022-05,7.0,2.9,3.1,7.2,0
322,2022-06,7.2,3.2,2.8,6.8,0
322,2022-07,6.8,4.8,4.8,6.9,0
322,2022-08,6.9,4.3,4.2,6.7,0
322,2022-09,6.7,3.6,3.6,6.7,0
322,2022-10,6.7,3.9,4.0,6.9,0
322,2022-11,6.9,6.8,9.6,9.7,0
322,2022-12,9.7,5.3,4.7,9.1,0
322,2023-01,9.1,3.9,2.0,7.2,0
322,2023-02,7.2,4.9,5.0,7.2,0
322,2023-03,7.2,4.4,4.5,7.3,0
322,2023-04,7.3,3.6,3.1,6.9,0
322,2023-05,6.9,4.3,4.4,7.1,0
322,2023-06,7.1,4.9,4.2,6.4,0
322,2023-07,6.4,4.3,4.6,6.7,0
322,2023-08,6.7,3.4,3.9,7.2,0
322,2023-09,7.2,4.1,4.0,7.1,0
322,2023-10,7.1,4.0,4.0,7.0,0
322,2023-11,7.0,5.6,8.8,10.2,0
322,2023-12,10.2,4.5,2.9,8.6,0
322,2024-01,8.6,5.5,3.7,6.8,0
322,2024-02,6.8,4.3,4.2,6.7,0
322,2024-03,6.7,2.8,3.3,7.1,0
322,2024-04,7.1,4.4,4.4,7.1,0
322,2024-05,7.1,4.7,4.7,7.1,0
322,2024-06,7.1,4.1,4.3,7.3,0
322,2024-07,7.3,4.0,3.6,6.8,0
322,2024-08,6.8,4.5,4.4,6.7,0
322,2024-09,6.7,4.9,4.7,6.5,0
322,2024-10,6.5,3.2,3.5,6.8,0
322,2024-11,6.8,6.7,9.3,9.4,0
322,2024-12,9.4,6.2,4.9,8.1,0
322,2025-01,8.1,2.9,1.7,6.9,0
322,2025-02,6.9,4.5,4.6,7.0,0
322,2025-03,7.0,4.1,4.1,7.0,0
322,2025-04,7.0,4.4,4.8,7.3,0
322,2025-05,7.3,3.6,3.5,7.2,0
322,2025-06,7.2,3.6,3.4,7.0,0
322,2025-07,7.0,4.3,4.3,6.9,0
322,2025-08,6.9,4.3,4.5,7.1,0
322,2025-09,7.1,3.7,3.6,7.1,0
322,2025-10,7.1,3.4,3.1,6.7,0
322,2025-11,6.7,5.3,7.8,9.3,0
322,2025-12,9.3,4.2,3.3,8.4,0
323,2021-01,9.9,6.5,6.4,9.8,0
323,2021-02,9.8,7.7,7.3,9.4,0
323,2021-03,9.4,7.4,7.5,9.5,0
323,2021-04,9.5,6.0,6.0,9.6,0
323,2021-05,9.6,7.9,7.2,8.9,0
323,2021-06,8.9,6.6,7.8,10.1,0
323,2021-07,10.1,8.0,7.9,10.0,0
323,2021-08,10.0,7.3,7.2,9.9,0
323,2021-09,9.9,8.3,7.8,9.3,0
323,2021-10,9.3,5.8,6.7,10.2,0
323,2021-11,10.2,9.0,11.9,13.0,0
323,2021-12,13.0,6.9,5.4,11.5,0
323,2022-01,11.5,6.9,4.5,9.1,0
323,2022-02,9.1,7.1,7.9,9.9,0
323,2022-03,9.9,6.8,6.2,9.3,0
323,2022-04,9.3,5.7,5.7,9.3,0
323,2022-05,9.3,8.7,8.7,9.4,0
323,2022-06,9.4,6.7,6.5,9.1,0
323,2022-07,9.1,4.9,4.9,9.1,0
323,2022-08,9.1,7.8,8.3,9.6,0
323,2022-09,9.6,4.0,3.9,9.5,0
323,2022-10,9.5,9.2,10.0,10.3,0
323,2022-11,10.3,9.6,12.0,12.7,0
323,2022-12,12.7,8.3,6.7,11.2,0
323,2023-01,11.2,7.8,5.7,9.1,0
323,2023-02,9.1,8.0,8.7,9.8,0
323,2023-03,9.8,8.4,8.3,9.7,0
323,2023-04,9.7,6.1,5.6,9.2,0
323,2023-05,9.2,5.7,5.6,9.1,0
323,2023-06,9.1,7.6,7.2,8.7,0
323,2023-07,8.7,5.8,6.9,9.8,0
323,2023-08,9.8,6.7,7.0,10.1,0
323,2023-09,10.1,6.5,6.1,9.7,0
323,2023-10,9.7,6.0,5.6,9.2,0
323,2023-11,9.2,8.8,13.0,13.4,0
323,2023-12,13.4,7.4,5.7,11.7,0
323,2024-01,11.7,4.7,2.6,9.6,0
323,2024-02,9.6,7.0,6.9,9.5,0
323,2024-03,9.5,8.1,8.4,9.8,0
323,2024-04,9.8,6.3,6.4,9.8,0
323,2024-05,9.8,7.0,7.4,10.2,0
323,2024-06,10.2,6.0,5.1,9.3,0
323,2024-07,9.3,6.7,6.3,8.9,0
323,2024-08,8.9,5.6,6.4,9.7,0
323,2024-09,9.7,5.2,5.2,9.8,0
323,2024-10,9.8,6.0,5.3,9.0,0
323,2024-11,9.0,9.0,12.8,12.8,4
323,2024-12,12.8,8.6,7.5,11.7,0
323,2025-01,11.7,4.8,2.8,9.6,0
323,2025-02,9.6,7.3,7.8,10.1,0
323,2025-03,10.1,5.5,5.0,9.7,0
323,2025-04,9.7,6.7,6.3,9.4,0
323,2025-05,9.4,7.9,7.3,8.8,0
323,2025-06,8.8,7.4,8.1,9.4,0
323,2025-07,9.4,5.7,6.2,9.9,0
323,2025-08,9.9,5.2,5.3,10.1,0
323,2025-09,10.1,5.5,5.0,9.6,0
323,2025-10,9.6,7.9,8.2,9.9,0
323,2025-11,9.9,9.9,13.7,13.7,2
323,2025-12,13.7,8.4,6.8,12.0,0
324,2021-01,18.0,10.6,10.2,17.6,0
324,2021-02,17.6,7.6,8.2,18.2,0
324,2021-03,18.2,11.0,10.5,17.6,0
324,2021-04,17.6,6.6,7.1,18.1,0
324,2021-05,18.1,12.2,11.0,16.9,0
324,2021-06,16.9,9.0,8.8,16.7,0
324,2021-07,16.7,10.8,10.5,16.3,0
324,2021-08,16.3,11.2,13.3,18.5,0
324,2021-09,18.5,9.4,8.8,17.9,0
324,2021-10,17.9,9.6,9.8,18.1,0
324,2021-11,18.1,14.3,18.9,22.8,0
324,2021-12,22.8,11.7,10.8,21.9,0
324,2022-01,21.9,11.1,6.9,17.6,0
324,2022-02,17.6,7.9,7.5,17.2,0
324,2022-03,17.2,7.0,7.8,17.9,0
324,2022-04,17.9,9.2,8.9,17.6,0
324,2022-05,17.6,12.3,11.9,17.2,0
324,2022-06,17.2,12.1,11.5,16.7,0
324,2022-07,16.7,11.3,12.3,17.7,0
324,2022-08,17.7,10.8,9.6,16.5,0
324,2022-09,16.5,10.1,11.2,17.6,0
324,2022-10,17.6,5.2,4.8,17.2,0
324,2022-11,17.2,13.6,19.3,22.9,0
324,2022-12,22.9,9.4,8.9,22.4,0
324,2023-01,22.4,7.2,2.8,18.0,0
324,2023-02,18.0,10.6,9.0,16.4,0
324,2023-03,16.4,12.2,11.9,16.1,0
324,2023-04,16.1,10.7,11.5,16.9,0
324,2023-05,16.9,8.6,8.3,16.6,0
324,2023-06,16.6,12.0,11.6,16.2,0
324,2023-07,16.2,11.2,11.4,16.3,0
324,2023-08,16.3,11.2,13.5,18.6,0
324,2023-09,18.6,8.9,7.1,16.8,0
324,2023-10,16.8,8.2,8.6,17.1,0
324,2023-11,17.1,14.4,22.8,25.5,0
324,2023-12,25.5,14.5,10.5,21.5,0
324,2024-01,21.5,10.3,6.7,18.0,0
324,2024-02,18.0,6.5,6.1,17.6,0
324,2024-03,17.6,11.1,10.0,16.5,0
324,2024-04,16.5,12.3,12.5,16.7,0
324,2024-05,16.7,8.8,8.6,16.5,0
324,2024-06,16.5,9.0,9.6,17.1,0
324,2024-07,17.1,11.9,11.3,16.4,0
324,2024-08,16.4,8.7,9.6,17.3,0
324,2024-09,17.3,9.7,8.9,16.5,0
324,2024-10,16.5,8.6,10.6,18.4,0
324,2024-11,18.4,10.4,16.1,24.1,0
324,2024-12,24.1,14.8,11.4,20.6,0
324,2025-01,20.6,13.0,9.2,16.9,0
324,2025-02,16.9,10.9,11.6,17.5,0
324,2025-03,17.5,8.0,8.4,18.0,0
324,2025-04,18.0,10.0,9.1,17.1,0
324,2025-05,17.1,10.5,10.9,17.5,0
324,2025-06,17.5,11.1,10.4,16.8,0
324,2025-07,16.8,11.0,12.5,18.3,0
324,2025-08,18.3,10.0,8.5,16.8,0
324,2025-09,16.8,8.9,10.5,18.5,0
324,2025-10,18.5,8.5,8.2,18.2,0
324,2025-11,18.2,16.2,23.2,25.2,0
324,2025-12,25.2,12.9,10.2,22.5,0
325,2021-01,13.5,7.4,6.7,12.8,0
325,2021-02,12.8,8.6,8.0,12.2,0
325,2021-03,12.2,8.2,8.9,12.8,0
325,2021-04,12.8,8.0,8.4,13.2,0
325,2021-05,13.2,9.0,8.4,12.6,0
325,2021-06,12.6,7.9,7.7,12.4,0
325,2021-07,12.4,7.8,8.2,12.8,0
325,2021-08,12.8,8.0,8.1,12.9,0
325,2021-09,12.9,7.6,7.8,13.1,0
325,2021-10,13.1,8.0,7.3,12.4,0
325,2021-11,12.4,11.9,18.3,18.7,0
325,2021-12,18.7,11.1,9.0,16.6,0
325,2022-01,16.6,7.3,3.7,13.0,0
325,2022-02,13.0,7.4,6.8,12.4,0
325,2022-03,12.4,8.1,8.7,12.9,0
325,2022-04,12.9,5.4,5.8,13.4,0
325,2022-05,13.4,8.6,8.1,12.9,0
325,2022-06,12.9,5.3,6.0,13.6,0
325,2022-07,13.6,8.5,7.6,12.6,0
325,2022-08,12.6,8.4,9.2,13.4,0
325,2022-09,13.4,8.4,8.2,13.3,0
325,2022-10,13.3,7.4,6.9,12.7,0
325,2022-11,12.7,10.1,16.6,19.2,0
325,2022-12,19.2,10.3,7.5,16.4,0
325,2023-01,16.4,8.4,4.7,12.8,0
325,2023-02,12.8,9.3,8.8,12.3,0
325,2023-03,12.3,10.4,11.0,12.9,0
325,2023-04,12.9,7.2,6.8,12.4,0
325,2023-05,12.4,6.6,7.3,13.1,0
325,2023-06,13.1,8.1,8.0,13.1,0
325,2023-07,13.1,9.1,8.2,12.2,0
325,2023-08,12.2,8.1,9.7,13.8,0
325,2023-09,13.8,7.2,6.6,13.2,0
325,2023-10,13.2,7.5,7.1,12.8,0
325,2023-11,12.8,12.8,19.7,19.7,0
325,2023-12,19.7,10.6,6.6,15.7,0
325,2024-01,15.7,6.3,4.1,13.5,0
325,2024-02,13.5,6.6,6.3,13.2,0
325,2024-03,13.2,6.4,6.3,13.0,0
325,2024-04,13.0,8.6,8.6,13.0,0
325,2024-05,13.0,7.1,7.2,13.2,0
325,2024-06,13.2,4.6,4.7,13.3,0
325,2024-07,13.3,7.5,7.6,13.4,0
325,2024-08,13.4,5.7,5.6,13.3,0
325,2024-09,13.3,7.9,7.9,13.2,0
325,2024-10,13.2,8.6,7.5,12.2,0
325,2024-11,12.2,11.1,16.8,17.8,0
325,2024-12,17.8,9.0,8.1,16.9,0
325,2025-01,16.9,8.3,4.8,13.4,0
325,2025-02,13.4,6.3,6.3,13.4,0
325,2025-03,13.4,9.7,9.0,12.6,0
325,2025-04,12.6,9.2,9.6,13.0,0
325,2025-05,13.0,9.9,9.8,12.9,0
325,2025-06,12.9,8.0,8.1,13.0,0
325,2025-07,13.0,8.7,8.8,13.1,0
325,2025-08,13.1,6.9,7.5,13.7,0
325,2025-09,13.7,5.8,4.9,12.8,0
325,2025-10,12.8,6.8,6.4,12.4,0
325,2025-11,12.4,11.4,16.3,17.3,0
325,2025-12,17.3,11.9,11.9,17.3,0
326,2021-01,4.0,3.0,2.7,3.7,0
326,2021-02,3.7,3.2,3.6,4.1,0
326,2021-03,4.1,3.6,3.1,3.6,0
326,2021-04,3.6,3.2,3.4,3.8,0
326,2021-05,3.8,2.8,3.0,4.0,0
326,2021-06,4.0,3.1,3.1,3.9,0
326,2021-07,3.9,2.9,3.0,4.1,0
326,2021-08,4.1,3.0,2.6,3.7,0
326,2021-09,3.7,3.3,3.7,4.1,0
326,2021-10,4.1,2.6,2.2,3.7,0
326,2021-11,3.7,3.7,5.4,5.4,3
326,2021-12,5.4,3.9,3.3,4.9,0
326,2022-01,4.9,2.1,1.2,3.9,0
326,2022-02,3.9,3.0,2.8,3.6,0
326,2022-03,3.6,3.5,4.0,4.2,0
326,2022-04,4.2,3.2,3.2,4.1,0
326,2022-05,4.1,3.6,3.1,3.7,0
326,2022-06,3.7,3.2,3.5,4.0,0
326,2022-07,4.0,2.5,2.2,3.6,0
326,2022-08,3.6,3.6,3.9,3.9,0
326,2022-09,3.9,3.2,2.9,3.5,0
326,2022-10,3.5,3.4,4.0,4.1,0
326,2022-11,4.1,4.1,5.5,5.5,9
326,2022-12,5.5,4.0,3.1,4.6,0
326,2023-01,4.6,3.8,3.2,4.1,0
326,2023-02,4.1,2.5,2.5,4.0,0
326,2023-03,4.0,2.5,2.2,3.8,0
326,2023-04,3.8,2.9,2.8,3.6,0
326,2023-05,3.6,3.5,3.7,3.8,0
326,2023-06,3.8,3.2,3.1,3.6,0
326,2023-07,3.6,3.6,3.6,3.6,2
326,2023-08,3.6,2.4,2.8,4.1,0
326,2023-09,4.1,2.8,2.7,4.0,0
326,2023-10,4.0,3.5,3.2,3.8,0
326,2023-11,3.8,3.8,5.0,5.0,8
326,2023-12,5.0,3.8,4.0,5.2,0
326,2024-01,5.2,3.0,1.7,3.8,0
326,2024-02,3.8,2.5,2.8,4.1,0
326,2024-03,4.1,4.0,3.7,3.7,0
326,2024-04,3.7,2.5,2.7,3.9,0
326,2024-05,3.9,3.2,3.3,4.0,0
326,2024-06,4.0,3.1,3.2,4.0,0
326,2024-07,4.0,2.5,2.4,4.0,0
326,2024-08,4.0,3.6,3.6,3.9,0
326,2024-09,3.9,3.6,3.5,3.8,0
326,2024-10,3.8,2.9,3.2,4.1,0
326,2024-11,4.1,4.1,5.2,5.2,6
326,2024-12,5.2,4.5,4.0,4.6,0
326,2025-01,4.6,3.3,2.4,3.7,0
326,2025-02,3.7,3.7,3.8,3.8,1
326,2025-03,3.8,3.5,3.6,3.9,0
326,2025-04,3.9,3.8,3.4,3.5,0
326,2025-05,3.5,3.2,3.3,3.6,0
326,2025-06,3.6,3.3,3.7,3.9,0
326,2025-07,3.9,3.3,3.1,3.7,0
326,2025-08,3.7,3.7,3.8,3.8,2
326,2025-09,3.8,3.8,3.9,3.9,2
326,2025-10,3.9,3.6,3.4,3.7,0
326,2025-11,3.7,3.7,5.1,5.1,11
326,2025-12,5.1,4.5,4.1,4.8,0
327,2021-01,6.0,4.3,3.9,5.6,0
327,2021-02,5.6,3.0,3.3,5.9,0
327,2021-03,5.9,3.1,2.8,5.6,0
327,2021-04,5.6,3.1,3.0,5.5,0
327,2021-05,5.5,4.2,4.9,6.2,0
327,2021-06,6.2,3.4,3.0,5.8,0
327,2021-07,5.8,2.7,2.6,5.7,0
327,2021-08,5.7,3.2,3.3,5.8,0
327,2021-09,5.8,4.1,4.1,5.7,0
327,2021-10,5.7,3.6,3.5,5.6,0
327,2021-11,5.6,5.6,8.3,8.3,0
327,2021-12,8.3,4.1,3.3,7.5,0
327,2022-01,7.5,2.7,1.0,5.9,0
327,2022-02,5.9,4.4,4.0,5.5,0
327,2022-03,5.5,2.9,3.1,5.8,0
327,2022-04,5.8,1.9,2.1,5.9,0
327,2022-05,5.9,3.7,3.6,5.9,0
327,2022-06,5.9,3.0,2.9,5.8,0
327,2022-07,5.8,2.6,2.9,6.1,0
327,2022-08,6.1,3.6,3.6,6.0,0
327,2022-09,6.0,3.8,3.8,6.1,0
327,2022-10,6.1,3.7,3.6,6.0,0
327,2022-11,6.0,3.9,6.3,8.3,0
327,2022-12,8.3,4.7,3.8,7.4,0
327,2023-01,7.4,2.5,1.1,6.0,0
327,2023-02,6.0,4.0,3.8,5.7,0
327,2023-03,5.7,3.2,3.4,5.9,0
327,2023-04,5.9,2.7,2.9,6.1,0
327,2023-05,6.1,3.8,3.6,5.9,0
327,2023-06,5.9,2.9,3.0,6.0,0
327,2023-07,6.0,3.5,3.4,5.9,0
327,2023-08,5.9,3.5,3.4,5.7,0
327,2023-09,5.7,2.7,3.0,6.1,0
327,2023-10,6.1,3.5,3.3,5.8,0
327,2023-11,5.8,4.5,6.4,7.8,0
327,2023-12,7.8,5.1,4.5,7.1,0
327,2024-01,7.1,4.2,2.8,5.7,0
327,2024-02,5.7,2.8,2.6,5.6,0
327,2024-03,5.6,3.1,3.2,5.7,0
327,2024-04,5.7,3.5,3.5,5.6,0
327,2024-05,5.6,2.3,2.3,5.6,0
327,2024-06,5.6,3.3,3.7,6.0,0
327,2024-07,6.0,3.0,2.9,5.9,0
327,2024-08,5.9,3.0,2.6,5.5,0
327,2024-09,5.5,4.1,4.6,6.1,0
327,2024-10,6.1,2.6,2.5,5.9,0
327,2024-11,5.9,4.6,7.7,8.9,0
327,2024-12,8.9,4.7,2.7,7.0,0
327,2025-01,7.0,3.1,1.8,5.7,0
327,2025-02,5.7,3.6,3.7,5.8,0
327,2025-03,5.8,3.2,3.4,5.9,0
327,2025-04,5.9,3.7,3.2,5.4,0
327,2025-05,5.4,3.7,3.8,5.5,0
327,2025-06,5.5,3.2,3.8,6.1,0
327,2025-07,6.1,4.6,3.8,5.3,0
327,2025-08,5.3,3.6,4.2,5.9,0
327,2025-09,5.9,4.3,4.4,6.1,0
327,2025-10,6.1,3.3,3.3,6.0,0
327,2025-11,6.0,5.3,8.1,8.8,0
327,2025-12,8.8,4.4,2.9,7.4,0
328,2021-01,360.3,88.0,82.5,354.7,0
328,2021-02,354.7,114.3,113.0,353.5,0
328,2021-03,353.5,99.8,102.0,355.6,0
328,2021-04,355.6,73.6,80.5,362.5,0
328,2021-05,362.5,76.1,67.2,353.6,0
328,2021-06,353.6,105.9,107.4,355.1,0
328,2021-07,355.1,62.2,58.0,350.9,0
328,2021-08,350.9,52.3,56.4,355.0,0
328,2021-09,355.0,41.0,45.2,359.1,0
328,2021-10,359.1,81.0,79.2,357.3,0
328,2021-11,357.3,98.3,230.6,489.6,0
328,2021-12,489.6,99.3,62.4,452.7,0
328,2022-01,452.7,60.7,0.0,392.0,0
328,2022-02,392.0,49.6,15.9,358.3,0
328,2022-03,358.3,65.0,67.0,360.3,0
328,2022-04,360.3,85.1,87.6,362.8,0
328,2022-05,362.8,69.9,67.5,360.4,0
328,2022-06,360.4,71.7,68.5,357.2,0
328,2022-07,357.2,90.0,85.0,352.1,0
328,2022-08,352.1,85.9,86.6,352.9,0
328,2022-09,352.9,62.3,65.3,355.9,0
328,2022-10,355.9,64.4,65.4,356.9,0
328,2022-11,356.9,105.6,266.5,517.8,0
328,2022-12,517.8,114.8,45.3,448.3,0
328,2023-01,448.3,77.0,0.0,371.4,0
328,2023-02,371.4,93.1,79.1,357.4,0
328,2023-03,357.4,76.9,72.4,352.9,0
328,2023-04,352.9,83.0,83.3,353.2,0
328,2023-05,353.2,65.2,63.5,351.6,0
328,2023-06,351.6,80.3,87.5,358.7,0
328,2023-07,358.7,50.7,48.1,356.1,0
328,2023-08,356.1,69.9,69.2,355.4,0
328,2023-09,355.4,75.8,75.4,355.1,0
328,2023-10,355.1,74.8,75.7,356.0,0
328,2023-11,356.0,109.1,248.0,494.9,0
328,2023-12,494.9,86.9,37.4,445.4,0
328,2024-01,445.4,95.6,10.3,360.1,0
328,2024-02,360.1,89.9,90.7,360.8,0
328,2024-03,360.8,95.4,85.6,351.1,0
328,2024-04,351.1,45.5,53.6,359.2,0
328,2024-05,359.2,71.9,62.2,349.5,0
328,2024-06,349.5,82.3,82.6,349.8,0
328,2024-07,349.8,60.1,67.7,357.4,0
328,2024-08,357.4,70.7,67.9,354.6,0
328,2024-09,354.6,77.6,79.6,356.6,0
328,2024-10,356.6,72.4,69.0,353.2,0
328,2024-11,353.2,120.6,254.0,486.6,0
328,2024-12,486.6,78.6,40.9,449.0,0
328,2025-01,449.0,73.0,0.0,376.0,0
328,2025-02,376.0,84.8,60.3,351.4,0
328,2025-03,351.4,81.7,93.2,362.9,0
328,2025-04,362.9,75.2,72.6,360.4,0
328,2025-05,360.4,65.8,67.8,362.3,0
328,2025-06,362.3,77.1,67.7,352.9,0
328,2025-07,352.9,87.9,94.8,359.8,0
328,2025-08,359.8,86.8,85.0,358.0,0
328,2025-09,358.0,56.0,52.1,354.0,0
328,2025-10,354.0,80.3,82.3,356.1,0
328,2025-11,356.1,108.1,245.8,493.8,0
328,2025-12,493.8,71.5,29.2,451.5,0
329,2021-01,106.6,71.5,67.9,103.0,0
329,2021-02,103.0,33.0,31.4,101.3,0
329,2021-03,101.3,45.7,46.7,102.3,0
329,2021-04,102.3,58.2,53.8,98.0,0
329,2021-05,98.0,42.5,44.0,99.4,0
329,2021-06,99.4,60.3,58.8,98.0,0
329,2021-07,98.0,65.9,72.5,104.6,0
329,2021-08,104.6,65.6,60.3,99.3,0
329,2021-09,99.3,60.3,58.3,97.3,0
329,2021-10,97.3,50.3,52.5,99.5,0
329,2021-11,99.5,75.6,125.8,149.7,0
329,2021-12,149.7,66.9,42.9,125.7,0
329,2022-01,125.7,49.1,29.7,106.2,0
329,2022-02,106.2,95.4,94.5,105.3,0
329,2022-03,105.3,57.0,57.2,105.5,0
329,2022-04,105.5,49.8,52.2,107.8,0
329,2022-05,107.8,70.2,63.8,101.4,0
329,2022-06,101.4,76.4,72.2,97.2,0
329,2022-07,97.2,52.1,52.6,97.7,0
329,2022-08,97.7,49.7,54.5,102.4,0
329,2022-09,102.4,55.8,51.9,98.5,0
329,2022-10,98.5,60.6,71.4,109.3,0
329,2022-11,109.3,101.1,140.4,148.6,0
329,2022-12,148.6,59.4,39.7,128.9,0
329,2023-01,128.9,64.1,35.9,100.7,0
329,2023-02,100.7,53.5,50.8,98.1,0
329,2023-03,98.1,59.8,64.6,102.8,0
329,2023-04,102.8,59.8,63.7,106.7,0
329,2023-05,106.7,66.1,66.5,107.1,0
329,2023-06,107.1,44.0,45.0,108.1,0
329,2023-07,108.1,64.1,63.3,107.2,0
329,2023-08,107.2,60.4,54.3,101.2,0
329,2023-09,101.2,53.3,60.8,108.7,0
329,2023-10,108.7,65.9,66.7,109.5,0
329,2023-11,109.5,107.5,159.5,161.5,0
329,2023-12,161.5,67.5,36.8,130.9,0
329,2024-01,130.9,61.9,34.0,103.0,0
329,2024-02,103.0,55.6,53.7,101.2,0
329,2024-03,101.2,58.1,58.2,101.3,0
329,2024-04,101.3,58.1,63.6,106.8,0
329,2024-05,106.8,52.8,45.9,99.8,0
329,2024-06,99.8,62.5,64.0,101.3,0
329,2024-07,101.3,52.5,54.9,103.7,0
329,2024-08,103.7,68.1,72.3,107.8,0
329,2024-09,107.8,64.7,65.4,108.5,0
329,2024-10,108.5,47.6,41.5,102.4,0
329,2024-11,102.4,78.6,118.5,142.3,0
329,2024-12,142.3,70.1,58.8,131.0,0
329,2025-01,131.0,52.6,29.1,107.5,0
329,2025-02,107.5,63.4,55.0,99.1,0
329,2025-03,99.1,69.2,72.5,102.4,0
329,2025-04,102.4,57.3,63.1,108.2,0
329,2025-05,108.2,62.6,59.7,105.3,0
329,2025-06,105.3,78.1,75.9,103.1,0
329,2025-07,103.1,70.5,73.7,106.3,0
329,2025-08,106.3,65.8,68.0,108.5,0
329,2025-09,108.5,59.0,58.9,108.5,0
329,2025-10,108.5,68.1,58.3,98.7,0
329,2025-11,98.7,80.2,118.1,136.6,0
329,2025-12,136.6,75.9,62.5,123.2,0
330,2021-01,38.0,38.0,35.2,35.2,14
330,2021-02,35.2,35.2,33.8,33.8,15
330,2021-03,33.8,33.8,38.5,38.5,17
330,2021-04,38.5,38.5,39.8,39.8,6
330,2021-05,39.8,39.8,33.1,33.1,15
330,2021-06,33.1,33.1,37.1,37.1,15
330,2021-07,37.1,37.1,36.5,36.5,10
330,2021-08,36.5,36.5,39.6,39.6,17
330,2021-09,39.6,36.7,30.8,33.7,0
330,2021-10,33.7,33.7,33.4,33.4,16
330,2021-11,33.4,33.4,51.5,51.5,21
330,2021-12,51.5,51.5,43.0,43.0,13
330,2022-01,43.0,43.0,39.5,39.5,11
330,2022-02,39.5,39.5,34.0,34.0,14
330,2022-03,34.0,34.0,37.4,37.4,17
330,2022-04,37.4,37.4,35.7,35.7,17
330,2022-05,35.7,35.7,38.1,38.1,11
330,2022-06,38.1,38.1,39.8,39.8,12
330,2022-07,39.8,39.8,38.0,38.0,5
330,2022-08,38.0,38.0,32.6,32.6,12
330,2022-09,32.6,26.0,28.4,34.9,0
330,2022-10,34.9,34.9,35.9,35.9,16
330,2022-11,35.9,35.9,51.8,51.8,18
330,2022-12,51.8,51.8,47.7,47.7,1
330,2023-01,47.7,47.7,36.1,36.1,11
330,2023-02,36.1,36.1,39.9,39.9,15
330,2023-03,39.9,39.9,34.5,34.5,11
330,2023-04,34.5,34.5,36.3,36.3,15
330,2023-05,36.3,36.3,33.2,33.2,16
330,2023-06,33.2,33.2,33.8,33.8,13
330,2023-07,33.8,33.8,37.0,37.0,10
330,2023-08,37.0,37.0,37.5,37.5,16
330,2023-09,37.5,37.5,33.5,33.5,4
330,2023-10,33.5,33.5,37.7,37.7,12
330,2023-11,37.7,37.7,54.8,54.8,20
330,2023-12,54.8,54.8,48.3,48.3,12
330,2024-01,48.3,48.3,33.4,33.4,6
330,2024-02,33.4,33.4,39.5,39.5,11
330,2024-03,39.5,39.5,35.2,35.2,8
330,2024-04,35.2,35.2,32.6,32.6,13
330,2024-05,32.6,32.6,36.5,36.5,14
330,2024-06,36.5,36.5,39.3,39.3,3
330,2024-07,39.3,39.3,38.7,38.7,9
330,2024-08,38.7,38.7,36.0,36.0,11
330,2024-09,36.0,36.0,36.0,36.0,15
330,2024-10,36.0,36.0,34.0,34.0,15
330,2024-11,34.0,34.0,51.1,51.1,19
330,2024-12,51.1,51.1,46.0,46.0,10
330,2025-01,46.0,46.0,35.7,35.7,9
330,2025-02,35.7,35.7,32.3,32.3,15
330,2025-03,32.3,32.3,37.3,37.3,12
330,2025-04,37.3,30.2,28.1,35.2,0
330,2025-05,35.2,35.2,39.5,39.5,15
330,2025-06,39.5,39.5,34.0,34.0,15
330,2025-07,34.0,34.0,38.8,38.8,9
330,2025-08,38.8,38.8,36.9,36.9,1
330,2025-09,36.9,36.9,33.5,33.5,14
330,2025-10,33.5,33.5,36.9,36.9,14
330,2025-11,36.9,36.9,48.1,48.1,16
330,2025-12,48.1,48.1,41.1,41.1,10
331,2021-01,5.4,3.0,2.7,5.1,0
331,2021-02,5.1,3.1,3.3,5.3,0
331,2021-03,5.3,3.3,3.1,5.2,0
331,2021-04,5.2,3.4,3.5,5.2,0
331,2021-05,5.2,2.6,2.5,5.1,0
331,2021-06,5.1,3.5,3.7,5.3,0
331,2021-07,5.3,3.1,2.9,5.1,0
331,2021-08,5.1,3.8,3.8,5.1,0
331,2021-09,5.1,3.7,3.5,4.9,0
331,2021-10,4.9,2.8,3.4,5.6,0
331,2021-11,5.6,4.4,6.6,7.7,0
331,2021-12,7.7,3.6,2.8,6.9,0
331,2022-01,6.9,3.1,1.6,5.4,0
331,2022-02,5.4,2.9,2.9,5.4,0
331,2022-03,5.4,2.1,1.9,5.3,0
331,2022-04,5.3,2.5,2.4,5.2,0
331,2022-05,5.2,3.5,3.6,5.3,0
331,2022-06,5.3,3.2,3.2,5.3,0
331,2022-07,5.3,2.1,2.2,5.4,0
331,2022-08,5.4,3.3,3.2,5.2,0
331,2022-09,5.2,2.9,2.8,5.1,0
331,2022-10,5.1,3.6,3.6,5.2,0
331,2022-11,5.2,4.0,7.0,8.1,0
331,2022-12,8.1,3.9,2.5,6.7,0
331,2023-01,6.7,3.1,1.7,5.4,0
331,2023-02,5.4,4.0,4.0,5.4,0
331,2023-03,5.4,2.8,2.5,5.0,0
331,2023-04,5.0,3.4,3.9,5.6,0
331,2023-05,5.6,3.0,2.9,5.5,0
331,2023-06,5.5,3.6,3.1,5.0,0
331,2023-07,5.0,3.5,3.9,5.4,0
331,2023-08,5.4,3.7,3.9,5.6,0
331,2023-09,5.6,2.8,2.3,5.2,0
331,2023-10,5.2,4.4,4.6,5.4,0
331,2023-11,5.4,4.3,6.0,7.0,0
331,2023-12,7.0,2.7,2.3,6.7,0
331,2024-01,6.7,2.4,1.1,5.4,0
331,2024-02,5.4,2.1,2.3,5.5,0
331,2024-03,5.5,3.3,3.1,5.3,0
331,2024-04,5.3,2.6,2.8,5.5,0
331,2024-05,5.5,3.9,3.5,5.1,0
331,2024-06,5.1,3.8,3.8,5.1,0
331,2024-07,5.1,3.3,3.1,4.9,0
331,2024-08,4.9,2.5,3.1,5.5,0
331,2024-09,5.5,3.5,3.0,5.0,0
331,2024-10,5.0,3.2,3.8,5.6,0
331,2024-11,5.6,5.0,6.3,6.8,0
331,2024-12,6.8,4.3,3.9,6.4,0
331,2025-01,6.4,4.0,2.8,5.2,0
331,2025-02,5.2,3.8,4.1,5.5,0
331,2025-03,5.5,3.5,3.2,5.2,0
331,2025-04,5.2,2.1,2.0,5.1,0
331,2025-05,5.1,2.7,2.7,5.0,0
331,2025-06,5.0,2.7,3.0,5.3,0
331,2025-07,5.3,3.8,3.6,5.1,0
331,2025-08,5.1,2.2,2.6,5.5,0
331,2025-09,5.5,3.2,3.2,5.5,0
331,2025-10,5.5,2.7,2.6,5.5,0
331,2025-11,5.5,4.5,6.4,7.4,0
331,2025-12,7.4,4.7,3.9,6.6,0
332,2021-01,94.3,32.8,28.0,89.5,0
332,2021-02,89.5,47.5,50.7,92.8,0
332,2021-03,92.8,44.9,45.6,93.5,0
332,2021-04,93.5,39.3,34.4,88.5,0
332,2021-05,88.5,43.7,44.5,89.4,0
332,2021-06,89.4,42.1,46.4,93.7,0
332,2021-07,93.7,44.3,41.7,91.2,0
332,2021-08,91.2,59.8,54.8,86.1,0
332,2021-09,86.1,52.2,55.8,89.7,0
332,2021-10,89.7,42.2,42.2,89.7,0
332,2021-11,89.7,61.6,102.2,130.3,0
332,2021-12,130.3,44.7,31.8,117.4,0
332,2022-01,117.4,59.3,36.0,94.1,0
332,2022-02,94.1,37.3,35.7,92.5,0
332,2022-03,92.5,45.1,45.0,92.5,0
332,2022-04,92.5,39.1,40.7,94.1,0
332,2022-05,94.1,45.0,39.5,88.6,0
332,2022-06,88.6,47.3,47.7,89.0,0
332,2022-07,89.0,35.2,39.5,93.3,0
332,2022-08,93.3,54.2,56.6,95.7,0
332,2022-09,95.7,52.6,49.6,92.7,0
332,2022-10,92.7,52.6,50.7,90.8,0
332,2022-11,90.8,66.4,97.6,122.0,0
332,2022-12,122.0,62.4,57.8,117.5,0
332,2023-01,117.5,51.3,25.4,91.6,0
332,2023-02,91.6,36.6,40.2,95.2,0
332,2023-03,95.2,54.9,54.0,94.4,0
332,2023-04,94.4,41.6,38.7,91.5,0
332,2023-05,91.5,46.9,43.1,87.6,0
332,2023-06,87.6,34.4,35.6,88.8,0
332,2023-07,88.8,38.5,43.6,93.9,0
332,2023-08,93.9,45.4,41.3,89.7,0
332,2023-09,89.7,36.8,40.7,93.6,0
332,2023-10,93.6,44.8,42.1,90.9,0
332,2023-11,90.9,59.2,109.0,140.7,0
332,2023-12,140.7,61.3,35.8,115.1,0
332,2024-01,115.1,48.5,28.7,95.3,0
332,2024-02,95.3,36.6,36.9,95.6,0
332,2024-03,95.6,43.5,41.2,93.4,0
332,2024-04,93.4,30.7,30.9,93.6,0
332,2024-05,93.6,48.4,47.3,92.4,0
332,2024-06,92.4,53.0,51.9,91.3,0
332,2024-07,91.3,37.8,37.6,91.1,0
332,2024-08,91.1,34.7,38.7,95.1,0
332,2024-09,95.1,35.2,30.0,89.9,0
332,2024-10,89.9,48.2,50.6,92.2,0
332,2024-11,92.2,75.7,113.1,129.6,0
332,2024-12,129.6,49.5,35.4,115.5,0
332,2025-01,115.5,52.0,31.9,95.4,0
332,2025-02,95.4,41.9,40.6,94.1,0
332,2025-03,94.1,40.3,35.4,89.1,0
332,2025-04,89.1,49.7,50.0,89.4,0
332,2025-05,89.4,49.6,53.4,93.2,0
332,2025-06,93.2,39.3,37.9,91.8,0
332,2025-07,91.8,37.4,39.7,94.1,0
332,2025-08,94.1,60.8,56.8,90.1,0
332,2025-09,90.1,52.9,57.7,94.9,0
332,2025-10,94.9,51.8,44.8,87.9,0
332,2025-11,87.9,73.5,106.7,121.2,0
332,2025-12,121.2,67.5,56.5,110.2,0
333,2021-01,2.8,2.1,1.9,2.5,0
333,2021-02,2.5,2.3,2.6,2.8,0
333,2021-03,2.8,1.8,1.8,2.7,0
333,2021-04,2.7,2.0,2.1,2.8,0
333,2021-05,2.8,2.4,2.4,2.8,0
333,2021-06,2.8,1.8,1.7,2.7,0
333,2021-07,2.7,2.4,2.4,2.6,0
333,2021-08,2.6,2.5,2.7,2.8,0
333,2021-09,2.8,2.7,2.6,2.6,0
333,2021-10,2.6,2.0,2.1,2.7,0
333,2021-11,2.7,2.7,3.8,3.8,2
333,2021-12,3.8,2.9,2.7,3.6,0
333,2022-01,3.6,1.7,0.9,2.8,0
333,2022-02,2.8,1.6,1.4,2.5,0
333,2022-03,2.5,2.5,2.9,2.9,0
333,2022-04,2.9,2.1,1.8,2.5,0
333,2022-05,2.5,1.7,1.7,2.6,0
333,2022-06,2.6,2.0,2.2,2.8,0
333,2022-07,2.8,1.9,1.7,2.6,0
333,2022-08,2.6,1.7,1.6,2.5,0
333,2022-09,2.5,2.4,2.8,2.9,0
333,2022-10,2.9,1.7,1.4,2.6,0
333,2022-11,2.6,2.6,3.5,3.5,3
333,2022-12,3.5,2.4,2.5,3.6,0
333,2023-01,3.6,2.1,1.2,2.7,0
333,2023-02,2.7,2.7,2.9,2.9,1
333,2023-03,2.9,2.1,2.0,2.7,0
333,2023-04,2.7,2.4,2.4,2.8,0
333,2023-05,2.8,1.8,1.6,2.5,0
333,2023-06,2.5,2.3,2.3,2.6,0
333,2023-07,2.6,1.7,1.9,2.8,0
333,2023-08,2.8,2.6,2.3,2.5,0
333,2023-09,2.5,2.1,2.1,2.6,0
333,2023-10,2.6,2.3,2.4,2.6,0
333,2023-11,2.6,2.6,3.7,3.7,6
333,2023-12,3.7,2.7,2.6,3.5,0
333,2024-01,3.5,1.8,1.0,2.7,0
333,2024-02,2.7,2.4,2.3,2.6,0
333,2024-03,2.6,2.4,2.6,2.7,0
333,2024-04,2.7,2.0,1.8,2.5,0
333,2024-05,2.5,1.8,2.0,2.7,0
333,2024-06,2.7,2.6,2.3,2.4,0
333,2024-07,2.4,1.9,2.2,2.7,0
333,2024-08,2.7,1.6,1.7,2.8,0
333,2024-09,2.8,1.5,1.5,2.8,0
333,2024-10,2.8,1.7,1.6,2.7,0
333,2024-11,2.7,2.7,3.9,3.9,4
333,2024-12,3.9,2.3,1.7,3.2,0
333,2025-01,3.2,1.4,0.9,2.7,0
333,2025-02,2.7,2.6,2.6,2.6,0
333,2025-03,2.6,2.3,2.3,2.7,0
333,2025-04,2.7,1.5,1.5,2.8,0
333,2025-05,2.8,2.1,1.8,2.6,0
333,2025-06,2.6,2.6,2.6,2.6,0
333,2025-07,2.6,2.1,2.3,2.8,0
333,2025-08,2.8,1.5,1.3,2.6,0
333,2025-09,2.6,2.4,2.7,2.8,0
333,2025-10,2.8,1.9,1.7,2.7,0
333,2025-11,2.7,2.6,3.6,3.6,0
333,2025-12,3.6,2.3,2.1,3.3,0
334,2021-01,109.8,16.2,14.0,107.6,0
334,2021-02,107.6,16.4,19.3,110.6,0
334,2021-03,110.6,14.1,11.8,108.3,0
334,2021-04,108.3,17.2,16.3,107.4,0
334,2021-05,107.4,25.0,26.5,108.9,0
334,2021-06,108.9,22.9,20.8,106.8,0
334,2021-07,106.8,16.1,16.6,107.3,0
334,2021-08,107.3,25.3,26.8,108.8,0
334,2021-09,108.8,22.2,23.9,110.5,0
334,2021-10,110.5,22.7,18.8,106.5,0
334,2021-11,106.5,33.3,86.9,160.1,0
334,2021-12,160.1,34.6,10.4,135.9,0
334,2022-01,135.9,13.2,0.0,122.7,0
334,2022-02,122.7,30.0,17.8,110.5,0
334,2022-03,110.5,23.6,21.1,108.1,0
334,2022-04,108.1,33.7,36.1,110.6,0
334,2022-05,110.6,24.6,22.8,108.8,0
334,2022-06,108.8,19.0,18.8,108.5,0
334,2022-07,108.5,23.1,24.4,109.8,0
334,2022-08,109.8,22.1,19.3,107.0,0
334,2022-09,107.0,22.9,23.4,107.4,0
334,2022-10,107.4,28.4,26.3,105.4,0
334,2022-11,105.4,35.9,85.0,154.6,0
334,2022-12,154.6,27.9,9.4,136.0,0
334,2023-01,136.0,19.3,0.0,116.8,0
334,2023-02,116.8,20.4,11.7,108.0,0
334,2023-03,108.0,27.4,28.4,109.1,0
334,2023-04,109.1,26.0,24.5,107.6,0
334,2023-05,107.6,20.4,22.0,109.2,0
334,2023-06,109.2,29.5,30.9,110.7,0
334,2023-07,110.7,23.5,20.7,107.9,0
334,2023-08,107.9,33.5,31.1,105.5,0
334,2023-09,105.5,24.0,28.8,110.3,0
334,2023-10,110.3,26.5,22.2,106.1,0
334,2023-11,106.1,19.9,70.1,156.2,0
334,2023-12,156.2,31.0,10.3,135.6,0
334,2024-01,135.6,16.6,0.0,119.0,0
334,2024-02,119.0,21.7,11.0,108.2,0
334,2024-03,108.2,25.8,23.7,106.1,0
334,2024-04,106.1,18.8,20.9,108.3,0
334,2024-05,108.3,14.0,16.1,110.4,0
334,2024-06,110.4,27.1,23.0,106.3,0
334,2024-07,106.3,27.8,27.0,105.6,0
334,2024-08,105.6,16.0,19.0,108.6,0
334,2024-09,108.6,22.8,24.3,110.1,0
334,2024-10,110.1,17.7,18.1,110.4,0
334,2024-11,110.4,32.7,82.9,160.6,0
334,2024-12,160.6,29.2,5.9,137.3,0
334,2025-01,137.3,25.9,0.0,111.4,0
334,2025-02,111.4,21.9,20.1,109.6,0
334,2025-03,109.6,31.6,30.7,108.8,0
334,2025-04,108.8,20.7,21.8,109.9,0
334,2025-05,109.9,19.0,18.6,109.6,0
334,2025-06,109.6,20.5,17.7,106.7,0
334,2025-07,106.7,30.7,29.7,105.8,0
334,2025-08,105.8,23.3,24.5,106.9,0
334,2025-09,106.9,24.7,25.4,107.6,0
334,2025-10,107.6,17.5,20.6,110.7,0
334,2025-11,110.7,37.6,81.3,154.3,0
334,2025-12,154.3,27.2,9.1,136.2,0
335,2021-01,34.0,10.1,10.1,34.0,0
335,2021-02,34.0,8.3,7.5,33.2,0
335,2021-03,33.2,8.1,7.7,32.8,0
335,2021-04,32.8,9.8,10.2,33.2,0
335,2021-05,33.2,10.5,11.4,34.1,0
335,2021-06,34.1,7.8,6.9,33.2,0
335,2021-07,33.2,8.1,8.1,33.2,0
335,2021-08,33.2,7.9,7.4,32.7,0
335,2021-09,32.7,5.3,6.9,34.3,0
335,2021-10,34.3,8.0,7.4,33.7,0
335,2021-11,33.7,14.1,26.2,45.8,0
335,2021-12,45.8,10.4,6.8,42.2,0
335,2022-01,42.2,7.8,0.0,34.5,0
335,2022-02,34.5,9.1,8.0,33.4,0
335,2022-03,33.4,8.8,8.9,33.5,0
335,2022-04,33.5,8.8,8.4,33.2,0
335,2022-05,33.2,10.0,9.2,32.4,0
335,2022-06,32.4,9.1,10.5,33.8,0
335,2022-07,33.8,7.6,7.9,34.1,0
335,2022-08,34.1,12.7,12.9,34.3,0
335,2022-09,34.3,9.4,9.2,34.1,0
335,2022-10,34.1,7.1,6.7,33.6,0
335,2022-11,33.6,12.0,28.9,50.5,0
335,2022-12,50.5,10.7,2.7,42.5,0
335,2023-01,42.5,9.4,0.8,33.9,0
335,2023-02,33.9,8.6,7.8,33.1,0
335,2023-03,33.1,8.1,8.5,33.5,0
335,2023-04,33.5,8.2,8.0,33.3,0
335,2023-05,33.3,8.9,8.5,32.8,0
335,2023-06,32.8,8.4,8.3,32.7,0
335,2023-07,32.7,5.8,6.1,33.0,0
335,2023-08,33.0,6.5,6.8,33.3,0
335,2023-09,33.3,9.3,9.6,33.5,0
335,2023-10,33.5,7.1,6.7,33.1,0
335,2023-11,33.1,9.4,25.8,49.5,0
335,2023-12,49.5,9.6,2.6,42.5,0
335,2024-01,42.5,7.5,0.0,35.1,0
335,2024-02,35.1,10.1,8.2,33.2,0
335,2024-03,33.2,4.9,5.6,33.9,0
335,2024-04,33.9,9.2,8.4,33.0,0
335,2024-05,33.0,10.0,9.4,32.4,0
335,2024-06,32.4,7.4,9.2,34.2,0
335,2024-07,34.2,8.3,7.6,33.5,0
335,2024-08,33.5,8.0,8.6,34.1,0
335,2024-09,34.1,6.5,6.1,33.7,0
335,2024-10,33.7,8.8,9.0,33.9,0
335,2024-11,33.9,11.9,28.4,50.4,0
335,2024-12,50.4,8.7,0.8,42.5,0
335,2025-01,42.5,9.5,1.0,34.0,0
335,2025-02,34.0,10.0,10.4,34.4,0
335,2025-03,34.4,7.9,6.7,33.3,0
335,2025-04,33.3,5.6,6.2,33.8,0
335,2025-05,33.8,9.1,8.1,32.7,0
335,2025-06,32.7,9.9,10.2,33.0,0
335,2025-07,33.0,7.2,7.0,32.8,0
335,2025-08,32.8,7.5,8.7,34.0,0
335,2025-09,34.0,8.1,8.2,34.0,0
335,2025-10,34.0,6.7,6.7,33.9,0
335,2025-11,33.9,12.4,28.4,50.0,0
335,2025-12,50.0,11.3,3.4,42.1,0
336,2021-01,8.2,6.9,7.2,8.5,0
336,2021-02,8.5,7.2,6.1,7.3,0
336,2021-03,7.3,5.3,5.4,7.5,0
336,2021-04,7.5,4.8,5.8,8.4,0
336,2021-05,8.4,8.2,7.4,7.6,0
336,2021-06,7.6,5.4,6.1,8.3,0
336,2021-07,8.3,3.9,3.6,8.0,0
336,2021-08,8.0,5.2,5.2,8.0,0
336,2021-09,8.0,5.3,4.9,7.6,0
336,2021-10,7.6,5.1,6.0,8.5,0
336,2021-11,8.5,8.5,10.3,10.3,0
336,2021-12,10.3,6.7,5.8,9.4,0
336,2022-01,9.4,5.0,4.0,8.4,0
336,2022-02,8.4,7.6,7.0,7.7,0
336,2022-03,7.7,4.4,5.1,8.5,0
336,2022-04,8.5,4.4,4.2,8.3,0
336,2022-05,8.3,4.6,4.3,8.1,0
336,2022-06,8.1,6.2,6.0,7.9,0
336,2022-07,7.9,5.8,5.7,7.8,0
336,2022-08,7.8,6.3,6.7,8.2,0
336,2022-09,8.2,5.2,4.5,7.5,0
336,2022-10,7.5,6.7,7.2,8.1,0
336,2022-11,8.1,7.3,10.5,11.3,0
336,2022-12,11.3,5.5,4.7,10.5,0
336,2023-01,10.5,6.2,3.7,7.9,0
336,2023-02,7.9,3.9,3.7,7.7,0
336,2023-03,7.7,5.4,5.8,8.1,0
336,2023-04,8.1,4.4,4.5,8.3,0
336,2023-05,8.3,4.0,4.0,8.2,0
336,2023-06,8.2,5.4,4.9,7.7,0
336,2023-07,7.7,4.9,5.0,7.8,0
336,2023-08,7.8,3.8,4.0,7.9,0
336,2023-09,7.9,5.6,5.9,8.1,0
336,2023-10,8.1,7.3,6.5,7.4,0
336,2023-11,7.4,7.4,11.9,11.9,1
336,2023-12,11.9,7.7,5.8,10.0,0
336,2024-01,10.0,5.0,3.3,8.3,0
336,2024-02,8.3,6.7,6.7,8.2,0
336,2024-03,8.2,6.9,7.2,8.5,0
336,2024-04,8.5,5.3,4.8,8.0,0
336,2024-05,8.0,4.8,4.4,7.7,0
336,2024-06,7.7,7.2,7.6,8.1,0
336,2024-07,8.1,4.6,4.7,8.2,0
336,2024-08,8.2,4.8,4.2,7.6,0
336,2024-09,7.6,5.7,6.3,8.2,0
336,2024-10,8.2,5.6,5.2,7.8,0
336,2024-11,7.8,7.8,11.9,11.9,2
336,2024-12,11.9,7.2,4.9,9.6,0
336,2025-01,9.6,4.7,3.4,8.3,0
336,2025-02,8.3,4.6,4.2,7.8,0
336,2025-03,7.8,7.1,7.7,8.4,0
336,2025-04,8.4,4.7,4.5,8.2,0
336,2025-05,8.2,3.7,3.4,7.8,0
336,2025-06,7.8,4.6,4.7,7.8,0
336,2025-07,7.8,5.9,5.9,7.8,0
336,2025-08,7.8,5.2,5.5,8.0,0
336,2025-09,8.0,6.0,5.4,7.5,0
336,2025-10,7.5,4.9,5.1,7.6,0
336,2025-11,7.6,6.5,10.7,11.9,0
336,2025-12,11.9,7.2,5.1,9.7,0
337,2021-01,49.6,32.0,27.9,45.5,0
337,2021-02,45.5,32.7,38.0,50.8,0
337,2021-03,50.8,32.0,26.2,45.1,0
337,2021-04,45.1,28.5,32.4,49.0,0
337,2021-05,49.0,31.8,28.3,45.5,0
337,2021-06,45.5,35.1,39.5,49.8,0
337,2021-07,49.8,34.0,31.9,47.8,0
337,2021-08,47.8,30.9,29.2,46.1,0
337,2021-09,46.1,42.7,40.2,43.6,0
337,2021-10,43.6,32.3,33.2,44.5,0
337,2021-11,44.5,44.5,64.1,64.1,6
337,2021-12,64.1,38.0,32.0,58.1,0
337,2022-01,58.1,30.7,21.9,49.4,0
337,2022-02,49.4,26.4,24.0,47.0,0
337,2022-03,47.0,31.0,35.1,51.2,0
337,2022-04,51.2,37.6,35.1,48.7,0
337,2022-05,48.7,33.4,34.7,50.1,0
337,2022-06,50.1,27.0,22.6,45.6,0
337,2022-07,45.6,24.3,24.9,46.2,0
337,2022-08,46.2,31.3,34.0,48.9,0
337,2022-09,48.9,27.5,29.6,51.0,0
337,2022-10,51.0,37.5,36.3,49.8,0
337,2022-11,49.8,40.4,61.0,70.4,0
337,2022-12,70.4,37.7,28.5,61.3,0
337,2023-01,61.3,33.3,22.1,50.0,0
337,2023-02,50.0,26.9,25.2,48.3,0
337,2023-03,48.3,20.2,19.8,47.9,0
337,2023-04,47.9,36.3,33.6,45.2,0
337,2023-05,45.2,36.7,39.2,47.7,0
337,2023-06,47.7,31.0,31.5,48.2,0
337,2023-07,48.2,32.0,32.3,48.6,0
337,2023-08,48.6,31.3,31.0,48.2,0
337,2023-09,48.2,27.3,26.9,47.8,0
337,2023-10,47.8,41.2,44.6,51.3,0
337,2023-11,51.3,46.2,63.0,68.1,0
337,2023-12,68.1,35.9,27.3,59.5,0
337,2024-01,59.5,30.7,18.4,47.2,0
337,2024-02,47.2,21.8,24.5,49.9,0
337,2024-03,49.9,21.4,21.2,49.8,0
337,2024-04,49.8,35.3,32.0,46.5,0
337,2024-05,46.5,38.7,38.3,46.0,0
337,2024-06,46.0,30.0,31.9,47.9,0
337,2024-07,47.9,30.6,30.0,47.3,0
337,2024-08,47.3,23.9,24.3,47.7,0
337,2024-09,47.7,27.0,26.8,47.5,0
337,2024-10,47.5,26.9,28.3,48.9,0
337,2024-11,48.9,48.9,66.2,66.2,4
337,2024-12,66.2,37.2,33.1,62.1,0
337,2025-01,62.1,35.5,19.6,46.3,0
337,2025-02,46.3,31.6,36.1,50.7,0
337,2025-03,50.7,35.6,31.4,46.5,0
337,2025-04,46.5,43.3,41.3,44.6,0
337,2025-05,44.6,31.3,38.2,51.4,0
337,2025-06,51.4,33.9,33.6,51.1,0
337,2025-07,51.1,35.7,34.2,49.7,0
337,2025-08,49.7,34.5,33.4,48.6,0
337,2025-09,48.6,44.8,42.0,45.9,0
337,2025-10,45.9,38.9,41.2,48.2,0
337,2025-11,48.2,38.6,63.4,73.0,0
337,2025-12,73.0,35.4,21.8,59.4,0
338,2021-01,8.8,5.9,5.8,8.7,0
338,2021-02,8.7,5.0,5.2,8.9,0
338,2021-03,8.9,5.8,5.7,8.8,0
338,2021-04,8.8,5.5,5.4,8.7,0
338,2021-05,8.7,6.4,6.8,9.1,0
338,2021-06,9.1,5.4,5.1,8.8,0
338,2021-07,8.8,6.0,6.1,8.9,0
338,2021-08,8.9,6.1,6.1,8.9,0
338,2021-09,8.9,6.5,6.4,8.8,0
338,2021-10,8.8,4.4,4.0,8.5,0
338,2021-11,8.5,6.9,11.6,13.2,0
338,2021-12,13.2,6.8,4.3,10.6,0
338,2022-01,10.6,5.9,4.3,8.9,0
338,2022-02,8.9,4.4,3.9,8.5,0
338,2022-03,8.5,3.7,4.1,8.8,0
338,2022-04,8.8,3.9,4.0,8.9,0
338,2022-05,8.9,5.4,5.1,8.6,0
338,2022-06,8.6,4.4,3.9,8.2,0
338,2022-07,8.2,3.3,3.7,8.6,0
338,2022-08,8.6,4.3,4.7,9.0,0
338,2022-09,9.0,4.4,3.6,8.2,0
338,2022-10,8.2,5.4,5.4,8.2,0
338,2022-11,8.2,8.2,10.9,10.9,2
338,2022-12,10.9,7.7,6.9,10.1,0
338,2023-01,10.1,3.9,2.2,8.5,0
338,2023-02,8.5,4.5,4.9,8.9,0
338,2023-03,8.9,6.8,6.4,8.6,0
338,2023-04,8.6,6.4,6.0,8.2,0
338,2023-05,8.2,4.9,5.7,9.0,0
338,2023-06,9.0,5.1,4.4,8.3,0
338,2023-07,8.3,6.9,6.9,8.3,0
338,2023-08,8.3,6.0,6.6,8.9,0
338,2023-09,8.9,4.8,4.4,8.5,0
338,2023-10,8.5,5.9,6.0,8.5,0
338,2023-11,8.5,7.4,12.0,13.1,0
338,2023-12,13.1,7.7,5.2,10.6,0
338,2024-01,10.6,4.4,2.4,8.6,0
338,2024-02,8.6,4.6,4.4,8.4,0
338,2024-03,8.4,5.8,5.6,8.2,0
338,2024-04,8.2,7.5,8.5,9.1,0
338,2024-05,9.1,7.8,7.0,8.4,0
338,2024-06,8.4,5.0,5.2,8.6,0
338,2024-07,8.6,6.7,6.5,8.4,0
338,2024-08,8.4,6.4,6.0,7.9,0
338,2024-09,7.9,5.2,6.0,8.7,0
338,2024-10,8.7,5.2,5.0,8.5,0
338,2024-11,8.5,8.5,13.4,13.4,4
338,2024-12,13.4,7.9,5.3,10.9,0
338,2025-01,10.9,5.3,2.9,8.5,0
338,2025-02,8.5,4.6,4.4,8.3,0
338,2025-03,8.3,5.1,5.6,8.8,0
338,2025-04,8.8,4.4,4.3,8.8,0
338,2025-05,8.8,5.5,5.5,8.7,0
338,2025-06,8.7,4.2,4.1,8.6,0
338,2025-07,8.6,5.3,5.3,8.6,0
338,2025-08,8.6,3.8,4.0,8.8,0
338,2025-09,8.8,6.3,6.3,8.8,0
338,2025-10,8.8,4.7,4.8,9.0,0
338,2025-11,9.0,7.3,10.0,11.7,0
338,2025-12,11.7,4.5,3.4,10.6,0
339,2021-01,12.5,10.9,11.0,12.6,0
339,2021-02,12.6,10.4,10.2,12.5,0
339,2021-03,12.5,9.2,8.4,11.7,0
339,2021-04,11.7,5.9,7.1,12.9,0
339,2021-05,12.9,9.6,9.0,12.2,0
339,2021-06,12.2,11.0,9.8,11.0,0
339,2021-07,11.0,6.9,8.1,12.2,0
339,2021-08,12.2,8.5,7.6,11.4,0
339,2021-09,11.4,7.9,8.7,12.1,0
339,2021-10,12.1,6.8,7.3,12.6,0
339,2021-11,12.6,9.4,13.3,16.5,0
339,2021-12,16.5,9.2,7.9,15.2,0
339,2022-01,15.2,6.4,3.4,12.2,0
339,2022-02,12.2,10.1,10.8,12.9,0
339,2022-03,12.9,8.9,8.1,12.1,0
339,2022-04,12.1,8.2,8.6,12.4,0
339,2022-05,12.4,10.5,10.9,12.9,0
339,2022-06,12.9,5.8,5.4,12.4,0
339,2022-07,12.4,9.5,9.2,12.1,0
339,2022-08,12.1,7.7,8.2,12.6,0
339,2022-09,12.6,6.2,5.4,11.9,0
339,2022-10,11.9,7.5,7.4,11.8,0
339,2022-11,11.8,11.8,17.0,17.0,4
339,2022-12,17.0,8.7,7.2,15.5,0
339,2023-01,15.5,9.6,6.0,11.9,0
339,2023-02,11.9,10.1,9.8,11.5,0
339,2023-03,11.5,10.1,11.5,13.0,0
339,2023-04,13.0,8.8,8.0,12.1,0
339,2023-05,12.1,7.9,8.3,12.6,0
339,2023-06,12.6,7.6,7.1,12.1,0
339,2023-07,12.1,9.2,9.3,12.2,0
339,2023-08,12.2,8.6,9.2,12.7,0
339,2023-09,12.7,11.6,11.0,12.1,0
339,2023-10,12.1,6.8,6.2,11.5,0
339,2023-11,11.5,10.8,17.4,18.1,0
339,2023-12,18.1,14.6,10.6,14.1,0
339,2024-01,14.1,9.4,7.0,11.7,0
339,2024-02,11.7,9.3,10.0,12.3,0
339,2024-03,12.3,7.2,7.0,12.1,0
339,2024-04,12.1,9.2,8.4,11.3,0
339,2024-05,11.3,9.8,11.5,12.9,0
339,2024-06,12.9,7.8,7.7,12.8,0
339,2024-07,12.8,10.8,9.3,11.3,0
339,2024-08,11.3,11.3,11.4,11.4,3
339,2024-09,11.4,11.4,12.6,12.6,1
339,2024-10,12.6,11.3,9.9,11.2,0
339,2024-11,11.2,11.2,18.5,18.5,4
339,2024-12,18.5,11.6,8.3,15.2,0
339,2025-01,15.2,9.5,6.2,11.8,0
339,2025-02,11.8,7.2,7.2,11.9,0
339,2025-03,11.9,8.3,8.3,11.8,0
339,2025-04,11.8,7.0,8.1,12.9,0
339,2025-05,12.9,7.3,6.4,12.0,0
339,2025-06,12.0,11.3,11.8,12.5,0
339,2025-07,12.5,8.2,7.7,12.0,0
339,2025-08,12.0,6.8,6.5,11.8,0
339,2025-09,11.8,6.8,7.2,12.1,0
339,2025-10,12.1,9.2,9.8,12.7,0
339,2025-11,12.7,10.9,14.9,16.7,0
339,2025-12,16.7,9.6,7.9,15.0,0
340,2021-01,7.7,7.7,7.9,7.9,23
340,2021-02,7.9,7.9,7.0,7.0,17
340,2021-03,7.0,7.0,7.9,7.9,21
340,2021-04,7.9,7.9,7.3,7.3,21
340,2021-05,7.3,7.3,7.5,7.5,18
340,2021-06,7.5,7.5,7.9,7.9,20
340,2021-07,7.9,7.9,7.2,7.2,20
340,2021-08,7.2,7.2,6.6,6.6,20
340,2021-09,6.6,6.6,7.4,7.4,22
340,2021-10,7.4,7.4,7.1,7.1,22
340,2021-11,7.1,7.1,10.6,10.6,23
340,2021-12,10.6,10.6,9.3,9.3,18
340,2022-01,9.3,9.3,7.0,7.0,19
340,2022-02,7.0,7.0,6.5,6.5,23
340,2022-03,6.5,6.5,6.7,6.7,22
340,2022-04,6.7,6.7,7.2,7.2,22
340,2022-05,7.2,7.2,7.4,7.4,22
340,2022-06,7.4,7.4,7.2,7.2,16
340,2022-07,7.2,7.2,7.7,7.7,22
340,2022-08,7.7,7.7,7.7,7.7,18
340,2022-09,7.7,7.7,8.0,8.0,21
340,2022-10,8.0,8.0,7.0,7.0,20
340,2022-11,7.0,7.0,11.0,11.0,24
340,2022-12,11.0,11.0,9.7,9.7,19
340,2023-01,9.7,9.7,7.2,7.2,16
340,2023-02,7.2,7.2,7.8,7.8,22
340,2023-03,7.8,7.8,6.7,6.7,21
340,2023-04,6.7,6.7,6.7,6.7,20
340,2023-05,6.7,6.7,7.0,7.0,18
340,2023-06,7.0,7.0,7.8,7.8,20
340,2023-07,7.8,7.8,7.2,7.2,21
340,2023-08,7.2,7.2,7.3,7.3,20
340,2023-09,7.3,7.3,6.9,6.9,19
340,2023-10,6.9,6.9,7.0,7.0,20
340,2023-11,7.0,7.0,10.5,10.5,25
340,2023-12,10.5,10.5,9.6,9.6,17
340,2024-01,9.6,9.6,6.9,6.9,17
340,2024-02,6.9,6.9,6.6,6.6,18
340,2024-03,6.6,6.6,7.8,7.8,18
340,2024-04,7.8,7.8,7.6,7.6,14
340,2024-05,7.6,7.6,6.6,6.6,22
340,2024-06,6.6,6.6,6.9,6.9,22
340,2024-07,6.9,6.9,8.0,8.0,20
340,2024-08,8.0,8.0,7.9,7.9,17
340,2024-09,7.9,7.9,6.6,6.6,17
340,2024-10,6.6,6.6,6.9,6.9,19
340,2024-11,6.9,6.9,9.8,9.8,23
340,2024-12,9.8,9.8,9.0,9.0,17
340,2025-01,9.0,9.0,8.0,8.0,20
340,2025-02,8.0,8.0,8.0,8.0,20
340,2025-03,8.0,8.0,8.0,8.0,20
340,2025-04,8.0,8.0,7.6,7.6,18
340,2025-05,7.6,7.6,6.9,6.9,20
340,2025-06,6.9,6.9,7.7,7.7,20
340,2025-07,7.7,7.7,7.9,7.9,16
340,2025-08,7.9,7.9,6.9,6.9,18
340,2025-09,6.9,6.9,7.3,7.3,21
340,2025-10,7.3,7.3,7.7,7.7,17
340,2025-11,7.7,7.7,11.6,11.6,23
340,2025-12,11.6,11.6,9.9,9.9,18
341,2021-01,55.6,31.4,28.2,52.4,0
341,2021-02,52.4,23.1,24.0,53.4,0
341,2021-03,53.4,17.4,20.0,56.0,0
341,2021-04,56.0,26.8,22.9,52.1,0
341,2021-05,52.1,31.3,31.9,52.7,0
341,2021-06,52.7,25.3,26.5,53.9,0
341,2021-07,53.9,30.1,29.0,52.7,0
341,2021-08,52.7,30.0,33.2,56.0,0
341,2021-09,56.0,29.7,26.4,52.7,0
341,2021-10,52.7,19.5,19.4,52.6,0
341,2021-11,52.6,44.1,64.3,72.9,0
341,2021-12,72.9,24.9,20.7,68.7,0
341,2022-01,68.7,31.1,18.6,56.2,0
341,2022-02,56.2,26.0,24.8,55.1,0
341,2022-03,55.1,21.7,18.9,52.3,0
341,2022-04,52.3,33.8,33.8,52.3,0
341,2022-05,52.3,27.2,31.5,56.6,0
341,2022-06,56.6,38.5,37.4,55.5,0
341,2022-07,55.5,26.1,26.7,56.1,0
341,2022-08,56.1,22.0,18.5,52.5,0
341,2022-09,52.5,25.2,27.4,54.8,0
341,2022-10,54.8,35.3,35.9,55.4,0
341,2022-11,55.4,42.4,59.9,72.9,0
341,2022-12,72.9,31.1,28.4,70.2,0
341,2023-01,70.2,29.9,15.7,56.0,0
341,2023-02,56.0,24.2,22.5,54.2,0
341,2023-03,54.2,27.4,28.5,55.3,0
341,2023-04,55.3,33.6,29.0,50.7,0
341,2023-05,50.7,26.9,32.9,56.7,0
341,2023-06,56.7,18.5,15.4,53.6,0
341,2023-07,53.6,26.0,23.9,51.5,0
341,2023-08,51.5,29.4,31.1,53.2,0
341,2023-09,53.2,29.3,27.3,51.3,0
341,2023-10,51.3,27.5,28.0,51.8,0
341,2023-11,51.8,48.6,80.3,83.5,0
341,2023-12,83.5,39.8,25.4,69.1,0
341,2024-01,69.1,27.7,13.5,55.0,0
341,2024-02,55.0,31.3,30.1,53.8,0
341,2024-03,53.8,16.6,16.5,53.7,0
341,2024-04,53.7,31.0,30.9,53.6,0
341,2024-05,53.6,25.2,28.4,56.9,0
341,2024-06,56.9,16.9,13.7,53.6,0
341,2024-07,53.6,14.3,15.0,54.3,0
341,2024-08,54.3,27.7,30.2,56.8,0
341,2024-09,56.8,24.2,21.2,53.8,0
341,2024-10,53.8,29.3,30.0,54.5,0
341,2024-11,54.5,38.2,64.6,80.9,0
341,2024-12,80.9,42.0,26.6,65.4,0
341,2025-01,65.4,28.6,18.5,55.2,0
341,2025-02,55.2,17.4,18.1,56.0,0
341,2025-03,56.0,29.1,24.7,51.5,0
341,2025-04,51.5,26.1,29.7,55.1,0
341,2025-05,55.1,30.6,30.6,55.2,0
341,2025-06,55.2,23.1,24.1,56.2,0
341,2025-07,56.2,27.0,24.2,53.4,0
341,2025-08,53.4,19.1,21.8,56.1,0
341,2025-09,56.1,17.8,16.4,54.7,0
341,2025-10,54.7,27.3,25.4,52.9,0
341,2025-11,52.9,38.0,65.3,80.2,0
341,2025-12,80.2,29.4,17.4,68.3,0
342,2021-01,149.9,81.9,71.2,139.1,0
342,2021-02,139.1,61.3,63.9,141.7,0
342,2021-03,141.7,95.1,89.5,136.1,0
342,2021-04,136.1,75.8,89.0,149.3,0
342,2021-05,149.3,63.1,58.3,144.5,0
342,2021-06,144.5,81.9,79.4,142.0,0
342,2021-07,142.0,85.1,90.3,147.2,0
342,2021-08,147.2,75.9,82.0,153.3,0
342,2021-09,153.3,70.8,59.4,141.8,0
342,2021-10,141.8,76.0,85.9,151.7,0
342,2021-11,151.7,109.1,150.4,193.1,0
342,2021-12,193.1,89.1,73.5,177.5,0
342,2022-01,177.5,65.3,33.0,145.3,0
342,2022-02,145.3,69.1,65.4,141.6,0
342,2022-03,141.6,75.6,82.3,148.2,0
342,2022-04,148.2,88.2,86.1,146.2,0
342,2022-05,146.2,93.8,98.7,151.1,0
342,2022-06,151.1,88.9,85.2,147.4,0
342,2022-07,147.4,96.1,96.3,147.7,0
342,2022-08,147.7,65.3,63.8,146.2,0
342,2022-09,146.2,85.9,77.4,137.7,0
342,2022-10,137.7,79.0,93.6,152.3,0
342,2022-11,152.3,114.8,171.7,209.2,0
342,2022-12,209.2,78.1,57.7,188.7,0
342,2023-01,188.7,72.3,30.3,146.7,0
342,2023-02,146.7,78.4,75.2,143.5,0
342,2023-03,143.5,65.7,72.2,150.0,0
342,2023-04,150.0,67.2,61.8,144.7,0
342,2023-05,144.7,48.4,56.1,152.3,0
342,2023-06,152.3,64.4,56.5,144.4,0
342,2023-07,144.4,95.8,89.0,137.6,0
342,2023-08,137.6,73.6,76.5,140.4,0
342,2023-09,140.4,74.7,83.2,148.9,0
342,2023-10,148.9,51.5,48.1,145.5,0
342,2023-11,145.5,106.3,168.4,207.5,0
342,2023-12,207.5,88.1,69.2,188.6,0
342,2024-01,188.6,60.5,20.9,149.1,0
342,2024-02,149.1,85.0,73.9,138.0,0
342,2024-03,138.0,83.2,90.5,145.3,0
342,2024-04,145.3,36.1,35.3,144.6,0
342,2024-05,144.6,72.4,74.4,146.6,0
342,2024-06,146.6,85.2,77.0,138.4,0
342,2024-07,138.4,47.4,58.9,149.9,0
342,2024-08,149.9,64.6,60.5,145.8,0
342,2024-09,145.8,85.6,89.7,150.0,0
342,2024-10,150.0,66.7,65.3,148.6,0
342,2024-11,148.6,96.4,169.0,221.2,0
342,2024-12,221.2,90.8,58.1,188.5,0
342,2025-01,188.5,46.7,7.9,149.7,0
342,2025-02,149.7,72.3,63.4,140.8,0
342,2025-03,140.8,64.4,72.3,148.8,0
342,2025-04,148.8,58.6,62.0,152.1,0
342,2025-05,152.1,58.2,53.5,147.4,0
342,2025-06,147.4,71.3,74.7,150.8,0
342,2025-07,150.8,73.4,72.5,149.9,0
342,2025-08,149.9,49.6,48.5,148.9,0
342,2025-09,148.9,70.7,61.4,139.6,0
342,2025-10,139.6,48.6,54.7,145.8,0
342,2025-11,145.8,118.8,178.9,205.8,0
342,2025-12,205.8,95.2,77.5,188.1,0
343,2021-01,25.2,14.0,12.8,24.0,0
343,2021-02,24.0,20.6,20.0,23.4,0
343,2021-03,23.4,22.5,22.2,23.0,0
343,2021-04,23.0,14.2,17.0,25.9,0
343,2021-05,25.9,25.9,25.0,25.0,1
343,2021-06,25.0,22.1,22.8,25.7,0
343,2021-07,25.7,15.6,15.6,25.7,0
343,2021-08,25.7,23.5,19.8,22.1,0
343,2021-09,22.1,21.9,22.7,22.8,0
343,2021-10,22.8,22.8,22.5,22.5,1
343,2021-11,22.5,22.5,36.6,36.6,9
343,2021-12,36.6,19.5,13.1,30.2,0
343,2022-01,30.2,27.2,19.1,22.1,0
343,2022-02,22.1,22.1,26.2,26.2,1
343,2022-03,26.2,17.4,16.0,24.8,0
343,2022-04,24.8,16.7,15.5,23.6,0
343,2022-05,23.6,21.7,23.1,24.9,0
343,2022-06,24.9,23.8,24.1,25.2,0
343,2022-07,25.2,18.4,19.0,25.8,0
343,2022-08,25.8,11.3,10.1,24.6,0
343,2022-09,24.6,20.7,20.2,24.1,0
343,2022-10,24.1,18.0,16.6,22.7,0
343,2022-11,22.7,22.7,34.7,34.7,9
343,2022-12,34.7,28.5,25.6,31.8,0
343,2023-01,31.8,20.7,13.0,24.1,0
343,2023-02,24.1,12.8,12.2,23.5,0
343,2023-03,23.5,21.2,20.3,22.7,0
343,2023-04,22.7,22.7,24.2,24.2,0
343,2023-05,24.2,18.4,18.3,24.1,0
343,2023-06,24.1,24.1,24.2,24.2,0
343,2023-07,24.2,20.4,21.3,25.2,0
343,2023-08,25.2,17.1,17.8,25.8,0
343,2023-09,25.8,25.8,21.5,21.5,1
343,2023-10,21.5,17.6,21.5,25.3,0
343,2023-11,25.3,25.3,34.1,34.1,10
343,2023-12,34.1,29.4,27.4,32.0,0
343,2024-01,32.0,19.1,10.6,23.5,0
343,2024-02,23.5,18.2,20.8,26.1,0
343,2024-03,26.1,18.4,16.4,24.1,0
343,2024-04,24.1,16.8,17.3,24.5,0
343,2024-05,24.5,19.3,19.2,24.5,0
343,2024-06,24.5,20.2,20.3,24.5,0
343,2024-07,24.5,17.7,16.6,23.4,0
343,2024-08,23.4,16.8,17.0,23.6,0
343,2024-09,23.6,15.6,17.1,25.0,0
343,2024-10,25.0,21.4,19.2,22.9,0
343,2024-11,22.9,22.9,33.6,33.6,12
343,2024-12,33.6,23.0,21.2,31.8,0
343,2025-01,31.8,12.6,5.7,24.9,0
343,2025-02,24.9,24.9,22.4,22.4,5
343,2025-03,22.4,21.4,24.9,25.9,0
343,2025-04,25.9,21.9,20.7,24.7,0
343,2025-05,24.7,14.3,13.6,24.1,0
343,2025-06,24.1,20.6,21.9,25.4,0
343,2025-07,25.4,17.8,16.0,23.6,0
343,2025-08,23.6,20.6,21.9,24.9,0
343,2025-09,24.9,15.9,14.2,23.2,0
343,2025-10,23.2,16.0,15.6,22.8,0
343,2025-11,22.8,22.8,34.4,34.4,10
343,2025-12,34.4,25.9,23.2,31.7,0
344,2021-01,17.5,14.5,14.7,17.7,0
344,2021-02,17.7,9.2,8.7,17.1,0
344,2021-03,17.1,11.3,10.0,15.8,0
344,2021-04,15.8,9.3,9.5,15.9,0
344,2021-05,15.9,8.4,10.1,17.6,0
344,2021-06,17.6,11.8,10.2,16.0,0
344,2021-07,16.0,9.7,11.5,17.8,0
344,2021-08,17.8,12.3,11.9,17.4,0
344,2021-09,17.4,12.1,11.0,16.2,0
344,2021-10,16.2,13.4,12.7,15.6,0
344,2021-11,15.6,15.6,22.7,22.7,1
344,2021-12,22.7,15.7,12.6,19.6,0
344,2022-01,19.6,12.1,9.0,16.5,0
344,2022-02,16.5,13.3,12.2,15.4,0
344,2022-03,15.4,7.8,9.7,17.3,0
344,2022-04,17.3,8.7,7.7,16.3,0
344,2022-05,16.3,13.7,13.4,15.9,0
344,2022-06,15.9,11.9,11.9,15.9,0
344,2022-07,15.9,9.7,10.3,16.5,0
344,2022-08,16.5,13.0,13.8,17.3,0
344,2022-09,17.3,10.4,10.7,17.6,0
344,2022-10,17.6,12.9,11.2,15.9,0
344,2022-11,15.9,13.3,23.7,26.2,0
344,2022-12,26.2,14.4,9.7,21.5,0
344,2023-01,21.5,12.3,8.2,17.3,0
344,2023-02,17.3,15.1,14.1,16.4,0
344,2023-03,16.4,10.8,11.0,16.5,0
344,2023-04,16.5,11.6,10.7,15.7,0
344,2023-05,15.7,10.7,12.2,17.2,0
344,2023-06,17.2,9.8,10.0,17.4,0
344,2023-07,17.4,11.7,11.9,17.6,0
344,2023-08,17.6,12.2,11.1,16.4,0
344,2023-09,16.4,9.2,9.1,16.3,0
344,2023-10,16.3,11.9,13.3,17.8,0
344,2023-11,17.8,16.9,25.4,26.2,0
344,2023-12,26.2,14.6,9.4,21.0,0
344,2024-01,21.0,12.6,9.6,17.9,0
344,2024-02,17.9,14.8,13.5,16.6,0
344,2024-03,16.6,12.8,12.0,15.8,0
344,2024-04,15.8,10.3,12.0,17.6,0
344,2024-05,17.6,14.0,13.3,16.8,0
344,2024-06,16.8,10.3,11.1,17.7,0
344,2024-07,17.7,13.5,13.4,17.5,0
344,2024-08,17.5,14.9,14.4,16.9,0
344,2024-09,16.9,12.0,13.2,18.0,0
344,2024-10,18.0,13.8,13.9,18.1,0
344,2024-11,18.1,17.3,23.8,24.6,0
344,2024-12,24.6,11.7,8.8,21.7,0
344,2025-01,21.7,6.2,2.1,17.5,0
344,2025-02,17.5,15.8,16.2,17.9,0
344,2025-03,17.9,10.9,9.3,16.3,0
344,2025-04,16.3,10.0,10.3,16.5,0
344,2025-05,16.5,12.0,13.0,17.5,0
344,2025-06,17.5,14.5,14.1,17.1,0
344,2025-07,17.1,10.9,10.9,17.1,0
344,2025-08,17.1,13.4,12.5,16.2,0
344,2025-09,16.2,11.9,12.1,16.5,0
344,2025-10,16.5,13.7,15.0,17.8,0
344,2025-11,17.8,17.8,23.4,23.4,4
344,2025-12,23.4,12.5,10.1,21.0,0
345,2021-01,63.2,51.0,43.7,55.9,0
345,2021-02,55.9,53.3,59.9,62.6,0
345,2021-03,62.6,49.4,48.8,61.9,0
345,2021-04,61.9,32.7,34.4,63.6,0
345,2021-05,63.6,34.5,29.1,58.2,0
345,2021-06,58.2,43.9,46.1,60.4,0
345,2021-07,60.4,42.0,45.8,64.2,0
345,2021-08,64.2,44.3,37.9,57.8,0
345,2021-09,57.8,33.8,34.3,58.3,0
345,2021-10,58.3,51.2,52.6,59.7,0
345,2021-11,59.7,59.7,92.6,92.6,1
345,2021-12,92.6,62.1,43.4,74.0,0
345,2022-01,74.0,39.8,29.8,64.1,0
345,2022-02,64.1,45.7,41.0,59.4,0
345,2022-03,59.4,51.5,55.5,63.4,0
345,2022-04,63.4,46.1,46.5,63.8,0
345,2022-05,63.8,49.8,47.7,61.6,0
345,2022-06,61.6,51.6,51.3,61.4,0
345,2022-07,61.4,43.7,42.7,60.5,0
345,2022-08,60.5,55.0,58.5,64.0,0
345,2022-09,64.0,39.2,33.6,58.4,0
345,2022-10,58.4,36.6,39.9,61.7,0
345,2022-11,61.7,61.7,87.1,87.1,1
345,2022-12,87.1,45.7,37.5,78.9,0
345,2023-01,78.9,30.9,14.6,62.6,0
345,2023-02,62.6,45.7,48.0,64.8,0
345,2023-03,64.8,37.5,34.7,62.1,0
345,2023-04,62.1,42.1,44.0,63.9,0
345,2023-05,63.9,45.0,46.0,65.0,0
345,2023-06,65.0,40.2,39.0,63.7,0
345,2023-07,63.7,46.3,40.0,57.4,0
345,2023-08,57.4,53.3,51.4,55.5,0
345,2023-09,55.5,43.9,43.9,55.4,0
345,2023-10,55.4,36.3,40.6,59.8,0
345,2023-11,59.8,59.8,79.7,79.7,7
345,2023-12,79.7,66.7,63.6,76.6,0
345,2024-01,76.6,35.0,19.6,61.2,0
345,2024-02,61.2,38.5,34.9,57.6,0
345,2024-03,57.6,33.8,41.1,64.9,0
345,2024-04,64.9,50.0,43.2,58.2,0
345,2024-05,58.2,45.3,51.7,64.6,0
345,2024-06,64.6,45.2,39.3,58.7,0
345,2024-07,58.7,31.3,34.8,62.2,0
345,2024-08,62.2,39.3,35.2,58.1,0
345,2024-09,58.1,47.0,45.9,57.0,0
345,2024-10,57.0,52.5,52.9,57.4,0
345,2024-11,57.4,57.4,93.6,93.6,2
345,2024-12,93.6,49.9,32.8,76.6,0
345,2025-01,76.6,41.2,29.0,64.4,0
345,2025-02,64.4,37.4,35.9,62.9,0
345,2025-03,62.9,47.6,49.8,65.1,0
345,2025-04,65.1,38.7,34.7,61.0,0
345,2025-05,61.0,44.9,47.4,63.5,0
345,2025-06,63.5,57.4,55.0,61.1,0
345,2025-07,61.1,48.5,50.5,63.2,0
345,2025-08,63.2,42.5,37.6,58.3,0
345,2025-09,58.3,51.4,56.8,63.7,0
345,2025-10,63.7,54.1,52.8,62.4,0
345,2025-11,62.4,62.4,80.1,80.1,3
345,2025-12,80.1,65.1,64.1,79.2,0
346,2021-01,81.1,26.1,25.9,80.9,0
346,2021-02,80.9,20.5,18.6,79.1,0
346,2021-03,79.1,30.0,31.0,80.0,0
346,2021-04,80.0,20.0,21.7,81.8,0
346,2021-05,81.8,29.1,27.8,80.5,0
346,2021-06,80.5,29.4,29.0,80.0,0
346,2021-07,80.0,20.7,20.8,80.2,0
346,2021-08,80.2,22.5,24.7,82.3,0
346,2021-09,82.3,25.5,23.8,80.6,0
346,2021-10,80.6,11.8,10.7,79.6,0
346,2021-11,79.6,33.7,67.1,113.0,0
346,2021-12,113.0,36.9,24.1,100.2,0
346,2022-01,100.2,21.7,2.3,80.7,0
346,2022-02,80.7,30.9,30.5,80.3,0
346,2022-03,80.3,22.4,23.5,81.4,0
346,2022-04,81.4,23.3,20.4,78.5,0
346,2022-05,78.5,25.0,27.3,80.8,0
346,2022-06,80.8,27.4,28.6,82.0,0
346,2022-07,82.0,18.1,16.9,80.8,0
346,2022-08,80.8,23.1,23.7,81.4,0
346,2022-09,81.4,21.6,21.9,81.7,0
346,2022-10,81.7,24.4,21.0,78.3,0
346,2022-11,78.3,38.8,66.6,106.1,0
346,2022-12,106.1,28.4,22.6,100.3,0
346,2023-01,100.3,23.6,3.9,80.6,0
346,2023-02,80.6,25.0,24.1,79.7,0
346,2023-03,79.7,20.9,21.5,80.3,0
346,2023-04,80.3,17.2,17.4,80.5,0
346,2023-05,80.5,27.9,24.8,77.4,0
346,2023-06,77.4,28.0,32.8,82.1,0
346,2023-07,82.1,24.2,23.2,81.2,0
346,2023-08,81.2,26.0,22.5,77.7,0
346,2023-09,77.7,24.1,25.2,78.7,0
346,2023-10,78.7,21.0,22.5,80.2,0
346,2023-11,80.2,27.2,62.6,115.5,0
346,2023-12,115.5,31.9,15.3,99.0,0
346,2024-01,99.0,20.7,2.7,80.9,0
346,2024-02,80.9,23.0,20.2,78.1,0
346,2024-03,78.1,32.0,35.2,81.3,0
346,2024-04,81.3,20.6,20.2,80.9,0
346,2024-05,80.9,23.8,21.1,78.3,0
346,2024-06,78.3,26.1,30.3,82.5,0
346,2024-07,82.5,18.9,16.5,80.1,0
346,2024-08,80.1,14.0,13.3,79.4,0
346,2024-09,79.4,21.0,22.6,81.0,0
346,2024-10,81.0,27.0,25.8,79.7,0
346,2024-11,79.7,34.2,63.2,108.6,0
346,2024-12,108.6,31.3,21.9,99.3,0
346,2025-01,99.3,16.0,0.0,83.2,0
346,2025-02,83.2,23.1,20.7,80.8,0
346,2025-03,80.8,29.9,29.3,80.2,0
346,2025-04,80.2,24.7,26.8,82.3,0
346,2025-05,82.3,25.3,23.0,80.1,0
346,2025-06,80.1,18.9,19.9,81.0,0
346,2025-07,81.0,23.3,21.8,79.5,0
346,2025-08,79.5,24.7,24.0,78.7,0
346,2025-09,78.7,22.8,22.9,78.7,0
346,2025-10,78.7,26.5,27.4,79.6,0
346,2025-11,79.6,33.6,62.0,108.0,0
346,2025-12,108.0,28.1,22.2,102.2,0
347,2021-01,7.2,1.9,1.8,7.1,0
347,2021-02,7.1,2.3,2.2,7.0,0
347,2021-03,7.0,1.6,1.9,7.3,0
347,2021-04,7.3,2.7,2.6,7.2,0
347,2021-05,7.2,1.8,1.8,7.2,0
347,2021-06,7.2,2.0,2.0,7.1,0
347,2021-07,7.1,2.5,2.7,7.3,0
347,2021-08,7.3,1.5,1.3,7.1,0
347,2021-09,7.1,2.7,2.7,7.1,0
347,2021-10,7.1,1.7,1.5,7.0,0
347,2021-11,7.0,2.8,5.4,9.5,0
347,2021-12,9.5,2.6,2.1,9.1,0
347,2022-01,9.1,1.6,0.0,7.5,0
347,2022-02,7.5,2.2,1.7,7.0,0
347,2022-03,7.0,2.2,2.1,6.9,0
347,2022-04,6.9,1.9,2.3,7.3,0
347,2022-05,7.3,1.4,1.4,7.2,0
347,2022-06,7.2,2.1,2.0,7.2,0
347,2022-07,7.2,1.7,1.8,7.2,0
347,2022-08,7.2,1.4,1.4,7.2,0
347,2022-09,7.2,1.7,1.5,7.1,0
347,2022-10,7.1,1.5,1.5,7.0,0
347,2022-11,7.0,2.6,6.2,10.6,0
347,2022-12,10.6,2.2,0.6,9.0,0
347,2023-01,9.0,1.8,0.0,7.2,0
347,2023-02,7.2,2.4,2.2,7.0,0
347,2023-03,7.0,2.1,2.1,7.1,0
347,2023-04,7.1,2.1,2.3,7.3,0
347,2023-05,7.3,2.3,2.2,7.2,0
347,2023-06,7.2,2.0,2.0,7.2,0
347,2023-07,7.2,2.0,1.7,6.9,0
347,2023-08,6.9,2.3,2.2,6.9,0
347,2023-09,6.9,1.5,1.7,7.1,0
347,2023-10,7.1,1.7,1.9,7.3,0
347,2023-11,7.3,3.3,5.9,9.8,0
347,2023-12,9.8,2.6,1.9,9.1,0
347,2024-01,9.1,1.6,0.0,7.5,0
347,2024-02,7.5,1.6,1.2,7.1,0
347,2024-03,7.1,1.8,1.9,7.1,0
347,2024-04,7.1,2.1,2.1,7.2,0
347,2024-05,7.2,2.2,1.9,6.9,0
347,2024-06,6.9,2.3,2.3,6.9,0
347,2024-07,6.9,2.0,2.0,7.0,0
347,2024-08,7.0,2.0,2.3,7.2,0
347,2024-09,7.2,1.5,1.5,7.2,0
347,2024-10,7.2,1.9,1.9,7.1,0
347,2024-11,7.1,3.3,6.4,10.3,0
347,2024-12,10.3,3.1,1.7,8.9,0
347,2025-01,8.9,1.7,0.0,7.2,0
347,2025-02,7.2,1.7,1.5,7.0,0
347,2025-03,7.0,2.0,2.3,7.3,0
347,2025-04,7.3,2.0,1.7,7.0,0
347,2025-05,7.0,1.6,1.7,7.1,0
347,2025-06,7.1,1.5,1.6,7.2,0
347,2025-07,7.2,2.1,2.0,7.1,0
347,2025-08,7.1,1.5,1.4,7.0,0
347,2025-09,7.0,2.4,2.5,7.1,0
347,2025-10,7.1,2.2,2.0,6.9,0
347,2025-11,6.9,2.4,6.2,10.7,0
347,2025-12,10.7,2.7,0.9,8.9,0
348,2021-01,114.7,67.9,68.4,115.3,0
348,2021-02,115.3,52.6,52.4,115.1,0
348,2021-03,115.1,58.9,54.7,110.8,0
348,2021-04,110.8,58.4,65.0,117.4,0
348,2021-05,117.4,44.1,36.0,109.3,0
348,2021-06,109.3,76.6,76.9,109.6,0
348,2021-07,109.6,78.7,86.8,117.6,0
348,2021-08,117.6,59.0,50.4,109.1,0
348,2021-09,109.1,65.8,66.5,109.8,0
348,2021-10,109.8,46.6,46.0,109.2,0
348,2021-11,109.2,72.8,134.5,170.9,0
348,2021-12,170.9,65.3,38.2,143.8,0
348,2022-01,143.8,45.9,14.8,112.7,0
348,2022-02,112.7,55.0,55.8,113.4,0
348,2022-03,113.4,39.7,36.4,110.2,0
348,2022-04,110.2,43.0,41.6,108.8,0
348,2022-05,108.8,56.7,57.2,109.4,0
348,2022-06,109.4,50.2,54.0,113.2,0
348,2022-07,113.2,42.8,38.6,109.0,0
348,2022-08,109.0,37.7,39.3,110.7,0
348,2022-09,110.7,58.1,55.4,108.0,0
348,2022-10,108.0,83.5,83.4,107.9,0
348,2022-11,107.9,70.3,121.0,158.6,0
348,2022-12,158.6,79.1,54.8,134.3,0
348,2023-01,134.3,74.6,47.2,106.9,0
348,2023-02,106.9,48.0,54.1,112.9,0
348,2023-03,112.9,46.8,44.2,110.3,0
348,2023-04,110.3,58.2,64.0,116.2,0
348,2023-05,116.2,53.3,45.6,108.4,0
348,2023-06,108.4,50.7,58.6,116.3,0
348,2023-07,116.3,36.8,33.6,113.2,0
348,2023-08,113.2,32.8,31.7,112.1,0
348,2023-09,112.1,74.3,70.7,108.5,0
348,2023-10,108.5,42.7,50.5,116.3,0
348,2023-11,116.3,84.6,123.5,155.2,0
348,2023-12,155.2,61.5,50.1,143.9,0
348,2024-01,143.9,40.8,10.9,113.9,0
348,2024-02,113.9,58.1,60.1,116.0,0
348,2024-03,116.0,67.4,58.4,107.0,0
348,2024-04,107.0,63.5,66.0,109.5,0
348,2024-05,109.5,56.7,55.8,108.7,0
348,2024-06,108.7,58.3,57.2,107.5,0
348,2024-07,107.5,43.5,43.2,107.2,0
348,2024-08,107.2,56.6,60.1,110.7,0
348,2024-09,110.7,48.0,51.7,114.4,0
348,2024-10,114.4,55.4,47.5,106.6,0
348,2024-11,106.6,81.5,135.5,160.6,0
348,2024-12,160.6,45.8,26.3,141.1,0
348,2025-01,141.1,52.2,25.5,114.4,0
348,2025-02,114.4,57.1,59.3,116.6,0
348,2025-03,116.6,48.4,46.1,114.3,0
348,2025-04,114.3,60.4,59.0,112.8,0
348,2025-05,112.8,32.9,33.6,113.6,0
348,2025-06,113.6,55.0,48.8,107.3,0
348,2025-07,107.3,45.3,55.2,117.1,0
348,2025-08,117.1,41.7,38.3,113.8,0
348,2025-09,113.8,52.5,46.3,107.5,0
348,2025-10,107.5,45.9,53.8,115.4,0
348,2025-11,115.4,83.5,123.4,155.3,0
348,2025-12,155.3,60.9,46.4,140.8,0
349,2021-01,18.6,10.2,9.8,18.3,0
349,2021-02,18.3,9.3,10.0,19.0,0
349,2021-03,19.0,6.6,5.7,18.0,0
349,2021-04,18.0,5.6,5.7,18.2,0
349,2021-05,18.2,8.2,7.5,17.5,0
349,2021-06,17.5,7.2,8.3,18.6,0
349,2021-07,18.6,9.3,8.7,18.1,0
349,2021-08,18.1,9.3,9.2,17.9,0
349,2021-09,17.9,9.3,10.0,18.7,0
349,2021-10,18.7,9.2,8.5,17.9,0
349,2021-11,17.9,12.8,20.1,25.2,0
349,2021-12,25.2,10.5,7.9,22.6,0
349,2022-01,22.6,9.4,5.7,18.8,0
349,2022-02,18.8,8.0,8.0,18.8,0
349,2022-03,18.8,4.0,3.7,18.5,0
349,2022-04,18.5,10.7,10.9,18.7,0
349,2022-05,18.7,11.5,10.9,18.1,0
349,2022-06,18.1,10.1,10.8,18.8,0
349,2022-07,18.8,8.6,7.4,17.5,0
349,2022-08,17.5,8.5,8.5,17.5,0
349,2022-09,17.5,7.7,8.1,17.9,0
349,2022-10,17.9,7.0,6.9,17.8,0
349,2022-11,17.8,12.0,19.0,24.7,0
349,2022-12,24.7,9.9,7.8,22.7,0
349,2023-01,22.7,8.1,4.0,18.6,0
349,2023-02,18.6,8.1,7.4,17.9,0
349,2023-03,17.9,9.1,8.9,17.6,0
349,2023-04,17.6,7.4,7.6,17.8,0
349,2023-05,17.8,11.3,12.1,18.6,0
349,2023-06,18.6,8.2,7.1,17.6,0
349,2023-07,17.6,9.0,9.0,17.6,0
349,2023-08,17.6,6.4,6.4,17.5,0
349,2023-09,17.5,11.7,12.5,18.4,0
349,2023-10,18.4,7.3,6.6,17.7,0
349,2023-11,17.7,11.4,20.1,26.4,0
349,2023-12,26.4,9.2,5.6,22.8,0
349,2024-01,22.8,10.1,5.1,17.8,0
349,2024-02,17.8,10.8,10.0,17.0,0
349,2024-03,17.0,7.7,9.7,18.9,0
349,2024-04,18.9,11.2,10.1,17.8,0
349,2024-05,17.8,8.9,8.7,17.6,0
349,2024-06,17.6,8.1,8.1,17.6,0
349,2024-07,17.6,10.4,10.5,17.7,0
349,2024-08,17.7,11.6,12.8,19.0,0
349,2024-09,19.0,9.2,8.4,18.1,0
349,2024-10,18.1,8.4,8.0,17.7,0
349,2024-11,17.7,14.8,20.7,23.6,0
349,2024-12,23.6,13.1,11.1,21.6,0
349,2025-01,21.6,8.3,4.7,18.1,0
349,2025-02,18.1,9.8,9.8,18.1,0
349,2025-03,18.1,7.3,7.5,18.3,0
349,2025-04,18.3,7.5,8.0,18.8,0
349,2025-05,18.8,7.0,6.2,17.9,0
349,2025-06,17.9,7.5,8.2,18.6,0
349,2025-07,18.6,9.9,10.3,18.9,0
349,2025-08,18.9,9.5,8.5,17.9,0
349,2025-09,17.9,8.7,9.0,18.2,0
349,2025-10,18.2,10.7,9.7,17.2,0
349,2025-11,17.2,11.0,21.7,27.9,0
349,2025-12,27.9,11.6,7.2,23.5,0
350,2021-01,3.4,3.4,3.3,3.3,9
350,2021-02,3.3,3.3,3.0,3.0,12
350,2021-03,3.0,3.0,3.0,3.0,12
350,2021-04,3.0,3.0,3.4,3.4,4
350,2021-05,3.4,3.4,3.1,3.1,10
350,2021-06,3.1,3.1,3.5,3.5,11
350,2021-07,3.5,3.5,3.0,3.0,11
350,2021-08,3.0,3.0,3.2,3.2,12
350,2021-09,3.2,3.2,2.9,2.9,12
350,2021-10,2.9,2.9,3.0,3.0,15
350,2021-11,3.0,3.0,4.5,4.5,18
350,2021-12,4.5,4.5,4.5,4.5,11
350,2022-01,4.5,4.5,3.4,3.4,10
350,2022-02,3.4,3.4,3.1,3.1,12
350,2022-03,3.1,3.1,3.3,3.3,16
350,2022-04,3.3,3.3,3.3,3.3,15
350,2022-05,3.3,3.3,3.0,3.0,8
350,2022-06,3.0,3.0,3.6,3.6,15
350,2022-07,3.6,3.6,3.6,3.6,15
350,2022-08,3.6,3.6,3.4,3.4,12
350,2022-09,3.4,3.4,3.4,3.4,11
350,2022-10,3.4,3.4,3.5,3.5,12
350,2022-11,3.5,3.5,4.8,4.8,17
350,2022-12,4.8,4.8,4.0,4.0,11
350,2023-01,4.0,4.0,3.5,3.5,12
350,2023-02,3.5,3.5,3.3,3.3,11
350,2023-03,3.3,3.3,3.2,3.2,11
350,2023-04,3.2,3.2,3.0,3.0,9
350,2023-05,3.0,3.0,3.5,3.5,15
350,2023-06,3.5,3.5,3.3,3.3,4
350,2023-07,3.3,3.3,3.5,3.5,9
350,2023-08,3.5,3.5,3.0,3.0,11
350,2023-09,3.0,3.0,3.4,3.4,10
350,2023-10,3.4,3.4,3.4,3.4,14
350,2023-11,3.4,3.4,4.8,4.8,18
350,2023-12,4.8,4.8,4.2,4.2,7
350,2024-01,4.2,4.2,3.2,3.2,1
350,2024-02,3.2,3.2,3.2,3.2,8
350,2024-03,3.2,3.2,3.1,3.1,12
350,2024-04,3.1,3.1,3.3,3.3,11
350,2024-05,3.3,3.3,3.4,3.4,14
350,2024-06,3.4,3.4,3.0,3.0,8
350,2024-07,3.0,3.0,3.1,3.1,11
350,2024-08,3.1,3.1,3.5,3.5,13
350,2024-09,3.5,3.5,3.2,3.2,10
350,2024-10,3.2,3.2,3.5,3.5,14
350,2024-11,3.5,3.5,4.9,4.9,13
350,2024-12,4.9,4.9,4.4,4.4,11
350,2025-01,4.4,4.4,3.3,3.3,4
350,2025-02,3.3,3.3,3.5,3.5,11
350,2025-03,3.5,3.5,3.2,3.2,13
350,2025-04,3.2,3.2,2.9,2.9,14
350,2025-05,2.9,2.9,3.5,3.5,15
350,2025-06,3.5,3.5,3.6,3.6,13
350,2025-07,3.6,3.6,3.1,3.1,5
350,2025-08,3.1,3.1,3.1,3.1,14
350,2025-09,3.1,3.1,3.6,3.6,2
350,2025-10,3.6,3.6,3.2,3.2,11
350,2025-11,3.2,3.2,4.9,4.9,17
350,2025-12,4.9,4.9,3.8,3.8,10
351,2021-01,3.4,2.0,2.0,3.3,0
351,2021-02,3.3,1.5,1.4,3.2,0
351,2021-03,3.2,2.3,2.6,3.5,0
351,2021-04,3.5,1.9,1.5,3.1,0
351,2021-05,3.1,2.6,2.7,3.2,0
351,2021-06,3.2,2.1,2.2,3.3,0
351,2021-07,3.3,2.6,2.3,3.0,0
351,2021-08,3.0,2.3,2.7,3.5,0
351,2021-09,3.5,2.6,2.2,3.1,0
351,2021-10,3.1,1.7,2.1,3.5,0
351,2021-11,3.5,2.9,3.9,4.4,0
351,2021-12,4.4,2.8,2.4,4.1,0
351,2022-01,4.1,2.3,1.4,3.2,0
351,2022-02,3.2,1.7,2.0,3.4,0
351,2022-03,3.4,1.5,1.4,3.2,0
351,2022-04,3.2,1.8,1.6,3.1,0
351,2022-05,3.1,2.6,2.8,3.3,0
351,2022-06,3.3,2.1,2.0,3.2,0
351,2022-07,3.2,1.6,1.8,3.4,0
351,2022-08,3.4,1.9,2.0,3.4,0
351,2022-09,3.4,2.2,2.2,3.5,0
351,2022-10,3.5,2.3,2.1,3.2,0
351,2022-11,3.2,3.0,4.3,4.5,0
351,2022-12,4.5,2.7,2.3,4.1,0
351,2023-01,4.1,2.1,1.4,3.4,0
351,2023-02,3.4,2.3,2.3,3.4,0
351,2023-03,3.4,2.2,2.1,3.3,0
351,2023-04,3.3,1.9,1.7,3.1,0
351,2023-05,3.1,1.7,2.0,3.3,0
351,2023-06,3.3,1.4,1.3,3.3,0
351,2023-07,3.3,2.2,2.3,3.3,0
351,2023-08,3.3,1.8,1.7,3.2,0
351,2023-09,3.2,2.1,2.4,3.4,0
351,2023-10,3.4,2.1,1.8,3.1,0
351,2023-11,3.1,3.1,4.7,4.7,0
351,2023-12,4.7,2.8,1.9,3.9,0
351,2024-01,3.9,2.0,1.4,3.3,0
351,2024-02,3.3,2.8,2.8,3.3,0
351,2024-03,3.3,2.1,1.9,3.1,0
351,2024-04,3.1,1.9,2.1,3.3,0
351,2024-05,3.3,1.7,1.7,3.2,0
351,2024-06,3.2,2.6,2.6,3.2,0
351,2024-07,3.2,2.7,2.7,3.2,0
351,2024-08,3.2,1.5,1.7,3.4,0
351,2024-09,3.4,2.0,2.1,3.5,0
351,2024-10,3.5,1.9,1.7,3.2,0
351,2024-11,3.2,2.8,4.0,4.4,0
351,2024-12,4.4,2.9,2.8,4.3,0
351,2025-01,4.3,2.5,1.3,3.2,0
351,2025-02,3.2,2.4,2.3,3.2,0
351,2025-03,3.2,1.8,1.8,3.1,0
351,2025-04,3.1,2.5,2.7,3.3,0
351,2025-05,3.3,2.1,2.3,3.4,0
351,2025-06,3.4,1.8,1.7,3.3,0
351,2025-07,3.3,2.4,2.3,3.3,0
351,2025-08,3.3,2.3,2.3,3.3,0
351,2025-09,3.3,2.1,2.2,3.4,0
351,2025-10,3.4,2.3,2.1,3.2,0
351,2025-11,3.2,3.0,4.8,5.0,0
351,2025-12,5.0,1.8,0.9,4.1,0
352,2021-01,107.4,21.5,20.6,106.4,0
352,2021-02,106.4,75.0,74.8,106.2,0
352,2021-03,106.2,58.7,59.0,106.5,0
352,2021-04,106.5,69.7,64.0,100.8,0
352,2021-05,100.8,42.8,50.8,108.8,0
352,2021-06,108.8,73.4,73.2,108.6,0
352,2021-07,108.6,65.8,57.1,99.9,0
352,2021-08,99.9,56.8,57.4,100.6,0
352,2021-09,100.6,74.8,82.9,108.7,0
352,2021-10,108.7,72.7,64.6,100.5,0
352,2021-11,100.5,83.1,131.0,148.4,0
352,2021-12,148.4,90.3,70.2,128.3,0
352,2022-01,128.3,68.5,46.9,106.8,0
352,2022-02,106.8,71.0,61.0,96.7,0
352,2022-03,96.7,41.7,50.1,105.1,0
352,2022-04,105.1,62.7,61.7,104.1,0
352,2022-05,104.1,67.1,66.1,103.1,0
352,2022-06,103.1,63.5,69.0,108.5,0
352,2022-07,108.5,45.5,38.2,101.3,0
352,2022-08,101.3,68.3,66.0,99.0,0
352,2022-09,99.0,51.8,52.9,100.1,0
352,2022-10,100.1,65.3,73.6,108.4,0
352,2022-11,108.4,83.7,130.8,155.4,0
352,2022-12,155.4,91.9,70.6,134.1,0
352,2023-01,134.1,60.9,34.7,108.0,0
352,2023-02,108.0,53.9,55.0,109.0,0
352,2023-03,109.0,61.1,51.3,99.1,0
352,2023-04,99.1,72.9,84.1,110.4,0
352,2023-05,110.4,74.7,70.9,106.5,0
352,2023-06,106.5,82.1,71.5,95.9,0
352,2023-07,95.9,55.8,67.2,107.2,0
352,2023-08,107.2,73.7,65.3,98.8,0
352,2023-09,98.8,92.6,102.9,109.1,0
352,2023-10,109.1,49.9,44.6,103.8,0
352,2023-11,103.8,87.2,133.9,150.6,0
352,2023-12,150.6,78.3,52.9,125.2,0
352,2024-01,125.2,66.8,48.8,107.2,0
352,2024-02,107.2,67.0,70.0,110.2,0
352,2024-03,110.2,60.9,50.4,99.7,0
352,2024-04,99.7,57.8,57.3,99.3,0
352,2024-05,99.3,59.4,67.8,107.6,0
352,2024-06,107.6,43.7,42.5,106.4,0
352,2024-07,106.4,77.8,77.9,106.5,0
352,2024-08,106.5,62.0,65.5,110.0,0
352,2024-09,110.0,65.0,58.4,103.4,0
352,2024-10,103.4,68.9,73.1,107.7,0
352,2024-11,107.7,99.9,133.1,140.8,0
352,2024-12,140.8,84.7,81.6,137.6,0
352,2025-01,137.6,70.5,35.2,102.4,0
352,2025-02,102.4,61.7,64.8,105.5,0
352,2025-03,105.5,80.8,75.7,100.4,0
352,2025-04,100.4,72.3,72.6,100.6,0
352,2025-05,100.6,59.6,60.0,101.1,0
352,2025-06,101.1,68.8,76.0,108.2,0
352,2025-07,108.2,48.8,42.7,102.2,0
352,2025-08,102.2,74.6,71.6,99.1,0
352,2025-09,99.1,76.6,84.2,106.7,0
352,2025-10,106.7,59.2,51.6,99.1,0
352,2025-11,99.1,95.9,147.9,151.1,0
352,2025-12,151.1,87.6,68.1,131.5,0
353,2021-01,36.2,36.2,33.6,33.6,15
353,2021-02,33.6,33.6,30.9,30.9,16
353,2021-03,30.9,30.9,33.1,33.1,18
353,2021-04,33.1,33.1,31.8,31.8,17
353,2021-05,31.8,31.8,36.2,36.2,6
353,2021-06,36.2,36.2,32.8,32.8,9
353,2021-07,32.8,32.8,31.2,31.2,13
353,2021-08,31.2,31.2,35.8,35.8,13
353,2021-09,35.8,35.8,38.0,38.0,6
353,2021-10,38.0,38.0,31.2,31.2,12
353,2021-11,31.2,31.2,54.2,54.2,15
353,2021-12,54.2,54.2,39.7,39.7,9
353,2022-01,39.7,39.7,31.8,31.8,4
353,2022-02,31.8,31.8,34.5,34.5,11
353,2022-03,34.5,34.5,38.0,38.0,14
353,2022-04,38.0,38.0,35.9,35.9,8
353,2022-05,35.9,35.9,33.0,33.0,3
353,2022-06,33.0,33.0,35.5,35.5,11
353,2022-07,35.5,35.5,36.2,36.2,11
353,2022-08,36.2,36.2,32.6,32.6,15
353,2022-09,32.6,32.6,36.9,36.9,10
353,2022-10,36.9,36.9,35.3,35.3,14
353,2022-11,35.3,35.3,54.8,54.8,20
353,2022-12,54.8,54.8,41.7,41.7,13
353,2023-01,41.7,41.7,32.1,32.1,5
353,2023-02,32.1,32.1,33.2,33.2,16
353,2023-03,33.2,33.2,37.0,37.0,17
353,2023-04,37.0,37.0,36.5,36.5,13
353,2023-05,36.5,36.5,33.6,33.6,0
353,2023-06,33.6,33.6,33.7,33.7,15
353,2023-07,33.7,33.7,37.7,37.7,11
353,2023-08,37.7,37.7,31.2,31.2,14
353,2023-09,31.2,31.2,36.6,36.6,17
353,2023-10,36.6,36.6,32.9,32.9,10
353,2023-11,32.9,32.9,54.2,54.2,19
353,2023-12,54.2,54.2,40.3,40.3,11
353,2024-01,40.3,40.3,37.2,37.2,12
353,2024-02,37.2,37.2,36.3,36.3,9
353,2024-03,36.3,36.3,36.9,36.9,9
353,2024-04,36.9,36.9,32.9,32.9,11
353,2024-05,32.9,32.9,33.1,33.1,18
353,2024-06,33.1,33.1,31.6,31.6,11
353,2024-07,31.6,31.6,36.3,36.3,20
353,2024-08,36.3,36.3,32.2,32.2,16
353,2024-09,32.2,32.2,33.1,33.1,17
353,2024-10,33.1,33.1,34.7,34.7,16
353,2024-11,34.7,34.7,49.8,49.8,18
353,2024-12,49.8,49.8,42.5,42.5,11
353,2025-01,42.5,42.5,36.6,36.6,9
353,2025-02,36.6,36.6,34.6,34.6,12
353,2025-03,34.6,34.6,31.8,31.8,14
353,2025-04,31.8,31.8,34.6,34.6,15
353,2025-05,34.6,34.6,36.0,36.0,14
353,2025-06,36.0,36.0,37.0,37.0,16
353,2025-07,37.0,37.0,31.4,31.4,12
353,2025-08,31.4,31.4,31.2,31.2,14
353,2025-09,31.2,31.2,31.3,31.3,16
353,2025-10,31.3,31.3,36.1,36.1,15
353,2025-11,36.1,36.1,53.3,53.3,20
353,2025-12,53.3,53.3,39.2,39.2,7
354,2021-01,96.8,45.4,40.9,92.2,0
354,2021-02,92.2,57.7,58.9,93.4,0
354,2021-03,93.4,54.0,59.8,99.2,0
354,2021-04,99.2,49.3,41.6,91.4,0
354,2021-05,91.4,40.6,48.1,98.9,0
354,2021-06,98.9,48.5,45.7,96.0,0
354,2021-07,96.0,37.5,33.7,92.2,0
354,2021-08,92.2,46.6,51.8,97.5,0
354,2021-09,97.5,51.8,48.1,93.7,0
354,2021-10,93.7,47.9,50.2,96.0,0
354,2021-11,96.0,64.9,111.5,142.6,0
354,2021-12,142.6,65.9,45.0,121.6,0
354,2022-01,121.6,36.3,11.5,96.8,0
354,2022-02,96.8,50.5,46.9,93.1,0
354,2022-03,93.1,56.7,61.7,98.1,0
354,2022-04,98.1,31.9,29.8,96.1,0
354,2022-05,96.1,51.7,44.8,89.2,0
354,2022-06,89.2,36.1,38.6,91.7,0
354,2022-07,91.7,34.2,37.5,95.0,0
354,2022-08,95.0,53.2,47.9,89.6,0
354,2022-09,89.6,42.0,48.2,95.9,0
354,2022-10,95.9,48.6,42.5,89.8,0
354,2022-11,89.8,78.7,121.1,132.3,0
354,2022-12,132.3,62.7,47.3,116.8,0
354,2023-01,116.8,52.0,31.1,95.9,0
354,2023-02,95.9,45.1,45.4,96.2,0
354,2023-03,96.2,47.1,46.0,95.1,0
354,2023-04,95.1,42.9,45.3,97.5,0
354,2023-05,97.5,55.3,56.6,98.8,0
354,2023-06,98.8,52.6,49.9,96.1,0
354,2023-07,96.1,57.3,51.8,90.6,0
354,2023-08,90.6,43.6,46.8,93.9,0
354,2023-09,93.9,47.3,52.5,99.1,0
354,2023-10,99.1,52.3,43.9,90.7,0
354,2023-11,90.7,83.6,117.7,124.8,0
354,2023-12,124.8,59.1,52.5,118.1,0
354,2024-01,118.1,41.3,18.1,94.9,0
354,2024-02,94.9,56.4,55.6,94.0,0
354,2024-03,94.0,47.7,45.6,91.9,0
354,2024-04,91.9,42.9,44.8,93.8,0
354,2024-05,93.8,60.2,61.9,95.4,0
354,2024-06,95.4,32.1,33.5,96.9,0
354,2024-07,96.9,39.7,38.4,95.6,0
354,2024-08,95.6,61.2,61.7,96.1,0
354,2024-09,96.1,50.3,47.2,93.0,0
354,2024-10,93.0,37.4,40.6,96.2,0
354,2024-11,96.2,72.7,116.1,139.6,0
354,2024-12,139.6,42.6,21.2,118.2,0
354,2025-01,118.2,43.5,20.1,94.7,0
354,2025-02,94.7,39.4,38.4,93.8,0
354,2025-03,93.8,32.2,31.6,93.1,0
354,2025-04,93.1,48.2,51.1,96.0,0
354,2025-05,96.0,48.2,47.9,95.8,0
354,2025-06,95.8,34.6,31.7,92.9,0
354,2025-07,92.9,44.8,47.8,95.9,0
354,2025-08,95.9,43.0,41.2,94.1,0
354,2025-09,94.1,42.4,38.4,90.2,0
354,2025-10,90.2,49.2,56.8,97.8,0
354,2025-11,97.8,77.1,104.5,125.2,0
354,2025-12,125.2,67.7,62.6,120.1,0
355,2021-01,14.0,8.2,7.5,13.3,0
355,2021-02,13.3,7.3,7.8,13.8,0
355,2021-03,13.8,10.2,10.4,14.0,0
355,2021-04,14.0,3.9,4.1,14.2,0
355,2021-05,14.2,6.4,6.4,14.2,0
355,2021-06,14.2,8.3,8.3,14.3,0
355,2021-07,14.3,5.8,5.8,14.3,0
355,2021-08,14.3,7.8,6.7,13.2,0
355,2021-09,13.2,6.5,6.7,13.5,0
355,2021-10,13.5,8.6,7.8,12.7,0
355,2021-11,12.7,11.1,16.9,18.6,0
355,2021-12,18.6,7.7,5.9,16.8,0
355,2022-01,16.8,7.0,4.3,14.0,0
355,2022-02,14.0,5.4,4.7,13.3,0
355,2022-03,13.3,7.7,7.9,13.5,0
355,2022-04,13.5,9.2,8.4,12.7,0
355,2022-05,12.7,8.1,8.5,13.1,0
355,2022-06,13.1,8.0,8.0,13.2,0
355,2022-07,13.2,7.6,7.6,13.1,0
355,2022-08,13.1,9.9,10.6,13.7,0
355,2022-09,13.7,6.5,6.1,13.3,0
355,2022-10,13.3,7.0,7.1,13.3,0
355,2022-11,13.3,11.2,18.8,20.9,0
355,2022-12,20.9,11.3,8.3,17.9,0
355,2023-01,17.9,8.5,4.4,13.8,0
355,2023-02,13.8,6.9,6.2,13.0,0
355,2023-03,13.0,6.2,6.1,13.0,0
355,2023-04,13.0,6.3,7.6,14.3,0
355,2023-05,14.3,8.9,7.4,12.8,0
355,2023-06,12.8,9.4,10.9,14.3,0
355,2023-07,14.3,6.8,6.3,13.8,0
355,2023-08,13.8,7.9,7.5,13.3,0
355,2023-09,13.3,6.6,7.4,14.1,0
355,2023-10,14.1,5.7,5.3,13.7,0
355,2023-11,13.7,10.7,17.1,20.1,0
355,2023-12,20.1,11.5,8.8,17.4,0
355,2024-01,17.4,7.2,3.8,13.9,0
355,2024-02,13.9,7.5,7.6,14.0,0
355,2024-03,14.0,6.8,6.2,13.4,0
355,2024-04,13.4,7.8,8.5,14.1,0
355,2024-05,14.1,7.9,8.0,14.3,0
355,2024-06,14.3,8.0,7.6,13.9,0
355,2024-07,13.9,7.9,7.0,12.9,0
355,2024-08,12.9,8.7,10.0,14.3,0
355,2024-09,14.3,5.9,5.2,13.6,0
355,2024-10,13.6,9.2,9.9,14.3,0
355,2024-11,14.3,11.8,18.4,20.9,0
355,2024-12,20.9,8.3,4.4,17.0,0
355,2025-01,17.0,8.3,5.2,14.0,0
355,2025-02,14.0,5.5,5.3,13.7,0
355,2025-03,13.7,7.0,7.1,13.8,0
355,2025-04,13.8,9.3,9.1,13.6,0
355,2025-05,13.6,8.7,8.0,13.0,0
355,2025-06,13.0,6.7,7.6,13.8,0
355,2025-07,13.8,7.4,7.6,14.1,0
355,2025-08,14.1,8.4,8.7,14.3,0
355,2025-09,14.3,6.7,5.8,13.4,0
355,2025-10,13.4,5.9,6.3,13.8,0
355,2025-11,13.8,9.5,15.3,19.6,0
355,2025-12,19.6,10.1,8.0,17.5,0
356,2021-01,5.9,4.4,3.9,5.4,0
356,2021-02,5.4,3.5,3.7,5.6,0
356,2021-03,5.6,4.2,4.3,5.7,0
356,2021-04,5.7,3.5,3.8,6.0,0
356,2021-05,6.0,3.0,3.0,5.9,0
356,2021-06,5.9,4.1,3.8,5.5,0
356,2021-07,5.5,4.9,5.4,6.0,0
356,2021-08,6.0,4.4,3.9,5.6,0
356,2021-09,5.6,4.2,4.1,5.5,0
356,2021-10,5.5,4.9,5.2,5.8,0
356,2021-11,5.8,5.7,7.5,7.5,0
356,2021-12,7.5,6.6,6.5,7.5,0
356,2022-01,7.5,4.3,2.8,6.0,0
356,2022-02,6.0,4.3,4.2,5.8,0
356,2022-03,5.8,3.8,3.9,6.0,0
356,2022-04,6.0,3.3,2.9,5.7,0
356,2022-05,5.7,5.4,5.9,6.2,0
356,2022-06,6.2,4.3,3.7,5.6,0
356,2022-07,5.6,4.4,4.0,5.3,0
356,2022-08,5.3,3.8,4.0,5.5,0
356,2022-09,5.5,5.2,5.4,5.7,0
356,2022-10,5.7,3.1,3.1,5.7,0
356,2022-11,5.7,5.7,8.3,8.3,4
356,2022-12,8.3,3.6,2.6,7.4,0
356,2023-01,7.4,4.0,2.5,5.8,0
356,2023-02,5.8,4.5,4.6,5.9,0
356,2023-03,5.9,5.5,4.8,5.3,0
356,2023-04,5.3,4.5,4.7,5.5,0
356,2023-05,5.5,4.7,4.7,5.6,0
356,2023-06,5.6,5.2,5.4,5.7,0
356,2023-07,5.7,4.1,3.9,5.5,0
356,2023-08,5.5,5.5,5.5,5.5,1
356,2023-09,5.5,3.9,3.8,5.4,0
356,2023-10,5.4,4.6,5.0,5.8,0
356,2023-11,5.8,5.8,7.3,7.3,2
356,2023-12,7.3,5.1,5.4,7.5,0
356,2024-01,7.5,2.9,1.2,5.8,0
356,2024-02,5.8,5.8,5.2,5.2,0
356,2024-03,5.2,3.3,3.5,5.4,0
356,2024-04,5.4,4.8,5.2,5.7,0
356,2024-05,5.7,3.5,3.8,6.0,0
356,2024-06,6.0,4.9,4.3,5.4,0
356,2024-07,5.4,3.9,4.1,5.6,0
356,2024-08,5.6,4.9,4.9,5.7,0
356,2024-09,5.7,3.7,3.6,5.5,0
356,2024-10,5.5,3.4,3.5,5.6,0
356,2024-11,5.6,4.5,6.7,7.8,0
356,2024-12,7.8,5.8,5.3,7.4,0
356,2025-01,7.4,4.1,2.7,6.0,0
356,2025-02,6.0,4.4,3.8,5.4,0
356,2025-03,5.4,5.4,5.9,6.0,0
356,2025-04,6.0,4.9,4.7,5.8,0
356,2025-05,5.8,4.7,4.8,5.8,0
356,2025-06,5.8,5.0,5.3,6.1,0
356,2025-07,6.1,3.7,3.4,5.9,0
356,2025-08,5.9,3.9,4.0,5.9,0
356,2025-09,5.9,5.1,4.5,5.3,0
356,2025-10,5.3,3.9,4.2,5.6,0
356,2025-11,5.6,5.6,7.5,7.5,5
356,2025-12,7.5,5.7,4.9,6.7,0
357,2021-01,10.1,7.9,7.1,9.2,0
357,2021-02,9.2,6.4,6.7,9.5,0
357,2021-03,9.5,6.8,7.6,10.3,0
357,2021-04,10.3,7.8,6.7,9.2,0
357,2021-05,9.2,6.8,7.2,9.6,0
357,2021-06,9.6,8.1,8.1,9.6,0
357,2021-07,9.6,6.7,6.5,9.4,0
357,2021-08,9.4,5.3,5.3,9.4,0
357,2021-09,9.4,6.0,5.8,9.3,0
357,2021-10,9.3,6.0,6.9,10.1,0
357,2021-11,10.1,9.2,12.7,13.6,0
357,2021-12,13.6,8.4,6.9,12.1,0
357,2022-01,12.1,8.4,5.6,9.2,0
357,2022-02,9.2,6.6,7.1,9.7,0
357,2022-03,9.7,5.6,5.9,10.0,0
357,2022-04,10.0,5.4,5.1,9.7,0
357,2022-05,9.7,7.6,7.8,9.9,0
357,2022-06,9.9,6.4,6.6,10.0,0
357,2022-07,10.0,7.0,6.1,9.1,0
357,2022-08,9.1,5.0,5.8,9.9,0
357,2022-09,9.9,8.7,7.7,8.9,0
357,2022-10,8.9,7.8,8.4,9.5,0
357,2022-11,9.5,9.5,13.0,13.0,1
357,2022-12,13.0,9.4,9.3,12.8,0
357,2023-01,12.8,7.6,4.8,10.0,0
357,2023-02,10.0,7.0,6.3,9.3,0
357,2023-03,9.3,7.1,8.3,10.5,0
357,2023-04,10.5,8.6,7.6,9.5,0
357,2023-05,9.5,7.1,6.9,9.3,0
357,2023-06,9.3,9.3,10.0,10.0,1
357,2023-07,10.0,6.8,6.5,9.7,0
357,2023-08,9.7,7.3,7.6,9.9,0
357,2023-09,9.9,7.2,7.3,10.0,0
357,2023-10,10.0,5.5,4.8,9.3,0
357,2023-11,9.3,9.3,13.9,13.9,3
357,2023-12,13.9,8.0,6.6,12.6,0
357,2024-01,12.6,4.5,2.1,10.1,0
357,2024-02,10.1,8.9,8.4,9.6,0
357,2024-03,9.6,9.6,10.2,10.2,1
357,2024-04,10.2,6.7,5.7,9.2,0
357,2024-05,9.2,7.4,7.7,9.5,0
357,2024-06,9.5,6.4,6.3,9.5,0
357,2024-07,9.5,5.4,6.0,10.0,0
357,2024-08,10.0,6.2,5.6,9.4,0
357,2024-09,9.4,7.4,7.1,9.1,0
357,2024-10,9.1,5.5,6.1,9.6,0
357,2024-11,9.6,9.6,14.2,14.2,1
357,2024-12,14.2,9.1,7.7,12.7,0
357,2025-01,12.7,6.3,3.6,10.1,0
357,2025-02,10.1,6.4,5.7,9.4,0
357,2025-03,9.4,7.5,7.6,9.5,0
357,2025-04,9.5,6.3,6.9,10.2,0
357,2025-05,10.2,6.6,6.6,10.2,0
357,2025-06,10.2,8.4,7.4,9.1,0
357,2025-07,9.1,5.6,6.2,9.8,0
357,2025-08,9.8,5.4,4.9,9.3,0
357,2025-09,9.3,7.5,7.7,9.5,0
357,2025-10,9.5,6.9,6.8,9.4,0
357,2025-11,9.4,9.4,15.3,15.3,2
357,2025-12,15.3,8.5,6.1,12.9,0
358,2021-01,110.2,24.3,22.1,108.0,0
358,2021-02,108.0,23.6,22.8,107.2,0
358,2021-03,107.2,30.6,32.2,108.8,0
358,2021-04,108.8,21.8,20.8,107.9,0
358,2021-05,107.9,29.0,28.8,107.7,0
358,2021-06,107.7,25.3,28.7,111.1,0
358,2021-07,111.1,38.8,33.7,106.0,0
358,2021-08,106.0,33.0,38.5,111.5,0
358,2021-09,111.5,25.4,22.9,109.0,0
358,2021-10,109.0,39.2,41.6,111.3,0
358,2021-11,111.3,47.0,81.6,145.9,0
358,2021-12,145.9,47.3,40.3,138.9,0
358,2022-01,138.9,33.8,5.3,110.4,0
358,2022-02,110.4,38.8,35.8,107.4,0
358,2022-03,107.4,24.2,23.9,107.1,0
358,2022-04,107.1,18.6,21.0,109.5,0
358,2022-05,109.5,29.7,29.7,109.6,0
358,2022-06,109.6,30.1,28.6,108.0,0
358,2022-07,108.0,25.4,26.0,108.7,0
358,2022-08,108.7,23.1,25.5,111.1,0
358,2022-09,111.1,27.2,22.8,106.7,0
358,2022-10,106.7,31.6,34.7,109.8,0
358,2022-11,109.8,41.7,95.9,164.0,0
358,2022-12,164.0,46.2,18.9,136.8,0
358,2023-01,136.8,26.4,0.0,110.4,0
358,2023-02,110.4,40.1,41.5,111.7,0
358,2023-03,111.7,32.9,29.5,108.3,0
358,2023-04,108.3,30.4,30.9,108.8,0
358,2023-05,108.8,32.6,31.7,108.0,0
358,2023-06,108.0,29.0,31.5,110.5,0
358,2023-07,110.5,33.7,29.7,106.5,0
358,2023-08,106.5,30.0,30.7,107.2,0
358,2023-09,107.2,37.3,37.7,107.6,0
358,2023-10,107.6,37.8,37.7,107.5,0
358,2023-11,107.5,48.3,100.5,159.7,0
358,2023-12,159.7,34.0,11.3,137.0,0
358,2024-01,137.0,20.8,0.0,116.2,0
358,2024-02,116.2,31.1,21.4,106.5,0
358,2024-03,106.5,38.6,38.5,106.4,0
358,2024-04,106.4,40.2,38.9,105.0,0
358,2024-05,105.0,31.0,34.0,108.1,0
358,2024-06,108.1,19.0,19.3,108.3,0
358,2024-07,108.3,31.5,29.5,106.3,0
358,2024-08,106.3,26.8,31.3,110.8,0
358,2024-09,110.8,25.5,24.0,109.3,0
358,2024-10,109.3,22.4,20.4,107.3,0
358,2024-11,107.3,30.5,86.9,163.8,0
358,2024-12,163.8,36.6,10.4,137.6,0
358,2025-01,137.6,28.8,1.3,110.1,0
358,2025-02,110.1,29.1,26.1,107.1,0
358,2025-03,107.1,32.6,35.4,109.8,0
358,2025-04,109.8,32.4,29.4,106.8,0
358,2025-05,106.8,33.7,37.5,110.7,0
358,2025-06,110.7,24.8,22.7,108.6,0
358,2025-07,108.6,28.4,30.9,111.1,0
358,2025-08,111.1,34.4,31.7,108.4,0
358,2025-09,108.4,23.2,25.5,110.7,0
358,2025-10,110.7,39.6,38.2,109.2,0
358,2025-11,109.2,47.0,94.1,156.3,0
358,2025-12,156.3,41.7,22.0,136.6,0
359,2021-01,52.3,13.1,12.1,51.3,0
359,2021-02,51.3,15.1,16.6,52.8,0
359,2021-03,52.8,13.4,12.4,51.8,0
359,2021-04,51.8,17.7,16.9,51.0,0
359,2021-05,51.0,12.1,12.9,51.8,0
359,2021-06,51.8,12.7,12.1,51.2,0
359,2021-07,51.2,10.6,12.3,52.9,0
359,2021-08,52.9,9.6,9.4,52.8,0
359,2021-09,52.8,13.1,13.3,52.9,0
359,2021-10,52.9,12.0,11.3,52.2,0
359,2021-11,52.2,16.2,36.3,72.4,0
359,2021-12,72.4,14.3,7.1,65.2,0
359,2022-01,65.2,12.6,0.0,52.6,0
359,2022-02,52.6,11.8,11.4,52.2,0
359,2022-03,52.2,11.3,10.9,51.9,0
359,2022-04,51.9,14.1,14.1,51.8,0
359,2022-05,51.8,11.4,10.2,50.7,0
359,2022-06,50.7,12.9,13.8,51.6,0
359,2022-07,51.6,14.3,13.3,50.7,0
359,2022-08,50.7,14.9,15.3,51.0,0
359,2022-09,51.0,11.4,13.1,52.8,0
359,2022-10,52.8,16.9,16.3,52.1,0
359,2022-11,52.1,21.5,39.8,70.4,0
359,2022-12,70.4,14.6,8.4,64.2,0
359,2023-01,64.2,11.9,0.1,52.3,0
359,2023-02,52.3,17.0,17.7,53.0,0
359,2023-03,53.0,14.9,14.3,52.4,0
359,2023-04,52.4,18.4,17.4,51.3,0
359,2023-05,51.3,17.1,16.2,50.4,0
359,2023-06,50.4,15.3,14.9,50.1,0
359,2023-07,50.1,12.3,12.5,50.2,0
359,2023-08,50.2,16.2,17.8,51.8,0
359,2023-09,51.8,11.2,10.2,50.8,0
359,2023-10,50.8,13.6,14.3,51.5,0
359,2023-11,51.5,24.2,44.9,72.2,0
359,2023-12,72.2,20.0,12.5,64.8,0
359,2024-01,64.8,19.1,6.3,52.0,0
359,2024-02,52.0,13.1,13.8,52.7,0
359,2024-03,52.7,8.6,7.5,51.6,0
359,2024-04,51.6,11.2,11.5,51.9,0
359,2024-05,51.9,15.7,14.7,50.8,0
359,2024-06,50.8,16.2,16.6,51.2,0
359,2024-07,51.2,11.5,12.2,51.9,0
359,2024-08,51.9,12.1,13.0,52.8,0
359,2024-09,52.8,15.1,15.1,52.8,0
359,2024-10,52.8,12.9,11.2,51.1,0
359,2024-11,51.1,23.1,41.7,69.7,0
359,2024-12,69.7,16.2,12.1,65.6,0
359,2025-01,65.6,18.1,4.4,51.9,0
359,2025-02,51.9,14.5,15.3,52.8,0
359,2025-03,52.8,15.0,14.5,52.3,0
359,2025-04,52.3,13.4,12.4,51.2,0
359,2025-05,51.2,16.2,17.3,52.3,0
359,2025-06,52.3,12.9,11.2,50.6,0
359,2025-07,50.6,11.4,11.9,51.0,0
359,2025-08,51.0,10.4,10.4,51.1,0
359,2025-09,51.1,13.6,13.1,50.5,0
359,2025-10,50.5,12.3,14.4,52.7,0
359,2025-11,52.7,23.5,39.7,68.9,0
359,2025-12,68.9,18.5,13.4,63.8,0
360,2021-01,59.8,35.1,30.2,54.8,0
360,2021-02,54.8,27.0,27.5,55.3,0
360,2021-03,55.3,30.9,36.4,60.7,0
360,2021-04,60.7,19.8,16.2,57.1,0
360,2021-05,57.1,26.3,28.3,59.1,0
360,2021-06,59.1,26.3,28.1,60.9,0
360,2021-07,60.9,29.4,27.5,59.0,0
360,2021-08,59.0,21.3,21.8,59.4,0
360,2021-09,59.4,34.4,30.7,55.8,0
360,2021-10,55.8,27.1,30.4,59.1,0
360,2021-11,59.1,41.6,63.4,80.9,0
360,2021-12,80.9,43.3,32.7,70.3,0
360,2022-01,70.3,28.8,17.0,58.5,0
360,2022-02,58.5,32.3,31.7,57.9,0
360,2022-03,57.9,27.8,25.5,55.5,0
360,2022-04,55.5,30.0,34.6,60.0,0
360,2022-05,60.0,25.4,24.7,59.3,0
360,2022-06,59.3,30.6,28.0,56.7,0
360,2022-07,56.7,16.1,16.5,57.1,0
360,2022-08,57.1,29.2,29.7,57.6,0
360,2022-09,57.6,28.4,30.0,59.2,0
360,2022-10,59.2,33.9,35.6,60.9,0
360,2022-11,60.9,45.3,70.1,85.8,0
360,2022-12,85.8,41.3,29.7,74.2,0
360,2023-01,74.2,38.3,22.9,58.8,0
360,2023-02,58.8,27.7,26.5,57.6,0
360,2023-03,57.6,29.7,27.5,55.4,0
360,2023-04,55.4,25.1,28.2,58.5,0
360,2023-05,58.5,39.9,37.3,55.9,0
360,2023-06,55.9,22.0,26.3,60.1,0
360,2023-07,60.1,25.2,25.1,60.1,0
360,2023-08,60.1,21.5,20.4,59.0,0
360,2023-09,59.0,35.6,33.2,56.7,0
360,2023-10,56.7,34.6,32.9,55.0,0
360,2023-11,55.0,37.3,59.8,77.4,0
360,2023-12,77.4,33.9,32.1,75.6,0
360,2024-01,75.6,30.8,14.1,58.9,0
360,2024-02,58.9,31.4,33.6,61.1,0
360,2024-03,61.1,33.5,27.5,55.1,0
360,2024-04,55.1,27.0,30.5,58.6,0
360,2024-05,58.6,39.4,34.8,54.0,0
360,2024-06,54.0,24.1,31.2,61.1,0
360,2024-07,61.1,26.6,22.8,57.2,0
360,2024-08,57.2,28.0,29.0,58.3,0
360,2024-09,58.3,37.1,38.0,59.1,0
360,2024-10,59.1,29.1,28.1,58.1,0
360,2024-11,58.1,34.6,59.9,83.4,0
360,2024-12,83.4,41.4,28.2,70.2,0
360,2025-01,70.2,30.8,20.3,59.7,0
360,2025-02,59.7,32.5,29.2,56.5,0
360,2025-03,56.5,25.1,24.6,56.0,0
360,2025-04,56.0,28.8,30.6,57.8,0
360,2025-05,57.8,22.2,24.5,60.1,0
360,2025-06,60.1,27.2,23.4,56.3,0
360,2025-07,56.3,32.8,34.4,57.9,0
360,2025-08,57.9,33.5,34.7,59.1,0
360,2025-09,59.1,22.9,21.4,57.6,0
360,2025-10,57.6,24.1,27.4,60.9,0
360,2025-11,60.9,39.8,58.9,79.9,0
360,2025-12,79.9,38.3,29.9,71.6,0
361,2021-01,4.1,1.8,1.9,4.1,0
361,2021-02,4.1,1.5,1.4,4.1,0
361,2021-03,4.1,1.5,1.3,3.9,0
361,2021-04,3.9,2.1,2.2,4.1,0
361,2021-05,4.1,2.2,2.3,4.2,0
361,2021-06,4.2,1.9,1.9,4.1,0
361,2021-07,4.1,2.3,1.9,3.8,0
361,2021-08,3.8,2.2,2.4,4.0,0
361,2021-09,4.0,1.7,1.7,3.9,0
361,2021-10,3.9,2.2,2.1,3.8,0
361,2021-11,3.8,3.0,5.3,6.2,0
361,2021-12,6.2,2.7,1.4,4.9,0
361,2022-01,4.9,2.0,1.1,4.1,0
361,2022-02,4.1,1.6,1.7,4.2,0
361,2022-03,4.2,1.5,1.3,4.0,0
361,2022-04,4.0,1.7,1.8,4.1,0
361,2022-05,4.1,2.4,2.4,4.1,0
361,2022-06,4.1,2.4,2.4,4.2,0
361,2022-07,4.2,2.6,2.3,3.9,0
361,2022-08,3.9,1.2,1.4,4.1,0
361,2022-09,4.1,2.0,1.7,3.8,0
361,2022-10,3.8,1.1,1.3,4.0,0
361,2022-11,4.0,3.3,5.4,6.1,0
361,2022-12,6.1,3.0,1.8,4.9,0
361,2023-01,4.9,2.2,1.3,4.0,0
361,2023-02,4.0,2.4,2.4,4.0,0
361,2023-03,4.0,2.1,2.2,4.2,0
361,2023-04,4.2,1.8,1.7,4.0,0
361,2023-05,4.0,2.7,2.8,4.1,0
361,2023-06,4.1,2.5,2.4,4.0,0
361,2023-07,4.0,1.9,1.8,3.9,0
361,2023-08,3.9,2.2,2.0,3.7,0
361,2023-09,3.7,2.7,2.6,3.6,0
361,2023-10,3.6,2.0,2.1,3.7,0
361,2023-11,3.7,2.7,5.0,6.0,0
361,2023-12,6.0,1.9,1.1,5.1,0
361,2024-01,5.1,2.3,1.2,4.0,0
361,2024-02,4.0,2.3,2.4,4.2,0
361,2024-03,4.2,2.3,2.1,4.0,0
361,2024-04,4.0,2.1,1.9,3.8,0
361,2024-05,3.8,1.6,1.8,4.0,0
361,2024-06,4.0,2.1,2.1,4.0,0
361,2024-07,4.0,2.2,2.1,3.9,0
361,2024-08,3.9,1.4,1.6,4.0,0
361,2024-09,4.0,1.8,1.6,3.8,0
361,2024-10,3.8,2.0,2.3,4.2,0
361,2024-11,4.2,3.5,4.8,5.5,0
361,2024-12,5.5,2.3,1.7,5.0,0
361,2025-01,5.0,1.7,0.8,4.1,0
361,2025-02,4.1,1.5,1.5,4.0,0
361,2025-03,4.0,1.7,1.8,4.1,0
361,2025-04,4.1,1.9,1.6,3.8,0
361,2025-05,3.8,2.0,2.4,4.1,0
361,2025-06,4.1,3.1,2.7,3.7,0
361,2025-07,3.7,2.1,2.6,4.2,0
361,2025-08,4.2,1.9,1.5,3.9,0
361,2025-09,3.9,2.2,2.2,3.8,0
361,2025-10,3.8,1.4,1.5,3.9,0
361,2025-11,3.9,3.0,5.1,6.0,0
361,2025-12,6.0,2.3,1.4,5.1,0
362,2021-01,11.7,2.3,2.0,11.3,0
362,2021-02,11.3,1.9,2.1,11.5,0
362,2021-03,11.5,3.3,3.4,11.6,0
362,2021-04,11.6,2.5,2.3,11.3,0
362,2021-05,11.3,2.4,2.3,11.3,0
362,2021-06,11.3,3.4,3.5,11.4,0
362,2021-07,11.4,2.4,2.5,11.5,0
362,2021-08,11.5,2.0,2.0,11.4,0
362,2021-09,11.4,2.1,2.0,11.4,0
362,2021-10,11.4,2.3,2.6,11.6,0
362,2021-11,11.6,4.4,8.3,15.5,0
362,2021-12,15.5,3.5,2.7,14.7,0
362,2022-01,14.7,2.8,0.0,11.9,0
362,2022-02,11.9,2.9,2.7,11.7,0
362,2022-03,11.7,2.5,2.6,11.8,0
362,2022-04,11.8,2.5,2.4,11.6,0
362,2022-05,11.6,2.1,1.9,11.5,0
362,2022-06,11.5,2.2,2.0,11.3,0
362,2022-07,11.3,2.6,3.0,11.7,0
362,2022-08,11.7,2.7,2.3,11.3,0
362,2022-09,11.3,2.8,3.2,11.7,0
362,2022-10,11.7,2.0,1.7,11.4,0
362,2022-11,11.4,2.8,7.4,16.0,0
362,2022-12,16.0,3.1,1.8,14.6,0
362,2023-01,14.6,2.8,0.0,11.9,0
362,2023-02,11.9,2.4,2.1,11.5,0
362,2023-03,11.5,2.8,2.7,11.4,0
362,2023-04,11.4,2.4,2.6,11.6,0
362,2023-05,11.6,2.3,2.2,11.6,0
362,2023-06,11.6,1.7,1.9,11.7,0
362,2023-07,11.7,2.5,2.5,11.8,0
362,2023-08,11.8,2.2,2.1,11.7,0
362,2023-09,11.7,2.9,2.7,11.4,0
362,2023-10,11.4,2.3,2.3,11.5,0
362,2023-11,11.5,3.9,8.2,15.7,0
362,2023-12,15.7,2.9,1.9,14.6,0
362,2024-01,14.6,2.5,0.0,12.1,0
362,2024-02,12.1,2.6,2.1,11.6,0
362,2024-03,11.6,2.6,2.8,11.8,0
362,2024-04,11.8,2.6,2.2,11.4,0
362,2024-05,11.4,2.9,3.3,11.8,0
362,2024-06,11.8,2.7,2.3,11.3,0
362,2024-07,11.3,2.0,2.5,11.8,0
362,2024-08,11.8,2.2,2.0,11.6,0
362,2024-09,11.6,3.0,3.0,11.6,0
362,2024-10,11.6,1.6,1.7,11.7,0
362,2024-11,11.7,4.0,8.3,16.0,0
362,2024-12,16.0,3.4,1.9,14.4,0
362,2025-01,14.4,3.1,0.3,11.7,0
362,2025-02,11.7,1.7,1.7,11.7,0
362,2025-03,11.7,1.7,1.6,11.6,0
362,2025-04,11.6,1.6,1.7,11.7,0
362,2025-05,11.7,2.0,1.9,11.6,0
362,2025-06,11.6,3.4,3.6,11.8,0
362,2025-07,11.8,1.4,1.3,11.7,0
362,2025-08,11.7,2.1,2.2,11.7,0
362,2025-09,11.7,3.2,3.0,11.5,0
362,2025-10,11.5,2.2,2.0,11.4,0
362,2025-11,11.4,2.9,8.6,17.1,0
362,2025-12,17.1,3.0,0.6,14.6,0
363,2021-01,41.3,23.2,21.7,39.7,0
363,2021-02,39.7,22.5,25.0,42.2,0
363,2021-03,42.2,19.7,19.1,41.7,0
363,2021-04,41.7,26.3,26.1,41.4,0
363,2021-05,41.4,32.2,32.5,41.7,0
363,2021-06,41.7,27.5,25.4,39.6,0
363,2021-07,39.6,31.7,28.8,36.8,0
363,2021-08,36.8,19.7,24.1,41.2,0
363,2021-09,41.2,22.3,19.2,38.2,0
363,2021-10,38.2,29.9,31.6,40.0,0
363,2021-11,40.0,40.0,52.5,52.5,4
363,2021-12,52.5,38.9,35.2,48.8,0
363,2022-01,48.8,19.4,11.1,40.5,0
363,2022-02,40.5,30.2,27.1,37.3,0
363,2022-03,37.3,26.7,26.6,37.2,0
363,2022-04,37.2,27.5,27.3,37.0,0
363,2022-05,37.0,29.0,34.4,42.4,0
363,2022-06,42.4,20.9,17.9,39.4,0
363,2022-07,39.4,25.9,27.9,41.5,0
363,2022-08,41.5,27.9,28.5,42.1,0
363,2022-09,42.1,31.5,31.7,42.3,0
363,2022-10,42.3,24.3,20.9,38.9,0
363,2022-11,38.9,38.0,59.9,60.8,0
363,2022-12,60.8,27.0,16.3,50.0,0
363,2023-01,50.0,29.3,17.7,38.4,0
363,2023-02,38.4,32.0,35.8,42.1,0
363,2023-03,42.1,22.3,18.5,38.3,0
363,2023-04,38.3,22.6,22.3,38.0,0
363,2023-05,38.0,18.3,20.2,39.9,0
363,2023-06,39.9,24.7,23.0,38.2,0
363,2023-07,38.2,27.9,29.6,39.9,0
363,2023-08,39.9,22.6,25.0,42.4,0
363,2023-09,42.4,29.4,27.7,40.7,0
363,2023-10,40.7,33.7,29.4,36.5,0
363,2023-11,36.5,36.5,53.9,53.9,4
363,2023-12,53.9,25.5,23.8,52.1,0
363,2024-01,52.1,27.3,15.2,40.0,0
363,2024-02,40.0,22.0,21.8,39.8,0
363,2024-03,39.8,27.2,28.0,40.6,0
363,2024-04,40.6,19.1,19.1,40.6,0
363,2024-05,40.6,31.9,32.5,41.2,0
363,2024-06,41.2,25.4,25.5,41.4,0
363,2024-07,41.4,29.6,25.0,36.9,0
363,2024-08,36.9,32.1,32.7,37.4,0
363,2024-09,37.4,28.0,30.9,40.4,0
363,2024-10,40.4,26.3,23.7,37.8,0
363,2024-11,37.8,37.8,56.9,56.9,4
363,2024-12,56.9,38.9,34.7,52.7,0
363,2025-01,52.7,25.9,13.9,40.7,0
363,2025-02,40.7,24.4,22.1,38.4,0
363,2025-03,38.4,26.3,27.8,40.0,0
363,2025-04,40.0,36.1,33.6,37.5,0
363,2025-05,37.5,24.8,26.3,39.0,0
363,2025-06,39.0,23.0,24.9,40.9,0
363,2025-07,40.9,32.9,33.9,42.0,0
363,2025-08,42.0,24.8,23.6,40.8,0
363,2025-09,40.8,24.9,22.6,38.5,0
363,2025-10,38.5,29.3,31.7,40.9,0
363,2025-11,40.9,38.5,55.3,57.7,0
363,2025-12,57.7,33.9,26.5,50.4,0
364,2021-01,8.1,7.1,6.2,7.2,0
364,2021-02,7.2,5.1,5.5,7.5,0
364,2021-03,7.5,6.3,5.8,7.1,0
364,2021-04,7.1,5.4,6.3,8.0,0
364,2021-05,8.0,5.0,4.8,7.8,0
364,2021-06,7.8,5.8,6.1,8.1,0
364,2021-07,8.1,8.1,7.1,7.1,0
364,2021-08,7.1,7.1,7.6,7.6,3
364,2021-09,7.6,6.7,6.7,7.7,0
364,2021-10,7.7,6.8,6.9,7.8,0
364,2021-11,7.8,5.9,9.5,11.3,0
364,2021-12,11.3,8.8,6.9,9.5,0
364,2022-01,9.5,5.9,4.1,7.6,0
364,2022-02,7.6,7.3,7.8,8.1,0
364,2022-03,8.1,4.7,4.6,8.0,0
364,2022-04,8.0,5.8,5.7,7.9,0
364,2022-05,7.9,6.8,6.3,7.4,0
364,2022-06,7.4,7.4,6.9,6.9,2
364,2022-07,6.9,6.9,7.2,7.2,1
364,2022-08,7.2,6.2,6.6,7.7,0
364,2022-09,7.7,7.7,7.6,7.6,0
364,2022-10,7.6,5.6,6.1,8.2,0
364,2022-11,8.2,8.2,10.4,10.4,7
364,2022-12,10.4,9.1,7.4,8.8,0
364,2023-01,8.8,6.7,5.5,7.6,0
364,2023-02,7.6,7.6,7.6,7.6,3
364,2023-03,7.6,7.6,7.3,7.3,1
364,2023-04,7.3,7.1,7.7,8.0,0
364,2023-05,8.0,8.0,7.3,7.3,1
364,2023-06,7.3,6.0,6.1,7.4,0
364,2023-07,7.4,7.4,8.3,8.3,1
364,2023-08,8.3,7.1,7.0,8.2,0
364,2023-09,8.2,7.1,7.0,8.1,0
364,2023-10,8.1,6.3,5.4,7.2,0
364,2023-11,7.2,7.2,11.7,11.7,7
364,2023-12,11.7,8.4,6.9,10.1,0
364,2024-01,10.1,4.6,2.7,8.1,0
364,2024-02,8.1,6.6,5.6,7.2,0
364,2024-03,7.2,5.9,6.3,7.5,0
364,2024-04,7.5,6.6,7.4,8.4,0
364,2024-05,8.4,4.6,3.7,7.5,0
364,2024-06,7.5,7.5,8.2,8.2,2
364,2024-07,8.2,6.6,6.6,8.2,0
364,2024-08,8.2,7.4,6.9,7.7,0
364,2024-09,7.7,7.4,6.9,7.2,0
364,2024-10,7.2,6.5,7.1,7.8,0
364,2024-11,7.8,7.8,12.2,12.2,3
364,2024-12,12.2,8.7,6.7,10.1,0
364,2025-01,10.1,4.2,2.0,7.8,0
364,2025-02,7.8,7.2,7.4,8.0,0
364,2025-03,8.0,4.5,4.7,8.3,0
364,2025-04,8.3,6.3,5.3,7.3,0
364,2025-05,7.3,6.6,6.4,7.1,0
364,2025-06,7.1,6.5,7.0,7.7,0
364,2025-07,7.7,7.4,7.4,7.7,0
364,2025-08,7.7,7.6,7.1,7.2,0
364,2025-09,7.2,5.0,6.1,8.3,0
364,2025-10,8.3,7.9,6.6,7.0,0
364,2025-11,7.0,7.0,10.0,10.0,7
364,2025-12,10.0,8.3,7.6,9.3,0
365,2021-01,25.4,14.5,13.1,24.0,0
365,2021-02,24.0,19.5,18.6,23.1,0
365,2021-03,23.1,13.5,14.2,23.8,0
365,2021-04,23.8,11.4,12.3,24.7,0
365,2021-05,24.7,17.1,15.8,23.4,0
365,2021-06,23.4,15.4,15.6,23.6,0
365,2021-07,23.6,19.8,20.6,24.4,0
365,2021-08,24.4,21.0,18.8,22.3,0
365,2021-09,22.3,10.8,12.8,24.2,0
365,2021-10,24.2,13.9,15.3,25.6,0
365,2021-11,25.6,21.9,33.5,37.2,0
365,2021-12,37.2,19.3,13.4,31.3,0
365,2022-01,31.3,16.8,9.6,24.1,0
365,2022-02,24.1,18.5,18.8,24.3,0
365,2022-03,24.3,16.4,17.3,25.3,0
365,2022-04,25.3,15.2,14.3,24.4,0
365,2022-05,24.4,15.2,15.2,24.5,0
365,2022-06,24.5,20.4,22.4,26.4,0
365,2022-07,26.4,17.9,17.4,25.9,0
365,2022-08,25.9,17.4,14.4,22.9,0
365,2022-09,22.9,18.7,20.5,24.7,0
365,2022-10,24.7,15.8,15.7,24.6,0
365,2022-11,24.6,24.6,36.8,36.8,4
365,2022-12,36.8,23.8,18.1,31.1,0
365,2023-01,31.1,15.7,9.1,24.5,0
365,2023-02,24.5,18.9,19.9,25.4,0
365,2023-03,25.4,15.7,13.5,23.2,0
365,2023-04,23.2,17.1,17.0,23.1,0
365,2023-05,23.1,20.0,21.2,24.3,0
365,2023-06,24.3,17.4,16.0,23.0,0
365,2023-07,23.0,15.5,15.3,22.7,0
365,2023-08,22.7,17.6,17.3,22.4,0
365,2023-09,22.4,19.3,19.0,22.1,0
365,2023-10,22.1,16.0,17.3,23.4,0
365,2023-11,23.4,22.3,37.0,38.2,0
365,2023-12,38.2,22.1,13.8,29.9,0
365,2024-01,29.9,18.1,13.6,25.5,0
365,2024-02,25.5,13.4,12.7,24.8,0
365,2024-03,24.8,10.4,10.9,25.3,0
365,2024-04,25.3,14.7,13.4,24.0,0
365,2024-05,24.0,17.5,18.3,24.8,0
365,2024-06,24.8,17.8,16.9,23.9,0
365,2024-07,23.9,16.2,15.5,23.1,0
365,2024-08,23.1,13.7,15.1,24.6,0
365,2024-09,24.6,17.6,18.5,25.4,0
365,2024-10,25.4,22.2,21.4,24.6,0
365,2024-11,24.6,15.0,24.5,34.2,0
365,2024-12,34.2,23.3,17.9,28.8,0
365,2025-01,28.8,15.1,11.6,25.2,0
365,2025-02,25.2,15.6,14.6,24.3,0
365,2025-03,24.3,13.1,12.2,23.3,0
365,2025-04,23.3,15.7,16.5,24.1,0
365,2025-05,24.1,19.5,21.5,26.1,0
365,2025-06,26.1,9.7,9.4,25.8,0
365,2025-07,25.8,19.1,18.8,25.6,0
365,2025-08,25.6,15.4,13.5,23.6,0
365,2025-09,23.6,23.6,22.8,22.8,0
365,2025-10,22.8,21.2,24.6,26.2,0
365,2025-11,26.2,23.9,35.4,37.6,0
365,2025-12,37.6,16.9,11.2,31.9,0
366,2021-01,6.3,6.3,6.2,6.2,1
366,2021-02,6.2,4.6,5.0,6.6,0
366,2021-03,6.6,4.7,3.9,5.8,0
366,2021-04,5.8,5.1,5.5,6.1,0
366,2021-05,6.1,5.0,4.6,5.8,0
366,2021-06,5.8,5.5,5.7,6.0,0
366,2021-07,6.0,4.1,4.4,6.2,0
366,2021-08,6.2,5.5,5.1,5.8,0
366,2021-09,5.8,3.3,3.3,5.9,0
366,2021-10,5.9,4.2,4.7,6.4,0
366,2021-11,6.4,6.4,9.6,9.6,6
366,2021-12,9.6,7.2,4.8,7.2,0
366,2022-01,7.2,4.6,3.5,6.0,0
366,2022-02,6.0,5.3,5.1,5.9,0
366,2022-03,5.9,5.2,5.3,6.0,0
366,2022-04,6.0,5.6,5.6,6.0,0
366,2022-05,6.0,3.8,3.6,5.8,0
366,2022-06,5.8,5.8,6.5,6.5,0
366,2022-07,6.5,4.7,4.4,6.2,0
366,2022-08,6.2,3.6,3.6,6.2,0
366,2022-09,6.2,3.5,3.3,5.9,0
366,2022-10,5.9,5.9,5.8,5.8,1
366,2022-11,5.8,5.8,9.2,9.2,7
366,2022-12,9.2,5.5,4.1,7.8,0
366,2023-01,7.8,6.3,4.9,6.5,0
366,2023-02,6.5,5.3,4.6,5.8,0
366,2023-03,5.8,4.7,5.3,6.5,0
366,2023-04,6.5,4.6,4.2,6.0,0
366,2023-05,6.0,3.2,3.4,6.3,0
366,2023-06,6.3,2.9,2.6,5.9,0
366,2023-07,5.9,4.5,4.6,6.0,0
366,2023-08,6.0,3.2,3.3,6.1,0
366,2023-09,6.1,4.9,4.8,6.0,0
366,2023-10,6.0,5.5,6.2,6.6,0
366,2023-11,6.6,6.6,7.9,7.9,0
366,2023-12,7.9,6.4,5.9,7.4,0
366,2024-01,7.4,4.5,3.2,6.1,0
366,2024-02,6.1,4.7,4.3,5.7,0
366,2024-03,5.7,4.7,5.0,6.0,0
366,2024-04,6.0,3.7,4.1,6.4,0
366,2024-05,6.4,5.1,5.3,6.5,0
366,2024-06,6.5,4.3,3.6,5.8,0
366,2024-07,5.8,4.3,4.3,5.8,0
366,2024-08,5.8,5.1,5.8,6.5,0
366,2024-09,6.5,5.2,4.4,5.6,0
366,2024-10,5.6,3.9,4.6,6.3,0
366,2024-11,6.3,6.3,8.7,8.7,2
366,2024-12,8.7,5.6,4.8,7.9,0
366,2025-01,7.9,4.5,2.6,6.0,0
366,2025-02,6.0,3.5,3.8,6.4,0
366,2025-03,6.4,5.5,5.1,6.0,0
366,2025-04,6.0,5.0,5.2,6.2,0
366,2025-05,6.2,4.4,3.9,5.7,0
366,2025-06,5.7,4.5,4.6,5.8,0
366,2025-07,5.8,5.0,5.5,6.3,0
366,2025-08,6.3,6.3,6.2,6.2,0
366,2025-09,6.2,5.8,5.8,6.1,0
366,2025-10,6.1,4.5,4.8,6.4,0
366,2025-11,6.4,6.4,9.3,9.3,6
366,2025-12,9.3,5.6,3.9,7.6,0
367,2021-01,8.3,4.9,4.6,8.0,0
367,2021-02,8.0,5.5,6.0,8.5,0
367,2021-03,8.5,5.2,4.7,8.1,0
367,2021-04,8.1,5.6,5.2,7.7,0
367,2021-05,7.7,4.6,5.1,8.2,0
367,2021-06,8.2,4.8,4.4,7.9,0
367,2021-07,7.9,6.3,6.7,8.2,0
367,2021-08,8.2,5.4,5.4,8.2,0
367,2021-09,8.2,5.3,5.4,8.3,0
367,2021-10,8.3,4.8,4.3,7.8,0
367,2021-11,7.8,7.8,12.7,12.7,3
367,2021-12,12.7,6.2,3.4,9.9,0
367,2022-01,9.9,4.9,3.2,8.1,0
367,2022-02,8.1,4.1,4.0,8.1,0
367,2022-03,8.1,6.0,5.7,7.8,0
367,2022-04,7.8,6.4,7.3,8.7,0
367,2022-05,8.7,5.2,4.6,8.0,0
367,2022-06,8.0,4.9,4.5,7.6,0
367,2022-07,7.6,3.2,3.7,8.0,0
367,2022-08,8.0,5.1,5.6,8.5,0
367,2022-09,8.5,6.4,5.7,7.8,0
367,2022-10,7.8,6.7,6.9,8.0,0
367,2022-11,8.0,8.0,11.2,11.2,1
367,2022-12,11.2,5.4,4.0,9.9,0
367,2023-01,9.9,5.1,3.1,7.9,0
367,2023-02,7.9,5.5,5.6,8.0,0
367,2023-03,8.0,4.2,4.3,8.1,0
367,2023-04,8.1,5.9,6.2,8.4,0
367,2023-05,8.4,4.4,3.7,7.8,0
367,2023-06,7.8,5.3,5.3,7.7,0
367,2023-07,7.7,5.7,5.8,7.8,0
367,2023-08,7.8,4.1,4.7,8.4,0
367,2023-09,8.4,4.8,4.1,7.7,0
367,2023-10,7.7,3.5,4.3,8.5,0
367,2023-11,8.5,7.6,10.6,11.6,0
367,2023-12,11.6,6.2,5.3,10.7,0
367,2024-01,10.7,5.6,2.8,7.9,0
367,2024-02,7.9,6.2,6.8,8.5,0
367,2024-03,8.5,4.0,3.9,8.4,0
367,2024-04,8.4,6.1,5.2,7.5,0
367,2024-05,7.5,5.6,6.7,8.6,0
367,2024-06,8.6,4.6,3.9,7.8,0
367,2024-07,7.8,4.1,4.3,8.1,0
367,2024-08,8.1,5.7,6.1,8.5,0
367,2024-09,8.5,5.9,6.0,8.6,0
367,2024-10,8.6,5.3,4.8,8.1,0
367,2024-11,8.1,8.1,10.7,10.7,0
367,2024-12,10.7,6.7,6.1,10.1,0
367,2025-01,10.1,6.4,4.0,7.8,0
367,2025-02,7.8,5.8,5.9,7.8,0
367,2025-03,7.8,5.1,5.7,8.5,0
367,2025-04,8.5,7.3,7.0,8.2,0
367,2025-05,8.2,4.5,4.1,7.8,0
367,2025-06,7.8,4.5,4.5,7.9,0
367,2025-07,7.9,6.1,6.1,7.9,0
367,2025-08,7.9,5.9,6.4,8.3,0
367,2025-09,8.3,6.2,5.3,7.4,0
367,2025-10,7.4,4.5,5.3,8.2,0
367,2025-11,8.2,7.6,10.0,10.7,0
367,2025-12,10.7,7.5,7.2,10.4,0
368,2021-01,28.6,14.9,14.2,27.8,0
368,2021-02,27.8,18.0,17.7,27.6,0
368,2021-03,27.6,17.0,16.3,27.0,0
368,2021-04,27.0,10.3,10.5,27.1,0
368,2021-05,27.1,15.4,17.2,28.9,0
368,2021-06,28.9,16.0,16.4,29.3,0
368,2021-07,29.3,17.1,14.7,27.0,0
368,2021-08,27.0,16.8,17.0,27.3,0
368,2021-09,27.3,22.5,23.3,28.2,0
368,2021-10,28.2,11.7,10.5,26.9,0
368,2021-11,26.9,20.0,31.8,38.7,0
368,2021-12,38.7,20.9,18.4,36.2,0
368,2022-01,36.2,15.5,7.3,28.0,0
368,2022-02,28.0,18.8,19.8,29.0,0
368,2022-03,29.0,16.0,14.1,27.2,0
368,2022-04,27.2,16.0,17.6,28.7,0
368,2022-05,28.7,16.0,14.7,27.4,0
368,2022-06,27.4,12.4,13.0,28.1,0
368,2022-07,28.1,15.6,14.5,27.0,0
368,2022-08,27.0,15.5,15.1,26.5,0
368,2022-09,26.5,13.5,16.4,29.3,0
368,2022-10,29.3,12.8,11.2,27.7,0
368,2022-11,27.7,18.5,30.9,40.0,0
368,2022-12,40.0,20.3,15.3,35.1,0
368,2023-01,35.1,19.9,12.3,27.4,0
368,2023-02,27.4,13.9,13.4,26.9,0
368,2023-03,26.9,20.7,20.2,26.5,0
368,2023-04,26.5,15.0,16.4,28.0,0
368,2023-05,28.0,18.4,18.5,28.1,0
368,2023-06,28.1,16.2,14.7,26.7,0
368,2023-07,26.7,18.8,19.7,27.6,0
368,2023-08,27.6,14.2,14.3,27.6,0
368,2023-09,27.6,16.0,16.6,28.3,0
368,2023-10,28.3,14.7,13.3,26.9,0
368,2023-11,26.9,25.3,34.1,35.7,0
368,2023-12,35.7,17.6,16.8,34.9,0
368,2024-01,34.9,10.6,4.4,28.7,0
368,2024-02,28.7,18.3,15.8,26.1,0
368,2024-03,26.1,14.6,15.7,27.3,0
368,2024-04,27.3,14.5,15.8,28.6,0
368,2024-05,28.6,15.1,15.4,28.9,0
368,2024-06,28.9,12.9,12.9,28.9,0
368,2024-07,28.9,15.6,14.0,27.2,0
368,2024-08,27.2,16.5,15.3,26.0,0
368,2024-09,26.0,12.1,15.3,29.2,0
368,2024-10,29.2,11.1,10.4,28.4,0
368,2024-11,28.4,22.7,33.6,39.3,0
368,2024-12,39.3,22.2,17.5,34.6,0
368,2025-01,34.6,12.6,6.4,28.5,0
368,2025-02,28.5,16.2,16.3,28.6,0
368,2025-03,28.6,21.3,20.1,27.4,0
368,2025-04,27.4,21.8,19.8,25.4,0
368,2025-05,25.4,12.3,16.1,29.2,0
368,2025-06,29.2,11.9,10.8,28.2,0
368,2025-07,28.2,20.1,18.3,26.3,0
368,2025-08,26.3,18.1,17.6,25.8,0
368,2025-09,25.8,15.5,18.1,28.4,0
368,2025-10,28.4,18.1,18.6,28.9,0
368,2025-11,28.9,17.8,28.7,39.9,0
368,2025-12,39.9,21.0,16.2,35.1,0
369,2021-01,9.5,5.4,5.0,9.2,0
369,2021-02,9.2,6.0,5.9,9.1,0
369,2021-03,9.1,4.2,4.4,9.2,0
369,2021-04,9.2,4.9,5.0,9.2,0
369,2021-05,9.2,6.5,6.5,9.3,0
369,2021-06,9.3,6.4,6.9,9.7,0
369,2021-07,9.7,5.3,5.3,9.8,0
369,2021-08,9.8,3.7,3.3,9.3,0
369,2021-09,9.3,7.4,7.3,9.3,0
369,2021-10,9.3,4.8,5.1,9.5,0
369,2021-11,9.5,8.0,12.2,13.8,0
369,2021-12,13.8,6.3,4.3,11.8,0
369,2022-01,11.8,6.6,4.0,9.2,0
369,2022-02,9.2,4.3,4.9,9.7,0
369,2022-03,9.7,4.2,3.6,9.2,0
369,2022-04,9.2,6.9,6.3,8.6,0
369,2022-05,8.6,3.5,4.6,9.7,0
369,2022-06,9.7,6.1,5.8,9.4,0
369,2022-07,9.4,5.4,5.6,9.6,0
369,2022-08,9.6,6.3,6.4,9.7,0
369,2022-09,9.7,3.4,2.8,9.1,0
369,2022-10,9.1,5.2,4.9,8.8,0
369,2022-11,8.8,8.4,14.1,14.4,0
369,2022-12,14.4,7.3,4.7,11.8,0
369,2023-01,11.8,4.3,1.9,9.4,0
369,2023-02,9.4,6.4,5.7,8.7,0
369,2023-03,8.7,6.5,7.4,9.6,0
369,2023-04,9.6,6.5,6.4,9.5,0
369,2023-05,9.5,6.1,6.2,9.6,0
369,2023-06,9.6,4.2,3.6,9.0,0
369,2023-07,9.0,4.3,4.9,9.6,0
369,2023-08,9.6,5.6,5.6,9.6,0
369,2023-09,9.6,5.4,5.1,9.3,0
369,2023-10,9.3,7.1,6.6,8.8,0
369,2023-11,8.8,6.9,12.3,14.2,0
369,2023-12,14.2,5.9,3.7,12.0,0
369,2024-01,12.0,5.7,3.1,9.3,0
369,2024-02,9.3,6.3,6.0,9.0,0
369,2024-03,9.0,4.7,4.8,9.2,0
369,2024-04,9.2,4.4,4.9,9.7,0
369,2024-05,9.7,4.3,4.3,9.6,0
369,2024-06,9.6,4.5,3.8,9.0,0
369,2024-07,9.0,6.4,6.6,9.2,0
369,2024-08,9.2,6.0,5.7,8.9,0
369,2024-09,8.9,5.2,5.3,9.0,0
369,2024-10,9.0,5.5,6.3,9.8,0
369,2024-11,9.8,6.0,10.0,13.8,0
369,2024-12,13.8,7.8,5.3,11.3,0
369,2025-01,11.3,7.2,4.7,8.8,0
369,2025-02,8.8,5.7,6.4,9.6,0
369,2025-03,9.6,6.3,6.0,9.3,0
369,2025-04,9.3,6.9,6.4,8.8,0
369,2025-05,8.8,4.8,5.4,9.4,0
369,2025-06,9.4,4.8,4.5,9.1,0
369,2025-07,9.1,6.4,6.6,9.3,0
369,2025-08,9.3,6.3,6.6,9.7,0
369,2025-09,9.7,5.7,5.1,9.1,0
369,2025-10,9.1,4.1,4.7,9.7,0
369,2025-11,9.7,5.4,9.3,13.6,0
369,2025-12,13.6,7.0,5.5,12.1,0
370,2021-01,11.6,5.2,4.7,11.1,0
370,2021-02,11.1,6.4,6.6,11.4,0
370,2021-03,11.4,7.3,6.7,10.7,0
370,2021-04,10.7,6.1,6.4,11.0,0
370,2021-05,11.0,5.4,5.1,10.7,0
370,2021-06,10.7,5.4,6.3,11.7,0
370,2021-07,11.7,6.0,6.0,11.6,0
370,2021-08,11.6,6.6,6.0,10.9,0
370,2021-09,10.9,5.1,5.1,10.9,0
370,2021-10,10.9,5.5,6.4,11.8,0
370,2021-11,11.8,9.9,12.9,14.8,0
370,2021-12,14.8,7.5,6.9,14.2,0
370,2022-01,14.2,6.3,3.6,11.6,0
370,2022-02,11.6,8.0,7.4,11.0,0
370,2022-03,11.0,5.1,5.5,11.4,0
370,2022-04,11.4,6.8,6.7,11.3,0
370,2022-05,11.3,7.1,7.5,11.6,0
370,2022-06,11.6,6.8,6.4,11.3,0
370,2022-07,11.3,6.0,6.4,11.7,0
370,2022-08,11.7,6.4,6.0,11.2,0
370,2022-09,11.2,4.3,4.3,11.2,0
370,2022-10,11.2,6.3,5.9,10.8,0
370,2022-11,10.8,8.1,12.3,15.0,0
370,2022-12,15.0,7.5,6.9,14.3,0
370,2023-01,14.3,5.4,2.4,11.4,0
370,2023-02,11.4,7.2,7.0,11.2,0
370,2023-03,11.2,4.5,4.2,10.9,0
370,2023-04,10.9,3.2,3.8,11.4,0
370,2023-05,11.4,5.1,5.0,11.3,0
370,2023-06,11.3,7.2,6.9,11.0,0
370,2023-07,11.0,6.9,6.9,11.0,0
370,2023-08,11.0,5.2,5.0,10.8,0
370,2023-09,10.8,6.4,6.8,11.2,0
370,2023-10,11.2,7.3,7.1,11.0,0
370,2023-11,11.0,8.3,13.0,15.7,0
370,2023-12,15.7,8.7,7.5,14.5,0
370,2024-01,14.5,7.7,4.6,11.4,0
370,2024-02,11.4,8.0,7.9,11.3,0
370,2024-03,11.3,4.4,4.9,11.7,0
370,2024-04,11.7,5.1,5.2,11.8,0
370,2024-05,11.8,6.8,6.1,11.1,0
370,2024-06,11.1,6.0,5.6,10.7,0
370,2024-07,10.7,5.1,5.6,11.2,0
370,2024-08,11.2,5.7,5.9,11.5,0
370,2024-09,11.5,8.1,8.4,11.8,0
370,2024-10,11.8,5.4,5.4,11.8,0
370,2024-11,11.8,9.4,15.0,17.4,0
370,2024-12,17.4,7.5,4.4,14.4,0
370,2025-01,14.4,6.1,3.0,11.3,0
370,2025-02,11.3,5.9,5.7,11.1,0
370,2025-03,11.1,4.7,4.6,11.0,0
370,2025-04,11.0,5.6,5.5,10.9,0
370,2025-05,10.9,6.5,6.9,11.4,0
370,2025-06,11.4,4.4,4.7,11.7,0
370,2025-07,11.7,5.6,5.2,11.3,0
370,2025-08,11.3,7.6,6.8,10.5,0
370,2025-09,10.5,6.1,7.1,11.5,0
370,2025-10,11.5,4.8,4.2,10.9,0
370,2025-11,10.9,10.2,14.7,15.4,0
370,2025-12,15.4,8.3,7.3,14.5,0
371,2021-01,9.5,3.3,3.4,9.6,0
371,2021-02,9.6,3.6,3.3,9.2,0
371,2021-03,9.2,4.7,5.0,9.6,0
371,2021-04,9.6,4.4,4.4,9.5,0
371,2021-05,9.5,5.2,4.8,9.1,0
371,2021-06,9.1,4.9,5.5,9.7,0
371,2021-07,9.7,3.9,3.8,9.6,0
371,2021-08,9.6,5.6,5.8,9.7,0
371,2021-09,9.7,4.9,4.5,9.3,0
371,2021-10,9.3,4.9,4.6,8.9,0
371,2021-11,8.9,5.6,9.1,12.4,0
371,2021-12,12.4,6.4,6.0,12.0,0
371,2022-01,12.0,4.2,1.7,9.5,0
371,2022-02,9.5,4.6,4.4,9.3,0
371,2022-03,9.3,3.6,3.9,9.6,0
371,2022-04,9.6,4.1,4.1,9.6,0
371,2022-05,9.6,5.1,4.9,9.5,0
371,2022-06,9.5,5.1,5.3,9.7,0
371,2022-07,9.7,5.8,5.1,9.0,0
371,2022-08,9.0,4.2,4.0,8.9,0
371,2022-09,8.9,3.1,3.4,9.2,0
371,2022-10,9.2,6.2,5.8,8.8,0
371,2022-11,8.8,7.5,12.9,14.1,0
371,2022-12,14.1,5.8,3.4,11.8,0
371,2023-01,11.8,4.2,1.6,9.2,0
371,2023-02,9.2,5.7,5.7,9.3,0
371,2023-03,9.3,5.0,4.4,8.7,0
371,2023-04,8.7,4.9,5.4,9.3,0
371,2023-05,9.3,5.5,5.1,8.9,0
371,2023-06,8.9,4.5,4.7,9.1,0
371,2023-07,9.1,5.6,5.6,9.0,0
371,2023-08,9.0,5.4,5.8,9.5,0
371,2023-09,9.5,5.4,5.4,9.5,0
371,2023-10,9.5,4.5,4.3,9.2,0
371,2023-11,9.2,6.8,10.0,12.4,0
371,2023-12,12.4,6.0,4.6,11.1,0
371,2024-01,11.1,5.2,3.6,9.5,0
371,2024-02,9.5,6.7,6.0,8.8,0
371,2024-03,8.8,4.0,4.3,9.1,0
371,2024-04,9.1,4.7,4.6,9.0,0
371,2024-05,9.0,4.2,3.9,8.8,0
371,2024-06,8.8,4.6,4.9,9.2,0
371,2024-07,9.2,3.5,3.8,9.4,0
371,2024-08,9.4,4.4,3.8,8.8,0
371,2024-09,8.8,4.3,4.7,9.2,0
371,2024-10,9.2,4.5,4.8,9.5,0
371,2024-11,9.5,5.9,8.9,12.4,0
371,2024-12,12.4,6.2,5.1,11.3,0
371,2025-01,11.3,4.9,2.7,9.2,0
371,2025-02,9.2,4.7,5.0,9.4,0
371,2025-03,9.4,3.9,3.4,8.9,0
371,2025-04,8.9,3.7,4.2,9.4,0
371,2025-05,9.4,5.7,5.8,9.5,0
371,2025-06,9.5,5.4,4.8,8.9,0
371,2025-07,8.9,4.6,4.5,8.7,0
371,2025-08,8.7,3.9,4.5,9.3,0
371,2025-09,9.3,4.5,4.5,9.3,0
371,2025-10,9.3,4.4,4.0,8.9,0
371,2025-11,8.9,7.3,11.7,13.3,0
371,2025-12,13.3,5.0,3.2,11.5,0
372,2021-01,44.1,8.9,8.9,44.1,0
372,2021-02,44.1,6.4,6.3,44.0,0
372,2021-03,44.0,8.8,9.1,44.3,0
372,2021-04,44.3,10.2,9.5,43.6,0
372,2021-05,43.6,6.7,6.9,43.7,0
372,2021-06,43.7,7.1,7.7,44.2,0
372,2021-07,44.2,6.0,5.3,43.6,0
372,2021-08,43.6,6.8,7.0,43.8,0
372,2021-09,43.8,7.7,7.2,43.2,0
372,2021-10,43.2,8.1,9.1,44.2,0
372,2021-11,44.2,15.5,30.8,59.5,0
372,2021-12,59.5,14.6,9.1,53.9,0
372,2022-01,53.9,9.9,0.0,44.1,0
372,2022-02,44.1,9.0,8.9,43.9,0
372,2022-03,43.9,8.6,9.0,44.3,0
372,2022-04,44.3,7.4,6.9,43.8,0
372,2022-05,43.8,7.5,8.1,44.4,0
372,2022-06,44.4,9.0,7.7,43.1,0
372,2022-07,43.1,9.4,10.1,43.8,0
372,2022-08,43.8,6.9,6.8,43.7,0
372,2022-09,43.7,9.0,9.1,43.8,0
372,2022-10,43.8,6.5,6.9,44.2,0
372,2022-11,44.2,10.2,27.9,62.0,0
372,2022-12,62.0,10.5,3.6,55.0,0
372,2023-01,55.0,9.2,0.0,45.8,0
372,2023-02,45.8,10.1,7.9,43.6,0
372,2023-03,43.6,10.7,11.0,43.9,0
372,2023-04,43.9,6.9,6.2,43.2,0
372,2023-05,43.2,9.2,9.7,43.7,0
372,2023-06,43.7,7.3,6.9,43.3,0
372,2023-07,43.3,8.0,7.5,42.8,0
372,2023-08,42.8,8.2,9.1,43.8,0
372,2023-09,43.8,9.2,9.8,44.3,0
372,2023-10,44.3,9.3,9.4,44.4,0
372,2023-11,44.4,12.2,32.9,65.1,0
372,2023-12,65.1,11.8,1.7,55.1,0
372,2024-01,55.1,8.4,0.0,46.7,0
372,2024-02,46.7,10.5,7.8,43.9,0
372,2024-03,43.9,12.9,12.2,43.2,0
372,2024-04,43.2,8.6,8.7,43.3,0
372,2024-05,43.3,11.6,10.6,42.4,0
372,2024-06,42.4,10.3,11.9,44.0,0
372,2024-07,44.0,12.3,10.8,42.5,0
372,2024-08,42.5,8.9,9.4,43.0,0
372,2024-09,43.0,9.8,9.4,42.7,0
372,2024-10,42.7,8.5,8.7,42.8,0
372,2024-11,42.8,12.4,30.0,60.5,0
372,2024-12,60.5,12.0,6.7,55.2,0
372,2025-01,55.2,10.2,0.0,45.1,0
372,2025-02,45.1,8.6,6.5,43.0,0
372,2025-03,43.0,6.2,7.3,44.0,0
372,2025-04,44.0,7.8,7.1,43.3,0
372,2025-05,43.3,6.8,7.5,44.1,0
372,2025-06,44.1,7.6,7.0,43.6,0
372,2025-07,43.6,7.8,8.4,44.1,0
372,2025-08,44.1,8.6,8.8,44.3,0
372,2025-09,44.3,7.0,6.6,43.9,0
372,2025-10,43.9,6.7,6.2,43.4,0
372,2025-11,43.4,10.1,29.8,63.1,0
372,2025-12,63.1,11.1,2.9,54.9,0
373,2021-01,30.1,18.2,18.9,30.7,0
373,2021-02,30.7,13.8,11.4,28.3,0
373,2021-03,28.3,8.8,11.0,30.5,0
373,2021-04,30.5,20.7,17.7,27.5,0
373,2021-05,27.5,16.0,15.8,27.3,0
373,2021-06,27.3,13.8,16.8,30.3,0
373,2021-07,30.3,19.1,19.1,30.3,0
373,2021-08,30.3,17.3,15.0,28.1,0
373,2021-09,28.1,14.1,16.0,30.0,0
373,2021-10,30.0,13.2,13.6,30.4,0
373,2021-11,30.4,24.5,36.8,42.7,0
373,2021-12,42.7,28.0,21.5,36.2,0
373,2022-01,36.2,16.8,10.3,29.7,0
373,2022-02,29.7,16.7,17.9,30.9,0
373,2022-03,30.9,13.2,12.0,29.7,0
373,2022-04,29.7,18.0,19.1,30.8,0
373,2022-05,30.8,19.6,18.0,29.1,0
373,2022-06,29.1,16.4,17.2,29.9,0
373,2022-07,29.9,15.2,14.1,28.8,0
373,2022-08,28.8,16.9,16.6,28.5,0
373,2022-09,28.5,13.9,16.0,30.6,0
373,2022-10,30.6,17.4,16.3,29.5,0
373,2022-11,29.5,23.1,34.7,41.1,0
373,2022-12,41.1,21.3,18.4,38.2,0
373,2023-01,38.2,16.1,7.9,30.1,0
373,2023-02,30.1,14.0,12.1,28.2,0
373,2023-03,28.2,16.3,16.6,28.5,0
373,2023-04,28.5,21.7,22.1,28.9,0
373,2023-05,28.9,20.6,21.3,29.6,0
373,2023-06,29.6,15.3,15.9,30.2,0
373,2023-07,30.2,16.5,14.9,28.6,0
373,2023-08,28.6,18.9,18.7,28.3,0
373,2023-09,28.3,16.9,17.0,28.4,0
373,2023-10,28.4,16.9,19.2,30.7,0
373,2023-11,30.7,21.6,30.6,39.6,0
373,2023-12,39.6,19.0,16.9,37.6,0
373,2024-01,37.6,15.5,7.7,29.8,0
373,2024-02,29.8,11.4,10.5,28.9,0
373,2024-03,28.9,14.6,13.8,28.2,0
373,2024-04,28.2,15.8,18.4,30.7,0
373,2024-05,30.7,20.1,18.3,29.0,0
373,2024-06,29.0,16.8,15.4,27.5,0
373,2024-07,27.5,11.4,13.1,29.2,0
373,2024-08,29.2,17.4,17.5,29.2,0
373,2024-09,29.2,14.5,14.3,29.0,0
373,2024-10,29.0,19.7,20.1,29.4,0
373,2024-11,29.4,24.3,35.0,40.1,0
373,2024-12,40.1,14.8,11.0,36.4,0
373,2025-01,36.4,16.9,10.6,30.1,0
373,2025-02,30.1,15.8,13.9,28.2,0
373,2025-03,28.2,18.4,19.1,28.9,0
373,2025-04,28.9,12.2,12.8,29.4,0
373,2025-05,29.4,19.0,19.3,29.8,0
373,2025-06,29.8,14.1,14.9,30.6,0
373,2025-07,30.6,20.5,21.0,31.0,0
373,2025-08,31.0,16.9,15.6,29.7,0
373,2025-09,29.7,16.5,16.4,29.6,0
373,2025-10,29.6,24.4,23.6,28.8,0
373,2025-11,28.8,20.9,34.0,41.9,0
373,2025-12,41.9,23.2,19.4,38.1,0
374,2021-01,31.2,20.7,20.3,30.7,0
374,2021-02,30.7,20.6,20.2,30.4,0
374,2021-03,30.4,18.7,20.4,32.0,0
374,2021-04,32.0,20.0,17.7,29.7,0
374,2021-05,29.7,17.2,16.5,29.0,0
374,2021-06,29.0,18.4,17.6,28.2,0
374,2021-07,28.2,21.3,23.8,30.8,0
374,2021-08,30.8,13.2,11.9,29.4,0
374,2021-09,29.4,21.1,20.7,29.0,0
374,2021-10,29.0,15.9,17.1,30.2,0
374,2021-11,30.2,24.5,36.8,42.6,0
374,2021-12,42.6,23.8,20.0,38.7,0
374,2022-01,38.7,24.1,15.2,29.8,0
374,2022-02,29.8,18.9,19.0,30.0,0
374,2022-03,30.0,19.3,20.0,30.7,0
374,2022-04,30.7,23.7,22.1,29.1,0
374,2022-05,29.1,16.1,17.6,30.6,0
374,2022-06,30.6,21.1,20.3,29.8,0
374,2022-07,29.8,18.2,17.5,29.0,0
374,2022-08,29.0,16.5,18.2,30.7,0
374,2022-09,30.7,15.9,14.6,29.4,0
374,2022-10,29.4,14.2,15.1,30.3,0
374,2022-11,30.3,21.7,35.2,43.7,0
374,2022-12,43.7,18.3,12.2,37.6,0
374,2023-01,37.6,14.3,7.3,30.7,0
374,2023-02,30.7,22.5,23.4,31.6,0
374,2023-03,31.6,11.3,11.1,31.4,0
374,2023-04,31.4,20.1,19.8,31.0,0
374,2023-05,31.0,13.9,12.2,29.3,0
374,2023-06,29.3,14.5,15.0,29.8,0
374,2023-07,29.8,16.9,15.7,28.6,0
374,2023-08,28.6,14.3,17.0,31.4,0
374,2023-09,31.4,15.0,15.1,31.5,0
374,2023-10,31.5,16.8,15.4,30.0,0
374,2023-11,30.0,22.9,35.7,42.9,0
374,2023-12,42.9,25.8,20.7,37.8,0
374,2024-01,37.8,11.4,4.4,30.8,0
374,2024-02,30.8,12.8,11.3,29.3,0
374,2024-03,29.3,17.6,20.3,31.9,0
374,2024-04,31.9,17.2,14.8,29.5,0
374,2024-05,29.5,17.4,17.5,29.6,0
374,2024-06,29.6,15.7,15.0,29.0,0
374,2024-07,29.0,18.4,20.7,31.3,0
374,2024-08,31.3,18.3,16.5,29.5,0
374,2024-09,29.5,20.1,19.1,28.5,0
374,2024-10,28.5,16.8,17.8,29.5,0
374,2024-11,29.5,24.3,39.1,44.3,0
374,2024-12,44.3,21.7,15.9,38.5,0
374,2025-01,38.5,18.0,10.4,30.9,0
374,2025-02,30.9,16.9,14.7,28.7,0
374,2025-03,28.7,18.7,20.4,30.4,0
374,2025-04,30.4,20.9,20.1,29.7,0
374,2025-05,29.7,21.8,21.9,29.8,0
374,2025-06,29.8,20.5,22.9,32.2,0
374,2025-07,32.2,14.6,12.7,30.4,0
374,2025-08,30.4,15.0,15.6,31.0,0
374,2025-09,31.0,18.1,16.0,28.9,0
374,2025-10,28.9,17.3,17.1,28.7,0
374,2025-11,28.7,24.2,38.0,42.5,0
374,2025-12,42.5,22.2,17.4,37.8,0
375,2021-01,4.6,4.6,4.1,4.1,15
375,2021-02,4.1,4.1,4.5,4.5,21
375,2021-03,4.5,4.5,4.1,4.1,13
375,2021-04,4.1,4.1,4.5,4.5,21
375,2021-05,4.5,4.5,4.7,4.7,19
375,2021-06,4.7,4.7,4.0,4.0,17
375,2021-07,4.0,4.0,4.1,4.1,17
375,2021-08,4.1,4.1,4.4,4.4,21
375,2021-09,4.4,4.4,4.5,4.5,17
375,2021-10,4.5,4.5,4.1,4.1,17
375,2021-11,4.1,4.1,5.8,5.8,21
375,2021-12,5.8,5.8,5.8,5.8,16
375,2022-01,5.8,5.8,3.9,3.9,14
375,2022-02,3.9,3.9,4.7,4.7,20
375,2022-03,4.7,4.7,4.3,4.3,18
375,2022-04,4.3,4.3,4.5,4.5,18
375,2022-05,4.5,4.5,4.6,4.6,16
375,2022-06,4.6,4.6,4.8,4.8,12
375,2022-07,4.8,4.8,4.3,4.3,13
375,2022-08,4.3,4.3,4.1,4.1,17
375,2022-09,4.1,4.1,4.0,4.0,18
375,2022-10,4.0,4.0,4.7,4.7,17
375,2022-11,4.7,4.7,6.0,6.0,22
375,2022-12,6.0,6.0,5.7,5.7,17
375,2023-01,5.7,5.7,4.1,4.1,13
375,2023-02,4.1,4.1,4.7,4.7,20
375,2023-03,4.7,4.7,4.2,4.2,15
375,2023-04,4.2,4.2,4.3,4.3,14
375,2023-05,4.3,4.3,4.6,4.6,16
375,2023-06,4.6,4.6,4.1,4.1,20
375,2023-07,4.1,4.1,4.5,4.5,19
375,2023-08,4.5,4.5,4.5,4.5,18
375,2023-09,4.5,4.5,4.8,4.8,17
375,2023-10,4.8,4.8,4.5,4.5,17
375,2023-11,4.5,4.5,6.3,6.3,21
375,2023-12,6.3,6.3,5.3,5.3,12
375,2024-01,5.3,5.3,4.4,4.4,16
375,2024-02,4.4,4.4,4.5,4.5,20
375,2024-03,4.5,4.5,4.2,4.2,16
375,2024-04,4.2,4.2,4.3,4.3,20
375,2024-05,4.3,4.3,4.3,4.3,21
375,2024-06,4.3,4.3,4.6,4.6,20
375,2024-07,4.6,4.6,4.5,4.5,20
375,2024-08,4.5,4.5,3.9,3.9,18
375,2024-09,3.9,3.9,4.7,4.7,19
375,2024-10,4.7,4.7,4.5,4.5,16
375,2024-11,4.5,4.5,6.1,6.1,21
375,2024-12,6.1,6.1,5.7,5.7,18
375,2025-01,5.7,5.7,4.4,4.4,18
375,2025-02,4.4,4.4,3.9,3.9,13
375,2025-03,3.9,3.9,4.4,4.4,13
375,2025-04,4.4,4.4,4.3,4.3,18
375,2025-05,4.3,4.3,4.6,4.6,18
375,2025-06,4.6,4.6,4.3,4.3,20
375,2025-07,4.3,4.3,4.2,4.2,18
375,2025-08,4.2,4.2,4.7,4.7,21
375,2025-09,4.7,4.7,4.2,4.2,17
375,2025-10,4.2,4.2,4.2,4.2,17
375,2025-11,4.2,4.2,6.3,6.3,21
375,2025-12,6.3,6.3,5.9,5.9,14
376,2021-01,13.9,6.8,6.6,13.8,0
376,2021-02,13.8,7.0,7.3,14.0,0
376,2021-03,14.0,9.9,10.1,14.2,0
376,2021-04,14.2,11.6,10.2,12.7,0
376,2021-05,12.7,8.4,8.6,13.0,0
376,2021-06,13.0,10.3,10.2,12.8,0
376,2021-07,12.8,8.5,8.7,13.0,0
376,2021-08,13.0,5.9,6.3,13.4,0
376,2021-09,13.4,9.0,9.4,13.8,0
376,2021-10,13.8,7.5,7.1,13.4,0
376,2021-11,13.4,8.7,13.4,18.0,0
376,2021-12,18.0,11.3,10.6,17.3,0
376,2022-01,17.3,11.3,7.1,13.1,0
376,2022-02,13.1,8.6,9.6,14.0,0
376,2022-03,14.0,11.3,9.9,12.6,0
376,2022-04,12.6,10.2,11.7,14.0,0
376,2022-05,14.0,7.0,6.6,13.6,0
376,2022-06,13.6,8.9,8.1,12.8,0
376,2022-07,12.8,8.4,8.7,13.1,0
376,2022-08,13.1,9.1,8.9,12.9,0
376,2022-09,12.9,8.2,7.9,12.6,0
376,2022-10,12.6,8.6,9.5,13.5,0
376,2022-11,13.5,13.3,19.9,20.1,0
376,2022-12,20.1,9.5,6.9,17.5,0
376,2023-01,17.5,8.7,4.8,13.5,0
376,2023-02,13.5,8.5,8.5,13.6,0
376,2023-03,13.6,8.8,9.2,14.1,0
376,2023-04,14.1,12.5,11.9,13.5,0
376,2023-05,13.5,9.5,10.0,13.9,0
376,2023-06,13.9,6.8,6.0,13.1,0
376,2023-07,13.1,8.4,8.3,13.1,0
376,2023-08,13.1,5.0,5.5,13.6,0
376,2023-09,13.6,11.6,11.7,13.7,0
376,2023-10,13.7,6.4,6.2,13.5,0
376,2023-11,13.5,13.0,19.5,19.9,0
376,2023-12,19.9,12.7,9.8,17.0,0
376,2024-01,17.0,7.7,4.2,13.5,0
376,2024-02,13.5,8.2,7.3,12.6,0
376,2024-03,12.6,6.7,6.8,12.7,0
376,2024-04,12.7,10.0,11.7,14.3,0
376,2024-05,14.3,10.0,8.3,12.7,0
376,2024-06,12.7,8.4,8.5,12.8,0
376,2024-07,12.8,8.7,9.9,13.9,0
376,2024-08,13.9,5.8,5.7,13.8,0
376,2024-09,13.8,8.5,8.3,13.7,0
376,2024-10,13.7,8.6,8.7,13.9,0
376,2024-11,13.9,9.3,13.7,18.3,0
376,2024-12,18.3,10.8,9.6,17.1,0
376,2025-01,17.1,9.3,5.6,13.4,0
376,2025-02,13.4,6.0,6.6,14.1,0
376,2025-03,14.1,9.4,8.8,13.4,0
376,2025-04,13.4,9.7,10.2,14.0,0
376,2025-05,14.0,9.0,9.1,14.1,0
376,2025-06,14.1,7.2,6.8,13.8,0
376,2025-07,13.8,7.0,6.4,13.1,0
376,2025-08,13.1,6.5,7.3,14.0,0
376,2025-09,14.0,9.0,8.7,13.7,0
376,2025-10,13.7,10.5,10.7,13.8,0
376,2025-11,13.8,10.5,14.7,17.9,0
376,2025-12,17.9,14.1,13.9,17.7,0
377,2021-01,8.6,3.0,3.0,8.6,0
377,2021-02,8.6,6.2,5.6,7.9,0
377,2021-03,7.9,6.1,6.9,8.7,0
377,2021-04,8.7,6.0,6.1,8.8,0
377,2021-05,8.8,4.1,4.0,8.7,0
377,2021-06,8.7,6.0,6.1,8.7,0
377,2021-07,8.7,6.8,5.8,7.8,0
377,2021-08,7.8,4.5,5.2,8.6,0
377,2021-09,8.6,4.4,4.0,8.2,0
377,2021-10,8.2,4.5,5.1,8.8,0
377,2021-11,8.8,8.5,11.8,12.1,0
377,2021-12,12.1,7.2,5.0,10.0,0
377,2022-01,10.0,5.1,3.2,8.1,0
377,2022-02,8.1,5.4,5.7,8.4,0
377,2022-03,8.4,5.0,5.2,8.6,0
377,2022-04,8.6,5.9,5.6,8.3,0
377,2022-05,8.3,5.8,5.6,8.0,0
377,2022-06,8.0,5.6,6.0,8.4,0
377,2022-07,8.4,6.5,6.0,7.9,0
377,2022-08,7.9,6.8,7.0,8.1,0
377,2022-09,8.1,3.8,4.1,8.4,0
377,2022-10,8.4,6.2,5.8,8.0,0
377,2022-11,8.0,7.8,11.8,12.0,0
377,2022-12,12.0,5.7,4.6,11.0,0
377,2023-01,11.0,4.7,2.0,8.3,0
377,2023-02,8.3,4.4,4.7,8.6,0
377,2023-03,8.6,5.1,5.1,8.6,0
377,2023-04,8.6,5.2,4.9,8.3,0
377,2023-05,8.3,6.0,5.6,8.0,0
377,2023-06,8.0,3.7,4.0,8.2,0
377,2023-07,8.2,5.8,6.4,8.8,0
377,2023-08,8.8,3.9,3.5,8.4,0
377,2023-09,8.4,4.7,4.2,8.0,0
377,2023-10,8.0,6.1,6.1,8.0,0
377,2023-11,8.0,7.1,10.0,10.9,0
377,2023-12,10.9,6.1,5.8,10.7,0
377,2024-01,10.7,5.3,3.1,8.5,0
377,2024-02,8.5,4.7,5.0,8.7,0
377,2024-03,8.7,6.2,5.5,8.1,0
377,2024-04,8.1,7.7,8.6,9.0,0
377,2024-05,9.0,5.6,4.7,8.1,0
377,2024-06,8.1,5.0,4.7,7.8,0
377,2024-07,7.8,6.7,7.3,8.3,0
377,2024-08,8.3,5.7,5.5,8.1,0
377,2024-09,8.1,6.6,7.3,8.8,0
377,2024-10,8.8,5.7,5.0,8.0,0
377,2024-11,8.0,7.3,11.5,12.2,0
377,2024-12,12.2,6.8,5.1,10.5,0
377,2025-01,10.5,6.0,4.3,8.8,0
377,2025-02,8.8,5.6,5.6,8.8,0
377,2025-03,8.8,5.0,4.8,8.5,0
377,2025-04,8.5,6.0,6.1,8.6,0
377,2025-05,8.6,4.2,4.2,8.6,0
377,2025-06,8.6,5.6,5.8,8.9,0
377,2025-07,8.9,5.1,4.3,8.0,0
377,2025-08,8.0,6.2,7.1,8.9,0
377,2025-09,8.9,4.4,4.1,8.5,0
377,2025-10,8.5,6.9,6.2,7.8,0
377,2025-11,7.8,7.6,10.5,10.7,0
377,2025-12,10.7,6.0,5.8,10.5,0
378,2021-01,27.2,7.9,7.5,26.8,0
378,2021-02,26.8,6.1,5.8,26.5,0
378,2021-03,26.5,6.8,6.8,26.5,0
378,2021-04,26.5,7.4,7.5,26.5,0
378,2021-05,26.5,8.4,9.0,27.1,0
378,2021-06,27.1,8.8,8.2,26.5,0
378,2021-07,26.5,6.3,6.4,26.6,0
378,2021-08,26.6,9.3,9.5,26.9,0
378,2021-09,26.9,9.1,8.8,26.6,0
378,2021-10,26.6,9.3,9.8,27.0,0
378,2021-11,27.0,11.1,22.4,38.3,0
378,2021-12,38.3,7.4,3.1,34.1,0
378,2022-01,34.1,7.9,1.1,27.2,0
378,2022-02,27.2,5.7,5.2,26.7,0
378,2022-03,26.7,8.5,8.2,26.5,0
378,2022-04,26.5,7.8,8.1,26.9,0
378,2022-05,26.9,7.8,8.3,27.3,0
378,2022-06,27.3,7.9,7.4,26.9,0
378,2022-07,26.9,5.8,6.0,27.1,0
378,2022-08,27.1,9.4,9.6,27.4,0
378,2022-09,27.4,6.5,6.1,27.0,0
378,2022-10,27.0,8.0,7.9,27.0,0
378,2022-11,27.0,13.7,22.6,35.9,0
378,2022-12,35.9,8.3,6.3,33.8,0
378,2023-01,33.8,6.1,0.0,27.8,0
378,2023-02,27.8,8.5,7.3,26.5,0
378,2023-03,26.5,7.1,7.6,26.9,0
378,2023-04,26.9,8.4,7.6,26.1,0
378,2023-05,26.1,6.7,7.8,27.2,0
378,2023-06,27.2,9.4,8.3,26.1,0
378,2023-07,26.1,8.6,8.4,25.8,0
378,2023-08,25.8,9.5,10.4,26.8,0
378,2023-09,26.8,7.3,7.3,26.8,0
378,2023-10,26.8,8.2,7.8,26.4,0
378,2023-11,26.4,11.2,25.0,40.3,0
378,2023-12,40.3,10.1,3.6,33.7,0
378,2024-01,33.7,7.6,1.0,27.2,0
378,2024-02,27.2,9.8,10.2,27.6,0
378,2024-03,27.6,8.7,8.2,27.1,0
378,2024-04,27.1,9.3,9.9,27.7,0
378,2024-05,27.7,6.5,6.3,27.5,0
378,2024-06,27.5,8.2,7.1,26.3,0
378,2024-07,26.3,9.2,9.8,26.9,0
378,2024-08,26.9,6.7,6.9,27.0,0
378,2024-09,27.0,7.9,7.2,26.3,0
378,2024-10,26.3,5.9,6.5,27.0,0
378,2024-11,27.0,11.6,22.6,38.0,0
378,2024-12,38.0,11.1,7.2,34.1,0
378,2025-01,34.1,8.3,1.4,27.2,0
378,2025-02,27.2,10.5,9.4,26.1,0
378,2025-03,26.1,9.4,9.4,26.1,0
378,2025-04,26.1,8.5,8.4,26.1,0
378,2025-05,26.1,6.1,7.3,27.3,0
378,2025-06,27.3,8.1,7.2,26.4,0
378,2025-07,26.4,8.2,9.4,27.5,0
378,2025-08,27.5,7.1,7.1,27.6,0
378,2025-09,27.6,7.5,7.3,27.4,0
378,2025-10,27.4,6.7,6.8,27.5,0
378,2025-11,27.5,9.4,19.2,37.3,0
378,2025-12,37.3,8.8,4.8,33.2,0
379,2021-01,131.7,58.9,52.2,125.0,0
379,2021-02,125.0,44.8,50.8,130.9,0
379,2021-03,130.9,68.6,71.6,133.9,0
379,2021-04,133.9,56.6,54.9,132.2,0
379,2021-05,132.2,52.5,47.3,127.0,0
379,2021-06,127.0,56.9,61.6,131.7,0
379,2021-07,131.7,55.7,50.3,126.2,0
379,2021-08,126.2,72.2,75.4,129.4,0
379,2021-09,129.4,52.9,57.4,133.9,0
379,2021-10,133.9,78.3,74.6,130.1,0
379,2021-11,130.1,86.6,132.6,176.1,0
379,2021-12,176.1,86.4,65.7,155.4,0
379,2022-01,155.4,63.8,38.6,130.3,0
379,2022-02,130.3,67.6,70.7,133.3,0
379,2022-03,133.3,66.7,58.0,124.6,0
379,2022-04,124.6,57.5,61.4,128.5,0
379,2022-05,128.5,69.6,65.0,124.0,0
379,2022-06,124.0,63.6,62.3,122.7,0
379,2022-07,122.7,48.8,53.1,126.9,0
379,2022-08,126.9,73.6,79.7,133.0,0
379,2022-09,133.0,47.6,47.1,132.5,0
379,2022-10,132.5,64.6,58.1,125.9,0
379,2022-11,125.9,105.6,163.9,184.2,0
379,2022-12,184.2,88.6,65.1,160.7,0
379,2023-01,160.7,58.6,25.8,127.9,0
379,2023-02,127.9,46.6,47.3,128.7,0
379,2023-03,128.7,69.0,71.0,130.7,0
379,2023-04,130.7,58.0,61.6,134.3,0
379,2023-05,134.3,57.6,52.7,129.3,0
379,2023-06,129.3,72.2,77.0,134.1,0
379,2023-07,134.1,69.2,69.9,134.8,0
379,2023-08,134.8,54.7,53.5,133.7,0
379,2023-09,133.7,61.3,56.9,129.3,0
379,2023-10,129.3,83.6,76.5,122.2,0
379,2023-11,122.2,88.3,136.3,170.2,0
379,2023-12,170.2,72.3,60.5,158.4,0
379,2024-01,158.4,62.9,33.1,128.6,0
379,2024-02,128.6,36.4,37.9,130.1,0
379,2024-03,130.1,50.7,45.4,124.9,0
379,2024-04,124.9,63.8,74.2,135.2,0
379,2024-05,135.2,63.6,61.8,133.4,0
379,2024-06,133.4,46.7,44.9,131.6,0
379,2024-07,131.6,63.0,62.7,131.3,0
379,2024-08,131.3,73.6,69.2,126.8,0
379,2024-09,126.8,59.0,64.4,132.3,0
379,2024-10,132.3,52.0,45.4,125.6,0
379,2024-11,125.6,76.5,135.4,184.5,0
379,2024-12,184.5,85.6,66.4,165.4,0
379,2025-01,165.4,63.0,27.6,130.0,0
379,2025-02,130.0,66.9,65.6,128.7,0
379,2025-03,128.7,69.9,75.1,133.9,0
379,2025-04,133.9,58.2,48.5,124.2,0
379,2025-05,124.2,46.8,55.2,132.5,0
379,2025-06,132.5,62.2,54.1,124.4,0
379,2025-07,124.4,52.9,56.4,128.0,0
379,2025-08,128.0,47.8,51.9,132.1,0
379,2025-09,132.1,57.6,58.8,133.2,0
379,2025-10,133.2,63.1,55.0,125.1,0
379,2025-11,125.1,99.1,153.6,179.6,0
379,2025-12,179.6,79.2,65.8,166.3,0
380,2021-01,6.3,4.6,4.7,6.4,0
380,2021-02,6.4,2.8,2.7,6.4,0
380,2021-03,6.4,2.5,2.5,6.3,0
380,2021-04,6.3,4.4,4.4,6.3,0
380,2021-05,6.3,3.4,3.2,6.1,0
380,2021-06,6.1,2.3,2.1,6.0,0
380,2021-07,6.0,3.8,3.8,6.0,0
380,2021-08,6.0,2.7,2.8,6.1,0
380,2021-09,6.1,3.9,4.1,6.3,0
380,2021-10,6.3,2.7,2.7,6.2,0
380,2021-11,6.2,4.1,6.1,8.2,0
380,2021-12,8.2,4.2,3.7,7.6,0
380,2022-01,7.6,2.1,0.8,6.3,0
380,2022-02,6.3,3.1,3.1,6.2,0
380,2022-03,6.2,3.6,3.7,6.3,0
380,2022-04,6.3,3.3,3.0,6.1,0
380,2022-05,6.1,3.6,3.9,6.4,0
380,2022-06,6.4,2.7,2.6,6.3,0
380,2022-07,6.3,4.2,4.1,6.2,0
380,2022-08,6.2,3.3,3.3,6.3,0
380,2022-09,6.3,3.8,3.6,6.0,0
380,2022-10,6.0,2.8,2.8,6.0,0
380,2022-11,6.0,4.3,7.6,9.3,0
380,2022-12,9.3,3.9,2.4,7.8,0
380,2023-01,7.8,4.2,2.3,5.9,0
380,2023-02,5.9,2.7,3.2,6.4,0
380,2023-03,6.4,2.8,2.3,6.0,0
380,2023-04,6.0,2.6,2.9,6.3,0
380,2023-05,6.3,1.9,1.7,6.1,0
380,2023-06,6.1,2.7,2.6,6.0,0
380,2023-07,6.0,2.4,2.3,5.9,0
380,2023-08,5.9,2.4,2.6,6.1,0
380,2023-09,6.1,2.9,3.0,6.2,0
380,2023-10,6.2,3.3,3.5,6.4,0
380,2023-11,6.4,4.1,6.1,8.5,0
380,2023-12,8.5,3.4,2.5,7.5,0
380,2024-01,7.5,2.6,1.2,6.1,0
380,2024-02,6.1,3.0,3.2,6.4,0
380,2024-03,6.4,3.2,2.7,5.9,0
380,2024-04,5.9,3.0,3.3,6.1,0
380,2024-05,6.1,4.9,4.9,6.2,0
380,2024-06,6.2,2.7,2.9,6.3,0
380,2024-07,6.3,2.6,2.4,6.2,0
380,2024-08,6.2,3.0,2.8,5.9,0
380,2024-09,5.9,3.4,3.5,6.0,0
380,2024-10,6.0,3.5,3.3,5.8,0
380,2024-11,5.8,4.7,8.3,9.4,0
380,2024-12,9.4,3.6,2.1,7.9,0
380,2025-01,7.9,3.6,1.7,6.1,0
380,2025-02,6.1,3.1,2.9,5.8,0
380,2025-03,5.8,3.3,3.7,6.3,0
380,2025-04,6.3,3.1,3.2,6.4,0
380,2025-05,6.4,2.3,2.1,6.1,0
380,2025-06,6.1,3.2,3.4,6.3,0
380,2025-07,6.3,4.2,3.9,5.9,0
380,2025-08,5.9,3.8,3.8,6.0,0
380,2025-09,6.0,3.2,3.2,6.0,0
380,2025-10,6.0,3.0,3.2,6.2,0
380,2025-11,6.2,4.8,7.5,8.9,0
380,2025-12,8.9,2.9,1.6,7.6,0
381,2021-01,14.2,7.7,6.7,13.1,0
381,2021-02,13.1,10.1,11.0,14.1,0
381,2021-03,14.1,9.3,8.3,13.0,0
381,2021-04,13.0,8.2,8.7,13.5,0
381,2021-05,13.5,9.1,8.7,13.1,0
381,2021-06,13.1,6.3,6.5,13.2,0
381,2021-07,13.2,7.5,8.4,14.1,0
381,2021-08,14.1,7.9,7.4,13.6,0
381,2021-09,13.6,8.3,8.1,13.5,0
381,2021-10,13.5,7.4,8.0,14.1,0
381,2021-11,14.1,13.2,19.9,20.9,0
381,2021-12,20.9,7.8,4.7,17.8,0
381,2022-01,17.8,9.7,5.3,13.4,0
381,2022-02,13.4,7.3,8.1,14.2,0
381,2022-03,14.2,8.2,7.7,13.6,0
381,2022-04,13.6,5.7,6.1,14.0,0
381,2022-05,14.0,7.7,7.6,14.0,0
381,2022-06,14.0,9.9,10.6,14.6,0
381,2022-07,14.6,7.7,7.3,14.2,0
381,2022-08,14.2,9.2,9.1,14.1,0
381,2022-09,14.1,10.4,9.5,13.3,0
381,2022-10,13.3,11.4,11.1,13.0,0
381,2022-11,13.0,13.0,21.5,21.5,4
381,2022-12,21.5,8.7,4.5,17.2,0
381,2023-01,17.2,7.4,4.0,13.8,0
381,2023-02,13.8,8.2,7.7,13.3,0
381,2023-03,13.3,7.0,7.7,14.0,0
381,2023-04,14.0,5.4,5.9,14.4,0
381,2023-05,14.4,7.9,7.9,14.4,0
381,2023-06,14.4,7.2,6.8,14.1,0
381,2023-07,14.1,6.5,6.1,13.6,0
381,2023-08,13.6,6.0,6.2,13.8,0
381,2023-09,13.8,7.4,7.0,13.4,0
381,2023-10,13.4,6.6,6.8,13.7,0
381,2023-11,13.7,11.1,18.5,21.0,0
381,2023-12,21.0,9.8,6.5,17.7,0
381,2024-01,17.7,8.3,4.5,13.9,0
381,2024-02,13.9,9.6,9.5,13.8,0
381,2024-03,13.8,5.7,6.1,14.1,0
381,2024-04,14.1,8.1,8.5,14.6,0
381,2024-05,14.6,7.5,6.7,13.8,0
381,2024-06,13.8,7.6,8.1,14.2,0
381,2024-07,14.2,8.5,8.2,13.9,0
381,2024-08,13.9,9.2,9.4,14.1,0
381,2024-09,14.1,8.0,7.3,13.5,0
381,2024-10,13.5,7.2,7.5,13.7,0
381,2024-11,13.7,12.2,18.4,19.9,0
381,2024-12,19.9,10.0,6.8,16.7,0
381,2025-01,16.7,9.0,6.4,14.1,0
381,2025-02,14.1,10.1,10.4,14.5,0
381,2025-03,14.5,6.3,5.7,13.9,0
381,2025-04,13.9,7.6,7.1,13.3,0
381,2025-05,13.3,7.7,8.0,13.6,0
381,2025-06,13.6,8.0,8.3,13.8,0
381,2025-07,13.8,6.7,7.2,14.3,0
381,2025-08,14.3,8.9,7.7,13.1,0
381,2025-09,13.1,7.7,7.8,13.1,0
381,2025-10,13.1,8.6,9.6,14.2,0
381,2025-11,14.2,11.2,16.1,19.1,0
381,2025-12,19.1,12.4,10.9,17.6,0
382,2021-01,5.4,2.9,2.9,5.4,0
382,2021-02,5.4,2.7,2.5,5.2,0
382,2021-03,5.2,4.1,4.3,5.4,0
382,2021-04,5.4,3.1,2.8,5.2,0
382,2021-05,5.2,3.3,3.1,5.0,0
382,2021-06,5.0,2.2,2.8,5.5,0
382,2021-07,5.5,2.9,2.9,5.5,0
382,2021-08,5.5,3.2,2.8,5.1,0
382,2021-09,5.1,4.1,3.7,4.8,0
382,2021-10,4.8,3.1,3.2,4.9,0
382,2021-11,4.9,4.6,6.5,6.8,0
382,2021-12,6.8,4.2,4.3,6.9,0
382,2022-01,6.9,3.0,1.3,5.3,0
382,2022-02,5.3,2.7,2.6,5.2,0
382,2022-03,5.2,3.4,3.3,5.1,0
382,2022-04,5.1,4.2,4.4,5.3,0
382,2022-05,5.3,2.9,3.0,5.4,0
382,2022-06,5.4,2.6,2.3,5.1,0
382,2022-07,5.1,3.2,3.5,5.3,0
382,2022-08,5.3,4.0,3.7,5.0,0
382,2022-09,5.0,3.5,3.6,5.2,0
382,2022-10,5.2,3.9,4.0,5.3,0
382,2022-11,5.3,4.9,6.6,6.9,0
382,2022-12,6.9,3.1,3.1,6.9,0
382,2023-01,6.9,4.8,3.1,5.2,0
382,2023-02,5.2,2.8,2.8,5.3,0
382,2023-03,5.3,4.1,4.2,5.3,0
382,2023-04,5.3,3.6,3.6,5.3,0
382,2023-05,5.3,4.5,4.3,5.2,0
382,2023-06,5.2,3.5,3.8,5.5,0
382,2023-07,5.5,3.8,3.6,5.3,0
382,2023-08,5.3,1.9,1.9,5.3,0
382,2023-09,5.3,3.9,3.7,5.1,0
382,2023-10,5.1,3.5,3.7,5.3,0
382,2023-11,5.3,3.9,6.4,7.7,0
382,2023-12,7.7,4.2,3.1,6.6,0
382,2024-01,6.6,3.2,2.1,5.5,0
382,2024-02,5.5,4.1,4.1,5.5,0
382,2024-03,5.5,2.7,2.3,5.1,0
382,2024-04,5.1,4.0,4.0,5.2,0
382,2024-05,5.2,3.2,3.4,5.4,0
382,2024-06,5.4,3.7,3.3,5.0,0
382,2024-07,5.0,3.1,3.1,5.0,0
382,2024-08,5.0,3.1,3.5,5.4,0
382,2024-09,5.4,3.4,3.2,5.2,0
382,2024-10,5.2,4.0,4.3,5.6,0
382,2024-11,5.6,5.6,7.9,7.9,3
382,2024-12,7.9,4.9,3.7,6.7,0
382,2025-01,6.7,2.9,1.6,5.4,0
382,2025-02,5.4,3.7,3.8,5.6,0
382,2025-03,5.6,3.0,2.5,5.0,0
382,2025-04,5.0,3.3,3.6,5.3,0
382,2025-05,5.3,3.3,3.2,5.2,0
382,2025-06,5.2,3.3,3.7,5.6,0
382,2025-07,5.6,2.8,2.6,5.4,0
382,2025-08,5.4,3.7,3.3,5.0,0
382,2025-09,5.0,3.0,3.0,5.1,0
382,2025-10,5.1,2.3,2.8,5.6,0
382,2025-11,5.6,4.8,7.3,8.0,0
382,2025-12,8.0,3.9,2.6,6.7,0
383,2021-01,5.9,3.0,3.0,5.9,0
383,2021-02,5.9,5.6,5.6,5.9,0
383,2021-03,5.9,4.5,4.4,5.8,0
383,2021-04,5.8,5.0,4.6,5.4,0
383,2021-05,5.4,5.4,6.1,6.1,1
383,2021-06,6.1,4.7,4.5,6.0,0
383,2021-07,6.0,6.0,5.2,5.2,4
383,2021-08,5.2,3.7,4.0,5.5,0
383,2021-09,5.5,4.7,5.0,5.8,0
383,2021-10,5.8,4.9,5.1,6.0,0
383,2021-11,6.0,6.0,7.4,7.4,3
383,2021-12,7.4,5.7,5.2,6.9,0
383,2022-01,6.9,5.4,4.5,6.0,0
383,2022-02,6.0,4.6,4.5,5.9,0
383,2022-03,5.9,3.1,2.8,5.6,0
383,2022-04,5.6,5.6,6.0,6.0,0
383,2022-05,6.0,5.1,4.9,5.8,0
383,2022-06,5.8,5.6,5.9,6.2,0
383,2022-07,6.2,4.9,4.2,5.4,0
383,2022-08,5.4,5.1,5.7,6.0,0
383,2022-09,6.0,4.7,4.7,6.1,0
383,2022-10,6.1,5.8,5.7,6.0,0
383,2022-11,6.0,6.0,8.1,8.1,6
383,2022-12,8.1,5.8,5.4,7.6,0
383,2023-01,7.6,3.3,1.6,5.9,0
383,2023-02,5.9,5.5,5.3,5.7,0
383,2023-03,5.7,5.3,5.2,5.6,0
383,2023-04,5.6,5.6,5.3,5.3,0
383,2023-05,5.3,4.3,5.0,6.0,0
383,2023-06,6.0,4.0,3.7,5.6,0
383,2023-07,5.6,5.5,5.9,6.0,0
383,2023-08,6.0,3.7,3.6,5.9,0
383,2023-09,5.9,5.3,5.2,5.7,0
383,2023-10,5.7,1.8,1.9,5.9,0
383,2023-11,5.9,5.9,8.8,8.8,4
383,2023-12,8.8,6.0,4.3,7.1,0
383,2024-01,7.1,5.5,4.3,5.9,0
383,2024-02,5.9,5.9,5.7,5.7,1
383,2024-03,5.7,3.6,3.8,6.0,0
383,2024-04,6.0,5.4,4.9,5.5,0
383,2024-05,5.5,4.1,3.9,5.3,0
383,2024-06,5.3,5.3,6.2,6.2,0
383,2024-07,6.2,5.9,5.2,5.6,0
383,2024-08,5.6,5.6,6.0,6.0,2
383,2024-09,6.0,5.5,5.2,5.7,0
383,2024-10,5.7,5.2,4.8,5.3,0
383,2024-11,5.3,5.3,7.3,7.3,8
383,2024-12,7.3,6.8,6.9,7.5,0
383,2025-01,7.5,5.2,3.8,6.1,0
383,2025-02,6.1,6.1,6.0,6.0,1
383,2025-03,6.0,5.8,5.7,5.9,0
383,2025-04,5.9,5.6,5.2,5.5,0
383,2025-05,5.5,4.5,4.8,5.8,0
383,2025-06,5.8,3.8,3.9,5.8,0
383,2025-07,5.8,4.7,4.8,5.9,0
383,2025-08,5.9,3.9,3.8,5.8,0
383,2025-09,5.8,4.4,4.1,5.5,0
383,2025-10,5.5,5.5,5.1,5.1,4
383,2025-11,5.1,5.1,8.2,8.2,4
383,2025-12,8.2,6.1,4.7,6.9,0
384,2021-01,10.2,5.2,4.7,9.7,0
384,2021-02,9.7,5.0,5.6,10.2,0
384,2021-03,10.2,6.1,5.5,9.5,0
384,2021-04,9.5,4.7,5.0,9.9,0
384,2021-05,9.9,4.0,4.1,10.0,0
384,2021-06,10.0,5.6,5.9,10.4,0
384,2021-07,10.4,4.4,3.6,9.7,0
384,2021-08,9.7,6.2,7.0,10.5,0
384,2021-09,10.5,5.7,5.1,9.9,0
384,2021-10,9.9,4.2,4.7,10.4,0
384,2021-11,10.4,6.8,11.2,14.8,0
384,2021-12,14.8,8.1,5.2,11.8,0
384,2022-01,11.8,5.3,3.3,9.9,0
384,2022-02,9.9,3.3,3.7,10.3,0
384,2022-03,10.3,5.3,4.7,9.7,0
384,2022-04,9.7,4.3,4.7,10.1,0
384,2022-05,10.1,4.6,4.4,9.9,0
384,2022-06,9.9,3.6,3.4,9.7,0
384,2022-07,9.7,4.3,4.3,9.6,0
384,2022-08,9.6,5.3,6.1,10.4,0
384,2022-09,10.4,6.4,5.9,9.9,0
384,2022-10,9.9,3.9,4.0,10.0,0
384,2022-11,10.0,6.5,10.8,14.3,0
384,2022-12,14.3,5.3,3.5,12.5,0
384,2023-01,12.5,5.8,3.0,9.7,0
384,2023-02,9.7,3.1,3.3,9.9,0
384,2023-03,9.9,5.9,5.6,9.5,0
384,2023-04,9.5,5.8,5.7,9.5,0
384,2023-05,9.5,4.7,5.5,10.3,0
384,2023-06,10.3,5.5,5.6,10.4,0
384,2023-07,10.4,6.7,6.6,10.2,0
384,2023-08,10.2,4.4,4.2,10.0,0
384,2023-09,10.0,6.3,5.9,9.6,0
384,2023-10,9.6,6.5,6.9,10.0,0
384,2023-11,10.0,8.4,11.9,13.5,0
384,2023-12,13.5,6.0,4.9,12.4,0
384,2024-01,12.4,4.9,2.3,9.8,0
384,2024-02,9.8,4.8,4.9,9.9,0
384,2024-03,9.9,3.3,3.3,9.9,0
384,2024-04,9.9,6.4,6.9,10.3,0
384,2024-05,10.3,5.9,4.9,9.4,0
384,2024-06,9.4,4.9,5.0,9.4,0
384,2024-07,9.4,6.0,6.4,9.7,0
384,2024-08,9.7,4.0,4.3,10.0,0
384,2024-09,10.0,4.8,5.0,10.2,0
384,2024-10,10.2,2.9,2.8,10.1,0
384,2024-11,10.1,6.4,10.8,14.5,0
384,2024-12,14.5,4.6,2.4,12.3,0
384,2025-01,12.3,4.8,2.7,10.2,0
384,2025-02,10.2,5.3,5.4,10.2,0
384,2025-03,10.2,4.0,3.9,10.1,0
384,2025-04,10.1,4.8,4.1,9.4,0
384,2025-05,9.4,6.0,5.9,9.3,0
384,2025-06,9.3,5.1,5.4,9.6,0
384,2025-07,9.6,3.7,3.7,9.6,0
384,2025-08,9.6,5.6,6.4,10.4,0
384,2025-09,10.4,6.3,5.7,9.7,0
384,2025-10,9.7,4.5,4.9,10.2,0
384,2025-11,10.2,7.8,12.7,15.1,0
384,2025-12,15.1,6.5,4.3,12.9,0
385,2021-01,69.2,46.2,46.4,69.4,0
385,2021-02,69.4,51.3,43.8,62.0,0
385,2021-03,62.0,38.1,39.0,62.8,0
385,2021-04,62.8,37.8,43.2,68.2,0
385,2021-05,68.2,57.7,57.3,67.8,0
385,2021-06,67.8,59.4,53.2,61.5,0
385,2021-07,61.5,47.7,52.2,66.0,0
385,2021-08,66.0,37.9,38.4,66.5,0
385,2021-09,66.5,45.2,44.1,65.4,0
385,2021-10,65.4,41.2,43.8,68.0,0
385,2021-11,68.0,68.0,88.2,88.2,1
385,2021-12,88.2,45.2,43.7,86.8,0
385,2022-01,86.8,39.4,20.3,67.6,0
385,2022-02,67.6,46.5,41.5,62.6,0
385,2022-03,62.6,43.1,49.7,69.2,0
385,2022-04,69.2,43.0,43.0,69.2,0
385,2022-05,69.2,43.5,37.0,62.7,0
385,2022-06,62.7,57.2,61.9,67.4,0
385,2022-07,67.4,28.9,28.7,67.1,0
385,2022-08,67.1,33.3,37.0,70.8,0
385,2022-09,70.8,42.5,39.7,67.9,0
385,2022-10,67.9,45.7,48.9,71.2,0
385,2022-11,71.2,71.2,95.3,95.3,2
385,2022-12,95.3,63.9,50.7,82.1,0
385,2023-01,82.1,55.7,36.8,63.2,0
385,2023-02,63.2,45.6,50.2,67.7,0
385,2023-03,67.7,36.1,33.9,65.6,0
385,2023-04,65.6,28.5,29.0,66.1,0
385,2023-05,66.1,51.6,49.2,63.6,0
385,2023-06,63.6,36.2,37.5,65.0,0
385,2023-07,65.0,44.8,41.9,62.1,0
385,2023-08,62.1,48.4,53.8,67.4,0
385,2023-09,67.4,45.7,44.4,66.1,0
385,2023-10,66.1,58.7,62.3,69.7,0
385,2023-11,69.7,53.7,72.9,88.9,0
385,2023-12,88.9,50.3,45.6,84.2,0
385,2024-01,84.2,54.2,37.1,67.1,0
385,2024-02,67.1,40.7,44.5,71.0,0
385,2024-03,71.0,55.3,53.8,69.4,0
385,2024-04,69.4,48.7,49.6,70.3,0
385,2024-05,70.3,46.7,43.2,66.7,0
385,2024-06,66.7,46.7,43.8,63.8,0
385,2024-07,63.8,52.8,55.1,66.1,0
385,2024-08,66.1,48.8,48.2,65.5,0
385,2024-09,65.5,45.3,47.2,67.4,0
385,2024-10,67.4,46.3,45.2,66.4,0
385,2024-11,66.4,66.4,99.0,99.0,5
385,2024-12,99.0,71.1,50.2,78.2,0
385,2025-01,78.2,53.8,41.5,65.8,0
385,2025-02,65.8,35.3,35.8,66.4,0
385,2025-03,66.4,45.8,44.0,64.5,0
385,2025-04,64.5,30.4,31.9,66.1,0
385,2025-05,66.1,42.6,46.4,69.9,0
385,2025-06,69.9,52.7,47.9,65.2,0
385,2025-07,65.2,39.1,39.6,65.7,0
385,2025-08,65.7,51.0,50.6,65.3,0
385,2025-09,65.3,51.0,56.4,70.7,0
385,2025-10,70.7,60.5,56.1,66.3,0
385,2025-11,66.3,63.5,96.6,99.4,0
385,2025-12,99.4,64.4,47.9,82.9,0
386,2021-01,68.2,43.8,40.7,65.1,0
386,2021-02,65.1,44.1,46.4,67.5,0
386,2021-03,67.5,37.6,33.1,63.0,0
386,2021-04,63.0,27.7,32.6,67.9,0
386,2021-05,67.9,30.8,27.1,64.2,0
386,2021-06,64.2,41.7,41.4,63.9,0
386,2021-07,63.9,35.2,41.1,69.8,0
386,2021-08,69.8,36.8,36.0,69.0,0
386,2021-09,69.0,36.1,30.4,63.3,0
386,2021-10,63.3,31.2,31.1,63.2,0
386,2021-11,63.2,58.5,97.6,102.2,0
386,2021-12,102.2,51.1,31.1,82.3,0
386,2022-01,82.3,46.9,32.3,67.7,0
386,2022-02,67.7,31.4,30.4,66.8,0
386,2022-03,66.8,36.3,38.3,68.7,0
386,2022-04,68.7,30.9,27.0,64.9,0
386,2022-05,64.9,40.5,42.0,66.3,0
386,2022-06,66.3,36.0,35.5,65.8,0
386,2022-07,65.8,48.0,49.4,67.2,0
386,2022-08,67.2,32.3,30.6,65.4,0
386,2022-09,65.4,41.2,41.2,65.4,0
386,2022-10,65.4,36.6,34.6,63.4,0
386,2022-11,63.4,48.5,84.3,99.3,0
386,2022-12,99.3,38.8,25.5,85.9,0
386,2023-01,85.9,45.7,26.3,66.5,0
386,2023-02,66.5,27.3,26.1,65.3,0
386,2023-03,65.3,38.6,40.5,67.2,0
386,2023-04,67.2,41.9,38.5,63.8,0
386,2023-05,63.8,41.8,43.5,65.5,0
386,2023-06,65.5,30.5,32.0,67.0,0
386,2023-07,67.0,46.4,43.4,64.1,0
386,2023-08,64.1,34.1,34.3,64.2,0
386,2023-09,64.2,37.2,38.5,65.5,0
386,2023-10,65.5,50.5,45.9,60.8,0
386,2023-11,60.8,51.2,80.6,90.2,0
386,2023-12,90.2,54.6,48.5,84.0,0
386,2024-01,84.0,37.9,20.6,66.8,0
386,2024-02,66.8,41.7,39.0,64.0,0
386,2024-03,64.0,33.1,34.8,65.8,0
386,2024-04,65.8,36.0,32.9,62.6,0
386,2024-05,62.6,43.7,45.4,64.4,0
386,2024-06,64.4,54.0,56.6,66.9,0
386,2024-07,66.9,42.3,37.6,62.2,0
386,2024-08,62.2,33.1,39.2,68.3,0
386,2024-09,68.3,38.9,38.6,68.0,0
386,2024-10,68.0,43.7,38.2,62.5,0
386,2024-11,62.5,39.7,74.3,97.2,0
386,2024-12,97.2,38.3,22.7,81.6,0
386,2025-01,81.6,29.6,15.6,67.6,0
386,2025-02,67.6,33.5,34.7,68.7,0
386,2025-03,68.7,36.8,32.5,64.4,0
386,2025-04,64.4,25.0,25.8,65.2,0
386,2025-05,65.2,30.8,28.8,63.2,0
386,2025-06,63.2,36.5,39.0,65.8,0
386,2025-07,65.8,35.4,35.6,66.0,0
386,2025-08,66.0,36.9,33.6,62.7,0
386,2025-09,62.7,47.8,48.9,63.7,0
386,2025-10,63.7,33.2,33.1,63.6,0
386,2025-11,63.6,57.9,89.8,95.5,0
386,2025-12,95.5,61.3,50.3,84.6,0
387,2021-01,30.7,30.7,31.0,31.0,12
387,2021-02,31.0,31.0,28.2,28.2,7
387,2021-03,28.2,28.2,28.3,28.3,12
387,2021-04,28.3,28.3,26.9,26.9,8
387,2021-05,26.9,26.9,27.4,27.4,10
387,2021-06,27.4,27.4,31.3,31.3,12
387,2021-07,31.3,31.3,28.3,28.3,10
387,2021-08,28.3,28.3,28.7,28.7,12
387,2021-09,28.7,28.7,27.0,27.0,14
387,2021-10,27.0,27.0,29.2,29.2,10
387,2021-11,29.2,29.2,41.0,41.0,17
387,2021-12,41.0,41.0,38.1,38.1,4
387,2022-01,38.1,38.1,28.2,28.2,9
387,2022-02,28.2,28.2,29.4,29.4,12
387,2022-03,29.4,29.4,28.3,28.3,13
387,2022-04,28.3,28.3,30.4,30.4,10
387,2022-05,30.4,30.4,28.1,28.1,11
387,2022-06,28.1,28.1,31.6,31.6,13
387,2022-07,31.6,31.6,31.6,31.6,8
387,2022-08,31.6,31.6,30.5,30.5,2
387,2022-09,30.5,30.5,27.5,27.5,14
387,2022-10,27.5,27.5,31.2,31.2,10
387,2022-11,31.2,31.2,40.5,40.5,18
387,2022-12,40.5,40.5,38.6,38.6,11
387,2023-01,38.6,38.6,32.1,32.1,1
387,2023-02,32.1,32.1,28.8,28.8,13
387,2023-03,28.8,28.8,28.8,28.8,9
387,2023-04,28.8,28.8,29.3,29.3,13
387,2023-05,29.3,28.0,27.1,28.4,0
387,2023-06,28.4,28.4,26.8,26.8,14
387,2023-07,26.8,26.8,29.9,29.9,16
387,2023-08,29.9,29.9,31.9,31.9,13
387,2023-09,31.9,31.9,31.9,31.9,13
387,2023-10,31.9,31.9,27.8,27.8,15
387,2023-11,27.8,27.8,46.6,46.6,19
387,2023-12,46.6,46.6,39.3,39.3,6
387,2024-01,39.3,39.3,26.9,26.9,2
387,2024-02,26.9,26.9,27.0,27.0,13
387,2024-03,27.0,27.0,29.4,29.4,11
387,2024-04,29.4,29.4,28.3,28.3,14
387,2024-05,28.3,28.3,27.8,27.8,16
387,2024-06,27.8,27.8,29.7,29.7,13
387,2024-07,29.7,29.7,26.5,26.5,17
387,2024-08,26.5,26.5,28.7,28.7,7
387,2024-09,28.7,28.7,31.9,31.9,2
387,2024-10,31.9,29.9,29.7,31.8,0
387,2024-11,31.8,31.8,44.7,44.7,16
387,2024-12,44.7,44.7,36.0,36.0,9
387,2025-01,36.0,34.9,25.5,26.5,0
387,2025-02,26.5,26.5,29.6,29.6,11
387,2025-03,29.6,29.6,32.0,32.0,9
387,2025-04,32.0,32.0,31.4,31.4,6
387,2025-05,31.4,31.4,26.2,26.2,6
387,2025-06,26.2,26.2,28.0,28.0,11
387,2025-07,28.0,28.0,26.2,26.2,10
387,2025-08,26.2,26.2,27.4,27.4,15
387,2025-09,27.4,27.4,31.6,31.6,13
387,2025-10,31.6,31.6,28.8,28.8,6
387,2025-11,28.8,28.8,39.5,39.5,18
387,2025-12,39.5,39.5,34.4,34.4,13
388,2021-01,9.0,9.0,8.8,8.8,7
388,2021-02,8.8,8.8,8.1,8.1,13
388,2021-03,8.1,8.1,8.2,8.2,8
388,2021-04,8.2,8.2,7.9,7.9,14
388,2021-05,7.9,7.9,8.2,8.2,16
388,2021-06,8.2,8.2,8.0,8.0,17
388,2021-07,8.0,8.0,9.2,9.2,13
388,2021-08,9.2,9.2,8.9,8.9,12
388,2021-09,8.9,8.9,8.0,8.0,12
388,2021-10,8.0,8.0,8.0,8.0,16
388,2021-11,8.0,8.0,13.1,13.1,17
388,2021-12,13.1,13.1,10.8,10.8,10
388,2022-01,10.8,10.8,8.7,8.7,8
388,2022-02,8.7,8.7,8.9,8.9,11
388,2022-03,8.9,8.9,7.9,7.9,13
388,2022-04,7.9,7.9,9.2,9.2,13
388,2022-05,9.2,9.2,7.7,7.7,13
388,2022-06,7.7,7.7,7.7,7.7,15
388,2022-07,7.7,7.7,9.1,9.1,17
388,2022-08,9.1,9.1,7.7,7.7,12
388,2022-09,7.7,7.7,7.7,7.7,10
388,2022-10,7.7,7.7,8.4,8.4,10
388,2022-11,8.4,8.4,13.6,13.6,15
388,2022-12,13.6,13.6,11.0,11.0,9
388,2023-01,11.0,11.0,7.8,7.8,3
388,2023-02,7.8,7.8,8.8,8.8,4
388,2023-03,8.8,8.8,9.1,9.1,17
388,2023-04,9.1,9.1,8.4,8.4,4
388,2023-05,8.4,8.4,8.2,8.2,6
388,2023-06,8.2,8.2,7.7,7.7,11
388,2023-07,7.7,7.7,9.3,9.3,10
388,2023-08,9.3,6.7,6.0,8.6,0
388,2023-09,8.6,8.6,9.2,9.2,13
388,2023-10,9.2,9.2,8.8,8.8,14
388,2023-11,8.8,8.8,12.7,12.7,19
388,2023-12,12.7,12.7,10.4,10.4,10
388,2024-01,10.4,10.4,7.8,7.8,10
388,2024-02,7.8,7.8,8.8,8.8,8
388,2024-03,8.8,8.8,8.7,8.7,15
388,2024-04,8.7,8.7,8.5,8.5,7
388,2024-05,8.5,8.5,8.4,8.4,15
388,2024-06,8.4,8.4,8.9,8.9,8
388,2024-07,8.9,8.9,8.4,8.4,3
388,2024-08,8.4,8.4,9.0,9.0,1
388,2024-09,9.0,9.0,9.0,9.0,17
388,2024-10,9.0,9.0,9.3,9.3,10
388,2024-11,9.3,9.3,13.0,13.0,17
388,2024-12,13.0,13.0,11.6,11.6,11
388,2025-01,11.6,11.6,8.3,8.3,11
388,2025-02,8.3,8.3,7.9,7.9,12
388,2025-03,7.9,7.9,8.9,8.9,13
388,2025-04,8.9,8.9,8.9,8.9,12
388,2025-05,8.9,8.9,8.8,8.8,11
388,2025-06,8.8,8.8,9.0,9.0,16
388,2025-07,9.0,9.0,8.6,8.6,14
388,2025-08,8.6,8.6,8.9,8.9,12
388,2025-09,8.9,8.9,8.9,8.9,14
388,2025-10,8.9,8.9,7.9,7.9,14
388,2025-11,7.9,7.9,13.3,13.3,19
388,2025-12,13.3,13.3,10.0,10.0,9
389,2021-01,54.8,25.1,23.2,52.9,0
389,2021-02,52.9,29.6,30.4,53.7,0
389,2021-03,53.7,29.3,29.0,53.4,0
389,2021-04,53.4,29.6,28.2,52.1,0
389,2021-05,52.1,28.9,32.6,55.8,0
389,2021-06,55.8,26.2,22.0,51.6,0
389,2021-07,51.6,25.2,28.8,55.3,0
389,2021-08,55.3,32.2,28.1,51.2,0
389,2021-09,51.2,25.4,30.2,55.9,0
389,2021-10,55.9,30.3,28.0,53.7,0
389,2021-11,53.7,41.9,68.1,79.9,0
389,2021-12,79.9,31.9,18.8,66.7,0
389,2022-01,66.7,28.7,15.4,53.5,0
389,2022-02,53.5,30.0,26.9,50.3,0
389,2022-03,50.3,25.0,28.0,53.3,0
389,2022-04,53.3,22.2,20.3,51.4,0
389,2022-05,51.4,23.6,27.3,55.1,0
389,2022-06,55.1,18.4,18.2,54.9,0
389,2022-07,54.9,25.5,22.5,51.8,0
389,2022-08,51.8,23.7,26.4,54.5,0
389,2022-09,54.5,17.9,15.9,52.5,0
389,2022-10,52.5,24.4,24.3,52.4,0
389,2022-11,52.4,46.1,69.7,76.1,0
389,2022-12,76.1,35.9,29.0,69.2,0
389,2023-01,69.2,30.1,13.4,52.5,0
389,2023-02,52.5,21.8,22.5,53.3,0
389,2023-03,53.3,31.1,31.8,54.0,0
389,2023-04,54.0,22.2,20.2,52.0,0
389,2023-05,52.0,31.9,30.6,50.6,0
389,2023-06,50.6,32.2,38.1,56.5,0
389,2023-07,56.5,24.1,22.6,55.0,0
389,2023-08,55.0,29.9,29.7,54.8,0
389,2023-09,54.8,24.3,21.9,52.3,0
389,2023-10,52.3,21.2,21.1,52.3,0
389,2023-11,52.3,35.7,56.7,73.3,0
389,2023-12,73.3,35.2,27.1,65.2,0
389,2024-01,65.2,25.6,13.4,53.0,0
389,2024-02,53.0,31.2,30.1,51.8,0
389,2024-03,51.8,28.7,32.7,55.8,0
389,2024-04,55.8,28.6,28.5,55.6,0
389,2024-05,55.6,31.3,30.7,55.0,0
389,2024-06,55.0,26.2,27.0,55.8,0
389,2024-07,55.8,17.8,16.8,54.8,0
389,2024-08,54.8,30.6,31.2,55.5,0
389,2024-09,55.5,33.9,34.7,56.3,0
389,2024-10,56.3,26.8,22.0,51.6,0
389,2024-11,51.6,46.7,77.8,82.7,0
389,2024-12,82.7,33.9,18.8,67.6,0
389,2025-01,67.6,24.1,11.8,55.2,0
389,2025-02,55.2,21.9,21.5,54.8,0
389,2025-03,54.8,27.4,27.3,54.7,0
389,2025-04,54.7,28.1,27.5,54.1,0
389,2025-05,54.1,21.1,19.6,52.6,0
389,2025-06,52.6,15.2,18.0,55.5,0
389,2025-07,55.5,25.1,23.0,53.4,0
389,2025-08,53.4,15.1,15.9,54.2,0
389,2025-09,54.2,28.0,26.2,52.3,0
389,2025-10,52.3,30.8,33.6,55.1,0
389,2025-11,55.1,40.5,57.4,71.9,0
389,2025-12,71.9,30.4,27.8,69.4,0
390,2021-01,16.6,11.4,11.4,16.6,0
390,2021-02,16.6,12.7,10.9,14.7,0
390,2021-03,14.7,9.9,11.2,16.0,0
390,2021-04,16.0,11.0,10.1,15.1,0
390,2021-05,15.1,15.1,16.8,16.8,1
390,2021-06,16.8,12.6,12.8,17.0,0
390,2021-07,17.0,13.5,12.8,16.3,0
390,2021-08,16.3,13.7,12.3,15.0,0
390,2021-09,15.0,15.0,15.1,15.1,5
390,2021-10,15.1,11.4,13.5,17.2,0
390,2021-11,17.2,16.5,22.1,22.9,0
390,2021-12,22.9,15.1,12.7,20.5,0
390,2022-01,20.5,14.9,10.1,15.7,0
390,2022-02,15.7,15.1,15.9,16.5,0
390,2022-03,16.5,16.5,16.4,16.4,0
390,2022-04,16.4,14.0,13.4,15.8,0
390,2022-05,15.8,13.6,12.5,14.6,0
390,2022-06,14.6,9.3,9.7,15.0,0
390,2022-07,15.0,15.0,14.7,14.7,4
390,2022-08,14.7,10.8,11.8,15.7,0
390,2022-09,15.7,12.1,11.1,14.8,0
390,2022-10,14.8,13.0,13.7,15.4,0
390,2022-11,15.4,15.4,22.0,22.0,7
390,2022-12,22.0,18.6,15.5,19.0,0
390,2023-01,19.0,14.9,11.0,15.0,0
390,2023-02,15.0,11.7,11.3,14.6,0
390,2023-03,14.6,9.7,10.9,15.8,0
390,2023-04,15.8,11.4,11.1,15.4,0
390,2023-05,15.4,12.2,11.6,14.8,0
390,2023-06,14.8,13.8,13.6,14.6,0
390,2023-07,14.6,11.1,13.0,16.5,0
390,2023-08,16.5,14.3,12.7,14.9,0
390,2023-09,14.9,14.1,14.3,15.1,0
390,2023-10,15.1,10.1,10.8,15.8,0
390,2023-11,15.8,15.8,24.9,24.9,5
390,2023-12,24.9,17.7,11.5,18.8,0
390,2024-01,18.8,13.8,12.2,17.1,0
390,2024-02,17.1,7.8,6.4,15.7,0
390,2024-03,15.7,12.1,12.2,15.8,0
390,2024-04,15.8,10.9,11.4,16.2,0
390,2024-05,16.2,9.0,9.0,16.3,0
390,2024-06,16.3,12.3,11.8,15.8,0
390,2024-07,15.8,12.7,13.5,16.5,0
390,2024-08,16.5,11.4,11.7,16.8,0
390,2024-09,16.8,12.6,11.2,15.5,0
390,2024-10,15.5,11.2,10.7,14.9,0
390,2024-11,14.9,14.9,21.5,21.5,6
390,2024-12,21.5,10.3,9.1,20.4,0
390,2025-01,20.4,10.1,5.6,15.9,0
390,2025-02,15.9,10.3,10.5,16.1,0
390,2025-03,16.1,14.2,13.9,15.8,0
390,2025-04,15.8,11.7,10.7,14.7,0
390,2025-05,14.7,14.7,17.0,17.0,3
390,2025-06,17.0,13.8,11.4,14.7,0
390,2025-07,14.7,13.7,15.8,16.7,0
390,2025-08,16.7,12.3,10.4,14.9,0
390,2025-09,14.9,11.5,13.1,16.5,0
390,2025-10,16.5,8.3,7.4,15.6,0
390,2025-11,15.6,15.6,24.0,24.0,4
390,2025-12,24.0,17.9,13.6,19.7,0
391,2021-01,17.9,17.9,16.1,16.1,11
391,2021-02,16.1,16.1,17.7,17.7,15
391,2021-03,17.7,17.7,17.0,17.0,11
391,2021-04,17.0,17.0,16.2,16.2,13
391,2021-05,16.2,16.2,16.2,16.2,5
391,2021-06,16.2,16.2,17.1,17.1,11
391,2021-07,17.1,17.1,18.3,18.3,10
391,2021-08,18.3,18.3,17.7,17.7,8
391,2021-09,17.7,17.7,18.3,18.3,7
391,2021-10,18.3,18.3,16.1,16.1,7
391,2021-11,16.1,16.1,24.1,24.1,19
391,2021-12,24.1,24.1,19.5,19.5,5
391,2022-01,19.5,19.5,15.4,15.4,12
391,2022-02,15.4,15.4,17.5,17.5,8
391,2022-03,17.5,17.5,17.2,17.2,10
391,2022-04,17.2,17.2,17.5,17.5,3
391,2022-05,17.5,17.5,18.0,18.0,10
391,2022-06,18.0,18.0,17.1,17.1,10
391,2022-07,17.1,17.1,16.3,16.3,15
391,2022-08,16.3,16.3,18.0,18.0,14
391,2022-09,18.0,18.0,18.3,18.3,13
391,2022-10,18.3,18.3,17.2,17.2,3
391,2022-11,17.2,17.2,24.0,24.0,16
391,2022-12,24.0,24.0,22.5,22.5,8
391,2023-01,22.5,22.5,17.0,17.0,4
391,2023-02,17.0,17.0,16.4,16.4,11
391,2023-03,16.4,16.4,15.3,15.3,13
391,2023-04,15.3,15.3,17.6,17.6,13
391,2023-05,17.6,15.8,14.7,16.5,0
391,2023-06,16.5,16.5,15.6,15.6,1
391,2023-07,15.6,15.6,16.1,16.1,8
391,2023-08,16.1,16.1,17.4,17.4,16
391,2023-09,17.4,17.4,15.7,15.7,5
391,2023-10,15.7,15.7,16.0,16.0,13
391,2023-11,16.0,16.0,26.8,26.8,15
391,2023-12,26.8,26.8,21.9,21.9,0
391,2024-01,21.9,21.9,15.9,15.9,3
391,2024-02,15.9,15.9,15.4,15.4,14
391,2024-03,15.4,15.4,15.8,15.8,5
391,2024-04,15.8,15.8,18.7,18.7,15
391,2024-05,18.7,18.7,17.1,17.1,7
391,2024-06,17.1,17.1,15.9,15.9,7
391,2024-07,15.9,15.9,17.5,17.5,8
391,2024-08,17.5,17.5,17.0,17.0,7
391,2024-09,17.0,17.0,17.7,17.7,11
391,2024-10,17.7,17.7,15.2,15.2,10
391,2024-11,15.2,15.2,26.4,26.4,17
391,2024-12,26.4,26.4,19.0,19.0,7
391,2025-01,19.0,17.9,16.5,17.6,0
391,2025-02,17.6,17.6,17.0,17.0,15
391,2025-03,17.0,17.0,17.4,17.4,12
391,2025-04,17.4,17.4,18.0,18.0,12
391,2025-05,18.0,18.0,18.6,18.6,10
391,2025-06,18.6,18.6,17.7,17.7,12
391,2025-07,17.7,17.7,16.8,16.8,12
391,2025-08,16.8,16.8,16.7,16.7,14
391,2025-09,16.7,16.7,16.5,16.5,16
391,2025-10,16.5,16.5,15.7,15.7,11
391,2025-11,15.7,15.7,25.5,25.5,19
391,2025-12,25.5,25.5,22.4,22.4,5
392,2021-01,120.6,32.4,32.5,120.6,0
392,2021-02,120.6,25.6,25.2,120.2,0
392,2021-03,120.2,25.7,24.5,119.0,0
392,2021-04,119.0,24.8,25.8,120.0,0
392,2021-05,120.0,19.9,21.2,121.3,0
392,2021-06,121.3,30.9,29.4,119.9,0
392,2021-07,119.9,23.4,24.7,121.3,0
392,2021-08,121.3,33.0,29.3,117.5,0
392,2021-09,117.5,24.3,24.1,117.2,0
392,2021-10,117.2,31.4,35.9,121.7,0
392,2021-11,121.7,38.6,91.4,174.5,0
392,2021-12,174.5,38.0,13.8,150.4,0
392,2022-01,150.4,17.9,0.0,132.5,0
392,2022-02,132.5,32.5,18.8,118.9,0
392,2022-03,118.9,30.2,32.3,121.0,0
392,2022-04,121.0,32.0,32.7,121.7,0
392,2022-05,121.7,34.2,33.2,120.8,0
392,2022-06,120.8,24.4,22.4,118.8,0
392,2022-07,118.8,28.0,28.8,119.6,0
392,2022-08,119.6,23.2,23.8,120.2,0
392,2022-09,120.2,31.9,32.8,121.1,0
392,2022-10,121.1,25.7,26.1,121.5,0
392,2022-11,121.5,38.5,95.2,178.2,0
392,2022-12,178.2,37.7,10.8,151.3,0
392,2023-01,151.3,25.9,0.0,125.4,0
392,2023-02,125.4,24.7,18.5,119.2,0
392,2023-03,119.2,25.0,25.8,119.9,0
392,2023-04,119.9,23.3,24.8,121.4,0
392,2023-05,121.4,25.0,25.0,121.4,0
392,2023-06,121.4,20.3,17.1,118.2,0
392,2023-07,118.2,25.7,26.1,118.6,0
392,2023-08,118.6,26.8,24.8,116.6,0
392,2023-09,116.6,24.2,24.4,116.8,0
392,2023-10,116.8,29.1,34.0,121.7,0
392,2023-11,121.7,37.6,82.6,166.7,0
392,2023-12,166.7,43.8,27.5,150.3,0
392,2024-01,150.3,31.7,2.0,120.7,0
392,2024-02,120.7,25.7,26.3,121.2,0
392,2024-03,121.2,26.6,24.3,118.9,0
392,2024-04,118.9,27.6,29.4,120.7,0
392,2024-05,120.7,21.9,22.2,121.0,0
392,2024-06,121.0,23.3,22.6,120.3,0
392,2024-07,120.3,31.7,27.8,116.4,0
392,2024-08,116.4,24.3,26.7,118.7,0
392,2024-09,118.7,25.1,23.5,117.1,0
392,2024-10,117.1,30.8,36.0,122.3,0
392,2024-11,122.3,44.6,84.4,162.2,0
392,2024-12,162.2,30.4,18.6,150.3,0
392,2025-01,150.3,27.4,0.0,122.9,0
392,2025-02,122.9,25.4,24.2,121.7,0
392,2025-03,121.7,29.2,29.2,121.7,0
392,2025-04,121.7,20.4,16.8,118.1,0
392,2025-05,118.1,28.9,32.6,121.9,0
392,2025-06,121.9,27.8,24.1,118.1,0
392,2025-07,118.1,23.5,25.6,120.3,0
392,2025-08,120.3,27.5,27.4,120.2,0
392,2025-09,120.2,28.8,27.9,119.3,0
392,2025-10,119.3,31.9,32.1,119.5,0
392,2025-11,119.5,42.0,89.5,167.0,0
392,2025-12,167.0,30.2,13.2,150.0,0
393,2021-01,253.0,110.8,114.0,256.3,0
393,2021-02,256.3,169.2,153.2,240.2,0
393,2021-03,240.2,132.4,129.1,236.9,0
393,2021-04,236.9,123.7,135.2,248.3,0
393,2021-05,248.3,97.1,92.6,243.8,0
393,2021-06,243.8,81.3,92.7,255.2,0
393,2021-07,255.2,138.5,128.5,245.3,0
393,2021-08,245.3,101.9,104.1,247.5,0
393,2021-09,247.5,156.1,147.2,238.6,0
393,2021-10,238.6,138.7,149.5,249.3,0
393,2021-11,249.3,190.2,279.3,338.5,0
393,2021-12,338.5,149.9,132.1,320.6,0
393,2022-01,320.6,97.8,26.4,249.2,0
393,2022-02,249.2,81.2,77.4,245.4,0
393,2022-03,245.4,128.5,134.0,250.9,0
393,2022-04,250.9,126.6,134.6,259.0,0
393,2022-05,259.0,144.5,134.0,248.5,0
393,2022-06,248.5,100.7,106.8,254.6,0
393,2022-07,254.6,158.7,151.9,247.8,0
393,2022-08,247.8,126.5,132.7,254.1,0
393,2022-09,254.1,131.9,122.1,244.3,0
393,2022-10,244.3,159.2,160.3,245.4,0
393,2022-11,245.4,126.4,228.3,347.3,0
393,2022-12,347.3,164.7,121.4,304.0,0
393,2023-01,304.0,93.0,40.0,251.0,0
393,2023-02,251.0,149.7,155.4,256.6,0
393,2023-03,256.6,126.5,127.7,257.8,0
393,2023-04,257.8,99.0,85.7,244.5,0
393,2023-05,244.5,151.0,152.8,246.4,0
393,2023-06,246.4,95.4,88.3,239.3,0
393,2023-07,239.3,146.7,142.7,235.3,0
393,2023-08,235.3,112.3,129.5,252.5,0
393,2023-09,252.5,133.9,136.6,255.1,0
393,2023-10,255.1,125.9,113.2,242.4,0
393,2023-11,242.4,175.6,297.9,364.7,0
393,2023-12,364.7,158.5,109.8,316.0,0
393,2024-01,316.0,115.3,50.7,251.5,0
393,2024-02,251.5,143.3,143.5,251.7,0
393,2024-03,251.7,115.5,121.9,258.1,0
393,2024-04,258.1,137.5,135.3,255.9,0
393,2024-05,255.9,153.1,153.2,256.0,0
393,2024-06,256.0,146.6,131.0,240.5,0
393,2024-07,240.5,137.5,154.8,257.8,0
393,2024-08,257.8,107.2,105.4,256.0,0
393,2024-09,256.0,136.1,116.4,236.3,0
393,2024-10,236.3,133.7,144.1,246.7,0
393,2024-11,246.7,158.5,282.6,370.8,0
393,2024-12,370.8,179.0,126.6,318.3,0
393,2025-01,318.3,136.0,68.8,251.1,0
393,2025-02,251.1,168.4,160.0,242.7,0
393,2025-03,242.7,169.1,162.8,236.4,0
393,2025-04,236.4,157.4,181.0,259.9,0
393,2025-05,259.9,108.3,93.2,244.8,0
393,2025-06,244.8,146.8,147.0,245.0,0
393,2025-07,245.0,88.0,95.5,252.5,0
393,2025-08,252.5,107.0,111.8,257.3,0
393,2025-09,257.3,175.2,168.3,250.4,0
393,2025-10,250.4,103.1,98.2,245.5,0
393,2025-11,245.5,210.6,322.0,357.0,0
393,2025-12,357.0,166.7,108.9,299.2,0
394,2021-01,9.9,3.8,3.2,9.3,0
394,2021-02,9.3,3.6,3.9,9.6,0
394,2021-03,9.6,3.8,3.7,9.5,0
394,2021-04,9.5,3.4,3.8,9.9,0
394,2021-05,9.9,4.1,3.5,9.3,0
394,2021-06,9.3,4.3,4.6,9.6,0
394,2021-07,9.6,4.9,5.4,10.0,0
394,2021-08,10.0,4.3,3.9,9.6,0
394,2021-09,9.6,5.3,5.6,9.9,0
394,2021-10,9.9,3.1,2.9,9.7,0
394,2021-11,9.7,8.0,11.5,13.2,0
394,2021-12,13.2,6.3,4.9,11.8,0
394,2022-01,11.8,3.2,1.4,9.9,0
394,2022-02,9.9,4.4,3.9,9.3,0
394,2022-03,9.3,5.5,5.4,9.2,0
394,2022-04,9.2,3.6,4.5,10.1,0
394,2022-05,10.1,4.3,4.1,9.9,0
394,2022-06,9.9,5.8,6.0,10.1,0
394,2022-07,10.1,6.3,5.2,9.0,0
394,2022-08,9.0,5.7,5.8,9.1,0
394,2022-09,9.1,5.2,5.1,9.0,0
394,2022-10,9.0,6.5,7.6,10.1,0
394,2022-11,10.1,6.9,10.5,13.7,0
394,2022-12,13.7,6.4,4.9,12.2,0
394,2023-01,12.2,4.3,2.0,9.9,0
394,2023-02,9.9,3.6,3.5,9.8,0
394,2023-03,9.8,5.2,5.2,9.7,0
394,2023-04,9.7,4.3,4.1,9.6,0
394,2023-05,9.6,4.0,4.2,9.7,0
394,2023-06,9.7,5.9,6.0,9.8,0
394,2023-07,9.8,4.3,4.1,9.6,0
394,2023-08,9.6,4.0,3.6,9.3,0
394,2023-09,9.3,3.4,3.9,9.9,0
394,2023-10,9.9,5.7,5.5,9.7,0
394,2023-11,9.7,6.6,10.5,13.6,0
394,2023-12,13.6,7.6,6.1,12.1,0
394,2024-01,12.1,5.7,3.0,9.4,0
394,2024-02,9.4,6.4,6.8,9.8,0
394,2024-03,9.8,2.6,2.5,9.6,0
394,2024-04,9.6,4.5,4.9,10.1,0
394,2024-05,10.1,4.4,3.8,9.5,0
394,2024-06,9.5,5.1,5.0,9.4,0
394,2024-07,9.4,4.0,3.9,9.3,0
394,2024-08,9.3,5.8,6.3,9.8,0
394,2024-09,9.8,5.5,5.5,9.8,0
394,2024-10,9.8,4.0,4.0,9.8,0
394,2024-11,9.8,6.7,10.9,14.0,0
394,2024-12,14.0,6.0,4.3,12.3,0
394,2025-01,12.3,3.9,1.4,9.8,0
394,2025-02,9.8,6.0,5.6,9.4,0
394,2025-03,9.4,4.1,4.7,10.1,0
394,2025-04,10.1,4.9,4.7,10.0,0
394,2025-05,10.0,4.1,4.0,9.9,0
394,2025-06,9.9,5.1,4.9,9.7,0
394,2025-07,9.7,4.5,4.0,9.2,0
394,2025-08,9.2,5.3,5.9,9.7,0
394,2025-09,9.7,5.0,5.1,9.8,0
394,2025-10,9.8,5.2,5.0,9.6,0
394,2025-11,9.6,7.2,10.5,12.8,0
394,2025-12,12.8,7.1,6.9,12.6,0
395,2021-01,87.5,45.7,41.3,83.1,0
395,2021-02,83.1,46.0,47.8,85.0,0
395,2021-03,85.0,32.3,33.3,86.0,0
395,2021-04,86.0,33.5,34.9,87.4,0
395,2021-05,87.4,53.4,54.9,88.9,0
395,2021-06,88.9,56.2,56.1,88.8,0
395,2021-07,88.8,37.6,31.1,82.4,0
395,2021-08,82.4,43.9,45.8,84.3,0
395,2021-09,84.3,41.5,39.4,82.2,0
395,2021-10,82.2,48.7,47.8,81.3,0
395,2021-11,81.3,62.0,112.7,132.0,0
395,2021-12,132.0,49.8,23.3,105.6,0
395,2022-01,105.6,42.7,21.4,84.3,0
395,2022-02,84.3,40.3,38.2,82.2,0
395,2022-03,82.2,35.1,37.1,84.1,0
395,2022-04,84.1,32.1,36.3,88.4,0
395,2022-05,88.4,46.4,44.6,86.7,0
395,2022-06,86.7,44.3,47.2,89.6,0
395,2022-07,89.6,60.0,50.5,80.1,0
395,2022-08,80.1,34.7,39.2,84.6,0
395,2022-09,84.6,52.7,50.2,82.1,0
395,2022-10,82.1,31.3,38.3,89.2,0
395,2022-11,89.2,81.3,121.4,129.2,0
395,2022-12,129.2,46.9,25.3,107.7,0
395,2023-01,107.7,29.6,8.2,86.3,0
395,2023-02,86.3,37.7,36.7,85.2,0
395,2023-03,85.2,56.5,60.1,88.8,0
395,2023-04,88.8,40.5,36.2,84.5,0
395,2023-05,84.5,31.7,34.1,87.0,0
395,2023-06,87.0,54.3,57.2,89.8,0
395,2023-07,89.8,40.0,38.8,88.6,0
395,2023-08,88.6,51.3,46.9,84.3,0
395,2023-09,84.3,42.0,39.0,81.2,0
395,2023-10,81.2,49.8,52.2,83.7,0
395,2023-11,83.7,54.4,96.4,125.7,0
395,2023-12,125.7,71.0,54.7,109.4,0
395,2024-01,109.4,46.3,22.3,85.4,0
395,2024-02,85.4,37.4,35.7,83.6,0
395,2024-03,83.6,56.1,54.3,81.8,0
395,2024-04,81.8,39.6,39.4,81.6,0
395,2024-05,81.6,33.7,35.2,83.1,0
395,2024-06,83.1,52.1,53.7,84.8,0
395,2024-07,84.8,45.0,41.5,81.2,0
395,2024-08,81.2,57.9,63.9,87.3,0
395,2024-09,87.3,39.4,34.4,82.3,0
395,2024-10,82.3,38.1,37.8,81.9,0
395,2024-11,81.9,58.1,99.8,123.6,0
395,2024-12,123.6,46.3,33.4,110.8,0
395,2025-01,110.8,45.9,23.3,88.2,0
395,2025-02,88.2,47.7,41.7,82.2,0
395,2025-03,82.2,44.5,51.5,89.1,0
395,2025-04,89.1,31.7,27.1,84.5,0
395,2025-05,84.5,41.6,41.1,84.0,0
395,2025-06,84.0,43.3,49.0,89.7,0
395,2025-07,89.7,53.5,48.1,84.3,0
395,2025-08,84.3,48.9,52.7,88.0,0
395,2025-09,88.0,48.7,44.2,83.5,0
395,2025-10,83.5,37.1,35.5,81.9,0
395,2025-11,81.9,61.6,100.8,121.1,0
395,2025-12,121.1,63.0,47.6,105.8,0
396,2021-01,9.8,4.7,4.2,9.3,0
396,2021-02,9.3,7.2,7.2,9.3,0
396,2021-03,9.3,4.8,5.2,9.7,0
396,2021-04,9.7,7.1,6.1,8.8,0
396,2021-05,8.8,5.4,5.6,9.0,0
396,2021-06,9.0,5.8,6.1,9.4,0
396,2021-07,9.4,7.3,8.0,10.1,0
396,2021-08,10.1,5.9,5.8,10.0,0
396,2021-09,10.0,4.3,3.9,9.7,0
396,2021-10,9.7,6.4,6.5,9.8,0
396,2021-11,9.8,8.8,13.6,14.6,0
396,2021-12,14.6,5.7,2.9,11.8,0
396,2022-01,11.8,5.4,3.5,9.9,0
396,2022-02,9.9,6.4,5.5,9.0,0
396,2022-03,9.0,7.0,6.9,8.9,0
396,2022-04,8.9,4.5,5.4,9.8,0
396,2022-05,9.8,4.8,4.4,9.5,0
396,2022-06,9.5,5.7,6.1,9.9,0
396,2022-07,9.9,5.5,5.5,9.9,0
396,2022-08,9.9,5.2,4.8,9.5,0
396,2022-09,9.5,3.4,3.3,9.4,0
396,2022-10,9.4,7.0,7.7,10.1,0
396,2022-11,10.1,8.7,13.0,14.4,0
396,2022-12,14.4,7.7,5.0,11.7,0
396,2023-01,11.7,5.3,3.2,9.6,0
396,2023-02,9.6,4.5,4.7,9.8,0
396,2023-03,9.8,7.6,7.6,9.8,0
396,2023-04,9.8,4.2,4.0,9.6,0
396,2023-05,9.6,4.1,3.9,9.3,0
396,2023-06,9.3,7.2,6.6,8.7,0
396,2023-07,8.7,6.0,7.5,10.1,0
396,2023-08,10.1,4.8,4.2,9.5,0
396,2023-09,9.5,7.9,7.8,9.4,0
396,2023-10,9.4,7.0,6.4,8.9,0
396,2023-11,8.9,8.1,13.8,14.6,0
396,2023-12,14.6,8.6,5.8,11.8,0
396,2024-01,11.8,6.2,4.3,9.9,0
396,2024-02,9.9,4.9,4.3,9.3,0
396,2024-03,9.3,4.8,5.1,9.5,0
396,2024-04,9.5,4.7,4.3,9.2,0
396,2024-05,9.2,6.8,7.7,10.1,0
396,2024-06,10.1,5.8,5.5,9.7,0
396,2024-07,9.7,4.5,4.2,9.5,0
396,2024-08,9.5,4.2,3.9,9.2,0
396,2024-09,9.2,4.6,5.4,10.0,0
396,2024-10,10.0,7.0,6.3,9.3,0
396,2024-11,9.3,8.9,12.0,12.4,0
396,2024-12,12.4,8.1,7.3,11.5,0
396,2025-01,11.5,5.3,3.4,9.6,0
396,2025-02,9.6,6.0,5.5,9.1,0
396,2025-03,9.1,6.8,6.9,9.1,0
396,2025-04,9.1,6.7,7.5,9.9,0
396,2025-05,9.9,5.1,4.7,9.6,0
396,2025-06,9.6,5.5,5.3,9.3,0
396,2025-07,9.3,5.0,5.1,9.5,0
396,2025-08,9.5,5.2,5.5,9.7,0
396,2025-09,9.7,4.4,4.4,9.8,0
396,2025-10,9.8,4.7,4.9,10.0,0
396,2025-11,10.0,9.8,13.9,14.1,0
396,2025-12,14.1,6.8,5.2,12.5,0
397,2021-01,3.6,3.6,3.4,3.4,9
397,2021-02,3.4,3.4,3.6,3.6,13
397,2021-03,3.6,3.6,3.7,3.7,11
397,2021-04,3.7,3.4,3.0,3.3,0
397,2021-05,3.3,3.3,3.2,3.2,15
397,2021-06,3.2,3.2,3.6,3.6,15
397,2021-07,3.6,3.6,3.7,3.7,14
397,2021-08,3.7,3.7,3.6,3.6,17
397,2021-09,3.6,3.6,3.5,3.5,17
397,2021-10,3.5,3.5,3.3,3.3,17
397,2021-11,3.3,3.3,5.4,5.4,21
397,2021-12,5.4,5.4,4.1,4.1,14
397,2022-01,4.1,4.1,3.8,3.8,12
397,2022-02,3.8,3.8,3.8,3.8,15
397,2022-03,3.8,3.8,3.8,3.8,10
397,2022-04,3.8,3.8,3.6,3.6,14
397,2022-05,3.6,3.6,3.6,3.6,16
397,2022-06,3.6,3.6,3.7,3.7,14
397,2022-07,3.7,3.7,3.5,3.5,10
397,2022-08,3.5,3.5,3.8,3.8,16
397,2022-09,3.8,3.8,3.6,3.6,11
397,2022-10,3.6,3.6,3.5,3.5,14
397,2022-11,3.5,3.5,4.9,4.9,20
397,2022-12,4.9,4.9,4.1,4.1,13
397,2023-01,4.1,4.1,3.6,3.6,12
397,2023-02,3.6,3.6,3.3,3.3,17
397,2023-03,3.3,3.3,3.5,3.5,17
397,2023-04,3.5,3.5,3.2,3.2,17
397,2023-05,3.2,3.2,3.7,3.7,18
397,2023-06,3.7,3.7,3.4,3.4,17
397,2023-07,3.4,3.4,3.6,3.6,10
397,2023-08,3.6,3.6,3.5,3.5,13
397,2023-09,3.5,3.5,3.4,3.4,14
397,2023-10,3.4,3.4,3.4,3.4,17
397,2023-11,3.4,3.4,5.3,5.3,21
397,2023-12,5.3,5.3,4.3,4.3,11
397,2024-01,4.3,4.3,3.6,3.6,9
397,2024-02,3.6,3.6,3.2,3.2,17
397,2024-03,3.2,3.2,3.4,3.4,12
397,2024-04,3.4,3.4,3.4,3.4,16
397,2024-05,3.4,3.4,3.4,3.4,17
397,2024-06,3.4,3.4,3.6,3.6,17
397,2024-07,3.6,3.6,3.7,3.7,14
397,2024-08,3.7,3.7,3.3,3.3,17
397,2024-09,3.3,3.3,3.5,3.5,17
397,2024-10,3.5,3.5,3.2,3.2,14
397,2024-11,3.2,3.2,5.3,5.3,20
397,2024-12,5.3,5.3,4.8,4.8,16
397,2025-01,4.8,4.8,3.8,3.8,7
397,2025-02,3.8,3.8,3.5,3.5,14
397,2025-03,3.5,3.5,3.8,3.8,16
397,2025-04,3.8,3.8,3.2,3.2,11
397,2025-05,3.2,3.2,3.8,3.8,15
397,2025-06,3.8,3.8,3.4,3.4,14
397,2025-07,3.4,3.4,3.4,3.4,14
397,2025-08,3.4,3.4,3.4,3.4,11
397,2025-09,3.4,3.4,3.4,3.4,11
397,2025-10,3.4,3.4,3.3,3.3,10
397,2025-11,3.3,3.3,5.1,5.1,22
397,2025-12,5.1,5.1,4.0,4.0,14
398,2021-01,60.4,33.6,31.3,58.1,0
398,2021-02,58.1,41.9,43.1,59.3,0
398,2021-03,59.3,31.0,29.4,57.7,0
398,2021-04,57.7,31.7,31.4,57.4,0
398,2021-05,57.4,21.0,20.4,56.9,0
398,2021-06,56.9,32.8,33.2,57.3,0
398,2021-07,57.3,23.5,27.4,61.2,0
398,2021-08,61.2,37.3,33.4,57.3,0
398,2021-09,57.3,23.2,25.9,59.9,0
398,2021-10,59.9,20.3,20.0,59.6,0
398,2021-11,59.6,50.6,77.8,86.8,0
398,2021-12,86.8,35.1,20.8,72.5,0
398,2022-01,72.5,29.5,16.7,59.7,0
398,2022-02,59.7,25.2,22.8,57.3,0
398,2022-03,57.3,27.0,29.3,59.6,0
398,2022-04,59.6,27.3,28.4,60.8,0
398,2022-05,60.8,24.5,22.5,58.7,0
398,2022-06,58.7,35.4,38.8,62.1,0
398,2022-07,62.1,40.8,35.8,57.1,0
398,2022-08,57.1,23.4,26.0,59.6,0
398,2022-09,59.6,33.3,30.2,56.5,0
398,2022-10,56.5,33.7,32.0,54.8,0
398,2022-11,54.8,35.5,70.5,89.9,0
398,2022-12,89.9,38.9,22.7,73.7,0
398,2023-01,73.7,31.8,17.4,59.3,0
398,2023-02,59.3,34.8,30.7,55.2,0
398,2023-03,55.2,37.3,39.4,57.4,0
398,2023-04,57.4,31.8,32.6,58.2,0
398,2023-05,58.2,23.5,26.6,61.3,0
398,2023-06,61.3,25.0,22.5,58.7,0
398,2023-07,58.7,29.4,27.1,56.4,0
398,2023-08,56.4,32.2,37.8,62.1,0
398,2023-09,62.1,25.6,20.6,57.1,0
398,2023-10,57.1,31.3,34.2,60.0,0
398,2023-11,60.0,43.1,72.2,89.1,0
398,2023-12,89.1,34.4,21.5,76.3,0
398,2024-01,76.3,27.6,10.3,58.9,0
398,2024-02,58.9,25.8,24.3,57.4,0
398,2024-03,57.4,23.6,22.9,56.7,0
398,2024-04,56.7,32.3,33.1,57.6,0
398,2024-05,57.6,30.1,30.3,57.8,0
398,2024-06,57.8,25.6,27.2,59.4,0
398,2024-07,59.4,29.5,28.3,58.2,0
398,2024-08,58.2,27.1,27.3,58.4,0
398,2024-09,58.4,35.4,38.6,61.5,0
398,2024-10,61.5,32.2,27.3,56.7,0
398,2024-11,56.7,41.1,71.9,87.5,0
398,2024-12,87.5,26.4,12.2,73.3,0
398,2025-01,73.3,31.6,17.0,58.8,0
398,2025-02,58.8,28.8,26.8,56.8,0
398,2025-03,56.8,23.9,26.8,59.7,0
398,2025-04,59.7,34.0,35.8,61.5,0
398,2025-05,61.5,30.4,27.0,58.1,0
398,2025-06,58.1,35.0,32.0,55.1,0
398,2025-07,55.1,30.5,33.9,58.6,0
398,2025-08,58.6,33.1,30.6,56.1,0
398,2025-09,56.1,34.6,37.1,58.6,0
398,2025-10,58.6,26.7,27.7,59.6,0
398,2025-11,59.6,41.5,64.2,82.3,0
398,2025-12,82.3,35.4,25.5,72.4,0
399,2021-01,101.5,49.5,42.8,94.8,0
399,2021-02,94.8,52.2,53.3,95.9,0
399,2021-03,95.9,54.0,61.6,103.4,0
399,2021-04,103.4,47.7,42.7,98.5,0
399,2021-05,98.5,52.3,47.3,93.4,0
399,2021-06,93.4,56.9,61.4,97.8,0
399,2021-07,97.8,46.4,42.9,94.3,0
399,2021-08,94.3,37.5,41.4,98.2,0
399,2021-09,98.2,60.9,59.1,96.4,0
399,2021-10,96.4,46.8,44.9,94.5,0
399,2021-11,94.5,71.8,122.2,145.0,0
399,2021-12,145.0,67.0,49.4,127.4,0
399,2022-01,127.4,57.8,31.3,100.9,0
399,2022-02,100.9,41.0,37.7,97.6,0
399,2022-03,97.6,54.7,56.5,99.4,0
399,2022-04,99.4,58.6,62.6,103.4,0
399,2022-05,103.4,63.7,57.4,97.1,0
399,2022-06,97.1,48.5,47.7,96.3,0
399,2022-07,96.3,52.4,53.9,97.7,0
399,2022-08,97.7,53.6,55.5,99.7,0
399,2022-09,99.7,46.0,41.7,95.4,0
399,2022-10,95.4,39.6,47.6,103.3,0
399,2022-11,103.3,79.2,113.6,137.8,0
399,2022-12,137.8,59.4,46.9,125.3,0
399,2023-01,125.3,45.8,20.6,100.1,0
399,2023-02,100.1,27.6,27.3,99.8,0
399,2023-03,99.8,52.8,55.6,102.6,0
399,2023-04,102.6,47.2,40.9,96.3,0
399,2023-05,96.3,46.9,44.3,93.8,0
399,2023-06,93.8,43.7,51.8,101.8,0
399,2023-07,101.8,55.2,55.4,102.0,0
399,2023-08,102.0,40.2,39.5,101.3,0
399,2023-09,101.3,62.4,60.1,98.9,0
399,2023-10,98.9,58.8,63.5,103.6,0
399,2023-11,103.6,82.6,129.8,150.8,0
399,2023-12,150.8,65.2,41.7,127.3,0
399,2024-01,127.3,61.6,30.5,96.3,0
399,2024-02,96.3,51.7,52.7,97.2,0
399,2024-03,97.2,52.7,58.2,102.8,0
399,2024-04,102.8,29.6,26.8,100.0,0
399,2024-05,100.0,66.1,65.9,99.9,0
399,2024-06,99.9,36.1,39.5,103.3,0
399,2024-07,103.3,53.3,52.3,102.2,0
399,2024-08,102.2,66.1,65.5,101.6,0
399,2024-09,101.6,50.9,47.5,98.2,0
399,2024-10,98.2,48.5,52.6,102.3,0
399,2024-11,102.3,79.0,121.5,144.9,0
399,2024-12,144.9,75.3,59.7,129.4,0
399,2025-01,129.4,55.1,27.5,101.7,0
399,2025-02,101.7,73.0,63.6,92.4,0
399,2025-03,92.4,63.0,64.4,93.7,0
399,2025-04,93.7,38.1,45.0,100.6,0
399,2025-05,100.6,39.5,37.9,99.0,0
399,2025-06,99.0,56.7,59.8,102.2,0
399,2025-07,102.2,54.5,51.5,99.2,0
399,2025-08,99.2,42.4,43.5,100.3,0
399,2025-09,100.3,68.6,60.3,92.0,0
399,2025-10,92.0,35.8,46.8,103.1,0
399,2025-11,103.1,73.5,118.2,147.8,0
399,2025-12,147.8,71.3,45.2,121.8,0
400,2021-01,20.0,13.9,13.5,19.6,0
400,2021-02,19.6,14.3,13.9,19.2,0
400,2021-03,19.2,18.7,19.7,20.1,0
400,2021-04,20.1,15.0,13.4,18.5,0
400,2021-05,18.5,12.3,14.5,20.6,0
400,2021-06,20.6,16.4,15.2,19.4,0
400,2021-07,19.4,14.6,13.9,18.7,0
400,2021-08,18.7,18.4,17.7,18.0,0
400,2021-09,18.0,16.9,17.1,18.2,0
400,2021-10,18.2,13.2,14.0,19.0,0
400,2021-11,19.0,14.3,23.0,27.7,0
400,2021-12,27.7,17.8,13.7,23.6,0
400,2022-01,23.6,11.7,7.7,19.6,0
400,2022-02,19.6,14.4,13.1,18.3,0
400,2022-03,18.3,16.1,18.4,20.6,0
400,2022-04,20.6,14.4,13.8,20.0,0
400,2022-05,20.0,12.6,10.9,18.3,0
400,2022-06,18.3,13.7,13.8,18.4,0
400,2022-07,18.4,11.7,11.6,18.3,0
400,2022-08,18.3,18.3,18.8,18.8,3
400,2022-09,18.8,17.5,18.8,20.1,0
400,2022-10,20.1,17.5,15.6,18.1,0
400,2022-11,18.1,18.1,30.0,30.0,7
400,2022-12,30.0,17.6,11.8,24.2,0
400,2023-01,24.2,15.8,10.4,18.8,0
400,2023-02,18.8,18.2,16.7,17.2,0
400,2023-03,17.2,10.7,14.0,20.6,0
400,2023-04,20.6,9.6,8.9,19.9,0
400,2023-05,19.9,15.6,15.2,19.6,0
400,2023-06,19.6,12.3,11.2,18.5,0
400,2023-07,18.5,14.3,13.6,17.8,0
400,2023-08,17.8,13.4,14.4,18.8,0
400,2023-09,18.8,13.3,14.0,19.5,0
400,2023-10,19.5,11.8,12.8,20.5,0
400,2023-11,20.5,20.5,27.2,27.2,7
400,2023-12,27.2,13.1,9.3,23.4,0
400,2024-01,23.4,16.8,13.8,20.5,0
400,2024-02,20.5,17.7,15.7,18.5,0
400,2024-03,18.5,13.9,13.3,17.9,0
400,2024-04,17.9,15.7,18.6,20.8,0
400,2024-05,20.8,15.7,13.7,18.8,0
400,2024-06,18.8,16.0,17.5,20.2,0
400,2024-07,20.2,12.0,11.0,19.3,0
400,2024-08,19.3,15.1,14.7,18.9,0
400,2024-09,18.9,7.5,8.4,19.9,0
400,2024-10,19.9,16.2,16.5,20.2,0
400,2024-11,20.2,20.1,27.8,27.9,0
400,2024-12,27.9,17.5,12.7,23.1,0
400,2025-01,23.1,11.4,7.4,19.1,0
400,2025-02,19.1,15.3,14.9,18.7,0
400,2025-03,18.7,14.2,14.2,18.6,0
400,2025-04,18.6,14.9,16.1,19.9,0
400,2025-05,19.9,13.4,12.0,18.5,0
400,2025-06,18.5,16.1,17.7,20.0,0
400,2025-07,20.0,16.1,15.3,19.2,0
400,2025-08,19.2,19.2,17.5,17.5,0
400,2025-09,17.5,13.5,16.4,20.4,0
400,2025-10,20.4,13.5,11.3,18.1,0
400,2025-11,18.1,18.1,28.3,28.3,3
400,2025-12,28.3,23.9,20.8,25.2,0
401,2021-01,26.6,14.1,14.0,26.5,0
401,2021-02,26.5,13.9,12.7,25.3,0
401,2021-03,25.3,17.3,18.7,26.7,0
401,2021-04,26.7,17.4,15.0,24.2,0
401,2021-05,24.2,17.6,19.4,26.0,0
401,2021-06,26.0,12.1,11.0,24.9,0
401,2021-07,24.9,13.3,13.5,25.1,0
401,2021-08,25.1,22.9,22.8,24.9,0
401,2021-09,24.9,19.7,18.9,24.2,0
401,2021-10,24.2,18.3,18.8,24.7,0
401,2021-11,24.7,24.0,38.1,38.8,0
401,2021-12,38.8,20.6,14.4,32.5,0
401,2022-01,32.5,11.0,4.8,26.3,0
401,2022-02,26.3,15.0,14.0,25.3,0
401,2022-03,25.3,13.6,13.5,25.2,0
401,2022-04,25.2,16.8,18.0,26.4,0
401,2022-05,26.4,15.3,15.1,26.2,0
401,2022-06,26.2,16.9,17.5,26.9,0
401,2022-07,26.9,14.0,12.3,25.2,0
401,2022-08,25.2,10.3,11.4,26.2,0
401,2022-09,26.2,14.1,13.6,25.7,0
401,2022-10,25.7,12.9,13.4,26.2,0
401,2022-11,26.2,26.2,37.7,37.7,0
401,2022-12,37.7,20.2,13.9,31.5,0
401,2023-01,31.5,10.8,5.1,25.8,0
401,2023-02,25.8,17.0,17.2,26.0,0
401,2023-03,26.0,11.8,10.9,25.0,0
401,2023-04,25.0,16.6,18.2,26.6,0
401,2023-05,26.6,16.8,15.0,24.9,0
401,2023-06,24.9,17.3,19.9,27.5,0
401,2023-07,27.5,17.1,16.0,26.3,0
401,2023-08,26.3,13.0,11.9,25.3,0
401,2023-09,25.3,8.7,10.2,26.7,0
401,2023-10,26.7,15.8,15.1,26.0,0
401,2023-11,26.0,21.5,28.9,33.5,0
401,2023-12,33.5,19.3,19.4,33.6,0
401,2024-01,33.6,18.7,10.2,25.1,0
401,2024-02,25.1,16.6,16.8,25.3,0
401,2024-03,25.3,15.8,16.9,26.4,0
401,2024-04,26.4,13.8,14.1,26.7,0
401,2024-05,26.7,17.0,16.4,26.2,0
401,2024-06,26.2,13.5,12.6,25.3,0
401,2024-07,25.3,15.9,15.9,25.2,0
401,2024-08,25.2,17.9,16.7,24.1,0
401,2024-09,24.1,12.0,12.5,24.6,0
401,2024-10,24.6,15.1,16.6,26.1,0
401,2024-11,26.1,18.0,27.2,35.4,0
401,2024-12,35.4,20.0,16.7,32.1,0
401,2025-01,32.1,19.1,11.8,24.7,0
401,2025-02,24.7,12.3,13.6,26.0,0
401,2025-03,26.0,13.8,14.6,26.9,0
401,2025-04,26.9,17.0,15.1,24.9,0
401,2025-05,24.9,20.0,22.1,27.0,0
401,2025-06,27.0,11.0,9.9,25.9,0
401,2025-07,25.9,17.5,17.8,26.3,0
401,2025-08,26.3,16.3,15.3,25.3,0
401,2025-09,25.3,18.5,18.2,24.9,0
401,2025-10,24.9,14.6,16.0,26.3,0
401,2025-11,26.3,18.0,26.7,35.0,0
401,2025-12,35.0,19.4,17.6,33.2,0
402,2021-01,44.0,25.1,25.7,44.5,0
402,2021-02,44.5,17.4,16.9,44.1,0
402,2021-03,44.1,22.5,22.1,43.6,0
402,2021-04,43.6,19.3,19.9,44.1,0
402,2021-05,44.1,19.4,19.3,44.1,0
402,2021-06,44.1,17.7,15.1,41.4,0
402,2021-07,41.4,20.8,21.5,42.1,0
402,2021-08,42.1,20.5,19.5,41.1,0
402,2021-09,41.1,23.0,25.7,43.9,0
402,2021-10,43.9,21.1,21.7,44.4,0
402,2021-11,44.4,21.8,42.2,64.9,0
402,2021-12,64.9,26.9,15.7,53.6,0
402,2022-01,53.6,14.6,4.6,43.7,0
402,2022-02,43.7,17.1,16.2,42.8,0
402,2022-03,42.8,23.0,25.2,45.0,0
402,2022-04,45.0,24.6,22.9,43.3,0
402,2022-05,43.3,14.4,14.0,42.8,0
402,2022-06,42.8,17.6,17.8,43.0,0
402,2022-07,43.0,20.2,21.0,43.9,0
402,2022-08,43.9,24.1,25.2,44.9,0
402,2022-09,44.9,21.5,18.8,42.2,0
402,2022-10,42.2,25.3,27.9,44.7,0
402,2022-11,44.7,23.3,39.4,60.9,0
402,2022-12,60.9,24.1,17.3,54.0,0
402,2023-01,54.0,23.9,12.5,42.5,0
402,2023-02,42.5,20.4,21.4,43.6,0
402,2023-03,43.6,20.4,20.0,43.1,0
402,2023-04,43.1,22.0,21.6,42.8,0
402,2023-05,42.8,27.0,29.0,44.8,0
402,2023-06,44.8,23.8,19.9,40.9,0
402,2023-07,40.9,23.4,25.4,42.9,0
402,2023-08,42.9,20.8,22.0,44.2,0
402,2023-09,44.2,17.6,15.4,42.0,0
402,2023-10,42.0,22.4,21.7,41.3,0
402,2023-11,41.3,32.9,47.6,56.1,0
402,2023-12,56.1,28.9,26.8,54.0,0
402,2024-01,54.0,16.8,6.5,43.7,0
402,2024-02,43.7,26.5,27.2,44.4,0
402,2024-03,44.4,15.2,15.1,44.3,0
402,2024-04,44.3,19.3,18.9,43.9,0
402,2024-05,43.9,27.2,25.6,42.4,0
402,2024-06,42.4,17.3,17.4,42.5,0
402,2024-07,42.5,24.7,24.8,42.6,0
402,2024-08,42.6,23.2,21.9,41.3,0
402,2024-09,41.3,15.7,16.1,41.7,0
402,2024-10,41.7,20.6,19.7,40.8,0
402,2024-11,40.8,25.6,41.4,56.5,0
402,2024-12,56.5,30.0,27.2,53.7,0
402,2025-01,53.7,24.8,15.5,44.5,0
402,2025-02,44.5,21.0,21.1,44.5,0
402,2025-03,44.5,16.8,16.6,44.3,0
402,2025-04,44.3,21.9,21.8,44.1,0
402,2025-05,44.1,20.7,21.1,44.6,0
402,2025-06,44.6,23.3,21.5,42.7,0
402,2025-07,42.7,21.4,19.9,41.2,0
402,2025-08,41.2,19.3,19.7,41.7,0
402,2025-09,41.7,22.2,24.4,43.8,0
402,2025-10,43.8,23.9,24.9,44.8,0
402,2025-11,44.8,25.6,43.6,62.8,0
402,2025-12,62.8,20.2,10.9,53.6,0
403,2021-01,9.5,6.7,6.8,9.6,0
403,2021-02,9.6,4.1,4.0,9.5,0
403,2021-03,9.5,4.4,4.3,9.4,0
403,2021-04,9.4,5.3,4.8,8.9,0
403,2021-05,8.9,6.1,6.3,9.0,0
403,2021-06,9.0,4.6,5.0,9.4,0
403,2021-07,9.4,4.7,4.1,8.8,0
403,2021-08,8.8,4.8,5.0,9.0,0
403,2021-09,9.0,5.8,6.3,9.5,0
403,2021-10,9.5,3.9,3.7,9.3,0
403,2021-11,9.3,8.5,11.3,12.1,0
403,2021-12,12.1,6.3,6.3,12.1,0
403,2022-01,12.1,7.1,4.0,9.0,0
403,2022-02,9.0,6.3,6.1,8.8,0
403,2022-03,8.8,5.6,5.6,8.8,0
403,2022-04,8.8,5.5,6.0,9.3,0
403,2022-05,9.3,6.6,6.4,9.1,0
403,2022-06,9.1,6.6,6.7,9.2,0
403,2022-07,9.2,5.7,5.6,9.1,0
403,2022-08,9.1,4.8,5.4,9.6,0
403,2022-09,9.6,6.7,5.7,8.6,0
403,2022-10,8.6,5.1,5.8,9.3,0
403,2022-11,9.3,9.3,12.1,12.1,1
403,2022-12,12.1,6.3,5.5,11.3,0
403,2023-01,11.3,6.9,4.6,9.0,0
403,2023-02,9.0,5.0,5.4,9.4,0
403,2023-03,9.4,5.0,4.4,8.9,0
403,2023-04,8.9,4.6,5.1,9.4,0
403,2023-05,9.4,4.5,4.4,9.3,0
403,2023-06,9.3,6.7,7.2,9.8,0
403,2023-07,9.8,3.9,3.1,9.0,0
403,2023-08,9.0,3.8,3.8,9.0,0
403,2023-09,9.0,4.6,4.4,8.7,0
403,2023-10,8.7,3.6,4.3,9.5,0
403,2023-11,9.5,8.1,12.3,13.7,0
403,2023-12,13.7,6.3,3.9,11.3,0
403,2024-01,11.3,6.7,4.3,8.9,0
403,2024-02,8.9,4.8,5.0,9.2,0
403,2024-03,9.2,6.3,6.3,9.1,0
403,2024-04,9.1,5.0,5.5,9.6,0
403,2024-05,9.6,5.2,4.5,9.0,0
403,2024-06,9.0,6.7,6.5,8.7,0
403,2024-07,8.7,5.7,6.0,8.9,0
403,2024-08,8.9,6.0,5.9,8.8,0
403,2024-09,8.8,6.2,5.8,8.5,0
403,2024-10,8.5,5.7,6.4,9.2,0
403,2024-11,9.2,7.9,11.2,12.5,0
403,2024-12,12.5,7.0,6.0,11.5,0
403,2025-01,11.5,4.9,2.9,9.5,0
403,2025-02,9.5,5.7,5.6,9.3,0
403,2025-03,9.3,4.8,4.3,8.8,0
403,2025-04,8.8,5.2,6.1,9.7,0
403,2025-05,9.7,4.9,4.4,9.2,0
403,2025-06,9.2,5.3,5.4,9.2,0
403,2025-07,9.2,4.2,4.1,9.1,0
403,2025-08,9.1,4.5,4.5,9.1,0
403,2025-09,9.1,4.5,4.3,8.9,0
403,2025-10,8.9,5.2,5.7,9.4,0
403,2025-11,9.4,5.9,9.9,13.4,0
403,2025-12,13.4,5.9,4.0,11.5,0
404,2021-01,134.5,46.9,40.1,127.7,0
404,2021-02,127.7,40.9,47.1,133.9,0
404,2021-03,133.9,42.2,41.4,133.1,0
404,2021-04,133.1,42.4,44.1,134.8,0
404,2021-05,134.8,43.2,39.3,130.9,0
404,2021-06,130.9,42.7,46.9,135.1,0
404,2021-07,135.1,46.4,39.7,128.4,0
404,2021-08,128.4,47.7,52.4,133.1,0
404,2021-09,133.1,44.5,45.2,133.7,0
404,2021-10,133.7,39.4,40.9,135.2,0
404,2021-11,135.2,59.1,112.6,188.8,0
404,2021-12,188.8,52.9,31.9,167.8,0
404,2022-01,167.8,39.6,5.8,134.0,0
404,2022-02,134.0,34.6,30.3,129.8,0
404,2022-03,129.8,39.7,45.0,135.1,0
404,2022-04,135.1,40.3,36.9,131.6,0
404,2022-05,131.6,29.2,29.8,132.2,0
404,2022-06,132.2,34.4,37.8,135.6,0
404,2022-07,135.6,40.6,34.4,129.4,0
404,2022-08,129.4,47.1,49.6,131.9,0
404,2022-09,131.9,39.6,39.9,132.2,0
404,2022-10,132.2,36.8,36.5,132.0,0
404,2022-11,132.0,60.8,121.8,193.0,0
404,2022-12,193.0,45.0,20.5,168.5,0
404,2023-01,168.5,40.6,6.2,134.1,0
404,2023-02,134.1,31.8,30.3,132.6,0
404,2023-03,132.6,39.8,38.4,131.2,0
404,2023-04,131.2,40.2,42.6,133.6,0
404,2023-05,133.6,38.9,34.0,128.7,0
404,2023-06,128.7,35.3,42.8,136.2,0
404,2023-07,136.2,33.7,30.4,132.9,0
404,2023-08,132.9,43.7,42.8,131.9,0
404,2023-09,131.9,49.6,54.0,136.4,0
404,2023-10,136.4,40.9,35.4,130.9,0
404,2023-11,130.9,47.5,102.3,185.6,0
404,2023-12,185.6,37.9,20.1,167.9,0
404,2024-01,167.9,33.6,0.2,134.5,0
404,2024-02,134.5,27.6,26.2,133.1,0
404,2024-03,133.1,16.9,18.4,134.6,0
404,2024-04,134.6,35.3,31.9,131.1,0
404,2024-05,131.1,37.4,37.5,131.2,0
404,2024-06,131.2,35.1,34.0,130.1,0
404,2024-07,130.1,32.7,33.4,130.8,0
404,2024-08,130.8,47.5,44.9,128.2,0
404,2024-09,128.2,48.8,57.3,136.7,0
404,2024-10,136.7,36.2,30.2,130.6,0
404,2024-11,130.6,50.9,108.4,188.1,0
404,2024-12,188.1,47.5,28.2,168.8,0
404,2025-01,168.8,36.1,1.8,134.5,0
404,2025-02,134.5,52.1,53.5,135.9,0
404,2025-03,135.9,38.0,33.3,131.2,0
404,2025-04,131.2,40.1,44.3,135.4,0
404,2025-05,135.4,32.7,29.4,132.1,0
404,2025-06,132.1,32.8,32.4,131.7,0
404,2025-07,131.7,42.3,40.1,129.5,0
404,2025-08,129.5,39.4,39.9,130.0,0
404,2025-09,130.0,37.0,42.4,135.4,0
404,2025-10,135.4,41.0,39.5,133.9,0
404,2025-11,133.9,42.6,102.6,193.9,0
404,2025-12,193.9,45.2,17.6,166.2,0
405,2021-01,6.3,4.5,3.9,5.8,0
405,2021-02,5.8,4.2,4.3,5.9,0
405,2021-03,5.9,3.7,4.3,6.5,0
405,2021-04,6.5,4.0,3.7,6.2,0
405,2021-05,6.2,3.2,3.2,6.1,0
405,2021-06,6.1,4.4,4.8,6.5,0
405,2021-07,6.5,4.0,3.7,6.2,0
405,2021-08,6.2,4.5,4.1,5.8,0
405,2021-09,5.8,4.0,4.1,5.9,0
405,2021-10,5.9,4.9,5.6,6.6,0
405,2021-11,6.6,5.9,8.3,9.0,0
405,2021-12,9.0,6.3,4.6,7.3,0
405,2022-01,7.3,3.9,2.8,6.2,0
405,2022-02,6.2,5.7,6.1,6.6,0
405,2022-03,6.6,3.2,2.7,6.2,0
405,2022-04,6.2,2.9,3.2,6.5,0
405,2022-05,6.5,3.6,3.6,6.5,0
405,2022-06,6.5,4.0,3.6,6.0,0
405,2022-07,6.0,3.0,2.8,5.9,0
405,2022-08,5.9,4.6,4.5,5.8,0
405,2022-09,5.8,5.2,5.4,6.0,0
405,2022-10,6.0,4.4,4.2,5.8,0
405,2022-11,5.8,5.5,8.7,9.0,0
405,2022-12,9.0,5.3,4.0,7.8,0
405,2023-01,7.8,4.5,3.0,6.3,0
405,2023-02,6.3,5.3,5.6,6.5,0
405,2023-03,6.5,3.5,3.4,6.5,0
405,2023-04,6.5,4.0,3.5,6.0,0
405,2023-05,6.0,4.2,4.5,6.3,0
405,2023-06,6.3,4.8,4.5,6.0,0
405,2023-07,6.0,3.9,4.3,6.5,0
405,2023-08,6.5,2.8,2.8,6.4,0
405,2023-09,6.4,4.3,3.7,5.9,0
405,2023-10,5.9,5.0,5.0,5.8,0
405,2023-11,5.8,5.8,8.7,8.7,2
405,2023-12,8.7,5.6,5.0,8.1,0
405,2024-01,8.1,3.3,1.3,6.1,0
405,2024-02,6.1,4.9,5.3,6.5,0
405,2024-03,6.5,4.7,3.9,5.7,0
405,2024-04,5.7,4.0,4.1,5.9,0
405,2024-05,5.9,3.2,3.5,6.1,0
405,2024-06,6.1,3.5,3.2,5.8,0
405,2024-07,5.8,4.7,4.5,5.6,0
405,2024-08,5.6,3.1,3.4,5.9,0
405,2024-09,5.9,4.1,3.9,5.7,0
405,2024-10,5.7,4.0,4.0,5.7,0
405,2024-11,5.7,5.7,9.4,9.4,1
405,2024-12,9.4,5.2,3.4,7.6,0
405,2025-01,7.6,4.4,3.0,6.1,0
405,2025-02,6.1,3.5,3.6,6.2,0
405,2025-03,6.2,5.1,4.8,6.0,0
405,2025-04,6.0,5.1,4.9,5.8,0
405,2025-05,5.8,4.8,5.6,6.6,0
405,2025-06,6.6,3.6,2.9,6.0,0
405,2025-07,6.0,3.6,3.4,5.8,0
405,2025-08,5.8,4.0,3.9,5.7,0
405,2025-09,5.7,3.9,4.5,6.3,0
405,2025-10,6.3,3.9,4.0,6.4,0
405,2025-11,6.4,5.2,7.1,8.3,0
405,2025-12,8.3,7.1,6.0,7.3,0
406,2021-01,61.9,25.9,23.6,59.7,0
406,2021-02,59.7,25.8,26.6,60.5,0
406,2021-03,60.5,24.4,24.2,60.3,0
406,2021-04,60.3,26.2,23.8,58.0,0
406,2021-05,58.0,28.0,32.4,62.3,0
406,2021-06,62.3,24.5,21.9,59.8,0
406,2021-07,59.8,41.7,42.2,60.3,0
406,2021-08,60.3,20.2,20.1,60.2,0
406,2021-09,60.2,35.5,35.7,60.4,0
406,2021-10,60.4,30.4,30.4,60.3,0
406,2021-11,60.3,42.3,62.3,80.3,0
406,2021-12,80.3,27.9,23.8,76.2,0
406,2022-01,76.2,24.2,10.0,61.9,0
406,2022-02,61.9,23.6,23.3,61.6,0
406,2022-03,61.6,21.2,19.7,60.1,0
406,2022-04,60.1,26.7,28.2,61.6,0
406,2022-05,61.6,23.3,24.0,62.3,0
406,2022-06,62.3,27.1,26.7,62.0,0
406,2022-07,62.0,22.3,21.5,61.2,0
406,2022-08,61.2,30.8,27.9,58.3,0
406,2022-09,58.3,32.7,32.6,58.2,0
406,2022-10,58.2,30.7,33.3,60.7,0
406,2022-11,60.7,41.3,64.2,83.7,0
406,2022-12,83.7,28.1,19.6,75.3,0
406,2023-01,75.3,23.5,10.6,62.3,0
406,2023-02,62.3,30.8,28.7,60.3,0
406,2023-03,60.3,31.7,32.4,61.0,0
406,2023-04,61.0,35.2,32.7,58.5,0
406,2023-05,58.5,21.5,24.3,61.3,0
406,2023-06,61.3,42.1,38.3,57.6,0
406,2023-07,57.6,31.5,35.9,61.9,0
406,2023-08,61.9,30.2,29.1,60.8,0
406,2023-09,60.8,28.4,25.3,57.7,0
406,2023-10,57.7,25.7,30.4,62.3,0
406,2023-11,62.3,42.3,73.0,93.0,0
406,2023-12,93.0,33.5,15.6,75.2,0
406,2024-01,75.2,24.4,11.4,62.2,0
406,2024-02,62.2,34.7,32.4,59.8,0
406,2024-03,59.8,31.2,34.0,62.6,0
406,2024-04,62.6,25.7,22.5,59.4,0
406,2024-05,59.4,31.8,29.2,56.8,0
406,2024-06,56.8,22.2,27.4,62.0,0
406,2024-07,62.0,26.4,23.2,58.9,0
406,2024-08,58.9,27.6,29.8,61.1,0
406,2024-09,61.1,32.3,29.4,58.2,0
406,2024-10,58.2,31.3,34.0,60.9,0
406,2024-11,60.9,45.1,75.9,91.7,0
406,2024-12,91.7,30.7,14.3,75.4,0
406,2025-01,75.4,16.2,2.5,61.6,0
406,2025-02,61.6,25.4,25.0,61.2,0
406,2025-03,61.2,25.6,25.1,60.7,0
406,2025-04,60.7,32.3,33.4,61.8,0
406,2025-05,61.8,31.6,30.0,60.2,0
406,2025-06,60.2,17.1,17.9,61.0,0
406,2025-07,61.0,29.7,32.0,63.3,0
406,2025-08,63.3,28.1,24.5,59.7,0
406,2025-09,59.7,36.8,36.9,59.8,0
406,2025-10,59.8,31.4,33.9,62.3,0
406,2025-11,62.3,37.3,55.4,80.4,0
406,2025-12,80.4,29.1,24.8,76.1,0
407,2021-01,4.7,2.3,2.4,4.8,0
407,2021-02,4.8,2.5,2.4,4.8,0
407,2021-03,4.8,2.9,2.8,4.6,0
407,2021-04,4.6,3.3,3.2,4.5,0
407,2021-05,4.5,3.0,2.9,4.4,0
407,2021-06,4.4,2.4,2.6,4.6,0
407,2021-07,4.6,2.1,2.3,4.8,0
407,2021-08,4.8,3.9,3.2,4.2,0
407,2021-09,4.2,2.1,2.5,4.6,0
407,2021-10,4.6,2.9,2.9,4.6,0
407,2021-11,4.6,4.5,6.8,6.9,0
407,2021-12,6.9,3.7,2.4,5.6,0
407,2022-01,5.6,2.4,1.4,4.6,0
407,2022-02,4.6,2.9,3.1,4.7,0
407,2022-03,4.7,2.8,2.6,4.5,0
407,2022-04,4.5,3.5,3.5,4.5,0
407,2022-05,4.5,2.9,3.3,4.8,0
407,2022-06,4.8,2.4,2.2,4.6,0
407,2022-07,4.6,2.6,2.5,4.5,0
407,2022-08,4.5,4.0,4.1,4.6,0
407,2022-09,4.6,2.9,2.9,4.6,0
407,2022-10,4.6,3.4,3.5,4.6,0
407,2022-11,4.6,3.9,5.4,6.2,0
407,2022-12,6.2,3.8,3.6,6.1,0
407,2023-01,6.1,2.3,0.9,4.7,0
407,2023-02,4.7,2.6,2.6,4.7,0
407,2023-03,4.7,2.4,2.4,4.7,0
407,2023-04,4.7,2.5,2.6,4.8,0
407,2023-05,4.8,3.3,2.8,4.3,0
407,2023-06,4.3,2.5,2.6,4.4,0
407,2023-07,4.4,3.2,3.1,4.3,0
407,2023-08,4.3,2.6,2.7,4.4,0
407,2023-09,4.4,3.3,3.3,4.5,0
407,2023-10,4.5,2.1,2.2,4.7,0
407,2023-11,4.7,3.6,6.1,7.1,0
407,2023-12,7.1,2.7,1.5,5.9,0
407,2024-01,5.9,3.7,2.3,4.5,0
407,2024-02,4.5,3.3,3.5,4.7,0
407,2024-03,4.7,3.5,3.0,4.2,0
407,2024-04,4.2,2.9,3.4,4.7,0
407,2024-05,4.7,2.8,2.6,4.5,0
407,2024-06,4.5,4.3,4.4,4.6,0
407,2024-07,4.6,3.5,3.3,4.4,0
407,2024-08,4.4,2.5,2.9,4.8,0
407,2024-09,4.8,3.4,2.9,4.3,0
407,2024-10,4.3,3.2,3.3,4.4,0
407,2024-11,4.4,4.4,6.9,6.9,1
407,2024-12,6.9,4.6,3.2,5.5,0
407,2025-01,5.5,3.0,2.0,4.4,0
407,2025-02,4.4,2.7,2.8,4.5,0
407,2025-03,4.5,3.9,3.6,4.2,0
407,2025-04,4.2,3.2,3.8,4.8,0
407,2025-05,4.8,2.3,2.3,4.8,0
407,2025-06,4.8,3.3,3.1,4.6,0
407,2025-07,4.6,3.5,3.3,4.5,0
407,2025-08,4.5,2.6,2.5,4.3,0
407,2025-09,4.3,2.9,3.0,4.4,0
407,2025-10,4.4,2.6,3.0,4.8,0
407,2025-11,4.8,4.8,6.9,6.9,3
407,2025-12,6.9,3.2,1.9,5.7,0
408,2021-01,56.7,12.1,12.2,56.7,0
408,2021-02,56.7,10.4,9.5,55.9,0
408,2021-03,55.9,13.0,14.0,56.9,0
408,2021-04,56.9,15.2,15.5,57.2,0
408,2021-05,57.2,20.1,20.0,57.1,0
408,2021-06,57.1,22.8,23.0,57.3,0
408,2021-07,57.3,15.4,12.5,54.5,0
408,2021-08,54.5,19.7,19.7,54.5,0
408,2021-09,54.5,18.0,18.2,54.7,0
408,2021-10,54.7,20.2,19.5,54.0,0
408,2021-11,54.0,22.3,47.6,79.4,0
408,2021-12,79.4,22.8,14.2,70.8,0
408,2022-01,70.8,16.3,1.9,56.4,0
408,2022-02,56.4,17.1,17.9,57.3,0
408,2022-03,57.3,15.6,14.4,56.1,0
408,2022-04,56.1,17.4,18.4,57.1,0
408,2022-05,57.1,11.5,10.5,56.1,0
408,2022-06,56.1,13.6,13.0,55.4,0
408,2022-07,55.4,12.3,12.2,55.3,0
408,2022-08,55.3,16.2,15.7,54.9,0
408,2022-09,54.9,17.8,19.6,56.7,0
408,2022-10,56.7,12.9,13.1,56.9,0
408,2022-11,56.9,25.1,50.8,82.5,0
408,2022-12,82.5,20.6,8.4,70.3,0
408,2023-01,70.3,13.2,0.0,57.1,0
408,2023-02,57.1,18.0,18.4,57.5,0
408,2023-03,57.5,10.5,10.0,57.0,0
408,2023-04,57.0,16.2,14.5,55.3,0
408,2023-05,55.3,15.6,15.0,54.8,0
408,2023-06,54.8,15.2,15.5,55.0,0
408,2023-07,55.0,15.4,14.6,54.2,0
408,2023-08,54.2,24.4,26.1,55.8,0
408,2023-09,55.8,19.9,19.2,55.1,0
408,2023-10,55.1,15.3,15.6,55.4,0
408,2023-11,55.4,29.5,50.8,76.8,0
408,2023-12,76.8,21.5,13.4,68.6,0
408,2024-01,68.6,17.9,6.0,56.7,0
408,2024-02,56.7,19.8,18.5,55.5,0
408,2024-03,55.5,14.9,15.8,56.3,0
408,2024-04,56.3,13.7,12.3,54.9,0
408,2024-05,54.9,15.9,18.4,57.4,0
408,2024-06,57.4,13.8,11.8,55.4,0
408,2024-07,55.4,15.4,17.2,57.1,0
408,2024-08,57.1,14.3,13.8,56.6,0
408,2024-09,56.6,14.9,13.8,55.5,0
408,2024-10,55.5,16.7,16.4,55.2,0
408,2024-11,55.2,17.6,38.6,76.1,0
408,2024-12,76.1,15.2,10.4,71.2,0
408,2025-01,71.2,14.3,0.0,56.9,0
408,2025-02,56.9,18.9,17.5,55.6,0
408,2025-03,55.6,18.4,19.4,56.6,0
408,2025-04,56.6,14.7,13.1,54.9,0
408,2025-05,54.9,15.9,17.6,56.7,0
408,2025-06,56.7,18.2,18.1,56.6,0
408,2025-07,56.6,14.7,14.4,56.3,0
408,2025-08,56.3,17.2,15.4,54.5,0
408,2025-09,54.5,11.8,13.5,56.2,0
408,2025-10,56.2,14.2,12.6,54.6,0
408,2025-11,54.6,25.8,52.9,81.7,0
408,2025-12,81.7,27.5,16.6,70.7,0
409,2021-01,124.2,41.1,35.9,119.0,0
409,2021-02,119.0,48.3,53.9,124.6,0
409,2021-03,124.6,37.3,37.2,124.4,0
409,2021-04,124.4,32.5,28.2,120.1,0
409,2021-05,120.1,42.0,46.8,125.0,0
409,2021-06,125.0,47.8,45.7,122.9,0
409,2021-07,122.9,44.4,46.2,124.8,0
409,2021-08,124.8,41.2,36.9,120.4,0
409,2021-09,120.4,48.7,48.0,119.8,0
409,2021-10,119.8,36.1,38.1,121.8,0
409,2021-11,121.8,56.7,115.4,180.5,0
409,2021-12,180.5,55.0,30.9,156.5,0
409,2022-01,156.5,46.8,14.3,124.0,0
409,2022-02,124.0,46.7,43.7,121.1,0
409,2022-03,121.1,43.3,45.8,123.6,0
409,2022-04,123.6,49.1,43.2,117.7,0
409,2022-05,117.7,49.9,51.7,119.5,0
409,2022-06,119.5,40.7,46.7,125.5,0
409,2022-07,125.5,31.8,26.9,120.7,0
409,2022-08,120.7,32.2,35.1,123.6,0
409,2022-09,123.6,52.7,50.7,121.6,0
409,2022-10,121.6,33.6,36.1,124.0,0
409,2022-11,124.0,55.6,113.8,182.2,0
409,2022-12,182.2,48.1,19.3,153.4,0
409,2023-01,153.4,62.6,31.1,121.9,0
409,2023-02,121.9,37.8,39.3,123.3,0
409,2023-03,123.3,32.9,32.4,122.8,0
409,2023-04,122.8,41.2,39.2,120.9,0
409,2023-05,120.9,31.6,32.2,121.4,0
409,2023-06,121.4,33.1,36.2,124.5,0
409,2023-07,124.5,25.6,26.0,124.8,0
409,2023-08,124.8,48.9,45.4,121.3,0
409,2023-09,121.3,32.5,31.1,119.9,0
409,2023-10,119.9,46.2,46.6,120.3,0
409,2023-11,120.3,59.9,123.7,184.1,0
409,2023-12,184.1,43.6,14.1,154.7,0
409,2024-01,154.7,35.1,4.6,124.2,0
409,2024-02,124.2,36.1,31.7,119.7,0
409,2024-03,119.7,53.2,55.5,122.1,0
409,2024-04,122.1,33.6,34.8,123.3,0
409,2024-05,123.3,49.4,46.1,120.0,0
409,2024-06,120.0,36.9,41.5,124.6,0
409,2024-07,124.6,37.1,36.8,124.3,0
409,2024-08,124.3,50.2,49.7,123.8,0
409,2024-09,123.8,51.4,46.2,118.6,0
409,2024-10,118.6,55.2,60.5,123.9,0
409,2024-11,123.9,62.8,122.6,183.6,0
409,2024-12,183.6,46.1,16.0,153.5,0
409,2025-01,153.5,40.8,10.5,123.2,0
409,2025-02,123.2,35.0,36.0,124.2,0
409,2025-03,124.2,37.1,36.4,123.5,0
409,2025-04,123.5,44.0,44.0,123.5,0
409,2025-05,123.5,36.1,33.9,121.4,0
409,2025-06,121.4,34.4,35.7,122.8,0
409,2025-07,122.8,35.3,31.6,119.1,0
409,2025-08,119.1,41.8,44.4,121.7,0
409,2025-09,121.7,38.0,37.4,121.1,0
409,2025-10,121.1,37.1,39.2,123.1,0
409,2025-11,123.1,53.5,97.8,167.4,0
409,2025-12,167.4,60.5,47.0,153.9,0
410,2021-01,33.3,15.8,15.6,33.2,0
410,2021-02,33.2,15.0,14.2,32.4,0
410,2021-03,32.4,17.7,18.5,33.1,0
410,2021-04,33.1,25.4,24.5,32.1,0
410,2021-05,32.1,14.3,14.2,32.0,0
410,2021-06,32.0,13.4,14.2,32.8,0
410,2021-07,32.8,16.0,16.0,32.8,0
410,2021-08,32.8,13.9,14.1,33.0,0
410,2021-09,33.0,19.2,19.2,33.0,0
410,2021-10,33.0,12.4,11.4,32.0,0
410,2021-11,32.0,24.2,37.2,45.0,0
410,2021-12,45.0,28.1,23.3,40.2,0
410,2022-01,40.2,23.7,14.5,31.0,0
410,2022-02,31.0,17.2,18.1,31.9,0
410,2022-03,31.9,12.9,14.7,33.8,0
410,2022-04,33.8,20.7,21.1,34.2,0
410,2022-05,34.2,21.4,19.7,32.4,0
410,2022-06,32.4,11.9,12.9,33.4,0
410,2022-07,33.4,21.1,19.1,31.4,0
410,2022-08,31.4,18.7,18.2,30.9,0
410,2022-09,30.9,16.9,18.0,32.0,0
410,2022-10,32.0,13.1,13.4,32.3,0
410,2022-11,32.3,27.1,40.4,45.6,0
410,2022-12,45.6,24.8,18.3,39.2,0
410,2023-01,39.2,13.9,8.5,33.7,0
410,2023-02,33.7,16.8,14.6,31.5,0
410,2023-03,31.5,20.1,19.2,30.6,0
410,2023-04,30.6,18.5,22.1,34.1,0
410,2023-05,34.1,19.6,16.0,30.6,0
410,2023-06,30.6,19.2,19.6,31.0,0
410,2023-07,31.0,18.1,21.3,34.2,0
410,2023-08,34.2,18.9,18.6,33.9,0
410,2023-09,33.9,22.9,19.8,30.8,0
410,2023-10,30.8,16.4,18.3,32.6,0
410,2023-11,32.6,31.3,48.0,49.3,0
410,2023-12,49.3,23.2,16.3,42.4,0
410,2024-01,42.4,17.9,8.4,32.9,0
410,2024-02,32.9,20.7,18.0,30.2,0
410,2024-03,30.2,15.4,16.9,31.7,0
410,2024-04,31.7,28.0,29.5,33.2,0
410,2024-05,33.2,20.8,20.2,32.6,0
410,2024-06,32.6,17.3,16.3,31.6,0
410,2024-07,31.6,19.0,18.9,31.5,0
410,2024-08,31.5,13.9,15.0,32.6,0
410,2024-09,32.6,22.2,20.0,30.4,0
410,2024-10,30.4,9.0,11.6,33.0,0
410,2024-11,33.0,25.3,39.3,47.0,0
410,2024-12,47.0,27.9,23.6,42.7,0
410,2025-01,42.7,17.1,7.5,33.2,0
410,2025-02,33.2,16.2,15.7,32.7,0
410,2025-03,32.7,17.1,18.2,33.8,0
410,2025-04,33.8,17.6,17.2,33.3,0
410,2025-05,33.3,15.8,16.3,33.8,0
410,2025-06,33.8,17.7,16.9,33.0,0
410,2025-07,33.0,17.9,18.3,33.4,0
410,2025-08,33.4,20.2,19.3,32.5,0
410,2025-09,32.5,20.0,19.8,32.3,0
410,2025-10,32.3,22.7,23.3,32.9,0
410,2025-11,32.9,22.7,36.8,47.0,0
410,2025-12,47.0,19.7,12.9,40.2,0
411,2021-01,31.7,15.9,15.2,31.1,0
411,2021-02,31.1,21.5,18.9,28.5,0
411,2021-03,28.5,23.6,26.0,30.9,0
411,2021-04,30.9,14.7,15.9,32.0,0
411,2021-05,32.0,22.0,21.0,31.1,0
411,2021-06,31.1,17.1,16.0,30.0,0
411,2021-07,30.0,25.5,25.8,30.4,0
411,2021-08,30.4,19.6,21.2,31.9,0
411,2021-09,31.9,20.2,18.0,29.8,0
411,2021-10,29.8,20.4,19.7,29.2,0
411,2021-11,29.2,29.2,46.4,46.4,1
411,2021-12,46.4,24.7,18.1,39.9,0
411,2022-01,39.9,15.5,6.3,30.8,0
411,2022-02,30.8,24.9,25.9,31.7,0
411,2022-03,31.7,22.0,20.6,30.4,0
411,2022-04,30.4,21.1,23.1,32.5,0
411,2022-05,32.5,15.8,13.6,30.3,0
411,2022-06,30.3,18.0,19.1,31.4,0
411,2022-07,31.4,20.4,19.9,30.8,0
411,2022-08,30.8,20.5,22.0,32.3,0
411,2022-09,32.3,21.1,19.9,31.1,0
411,2022-10,31.1,16.9,17.8,32.1,0
411,2022-11,32.1,31.0,38.3,39.4,0
411,2022-12,39.4,20.2,21.1,40.3,0
411,2023-01,40.3,19.8,10.3,30.8,0
411,2023-02,30.8,16.6,15.1,29.4,0
411,2023-03,29.4,22.0,22.8,30.2,0
411,2023-04,30.2,26.0,28.0,32.2,0
411,2023-05,32.2,22.6,21.3,30.9,0
411,2023-06,30.9,19.0,16.9,28.8,0
411,2023-07,28.8,23.1,25.2,31.0,0
411,2023-08,31.0,19.9,18.2,29.3,0
411,2023-09,29.3,21.8,24.2,31.7,0
411,2023-10,31.7,17.5,17.9,32.1,0
411,2023-11,32.1,26.1,34.6,40.5,0
411,2023-12,40.5,26.2,22.2,36.6,0
411,2024-01,36.6,25.5,20.6,31.7,0
411,2024-02,31.7,16.4,15.3,30.6,0
411,2024-03,30.6,24.0,22.5,29.1,0
411,2024-04,29.1,27.1,26.9,28.9,0
411,2024-05,28.9,17.1,20.0,31.7,0
411,2024-06,31.7,22.4,23.0,32.3,0
411,2024-07,32.3,21.0,18.0,29.2,0
411,2024-08,29.2,25.4,28.8,32.6,0
411,2024-09,32.6,22.1,18.3,28.8,0
411,2024-10,28.8,19.4,19.4,28.9,0
411,2024-11,28.9,27.2,45.3,46.9,0
411,2024-12,46.9,22.7,14.9,39.2,0
411,2025-01,39.2,20.7,13.9,32.4,0
411,2025-02,32.4,16.2,14.2,30.4,0
411,2025-03,30.4,12.1,11.7,30.1,0
411,2025-04,30.1,17.2,16.0,28.9,0
411,2025-05,28.9,20.3,22.8,31.5,0
411,2025-06,31.5,24.6,21.3,28.3,0
411,2025-07,28.3,12.4,15.4,31.3,0
411,2025-08,31.3,18.4,18.3,31.2,0
411,2025-09,31.2,21.5,21.0,30.7,0
411,2025-10,30.7,20.5,19.7,29.9,0
411,2025-11,29.9,25.7,38.3,42.5,0
411,2025-12,42.5,20.9,16.3,37.9,0
412,2021-01,27.9,27.9,24.9,24.9,12
412,2021-02,24.9,24.9,25.3,25.3,12
412,2021-03,25.3,25.3,25.4,25.4,9
412,2021-04,25.4,25.4,27.7,27.7,10
412,2021-05,27.7,27.7,29.2,29.2,7
412,2021-06,29.2,29.2,29.1,29.1,7
412,2021-07,29.1,29.1,24.1,24.1,8
412,2021-08,24.1,24.1,29.0,29.0,6
412,2021-09,29.0,29.0,26.0,26.0,12
412,2021-10,26.0,25.5,26.4,27.0,0
412,2021-11,27.0,27.0,40.5,40.5,16
412,2021-12,40.5,40.5,30.9,30.9,9
412,2022-01,30.9,30.9,23.8,23.8,11
412,2022-02,23.8,23.8,26.4,26.4,8
412,2022-03,26.4,26.4,28.2,28.2,2
412,2022-04,28.2,28.2,25.0,25.0,6
412,2022-05,25.0,25.0,25.2,25.2,13
412,2022-06,25.2,25.2,24.0,24.0,7
412,2022-07,24.0,24.0,24.7,24.7,10
412,2022-08,24.7,24.7,26.7,26.7,7
412,2022-09,26.7,26.7,26.3,26.3,12
412,2022-10,26.3,26.3,27.1,27.1,15
412,2022-11,27.1,27.1,37.9,37.9,17
412,2022-12,37.9,37.9,31.3,31.3,6
412,2023-01,31.3,31.3,26.2,26.2,7
412,2023-02,26.2,26.2,24.5,24.5,8
412,2023-03,24.5,24.5,27.5,27.5,14
412,2023-04,27.5,27.5,25.8,25.8,12
412,2023-05,25.8,25.8,23.7,23.7,12
412,2023-06,23.7,23.7,26.2,26.2,18
412,2023-07,26.2,26.2,26.1,26.1,12
412,2023-08,26.1,26.1,28.1,28.1,14
412,2023-09,28.1,28.1,27.4,27.4,12
412,2023-10,27.4,27.4,26.2,26.2,2
412,2023-11,26.2,26.2,41.3,41.3,17
412,2023-12,41.3,41.3,33.9,33.9,4
412,2024-01,33.9,33.9,24.8,24.8,2
412,2024-02,24.8,24.8,28.0,28.0,12
412,2024-03,28.0,28.0,27.9,27.9,14
412,2024-04,27.9,27.9,27.3,27.3,4
412,2024-05,27.3,27.3,27.9,27.9,7
412,2024-06,27.9,27.9,25.4,25.4,12
412,2024-07,25.4,24.3,23.0,24.1,0
412,2024-08,24.1,24.1,27.1,27.1,15
412,2024-09,27.1,27.1,25.9,25.9,10
412,2024-10,25.9,25.9,25.9,25.9,12
412,2024-11,25.9,25.9,38.9,38.9,19
412,2024-12,38.9,38.9,33.3,33.3,10
412,2025-01,33.3,33.3,25.8,25.8,1
412,2025-02,25.8,25.8,26.0,26.0,13
412,2025-03,26.0,26.0,28.9,28.9,6
412,2025-04,28.9,28.9,25.2,25.2,13
412,2025-05,25.2,19.2,21.2,27.1,0
412,2025-06,27.1,27.1,27.3,27.3,10
412,2025-07,27.3,27.3,25.2,25.2,13
412,2025-08,25.2,25.2,25.9,25.9,9
412,2025-09,25.9,25.9,26.5,26.5,8
412,2025-10,26.5,26.5,28.5,28.5,12
412,2025-11,28.5,28.5,41.6,41.6,14
412,2025-12,41.6,41.6,32.7,32.7,7
413,2021-01,49.8,17.7,16.1,48.2,0
413,2021-02,48.2,17.0,17.1,48.3,0
413,2021-03,48.3,14.8,14.1,47.6,0
413,2021-04,47.6,15.4,17.0,49.1,0
413,2021-05,49.1,13.4,12.1,47.8,0
413,2021-06,47.8,13.5,15.0,49.3,0
413,2021-07,49.3,12.8,13.2,49.7,0
413,2021-08,49.7,13.7,12.2,48.3,0
413,2021-09,48.3,14.3,14.0,47.9,0
413,2021-10,47.9,13.8,15.2,49.2,0
413,2021-11,49.2,24.2,42.0,67.0,0
413,2021-12,67.0,14.7,8.7,60.9,0
413,2022-01,60.9,13.3,1.8,49.4,0
413,2022-02,49.4,14.5,12.9,47.8,0
413,2022-03,47.8,13.3,13.2,47.7,0
413,2022-04,47.7,10.7,11.1,48.1,0
413,2022-05,48.1,12.1,11.9,47.9,0
413,2022-06,47.9,10.7,12.3,49.5,0
413,2022-07,49.5,14.5,15.1,50.1,0
413,2022-08,50.1,19.7,20.3,50.7,0
413,2022-09,50.7,16.5,15.0,49.2,0
413,2022-10,49.2,16.3,17.2,50.1,0
413,2022-11,50.1,17.5,35.5,68.1,0
413,2022-12,68.1,14.8,7.8,61.0,0
413,2023-01,61.0,15.2,3.8,49.6,0
413,2023-02,49.6,13.1,12.3,48.8,0
413,2023-03,48.8,15.6,16.3,49.6,0
413,2023-04,49.6,14.7,13.2,48.1,0
413,2023-05,48.1,11.4,12.6,49.2,0
413,2023-06,49.2,17.0,17.2,49.4,0
413,2023-07,49.4,17.3,16.8,48.8,0
413,2023-08,48.8,14.2,15.3,50.0,0
413,2023-09,50.0,14.7,15.0,50.3,0
413,2023-10,50.3,13.3,11.1,48.1,0
413,2023-11,48.1,20.7,40.5,67.9,0
413,2023-12,67.9,12.6,6.8,62.1,0
413,2024-01,62.1,13.1,0.7,49.6,0
413,2024-02,49.6,10.9,11.1,49.8,0
413,2024-03,49.8,17.5,16.2,48.5,0
413,2024-04,48.5,10.0,11.5,50.0,0
413,2024-05,50.0,14.2,12.9,48.7,0
413,2024-06,48.7,14.5,14.1,48.3,0
413,2024-07,48.3,13.0,14.0,49.2,0
413,2024-08,49.2,14.8,13.8,48.2,0
413,2024-09,48.2,17.1,17.8,48.8,0
413,2024-10,48.8,14.1,15.2,49.9,0
413,2024-11,49.9,16.7,33.2,66.4,0
413,2024-12,66.4,17.7,13.0,61.7,0
413,2025-01,61.7,12.6,0.6,49.7,0
413,2025-02,49.7,12.6,12.6,49.8,0
413,2025-03,49.8,13.2,12.3,48.9,0
413,2025-04,48.9,13.2,13.6,49.2,0
413,2025-05,49.2,14.2,13.8,48.8,0
413,2025-06,48.8,16.0,15.7,48.6,0
413,2025-07,48.6,10.5,11.0,49.1,0
413,2025-08,49.1,16.8,17.9,50.2,0
413,2025-09,50.2,16.6,16.8,50.4,0
413,2025-10,50.4,13.6,13.4,50.3,0
413,2025-11,50.3,18.7,41.1,72.6,0
413,2025-12,72.6,14.4,4.1,62.3,0
414,2021-01,12.8,10.5,9.2,11.5,0
414,2021-02,11.5,8.6,9.1,12.1,0
414,2021-03,12.1,8.6,9.0,12.4,0
414,2021-04,12.4,9.0,8.9,12.3,0
414,2021-05,12.3,8.4,9.0,13.0,0
414,2021-06,13.0,10.9,9.6,11.8,0
414,2021-07,11.8,10.2,10.3,11.9,0
414,2021-08,11.9,8.3,8.5,12.1,0
414,2021-09,12.1,8.1,8.3,12.2,0
414,2021-10,12.2,7.5,7.3,12.0,0
414,2021-11,12.0,12.0,17.7,17.7,2
414,2021-12,17.7,12.2,9.3,14.8,0
414,2022-01,14.8,10.2,7.5,12.1,0
414,2022-02,12.1,8.0,8.3,12.4,0
414,2022-03,12.4,5.6,6.2,12.9,0
414,2022-04,12.9,8.4,8.0,12.6,0
414,2022-05,12.6,9.8,9.9,12.7,0
414,2022-06,12.7,7.5,7.5,12.7,0
414,2022-07,12.7,8.6,8.0,12.1,0
414,2022-08,12.1,9.0,10.1,13.2,0
414,2022-09,13.2,7.5,7.3,12.9,0
414,2022-10,12.9,8.9,8.2,12.3,0
414,2022-11,12.3,12.3,18.7,18.7,2
414,2022-12,18.7,13.5,10.4,15.6,0
414,2023-01,15.6,7.8,5.0,12.8,0
414,2023-02,12.8,6.7,6.3,12.5,0
414,2023-03,12.5,6.6,6.4,12.2,0
414,2023-04,12.2,8.1,8.7,12.8,0
414,2023-05,12.8,10.9,11.4,13.4,0
414,2023-06,13.4,7.3,6.8,12.9,0
414,2023-07,12.9,7.9,8.1,13.1,0
414,2023-08,13.1,8.9,7.7,11.9,0
414,2023-09,11.9,11.3,11.8,12.4,0
414,2023-10,12.4,8.9,9.3,12.8,0
414,2023-11,12.8,12.8,17.7,17.7,1
414,2023-12,17.7,8.3,6.2,15.6,0
414,2024-01,15.6,6.4,3.3,12.5,0
414,2024-02,12.5,8.6,8.4,12.3,0
414,2024-03,12.3,9.7,10.4,13.0,0
414,2024-04,13.0,10.1,8.6,11.5,0
414,2024-05,11.5,9.2,9.0,11.3,0
414,2024-06,11.3,8.5,10.2,13.0,0
414,2024-07,13.0,10.3,8.9,11.7,0
414,2024-08,11.7,8.6,10.0,13.1,0
414,2024-09,13.1,9.6,8.2,11.6,0
414,2024-10,11.6,6.6,6.8,11.8,0
414,2024-11,11.8,11.8,17.3,17.3,4
414,2024-12,17.3,10.8,8.8,15.3,0
414,2025-01,15.3,7.1,4.6,12.9,0
414,2025-02,12.9,8.5,8.9,13.2,0
414,2025-03,13.2,7.7,7.6,13.1,0
414,2025-04,13.1,13.1,12.4,12.4,0
414,2025-05,12.4,6.9,7.5,12.9,0
414,2025-06,12.9,9.1,8.5,12.3,0
414,2025-07,12.3,9.6,9.6,12.3,0
414,2025-08,12.3,5.1,5.8,12.9,0
414,2025-09,12.9,8.8,7.6,11.7,0
414,2025-10,11.7,7.6,7.8,12.0,0
414,2025-11,12.0,10.6,17.3,18.6,0
414,2025-12,18.6,9.1,5.8,15.2,0
415,2021-01,41.8,30.2,29.1,40.6,0
415,2021-02,40.6,17.9,16.6,39.3,0
415,2021-03,39.3,23.4,24.7,40.7,0
415,2021-04,40.7,20.1,19.8,40.5,0
415,2021-05,40.5,29.2,28.3,39.6,0
415,2021-06,39.6,26.5,26.9,40.0,0
415,2021-07,40.0,23.2,25.9,42.7,0
415,2021-08,42.7,22.4,21.0,41.3,0
415,2021-09,41.3,24.2,22.4,39.5,0
415,2021-10,39.5,26.2,28.7,42.0,0
415,2021-11,42.0,35.4,54.2,60.8,0
415,2021-12,60.8,33.0,24.4,52.1,0
415,2022-01,52.1,20.1,9.5,41.6,0
415,2022-02,41.6,27.1,26.2,40.7,0
415,2022-03,40.7,26.8,25.5,39.3,0
415,2022-04,39.3,23.2,22.7,38.9,0
415,2022-05,38.9,24.4,24.1,38.6,0
415,2022-06,38.6,26.6,25.4,37.4,0
415,2022-07,37.4,21.0,26.7,43.1,0
415,2022-08,43.1,30.1,29.1,42.1,0
415,2022-09,42.1,24.5,21.9,39.5,0
415,2022-10,39.5,17.4,20.5,42.6,0
415,2022-11,42.6,39.3,49.5,52.8,0
415,2022-12,52.8,30.4,29.6,52.0,0
415,2023-01,52.0,19.3,9.3,42.0,0
415,2023-02,42.0,23.6,22.3,40.7,0
415,2023-03,40.7,19.9,20.5,41.3,0
415,2023-04,41.3,21.7,19.4,38.9,0
415,2023-05,38.9,29.4,30.6,40.1,0
415,2023-06,40.1,32.8,31.2,38.5,0
415,2023-07,38.5,22.6,24.4,40.3,0
415,2023-08,40.3,28.9,28.6,40.1,0
415,2023-09,40.1,19.6,20.7,41.2,0
415,2023-10,41.2,27.6,25.6,39.2,0
415,2023-11,39.2,38.0,58.5,59.8,0
415,2023-12,59.8,31.6,22.8,51.0,0
415,2024-01,51.0,22.0,11.3,40.2,0
415,2024-02,40.2,22.0,24.4,42.6,0
415,2024-03,42.6,24.5,22.5,40.6,0
415,2024-04,40.6,22.3,23.8,42.0,0
415,2024-05,42.0,17.9,18.0,42.1,0
415,2024-06,42.1,22.4,22.2,41.9,0
415,2024-07,41.9,16.6,16.3,41.7,0
415,2024-08,41.7,29.9,26.9,38.6,0
415,2024-09,38.6,23.7,23.8,38.8,0
415,2024-10,38.8,19.5,21.9,41.2,0
415,2024-11,41.2,35.9,48.1,53.4,0
415,2024-12,53.4,30.8,26.0,48.7,0
415,2025-01,48.7,17.0,9.2,40.9,0
415,2025-02,40.9,37.3,37.7,41.2,0
415,2025-03,41.2,28.3,26.8,39.7,0
415,2025-04,39.7,25.6,27.4,41.5,0
415,2025-05,41.5,21.6,18.8,38.7,0
415,2025-06,38.7,26.9,28.0,39.8,0
415,2025-07,39.8,23.6,24.7,40.9,0
415,2025-08,40.9,27.2,28.1,41.8,0
415,2025-09,41.8,25.3,21.7,38.2,0
415,2025-10,38.2,24.1,26.4,40.4,0
415,2025-11,40.4,37.2,60.1,63.3,0
415,2025-12,63.3,29.5,15.8,49.6,0
416,2021-01,5.3,4.6,4.3,5.0,0
416,2021-02,5.0,4.8,4.4,4.6,0
416,2021-03,4.6,4.1,4.8,5.2,0
416,2021-04,5.2,3.9,3.4,4.8,0
416,2021-05,4.8,4.8,5.4,5.4,1
416,2021-06,5.4,4.5,4.4,5.3,0
416,2021-07,5.3,5.2,5.2,5.3,0
416,2021-08,5.3,3.9,3.9,5.4,0
416,2021-09,5.4,4.3,4.0,5.1,0
416,2021-10,5.1,4.0,3.6,4.7,0
416,2021-11,4.7,4.3,6.2,6.6,0
416,2021-12,6.6,3.9,3.8,6.5,0
416,2022-01,6.5,2.6,1.3,5.3,0
416,2022-02,5.3,4.8,4.4,4.9,0
416,2022-03,4.9,4.9,4.6,4.6,7
416,2022-04,4.6,4.0,4.1,4.7,0
416,2022-05,4.7,3.0,3.3,5.0,0
416,2022-06,5.0,3.1,3.3,5.2,0
416,2022-07,5.2,4.8,4.5,4.9,0
416,2022-08,4.9,3.4,3.4,4.9,0
416,2022-09,4.9,3.5,4.0,5.4,0
416,2022-10,5.4,3.2,3.1,5.3,0
416,2022-11,5.3,5.3,6.6,6.6,1
416,2022-12,6.6,4.3,4.4,6.7,0
416,2023-01,6.7,3.3,1.6,5.0,0
416,2023-02,5.0,4.7,4.3,4.6,0
416,2023-03,4.6,4.4,4.5,4.8,0
416,2023-04,4.8,3.0,3.1,4.8,0
416,2023-05,4.8,4.1,4.4,5.2,0
416,2023-06,5.2,4.6,4.7,5.3,0
416,2023-07,5.3,4.1,4.1,5.3,0
416,2023-08,5.3,3.3,2.8,4.9,0
416,2023-09,4.9,2.7,3.1,5.3,0
416,2023-10,5.3,3.6,3.1,4.8,0
416,2023-11,4.8,4.8,7.4,7.4,6
416,2023-12,7.4,6.3,5.3,6.3,0
416,2024-01,6.3,4.7,3.8,5.4,0
416,2024-02,5.4,4.5,4.3,5.2,0
416,2024-03,5.2,4.4,4.5,5.2,0
416,2024-04,5.2,4.8,4.4,4.8,0
416,2024-05,4.8,4.8,4.9,4.9,2
416,2024-06,4.9,3.6,3.4,4.7,0
416,2024-07,4.7,4.3,4.3,4.7,0
416,2024-08,4.7,4.7,4.6,4.6,3
416,2024-09,4.6,4.4,4.9,5.0,0
416,2024-10,5.0,4.0,3.7,4.8,0
416,2024-11,4.8,4.8,7.7,7.7,8
416,2024-12,7.7,6.0,4.2,5.9,0
416,2025-01,5.9,4.4,3.4,4.9,0
416,2025-02,4.9,3.7,3.5,4.7,0
416,2025-03,4.7,4.3,4.7,5.2,0
416,2025-04,5.2,4.2,4.4,5.4,0
416,2025-05,5.4,4.1,3.7,5.0,0
416,2025-06,5.0,3.6,3.7,5.2,0
416,2025-07,5.2,4.5,4.4,5.0,0
416,2025-08,5.0,4.8,4.8,5.0,0
416,2025-09,5.0,4.4,4.1,4.8,0
416,2025-10,4.8,4.4,4.3,4.7,0
416,2025-11,4.7,4.7,7.4,7.4,5
416,2025-12,7.4,5.0,4.3,6.7,0
417,2021-01,51.9,33.5,34.3,52.7,0
417,2021-02,52.7,43.2,42.8,52.3,0
417,2021-03,52.3,36.9,33.3,48.7,0
417,2021-04,48.7,39.1,36.6,46.3,0
417,2021-05,46.3,34.4,40.9,52.7,0
417,2021-06,52.7,43.2,44.1,53.6,0
417,2021-07,53.6,41.1,34.1,46.6,0
417,2021-08,46.6,34.6,39.6,51.7,0
417,2021-09,51.7,35.9,32.4,48.1,0
417,2021-10,48.1,28.8,33.7,52.9,0
417,2021-11,52.9,50.9,69.4,71.4,0
417,2021-12,71.4,45.9,33.8,59.4,0
417,2022-01,59.4,33.5,23.5,49.3,0
417,2022-02,49.3,49.3,44.8,44.8,0
417,2022-03,44.8,37.2,42.0,49.7,0
417,2022-04,49.7,46.3,48.3,51.7,0
417,2022-05,51.7,17.4,15.1,49.4,0
417,2022-06,49.4,32.1,30.4,47.7,0
417,2022-07,47.7,40.1,39.4,47.1,0
417,2022-08,47.1,44.1,50.2,53.2,0
417,2022-09,53.2,28.2,23.6,48.6,0
417,2022-10,48.6,35.0,37.9,51.5,0
417,2022-11,51.5,42.5,65.9,74.9,0
417,2022-12,74.9,62.7,53.6,65.9,0
417,2023-01,65.9,40.0,25.9,51.8,0
417,2023-02,51.8,49.5,44.2,46.5,0
417,2023-03,46.5,33.0,39.6,53.1,0
417,2023-04,53.1,42.0,39.2,50.3,0
417,2023-05,50.3,44.4,41.1,47.0,0
417,2023-06,47.0,31.0,35.6,51.7,0
417,2023-07,51.7,29.4,28.7,50.9,0
417,2023-08,50.9,42.8,45.7,53.8,0
417,2023-09,53.8,35.8,31.9,49.9,0
417,2023-10,49.9,48.0,50.6,52.5,0
417,2023-11,52.5,52.5,68.1,68.1,3
417,2023-12,68.1,55.8,53.8,66.1,0
417,2024-01,66.1,33.6,16.7,49.2,0
417,2024-02,49.2,43.1,46.1,52.2,0
417,2024-03,52.2,48.3,45.1,48.9,0
417,2024-04,48.9,44.7,48.0,52.2,0
417,2024-05,52.2,39.3,39.0,52.0,0
417,2024-06,52.0,24.5,23.0,50.5,0
417,2024-07,50.5,41.8,38.7,47.3,0
417,2024-08,47.3,40.9,43.5,50.0,0
417,2024-09,50.0,43.9,45.3,51.5,0
417,2024-10,51.5,32.7,32.5,51.3,0
417,2024-11,51.3,46.3,63.0,68.0,0
417,2024-12,68.0,50.4,46.8,64.4,0
417,2025-01,64.4,30.4,18.6,52.6,0
417,2025-02,52.6,38.2,35.4,49.9,0
417,2025-03,49.9,33.5,31.1,47.5,0
417,2025-04,47.5,33.9,33.4,47.0,0
417,2025-05,47.0,37.9,41.9,51.0,0
417,2025-06,51.0,51.0,46.9,46.9,1
417,2025-07,46.9,42.1,43.5,48.3,0
417,2025-08,48.3,44.9,42.6,46.1,0
417,2025-09,46.1,30.1,35.2,51.1,0
417,2025-10,51.1,50.9,44.4,44.6,0
417,2025-11,44.6,44.6,68.6,68.6,8
417,2025-12,68.6,57.9,51.5,62.2,0
418,2021-01,51.1,33.1,29.8,47.9,0
418,2021-02,47.9,39.7,43.1,51.3,0
418,2021-03,51.3,46.8,46.0,50.4,0
418,2021-04,50.4,28.7,29.5,51.1,0
418,2021-05,51.1,39.1,34.8,46.8,0
418,2021-06,46.8,20.7,25.9,52.0,0
418,2021-07,52.0,37.4,36.8,51.4,0
418,2021-08,51.4,45.9,41.1,46.7,0
418,2021-09,46.7,38.9,41.9,49.7,0
418,2021-10,49.7,41.8,43.6,51.5,0
418,2021-11,51.5,46.1,60.5,65.9,0
418,2021-12,65.9,52.5,48.5,61.8,0
418,2022-01,61.8,50.5,41.0,52.3,0
418,2022-02,52.3,44.8,43.5,51.0,0
418,2022-03,51.0,46.5,46.1,50.6,0
418,2022-04,50.6,43.3,41.2,48.5,0
418,2022-05,48.5,31.0,32.7,50.2,0
418,2022-06,50.2,25.9,27.0,51.4,0
418,2022-07,51.4,31.3,30.9,51.0,0
418,2022-08,51.0,26.4,26.9,51.5,0
418,2022-09,51.5,25.4,24.9,51.1,0
418,2022-10,51.1,42.4,42.9,51.6,0
418,2022-11,51.6,51.0,75.2,75.8,0
418,2022-12,75.8,52.5,35.8,59.1,0
418,2023-01,59.1,40.4,30.9,49.6,0
418,2023-02,49.6,49.6,49.5,49.5,2
418,2023-03,49.5,41.9,41.9,49.5,0
418,2023-04,49.5,46.6,50.4,53.3,0
418,2023-05,53.3,38.5,36.9,51.6,0
418,2023-06,51.6,41.8,42.8,52.6,0
418,2023-07,52.6,49.6,44.6,47.6,0
418,2023-08,47.6,38.3,36.6,46.0,0
418,2023-09,46.0,26.8,27.6,46.8,0
418,2023-10,46.8,44.5,42.1,44.3,0
418,2023-11,44.3,44.3,77.6,77.6,7
418,2023-12,77.6,49.4,33.9,62.1,0
418,2024-01,62.1,43.8,30.5,48.8,0
418,2024-02,48.8,35.2,38.7,52.3,0
418,2024-03,52.3,41.2,34.8,45.9,0
418,2024-04,45.9,26.8,29.5,48.6,0
418,2024-05,48.6,30.4,30.0,48.2,0
418,2024-06,48.2,41.4,42.3,49.1,0
418,2024-07,49.1,19.3,21.4,51.2,0
418,2024-08,51.2,41.2,38.9,48.8,0
418,2024-09,48.8,36.8,38.2,50.2,0
418,2024-10,50.2,50.2,51.6,51.6,4
418,2024-11,51.6,51.6,75.1,75.1,0
418,2024-12,75.1,46.4,35.4,64.1,0
418,2025-01,64.1,29.8,17.3,51.5,0
418,2025-02,51.5,42.1,39.8,49.2,0
418,2025-03,49.2,28.9,31.9,52.2,0
418,2025-04,52.2,15.6,14.1,50.7,0
418,2025-05,50.7,30.5,29.5,49.7,0
418,2025-06,49.7,41.1,43.9,52.6,0
418,2025-07,52.6,37.1,36.1,51.6,0
418,2025-08,51.6,46.0,39.7,45.2,0
418,2025-09,45.2,31.3,32.2,46.1,0
418,2025-10,46.1,41.6,43.0,47.5,0
418,2025-11,47.5,47.5,63.5,63.5,5
418,2025-12,63.5,41.5,36.7,58.7,0
419,2021-01,65.4,29.9,30.5,66.0,0
419,2021-02,66.0,35.9,32.4,62.5,0
419,2021-03,62.5,19.9,20.2,62.8,0
419,2021-04,62.8,29.6,27.9,61.2,0
419,2021-05,61.2,37.4,42.7,66.4,0
419,2021-06,66.4,32.2,27.1,61.3,0
419,2021-07,61.3,39.5,44.9,66.6,0
419,2021-08,66.6,28.8,23.8,61.6,0
419,2021-09,61.6,28.2,32.8,66.2,0
419,2021-10,66.2,31.2,30.7,65.7,0
419,2021-11,65.7,43.7,72.9,94.9,0
419,2021-12,94.9,36.9,22.4,80.5,0
419,2022-01,80.5,37.8,21.2,63.8,0
419,2022-02,63.8,26.0,27.5,65.4,0
419,2022-03,65.4,40.9,36.7,61.1,0
419,2022-04,61.1,26.2,30.6,65.5,0
419,2022-05,65.5,37.1,35.2,63.6,0
419,2022-06,63.6,31.0,31.8,64.4,0
419,2022-07,64.4,32.7,33.5,65.3,0
419,2022-08,65.3,30.0,30.7,66.0,0
419,2022-09,66.0,34.5,30.9,62.4,0
419,2022-10,62.4,27.9,30.9,65.4,0
419,2022-11,65.4,46.9,76.1,94.6,0
419,2022-12,94.6,44.2,29.4,79.8,0
419,2023-01,79.8,30.0,13.4,63.2,0
419,2023-02,63.2,24.6,26.5,65.1,0
419,2023-03,65.1,21.9,19.2,62.3,0
419,2023-04,62.3,25.1,25.9,63.1,0
419,2023-05,63.1,23.8,23.5,62.8,0
419,2023-06,62.8,38.9,37.7,61.6,0
419,2023-07,61.6,30.7,30.7,61.5,0
419,2023-08,61.5,41.4,45.9,65.9,0
419,2023-09,65.9,29.4,29.7,66.3,0
419,2023-10,66.3,34.9,31.0,62.4,0
419,2023-11,62.4,45.0,73.9,91.4,0
419,2023-12,91.4,44.3,30.9,78.0,0
419,2024-01,78.0,27.3,15.0,65.6,0
419,2024-02,65.6,28.4,24.3,61.5,0
419,2024-03,61.5,30.8,35.0,65.7,0
419,2024-04,65.7,35.8,33.8,63.7,0
419,2024-05,63.7,34.4,31.1,60.3,0
419,2024-06,60.3,33.7,39.8,66.4,0
419,2024-07,66.4,29.5,25.6,62.5,0
419,2024-08,62.5,37.5,34.6,59.6,0
419,2024-09,59.6,33.8,38.3,64.1,0
419,2024-10,64.1,28.4,28.9,64.6,0
419,2024-11,64.6,49.4,79.5,94.7,0
419,2024-12,94.7,32.8,17.2,79.0,0
419,2025-01,79.0,28.3,13.2,64.0,0
419,2025-02,64.0,25.3,25.3,64.0,0
419,2025-03,64.0,25.9,28.0,66.1,0
419,2025-04,66.1,28.4,28.4,66.1,0
419,2025-05,66.1,30.7,29.4,64.8,0
419,2025-06,64.8,32.6,28.6,60.9,0
419,2025-07,60.9,29.1,33.1,64.9,0
419,2025-08,64.9,27.3,26.5,64.0,0
419,2025-09,64.0,30.4,28.7,62.2,0
419,2025-10,62.2,41.4,38.4,59.3,0
419,2025-11,59.3,49.6,86.9,96.6,0
419,2025-12,96.6,46.4,32.5,82.7,0
420,2021-01,22.4,19.6,17.6,20.5,0
420,2021-02,20.5,12.5,14.9,22.9,0
420,2021-03,22.9,14.2,12.1,20.8,0
420,2021-04,20.8,16.3,16.5,21.0,0
420,2021-05,21.0,18.1,16.8,19.6,0
420,2021-06,19.6,19.6,20.1,20.1,0
420,2021-07,20.1,20.1,20.9,20.9,5
420,2021-08,20.9,17.5,19.8,23.1,0
420,2021-09,23.1,16.5,14.9,21.4,0
420,2021-10,21.4,16.6,17.9,22.7,0
420,2021-11,22.7,22.7,31.5,31.5,2
420,2021-12,31.5,19.6,15.1,27.1,0
420,2022-01,27.1,20.7,16.2,22.6,0
420,2022-02,22.6,17.1,17.1,22.6,0
420,2022-03,22.6,22.6,20.9,20.9,2
420,2022-04,20.9,17.5,19.9,23.3,0
420,2022-05,23.3,19.8,17.4,20.9,0
420,2022-06,20.9,16.7,16.0,20.3,0
420,2022-07,20.3,16.1,18.2,22.4,0
420,2022-08,22.4,18.9,18.5,21.9,0
420,2022-09,21.9,16.3,17.5,23.2,0
420,2022-10,23.2,19.8,18.3,21.7,0
420,2022-11,21.7,21.7,29.2,29.2,3
420,2022-12,29.2,15.3,13.4,27.3,0
420,2023-01,27.3,14.0,8.2,21.6,0
420,2023-02,21.6,13.4,12.1,20.3,0
420,2023-03,20.3,20.3,21.3,21.3,0
420,2023-04,21.3,11.6,12.3,22.0,0
420,2023-05,22.0,19.5,17.0,19.5,0
420,2023-06,19.5,10.6,11.8,20.6,0
420,2023-07,20.6,14.1,13.7,20.2,0
420,2023-08,20.2,19.5,19.9,20.6,0
420,2023-09,20.6,17.3,19.2,22.6,0
420,2023-10,22.6,13.2,12.0,21.4,0
420,2023-11,21.4,21.4,27.8,27.8,5
420,2023-12,27.8,21.2,18.4,25.0,0
420,2024-01,25.0,10.8,8.3,22.5,0
420,2024-02,22.5,19.9,18.2,20.8,0
420,2024-03,20.8,19.7,20.8,21.8,0
420,2024-04,21.8,16.1,15.9,21.7,0
420,2024-05,21.7,16.0,15.1,20.8,0
420,2024-06,20.8,16.0,17.4,22.2,0
420,2024-07,22.2,14.4,14.3,22.1,0
420,2024-08,22.1,14.7,14.3,21.7,0
420,2024-09,21.7,17.8,16.3,20.2,0
420,2024-10,20.2,17.1,17.6,20.6,0
420,2024-11,20.6,20.0,27.4,28.0,0
420,2024-12,28.0,19.8,20.1,28.4,0
420,2025-01,28.4,18.9,11.4,20.9,0
420,2025-02,20.9,17.5,16.2,19.7,0
420,2025-03,19.7,18.4,18.3,19.6,0
420,2025-04,19.6,19.6,22.9,22.9,1
420,2025-05,22.9,15.0,12.7,20.6,0
420,2025-06,20.6,14.1,14.1,20.5,0
420,2025-07,20.5,18.4,19.1,21.3,0
420,2025-08,21.3,20.2,19.7,20.8,0
420,2025-09,20.8,17.3,19.1,22.6,0
420,2025-10,22.6,16.2,14.4,20.9,0
420,2025-11,20.9,20.9,32.5,32.5,3
420,2025-12,32.5,25.1,21.2,28.5,0
421,2021-01,60.9,12.1,10.9,59.6,0
421,2021-02,59.6,12.2,11.8,59.2,0
421,2021-03,59.2,14.0,13.5,58.7,0
421,2021-04,58.7,9.8,11.7,60.6,0
421,2021-05,60.6,13.7,14.2,61.1,0
421,2021-06,61.1,12.9,12.4,60.5,0
421,2021-07,60.5,10.8,9.8,59.5,0
421,2021-08,59.5,12.7,13.5,60.3,0
421,2021-09,60.3,13.5,14.4,61.2,0
421,2021-10,61.2,11.6,10.0,59.6,0
421,2021-11,59.6,22.0,44.1,81.7,0
421,2021-12,81.7,17.6,12.6,76.6,0
421,2022-01,76.6,9.4,0.0,67.2,0
421,2022-02,67.2,11.9,5.0,60.4,0
421,2022-03,60.4,12.9,13.2,60.7,0
421,2022-04,60.7,7.9,7.0,59.8,0
421,2022-05,59.8,9.4,10.1,60.6,0
421,2022-06,60.6,14.3,12.8,59.1,0
421,2022-07,59.1,10.7,12.7,61.1,0
421,2022-08,61.1,11.4,9.7,59.4,0
421,2022-09,59.4,9.5,11.3,61.2,0
421,2022-10,61.2,11.3,10.2,60.1,0
421,2022-11,60.1,14.5,40.9,86.5,0
421,2022-12,86.5,16.7,6.1,75.9,0
421,2023-01,75.9,13.9,0.0,62.1,0
421,2023-02,62.1,11.5,9.3,59.9,0
421,2023-03,59.9,12.6,13.3,60.7,0
421,2023-04,60.7,11.0,10.9,60.6,0
421,2023-05,60.6,8.5,8.7,60.8,0
421,2023-06,60.8,11.9,11.2,60.0,0
421,2023-07,60.0,12.5,11.5,59.0,0
421,2023-08,59.0,13.4,15.8,61.4,0
421,2023-09,61.4,12.2,11.2,60.3,0
421,2023-10,60.3,14.8,13.2,58.8,0
421,2023-11,58.8,17.6,43.7,84.8,0
421,2023-12,84.8,14.7,5.9,76.0,0
421,2024-01,76.0,9.5,0.0,66.4,0
421,2024-02,66.4,11.1,4.9,60.2,0
421,2024-03,60.2,10.9,12.1,61.4,0
421,2024-04,61.4,10.5,9.1,60.0,0
421,2024-05,60.0,11.0,11.9,60.8,0
421,2024-06,60.8,12.0,11.9,60.7,0
421,2024-07,60.7,11.5,11.7,60.9,0
421,2024-08,60.9,10.7,9.7,59.9,0
421,2024-09,59.9,12.9,12.8,59.8,0
421,2024-10,59.8,9.5,9.6,59.9,0
421,2024-11,59.9,13.4,39.5,86.0,0
421,2024-12,86.0,15.8,5.3,75.5,0
421,2025-01,75.5,14.9,0.2,60.8,0
421,2025-02,60.8,10.6,10.8,61.0,0
421,2025-03,61.0,14.7,14.8,61.2,0
421,2025-04,61.2,10.5,9.6,60.3,0
421,2025-05,60.3,11.0,10.2,59.4,0
421,2025-06,59.4,12.1,13.6,61.0,0
421,2025-07,61.0,13.4,13.8,61.3,0
421,2025-08,61.3,12.7,11.7,60.3,0
421,2025-09,60.3,15.6,14.8,59.5,0
421,2025-10,59.5,8.8,9.6,60.3,0
421,2025-11,60.3,20.3,44.4,84.4,0
421,2025-12,84.4,16.9,8.7,76.3,0
422,2021-01,215.5,103.5,99.1,211.1,0
422,2021-02,211.1,103.4,105.0,212.7,0
422,2021-03,212.7,119.9,112.7,205.5,0
422,2021-04,205.5,119.8,132.6,218.4,0
422,2021-05,218.4,120.1,109.3,207.5,0
422,2021-06,207.5,113.1,111.6,206.1,0
422,2021-07,206.1,106.0,113.0,213.0,0
422,2021-08,213.0,111.6,112.9,214.3,0
422,2021-09,214.3,80.8,85.8,219.3,0
422,2021-10,219.3,88.6,72.3,203.0,0
422,2021-11,203.0,163.5,255.6,295.1,0
422,2021-12,295.1,148.2,119.7,266.7,0
422,2022-01,266.7,116.8,61.8,211.7,0
422,2022-02,211.7,87.4,89.8,214.1,0
422,2022-03,214.1,89.9,80.1,204.2,0
422,2022-04,204.2,145.1,158.3,217.5,0
422,2022-05,217.5,102.9,98.9,213.4,0
422,2022-06,213.4,125.3,120.2,208.3,0
422,2022-07,208.3,55.7,60.3,212.9,0
422,2022-08,212.9,104.2,91.0,199.8,0
422,2022-09,199.8,100.8,101.1,200.2,0
422,2022-10,200.2,103.3,117.6,214.5,0
422,2022-11,214.5,143.1,250.5,321.9,0
422,2022-12,321.9,108.1,49.5,263.3,0
422,2023-01,263.3,99.6,52.8,216.5,0
422,2023-02,216.5,106.4,95.4,205.5,0
422,2023-03,205.5,110.1,109.0,204.4,0
422,2023-04,204.4,134.6,139.4,209.2,0
422,2023-05,209.2,103.8,103.0,208.4,0
422,2023-06,208.4,112.3,119.6,215.7,0
422,2023-07,215.7,89.9,76.7,202.6,0
422,2023-08,202.6,47.5,59.3,214.3,0
422,2023-09,214.3,100.3,101.2,215.2,0
422,2023-10,215.2,90.7,84.0,208.5,0
422,2023-11,208.5,137.3,234.6,305.8,0
422,2023-12,305.8,93.1,51.3,264.0,0
422,2024-01,264.0,84.5,33.7,213.3,0
422,2024-02,213.3,110.2,104.7,207.8,0
422,2024-03,207.8,70.8,82.2,219.2,0
422,2024-04,219.2,113.4,96.5,202.4,0
422,2024-05,202.4,118.4,122.0,206.0,0
422,2024-06,206.0,124.5,120.0,201.6,0
422,2024-07,201.6,83.3,89.1,207.3,0
422,2024-08,207.3,104.4,104.4,207.4,0
422,2024-09,207.4,110.4,117.4,214.4,0
422,2024-10,214.4,59.2,59.6,214.8,0
422,2024-11,214.8,142.3,232.0,304.4,0
422,2024-12,304.4,165.5,133.8,272.7,0
422,2025-01,272.7,99.4,36.3,209.6,0
422,2025-02,209.6,92.5,94.7,211.8,0
422,2025-03,211.8,113.8,121.3,219.3,0
422,2025-04,219.3,80.6,74.6,213.4,0
422,2025-05,213.4,108.8,102.0,206.7,0
422,2025-06,206.7,69.9,69.5,206.3,0
422,2025-07,206.3,98.2,94.8,202.9,0
422,2025-08,202.9,111.7,108.1,199.3,0
422,2025-09,199.3,95.5,114.7,218.5,0
422,2025-10,218.5,78.3,75.9,216.1,0
422,2025-11,216.1,134.9,215.5,296.7,0
422,2025-12,296.7,146.6,121.1,271.2,0
423,2021-01,146.4,146.4,130.4,130.4,4
423,2021-02,130.4,96.2,117.4,151.6,0
423,2021-03,151.6,120.1,102.6,134.1,0
423,2021-04,134.1,129.0,144.4,149.5,0
423,2021-05,149.5,82.4,77.8,144.9,0
423,2021-06,144.9,95.2,86.1,135.7,0
423,2021-07,135.7,134.5,146.0,147.2,0
423,2021-08,147.2,136.6,118.7,129.3,0
423,2021-09,129.3,120.2,138.2,147.4,0
423,2021-10,147.4,92.1,81.2,136.5,0
423,2021-11,136.5,136.5,183.7,183.7,4
423,2021-12,183.7,128.3,113.5,168.9,0
423,2022-01,168.9,106.6,72.3,134.6,0
423,2022-02,134.6,111.9,122.2,144.9,0
423,2022-03,144.9,86.8,92.7,150.8,0
423,2022-04,150.8,55.4,48.3,143.7,0
423,2022-05,143.7,128.8,133.3,148.2,0
423,2022-06,148.2,135.0,128.1,141.2,0
423,2022-07,141.2,82.6,77.2,135.7,0
423,2022-08,135.7,108.5,102.8,130.0,0
423,2022-09,130.0,114.4,125.0,140.6,0
423,2022-10,140.6,97.1,106.0,149.4,0
423,2022-11,149.4,145.6,213.5,217.3,0
423,2022-12,217.3,139.7,108.6,186.1,0
423,2023-01,186.1,95.6,51.2,141.8,0
423,2023-02,141.8,121.6,126.0,146.2,0
423,2023-03,146.2,118.9,111.1,138.4,0
423,2023-04,138.4,99.7,98.3,137.0,0
423,2023-05,137.0,137.0,148.4,148.4,3
423,2023-06,148.4,118.3,108.0,138.1,0
423,2023-07,138.1,126.4,132.2,143.9,0
423,2023-08,143.9,81.5,80.3,142.7,0
423,2023-09,142.7,100.1,92.9,135.5,0
423,2023-10,135.5,79.0,85.7,142.2,0
423,2023-11,142.2,135.4,208.1,214.9,0
423,2023-12,214.9,166.2,122.6,171.4,0
423,2024-01,171.4,123.8,86.8,134.3,0
423,2024-02,134.3,134.3,144.9,144.9,3
423,2024-03,144.9,121.8,105.2,128.4,0
423,2024-04,128.4,99.1,108.6,137.8,0
423,2024-05,137.8,81.0,85.0,141.8,0
423,2024-06,141.8,109.4,102.1,134.5,0
423,2024-07,134.5,109.5,114.4,139.4,0
423,2024-08,139.4,139.4,142.3,142.3,2
423,2024-09,142.3,120.5,108.3,130.2,0
423,2024-10,130.2,68.6,81.7,143.2,0
423,2024-11,143.2,143.2,185.0,185.0,4
423,2024-12,185.0,166.0,161.8,180.8,0
423,2025-01,180.8,101.3,61.8,141.4,0
423,2025-02,141.4,118.3,121.9,145.0,0
423,2025-03,145.0,143.3,128.2,129.8,0
423,2025-04,129.8,129.8,126.2,126.2,3
423,2025-05,126.2,125.8,145.8,146.2,0
423,2025-06,146.2,121.0,105.4,130.5,0
423,2025-07,130.5,108.6,112.1,134.1,0
423,2025-08,134.1,120.5,113.0,126.5,0
423,2025-09,126.5,126.5,133.0,133.0,6
423,2025-10,133.0,109.1,125.0,148.9,0
423,2025-11,148.9,148.9,209.4,209.4,2
423,2025-12,209.4,169.3,141.6,181.7,0
424,2021-01,78.4,18.9,16.2,75.8,0
424,2021-02,75.8,17.2,20.6,79.2,0
424,2021-03,79.2,13.1,11.8,77.9,0
424,2021-04,77.9,21.8,19.2,75.3,0
424,2021-05,75.3,18.0,18.9,76.2,0
424,2021-06,76.2,17.1,19.5,78.6,0
424,2021-07,78.6,20.5,18.0,76.1,0
424,2021-08,76.1,24.1,23.5,75.4,0
424,2021-09,75.4,19.9,22.9,78.5,0
424,2021-10,78.5,22.8,22.0,77.7,0
424,2021-11,77.7,30.3,56.7,104.0,0
424,2021-12,104.0,30.0,20.9,94.9,0
424,2022-01,94.9,16.7,0.2,78.4,0
424,2022-02,78.4,22.6,22.1,77.9,0
424,2022-03,77.9,22.0,21.1,77.0,0
424,2022-04,77.0,15.0,16.0,78.0,0
424,2022-05,78.0,22.6,20.7,76.1,0
424,2022-06,76.1,21.8,21.7,76.0,0
424,2022-07,76.0,23.6,26.5,78.9,0
424,2022-08,78.9,19.8,16.5,75.7,0
424,2022-09,75.7,18.0,21.2,78.9,0
424,2022-10,78.9,23.5,22.5,77.9,0
424,2022-11,77.9,26.2,60.0,111.6,0
424,2022-12,111.6,20.9,6.6,97.3,0
424,2023-01,97.3,16.2,0.0,81.1,0
424,2023-02,81.1,19.5,17.0,78.7,0
424,2023-03,78.7,17.1,15.6,77.2,0
424,2023-04,77.2,19.7,21.7,79.1,0
424,2023-05,79.1,19.2,16.2,76.2,0
424,2023-06,76.2,17.8,19.1,77.5,0
424,2023-07,77.5,24.0,25.1,78.6,0
424,2023-08,78.6,21.6,19.6,76.5,0
424,2023-09,76.5,13.3,15.1,78.2,0
424,2023-10,78.2,18.4,18.5,78.3,0
424,2023-11,78.3,28.7,55.5,105.1,0
424,2023-12,105.1,24.5,15.9,96.4,0
424,2024-01,96.4,20.6,2.7,78.5,0
424,2024-02,78.5,20.4,20.1,78.1,0
424,2024-03,78.1,14.6,14.2,77.7,0
424,2024-04,77.7,22.4,23.7,78.9,0
424,2024-05,78.9,17.4,15.6,77.1,0
424,2024-06,77.1,20.3,21.7,78.5,0
424,2024-07,78.5,20.0,17.3,75.7,0
424,2024-08,75.7,17.5,17.8,75.9,0
424,2024-09,75.9,19.0,20.9,77.9,0
424,2024-10,77.9,18.3,16.4,76.0,0
424,2024-11,76.0,30.5,68.9,114.5,0
424,2024-12,114.5,24.6,7.4,97.3,0
424,2025-01,97.3,17.8,0.0,79.5,0
424,2025-02,79.5,18.5,16.1,77.1,0
424,2025-03,77.1,18.9,18.2,76.4,0
424,2025-04,76.4,18.0,19.7,78.1,0
424,2025-05,78.1,22.9,24.3,79.5,0
424,2025-06,79.5,19.7,16.0,75.8,0
424,2025-07,75.8,21.3,21.5,76.0,0
424,2025-08,76.0,13.9,15.4,77.5,0
424,2025-09,77.5,18.0,18.6,78.1,0
424,2025-10,78.1,20.0,17.4,75.6,0
424,2025-11,75.6,27.3,65.2,113.4,0
424,2025-12,113.4,22.9,7.7,98.2,0
425,2021-01,23.7,19.2,17.5,22.0,0
425,2021-02,22.0,16.8,16.4,21.5,0
425,2021-03,21.5,15.6,15.7,21.6,0
425,2021-04,21.6,20.9,19.8,20.5,0
425,2021-05,20.5,20.3,23.2,23.5,0
425,2021-06,23.5,14.7,12.9,21.6,0
425,2021-07,21.6,18.7,19.0,21.9,0
425,2021-08,21.9,21.9,20.4,20.4,0
425,2021-09,20.4,19.0,22.8,24.2,0
425,2021-10,24.2,18.8,16.2,21.7,0
425,2021-11,21.7,21.7,29.7,29.7,5
425,2021-12,29.7,24.2,24.8,30.3,0
425,2022-01,30.3,13.8,7.0,23.4,0
425,2022-02,23.4,15.4,14.0,22.0,0
425,2022-03,22.0,14.6,15.4,22.8,0
425,2022-04,22.8,13.6,14.9,24.2,0
425,2022-05,24.2,16.1,14.4,22.5,0
425,2022-06,22.5,17.9,18.9,23.5,0
425,2022-07,23.5,18.4,16.0,21.1,0
425,2022-08,21.1,16.2,17.8,22.7,0
425,2022-09,22.7,15.1,15.3,22.9,0
425,2022-10,22.9,22.9,24.7,24.7,1
425,2022-11,24.7,22.2,28.3,30.8,0
425,2022-12,30.8,28.1,25.0,27.6,0
425,2023-01,27.6,23.6,17.7,21.7,0
425,2023-02,21.7,13.1,15.6,24.2,0
425,2023-03,24.2,19.8,19.0,23.3,0
425,2023-04,23.3,17.3,17.1,23.0,0
425,2023-05,23.0,23.0,23.8,23.8,4
425,2023-06,23.8,21.9,19.5,21.4,0
425,2023-07,21.4,20.4,20.3,21.3,0
425,2023-08,21.3,14.4,15.0,21.9,0
425,2023-09,21.9,21.7,24.5,24.8,0
425,2023-10,24.8,21.1,20.3,24.0,0
425,2023-11,24.0,24.0,32.4,32.4,3
425,2023-12,32.4,23.6,18.4,27.2,0
425,2024-01,27.2,17.5,12.9,22.6,0
425,2024-02,22.6,16.4,14.9,21.1,0
425,2024-03,21.1,21.1,21.3,21.3,4
425,2024-04,21.3,20.7,24.2,24.8,0
425,2024-05,24.8,17.9,17.2,24.1,0
425,2024-06,24.1,16.4,14.6,22.3,0
425,2024-07,22.3,21.0,19.2,20.6,0
425,2024-08,20.6,16.8,18.8,22.6,0
425,2024-09,22.6,19.0,19.4,23.0,0
425,2024-10,23.0,15.8,16.7,23.9,0
425,2024-11,23.9,20.2,31.7,35.4,0
425,2024-12,35.4,24.7,19.7,30.4,0
425,2025-01,30.4,13.8,6.0,22.7,0
425,2025-02,22.7,22.0,23.4,24.0,0
425,2025-03,24.0,20.2,17.0,20.9,0
425,2025-04,20.9,14.1,17.4,24.2,0
425,2025-05,24.2,18.1,18.4,24.5,0
425,2025-06,24.5,19.5,16.8,21.8,0
425,2025-07,21.8,20.4,22.3,23.7,0
425,2025-08,23.7,16.9,17.5,24.3,0
425,2025-09,24.3,22.1,20.1,22.3,0
425,2025-10,22.3,15.8,15.9,22.5,0
425,2025-11,22.5,22.5,31.9,31.9,6
425,2025-12,31.9,25.3,22.9,29.6,0
426,2021-01,6.6,1.8,1.9,6.6,0
426,2021-02,6.6,1.4,1.3,6.6,0
426,2021-03,6.6,1.7,1.8,6.6,0
426,2021-04,6.6,1.9,1.8,6.5,0
426,2021-05,6.5,1.8,1.6,6.4,0
426,2021-06,6.4,1.9,2.1,6.6,0
426,2021-07,6.6,1.2,1.1,6.5,0
426,2021-08,6.5,1.6,1.5,6.4,0
426,2021-09,6.4,2.0,2.1,6.5,0
426,2021-10,6.5,2.3,2.2,6.4,0
426,2021-11,6.4,2.8,5.4,9.1,0
426,2021-12,9.1,3.0,2.2,8.3,0
426,2022-01,8.3,2.2,0.4,6.5,0
426,2022-02,6.5,1.9,1.8,6.5,0
426,2022-03,6.5,1.9,2.1,6.7,0
426,2022-04,6.7,2.2,2.0,6.5,0
426,2022-05,6.5,2.0,1.8,6.3,0
426,2022-06,6.3,2.4,2.7,6.6,0
426,2022-07,6.6,2.0,2.0,6.6,0
426,2022-08,6.6,2.7,2.6,6.5,0
426,2022-09,6.5,2.1,2.0,6.4,0
426,2022-10,6.4,2.1,2.0,6.3,0
426,2022-11,6.3,3.4,6.1,9.0,0
426,2022-12,9.0,2.5,1.5,8.0,0
426,2023-01,8.0,2.0,0.5,6.5,0
426,2023-02,6.5,2.1,2.2,6.6,0
426,2023-03,6.6,2.3,2.3,6.7,0
426,2023-04,6.7,2.4,2.4,6.7,0
426,2023-05,6.7,2.1,1.9,6.4,0
426,2023-06,6.4,1.8,1.7,6.4,0
426,2023-07,6.4,2.3,2.5,6.6,0
426,2023-08,6.6,1.7,1.8,6.6,0
426,2023-09,6.6,2.8,2.6,6.4,0
426,2023-10,6.4,1.9,1.8,6.3,0
426,2023-11,6.3,2.8,5.7,9.2,0
426,2023-12,9.2,2.5,1.4,8.1,0
426,2024-01,8.1,1.8,0.3,6.6,0
426,2024-02,6.6,2.5,2.6,6.7,0
426,2024-03,6.7,2.1,1.9,6.5,0
426,2024-04,6.5,2.0,2.2,6.6,0
426,2024-05,6.6,2.0,1.8,6.4,0
426,2024-06,6.4,2.4,2.6,6.6,0
426,2024-07,6.6,1.9,1.8,6.6,0
426,2024-08,6.6,2.1,1.9,6.3,0
426,2024-09,6.3,1.7,2.0,6.6,0
426,2024-10,6.6,1.6,1.5,6.5,0
426,2024-11,6.5,2.7,6.0,9.8,0
426,2024-12,9.8,2.6,1.0,8.2,0
426,2025-01,8.2,2.1,0.5,6.6,0
426,2025-02,6.6,1.5,1.3,6.4,0
426,2025-03,6.4,1.9,2.1,6.5,0
426,2025-04,6.5,1.8,1.7,6.4,0
426,2025-05,6.4,1.6,1.7,6.6,0
426,2025-06,6.6,2.1,2.0,6.4,0
426,2025-07,6.4,1.9,1.9,6.4,0
426,2025-08,6.4,2.1,2.4,6.6,0
426,2025-09,6.6,1.9,1.8,6.5,0
426,2025-10,6.5,2.2,2.0,6.3,0
426,2025-11,6.3,2.8,5.7,9.2,0
426,2025-12,9.2,2.5,1.4,8.1,0
427,2021-01,72.1,72.1,61.8,61.8,5
427,2021-02,61.8,56.4,69.8,75.2,0
427,2021-03,75.2,38.9,37.4,73.7,0
427,2021-04,73.7,48.5,42.9,68.1,0
427,2021-05,68.1,65.5,72.8,75.3,0
427,2021-06,75.3,51.5,47.9,71.8,0
427,2021-07,71.8,65.9,56.6,62.4,0
427,2021-08,62.4,61.8,68.4,69.0,0
427,2021-09,69.0,69.0,65.0,65.0,2
427,2021-10,65.0,54.8,57.4,67.6,0
427,2021-11,67.6,67.6,102.4,102.4,9
427,2021-12,102.4,90.5,73.4,85.3,0
427,2022-01,85.3,54.1,39.2,70.4,0
427,2022-02,70.4,53.7,57.3,73.9,0
427,2022-03,73.9,66.7,63.5,70.7,0
427,2022-04,70.7,68.4,69.8,72.1,0
427,2022-05,72.1,57.7,50.6,64.9,0
427,2022-06,64.9,38.1,46.8,73.7,0
427,2022-07,73.7,47.1,42.6,69.2,0
427,2022-08,69.2,55.5,58.0,71.8,0
427,2022-09,71.8,49.7,43.1,65.2,0
427,2022-10,65.2,65.2,69.3,69.3,1
427,2022-11,69.3,69.3,101.4,101.4,8
427,2022-12,101.4,75.2,64.1,90.3,0
427,2023-01,90.3,70.9,49.6,69.1,0
427,2023-02,69.1,63.7,69.8,75.1,0
427,2023-03,75.1,48.7,45.4,71.8,0
427,2023-04,71.8,49.4,47.9,70.3,0
427,2023-05,70.3,50.1,52.2,72.4,0
427,2023-06,72.4,64.1,59.2,67.4,0
427,2023-07,67.4,32.1,32.4,67.8,0
427,2023-08,67.8,58.1,56.2,65.9,0
427,2023-09,65.9,65.9,70.5,70.5,7
427,2023-10,70.5,68.4,68.3,70.5,0
427,2023-11,70.5,70.5,101.5,101.5,5
427,2023-12,101.5,68.1,50.4,83.9,0
427,2024-01,83.9,51.9,34.3,66.2,0
427,2024-02,66.2,56.2,63.0,73.0,0
427,2024-03,73.0,58.9,51.5,65.5,0
427,2024-04,65.5,60.2,69.1,74.4,0
427,2024-05,74.4,59.2,54.0,69.2,0
427,2024-06,69.2,67.5,71.5,73.2,0
427,2024-07,73.2,71.3,67.9,69.8,0
427,2024-08,69.8,64.3,57.2,62.7,0
427,2024-09,62.7,59.6,71.7,74.8,0
427,2024-10,74.8,60.0,56.3,71.0,0
427,2024-11,71.0,71.0,98.3,98.3,5
427,2024-12,98.3,59.5,44.3,83.1,0
427,2025-01,83.1,54.3,42.5,71.4,0
427,2025-02,71.4,39.1,39.5,71.7,0
427,2025-03,71.7,71.7,62.6,62.6,0
427,2025-04,62.6,61.3,65.4,66.7,0
427,2025-05,66.7,54.2,60.0,72.5,0
427,2025-06,72.5,60.6,53.5,65.5,0
427,2025-07,65.5,56.5,64.7,73.7,0
427,2025-08,73.7,48.4,47.1,72.5,0
427,2025-09,72.5,61.5,54.4,65.4,0
427,2025-10,65.4,46.2,48.1,67.4,0
427,2025-11,67.4,67.4,103.0,103.0,9
427,2025-12,103.0,80.2,65.6,88.4,0
428,2021-01,11.2,8.5,7.4,10.0,0
428,2021-02,10.0,8.2,8.0,9.8,0
428,2021-03,9.8,8.7,9.9,11.1,0
428,2021-04,11.1,6.2,5.4,10.3,0
428,2021-05,10.3,6.3,7.5,11.5,0
428,2021-06,11.5,5.8,5.6,11.2,0
428,2021-07,11.2,8.0,6.9,10.1,0
428,2021-08,10.1,9.5,10.7,11.3,0
428,2021-09,11.3,9.3,8.1,10.2,0
428,2021-10,10.2,9.1,8.9,10.0,0
428,2021-11,10.0,10.0,16.6,16.6,3
428,2021-12,16.6,12.8,8.9,12.7,0
428,2022-01,12.7,9.2,7.5,11.0,0
428,2022-02,11.0,6.1,6.5,11.4,0
428,2022-03,11.4,10.8,10.5,11.1,0
428,2022-04,11.1,11.1,11.7,11.7,1
428,2022-05,11.7,10.3,9.6,10.9,0
428,2022-06,10.9,7.9,7.2,10.2,0
428,2022-07,10.2,8.2,9.0,10.9,0
428,2022-08,10.9,7.9,7.6,10.6,0
428,2022-09,10.6,7.9,7.3,10.0,0
428,2022-10,10.0,6.1,7.3,11.2,0
428,2022-11,11.2,11.2,14.1,14.1,7
428,2022-12,14.1,10.1,8.7,12.7,0
428,2023-01,12.7,9.5,6.9,10.1,0
428,2023-02,10.1,10.1,10.2,10.2,1
428,2023-03,10.2,8.6,8.5,10.1,0
428,2023-04,10.1,10.1,11.5,11.5,2
428,2023-05,11.5,9.9,9.4,11.1,0
428,2023-06,11.1,7.6,6.9,10.4,0
428,2023-07,10.4,5.9,5.9,10.3,0
428,2023-08,10.3,8.5,9.6,11.4,0
428,2023-09,11.4,11.2,10.0,10.2,0
428,2023-10,10.2,8.4,8.9,10.7,0
428,2023-11,10.7,10.3,14.5,14.9,0
428,2023-12,14.9,7.2,5.5,13.2,0
428,2024-01,13.2,9.3,6.4,10.4,0
428,2024-02,10.4,8.1,8.7,11.0,0
428,2024-03,11.0,7.5,8.0,11.5,0
428,2024-04,11.5,11.5,10.1,10.1,0
428,2024-05,10.1,8.7,9.2,10.7,0
428,2024-06,10.7,9.0,9.5,11.1,0
428,2024-07,11.1,6.3,6.1,10.9,0
428,2024-08,10.9,7.5,7.7,11.1,0
428,2024-09,11.1,7.5,7.6,11.3,0
428,2024-10,11.3,8.9,8.1,10.5,0
428,2024-11,10.5,10.5,16.0,16.0,5
428,2024-12,16.0,9.3,6.3,13.1,0
428,2025-01,13.1,11.2,8.7,10.5,0
428,2025-02,10.5,7.2,7.9,11.2,0
428,2025-03,11.2,7.3,7.1,11.1,0
428,2025-04,11.1,6.1,6.2,11.2,0
428,2025-05,11.2,5.2,4.6,10.6,0
428,2025-06,10.6,10.2,10.7,11.1,0
428,2025-07,11.1,7.2,6.3,10.2,0
428,2025-08,10.2,8.3,8.1,10.0,0
428,2025-09,10.0,10.0,10.5,10.5,0
428,2025-10,10.5,4.5,5.3,11.3,0
428,2025-11,11.3,11.3,14.4,14.4,0
428,2025-12,14.4,9.4,7.7,12.6,0
429,2021-01,40.5,11.6,12.1,41.0,0
429,2021-02,41.0,11.7,10.0,39.4,0
429,2021-03,39.4,16.6,18.6,41.4,0
429,2021-04,41.4,17.7,17.3,41.1,0
429,2021-05,41.1,11.7,11.8,41.1,0
429,2021-06,41.1,12.8,12.1,40.3,0
429,2021-07,40.3,16.9,17.7,41.0,0
429,2021-08,41.0,10.5,9.6,40.1,0
429,2021-09,40.1,8.5,9.1,40.7,0
429,2021-10,40.7,13.1,11.1,38.7,0
429,2021-11,38.7,18.7,38.5,58.5,0
429,2021-12,58.5,21.7,12.7,49.5,0
429,2022-01,49.5,15.1,5.6,40.0,0
429,2022-02,40.0,14.8,14.8,40.1,0
429,2022-03,40.1,13.6,14.7,41.2,0
429,2022-04,41.2,16.8,15.0,39.4,0
429,2022-05,39.4,15.5,16.6,40.6,0
429,2022-06,40.6,14.2,12.2,38.6,0
429,2022-07,38.6,13.3,15.6,40.9,0
429,2022-08,40.9,12.7,11.7,39.9,0
429,2022-09,39.9,10.0,10.3,40.2,0
429,2022-10,40.2,13.6,14.2,40.8,0
429,2022-11,40.8,17.5,32.4,55.7,0
429,2022-12,55.7,19.2,13.1,49.7,0
429,2023-01,49.7,9.4,0.3,40.5,0
429,2023-02,40.5,12.1,11.7,40.1,0
429,2023-03,40.1,14.0,12.5,38.6,0
429,2023-04,38.6,13.7,15.1,39.9,0
429,2023-05,39.9,13.9,12.4,38.4,0
429,2023-06,38.4,11.7,13.6,40.3,0
429,2023-07,40.3,13.6,12.8,39.6,0
429,2023-08,39.6,14.1,13.0,38.5,0
429,2023-09,38.5,21.3,23.1,40.4,0
429,2023-10,40.4,14.9,15.0,40.5,0
429,2023-11,40.5,15.2,34.6,59.9,0
429,2023-12,59.9,20.3,11.2,50.8,0
429,2024-01,50.8,14.8,4.7,40.6,0
429,2024-02,40.6,10.3,9.1,39.5,0
429,2024-03,39.5,13.5,14.5,40.5,0
429,2024-04,40.5,17.8,17.8,40.5,0
429,2024-05,40.5,12.9,11.8,39.4,0
429,2024-06,39.4,11.6,11.9,39.7,0
429,2024-07,39.7,9.9,10.7,40.5,0
429,2024-08,40.5,16.6,16.8,40.8,0
429,2024-09,40.8,10.7,9.0,39.1,0
429,2024-10,39.1,14.4,14.7,39.4,0
429,2024-11,39.4,25.1,46.4,60.7,0
429,2024-12,60.7,18.3,7.6,49.9,0
429,2025-01,49.9,14.7,4.9,40.2,0
429,2025-02,40.2,9.1,8.3,39.4,0
429,2025-03,39.4,13.2,14.6,40.8,0
429,2025-04,40.8,11.2,11.0,40.6,0
429,2025-05,40.6,12.1,10.7,39.2,0
429,2025-06,39.2,13.0,12.3,38.5,0
429,2025-07,38.5,13.1,14.5,39.9,0
429,2025-08,39.9,14.5,13.0,38.4,0
429,2025-09,38.4,15.3,15.2,38.3,0
429,2025-10,38.3,12.3,13.7,39.6,0
429,2025-11,39.6,21.5,37.2,55.3,0
429,2025-12,55.3,20.9,15.6,50.0,0
430,2021-01,4.1,4.1,3.6,3.6,20
430,2021-02,3.6,3.6,4.2,4.2,19
430,2021-03,4.2,4.2,4.0,4.0,17
430,2021-04,4.0,4.0,3.6,3.6,17
430,2021-05,3.6,3.6,4.2,4.2,20
430,2021-06,4.2,4.2,3.9,3.9,15
430,2021-07,3.9,3.9,3.6,3.6,18
430,2021-08,3.6,3.6,4.3,4.3,21
430,2021-09,4.3,4.3,3.8,3.8,17
430,2021-10,3.8,3.8,4.1,4.1,20
430,2021-11,4.1,4.1,6.2,6.2,21
430,2021-12,6.2,6.2,5.0,5.0,14
430,2022-01,5.0,5.0,3.8,3.8,17
430,2022-02,3.8,3.8,3.9,3.9,20
430,2022-03,3.9,3.9,3.7,3.7,21
430,2022-04,3.7,3.7,4.1,4.1,20
430,2022-05,4.1,4.1,4.1,4.1,20
430,2022-06,4.1,4.1,3.8,3.8,16
430,2022-07,3.8,3.8,3.9,3.9,18
430,2022-08,3.9,3.9,3.6,3.6,15
430,2022-09,3.6,3.6,3.9,3.9,18
430,2022-10,3.9,3.9,4.0,4.0,19
430,2022-11,4.0,4.0,5.2,5.2,23
430,2022-12,5.2,5.2,4.7,4.7,18
430,2023-01,4.7,4.7,4.3,4.3,13
430,2023-02,4.3,4.3,4.1,4.1,14
430,2023-03,4.1,4.1,4.2,4.2,22
430,2023-04,4.2,4.2,3.9,3.9,13
430,2023-05,3.9,3.9,3.6,3.6,19
430,2023-06,3.6,3.6,4.1,4.1,18
430,2023-07,4.1,4.1,4.1,4.1,19
430,2023-08,4.1,4.1,3.7,3.7,13
430,2023-09,3.7,3.7,4.2,4.2,18
430,2023-10,4.2,4.2,4.1,4.1,17
430,2023-11,4.1,4.1,5.3,5.3,23
430,2023-12,5.3,5.3,5.1,5.1,17
430,2024-01,5.1,5.1,4.3,4.3,15
430,2024-02,4.3,4.3,4.3,4.3,19
430,2024-03,4.3,4.3,4.2,4.2,16
430,2024-04,4.2,4.2,3.6,3.6,18
430,2024-05,3.6,3.6,4.3,4.3,14
430,2024-06,4.3,4.3,3.6,3.6,19
430,2024-07,3.6,3.6,4.2,4.2,21
430,2024-08,4.2,4.2,4.0,4.0,16
430,2024-09,4.0,4.0,4.0,4.0,18
430,2024-10,4.0,4.0,3.8,3.8,16
430,2024-11,3.8,3.8,5.8,5.8,22
430,2024-12,5.8,5.8,5.4,5.4,19
430,2025-01,5.4,5.4,4.3,4.3,11
430,2025-02,4.3,4.3,3.8,3.8,17
430,2025-03,3.8,3.8,3.9,3.9,20
430,2025-04,3.9,3.9,4.1,4.1,9
430,2025-05,4.1,4.1,4.0,4.0,20
430,2025-06,4.0,4.0,4.0,4.0,18
430,2025-07,4.0,4.0,3.5,3.5,20
430,2025-08,3.5,3.5,4.2,4.2,19
430,2025-09,4.2,4.2,4.0,4.0,19
430,2025-10,4.0,4.0,3.8,3.8,20
430,2025-11,3.8,3.8,5.7,5.7,23
430,2025-12,5.7,5.7,4.9,4.9,18
431,2021-01,30.2,8.4,8.2,30.1,0
431,2021-02,30.1,7.4,7.6,30.3,0
431,2021-03,30.3,6.7,6.4,29.9,0
431,2021-04,29.9,7.3,7.1,29.7,0
431,2021-05,29.7,6.8,6.7,29.7,0
431,2021-06,29.7,7.7,7.3,29.3,0
431,2021-07,29.3,7.1,7.4,29.6,0
431,2021-08,29.6,7.9,8.4,30.0,0
431,2021-09,30.0,7.8,8.4,30.6,0
431,2021-10,30.6,5.5,4.9,30.0,0
431,2021-11,30.0,9.8,22.1,42.3,0
431,2021-12,42.3,6.4,1.8,37.6,0
431,2022-01,37.6,7.3,0.0,30.3,0
431,2022-02,30.3,6.1,5.4,29.6,0
431,2022-03,29.6,8.5,8.3,29.4,0
431,2022-04,29.4,7.8,8.9,30.5,0
431,2022-05,30.5,6.5,5.9,29.9,0
431,2022-06,29.9,9.3,9.2,29.8,0
431,2022-07,29.8,7.0,6.5,29.3,0
431,2022-08,29.3,8.4,9.2,30.1,0
431,2022-09,30.1,8.2,8.1,30.1,0
431,2022-10,30.1,5.7,5.6,29.9,0
431,2022-11,29.9,9.4,24.2,44.7,0
431,2022-12,44.7,9.5,2.6,37.8,0
431,2023-01,37.8,9.9,2.2,30.2,0
431,2023-02,30.2,8.1,8.1,30.2,0
431,2023-03,30.2,10.3,9.1,29.0,0
431,2023-04,29.0,7.8,8.8,30.0,0
431,2023-05,30.0,6.9,7.3,30.4,0
431,2023-06,30.4,9.9,9.5,30.1,0
431,2023-07,30.1,4.3,4.5,30.3,0
431,2023-08,30.3,4.9,4.5,29.9,0
431,2023-09,29.9,7.6,7.7,30.0,0
431,2023-10,30.0,4.1,4.0,29.9,0
431,2023-11,29.9,11.2,26.1,44.8,0
431,2023-12,44.8,9.1,1.8,37.5,0
431,2024-01,37.5,8.5,1.3,30.3,0
431,2024-02,30.3,4.0,3.5,29.7,0
431,2024-03,29.7,8.7,8.6,29.6,0
431,2024-04,29.6,6.6,6.4,29.3,0
431,2024-05,29.3,7.0,7.2,29.5,0
431,2024-06,29.5,6.4,6.5,29.6,0
431,2024-07,29.6,5.5,5.5,29.7,0
431,2024-08,29.7,6.7,7.2,30.1,0
431,2024-09,30.1,6.5,6.2,29.9,0
431,2024-10,29.9,7.9,7.9,29.9,0
431,2024-11,29.9,11.0,25.1,44.0,0
431,2024-12,44.0,7.7,1.5,37.7,0
431,2025-01,37.7,8.5,1.0,30.3,0
431,2025-02,30.3,7.9,7.2,29.5,0
431,2025-03,29.5,6.4,6.9,30.0,0
431,2025-04,30.0,7.1,7.3,30.3,0
431,2025-05,30.3,7.4,6.9,29.8,0
431,2025-06,29.8,6.8,7.0,29.9,0
431,2025-07,29.9,8.0,7.7,29.6,0
431,2025-08,29.6,5.5,6.3,30.4,0
431,2025-09,30.4,5.8,5.3,29.9,0
431,2025-10,29.9,7.6,7.7,30.0,0
431,2025-11,30.0,10.2,21.0,40.9,0
431,2025-12,40.9,9.5,6.5,37.8,0
432,2021-01,68.3,48.6,42.8,62.5,0
432,2021-02,62.5,47.9,54.1,68.8,0
432,2021-03,68.8,50.6,45.3,63.4,0
432,2021-04,63.4,63.4,68.7,68.7,1
432,2021-05,68.7,55.2,50.3,63.7,0
432,2021-06,63.7,44.4,45.1,64.4,0
432,2021-07,64.4,47.3,47.7,64.8,0
432,2021-08,64.8,58.9,53.1,59.0,0
432,2021-09,59.0,40.0,47.2,66.2,0
432,2021-10,66.2,53.0,48.4,61.6,0
432,2021-11,61.6,61.6,98.5,98.5,7
432,2021-12,98.5,75.9,60.0,82.5,0
432,2022-01,82.5,70.2,50.4,62.7,0
432,2022-02,62.7,50.1,47.3,59.9,0
432,2022-03,59.9,40.2,43.3,63.0,0
432,2022-04,63.0,56.7,58.0,64.4,0
432,2022-05,64.4,46.1,48.4,66.6,0
432,2022-06,66.6,66.6,69.6,69.6,0
432,2022-07,69.6,52.5,53.1,70.3,0
432,2022-08,70.3,48.6,47.4,69.1,0
432,2022-09,69.1,57.0,53.7,65.7,0
432,2022-10,65.7,59.2,61.3,67.8,0
432,2022-11,67.8,67.8,103.0,103.0,3
432,2022-12,103.0,67.9,52.4,87.6,0
432,2023-01,87.6,52.1,29.0,64.5,0
432,2023-02,64.5,41.8,39.0,61.7,0
432,2023-03,61.7,61.7,69.7,69.7,0
432,2023-04,69.7,45.9,42.4,66.1,0
432,2023-05,66.1,41.0,41.7,66.9,0
432,2023-06,66.9,41.8,45.0,70.1,0
432,2023-07,70.1,39.0,37.9,69.0,0
432,2023-08,69.0,42.4,35.8,62.4,0
432,2023-09,62.4,48.3,56.3,70.4,0
432,2023-10,70.4,56.4,48.8,62.9,0
432,2023-11,62.9,58.6,91.7,95.9,0
432,2023-12,95.9,61.1,43.1,77.9,0
432,2024-01,77.9,48.5,40.4,69.9,0
432,2024-02,69.9,52.8,48.8,65.8,0
432,2024-03,65.8,36.4,37.4,66.9,0
432,2024-04,66.9,54.3,56.9,69.4,0
432,2024-05,69.4,50.8,51.8,70.4,0
432,2024-06,70.4,57.0,51.9,65.3,0
432,2024-07,65.3,61.0,59.1,63.3,0
432,2024-08,63.3,55.8,55.8,63.3,0
432,2024-09,63.3,63.3,65.3,65.3,2
432,2024-10,65.3,52.3,48.6,61.7,0
432,2024-11,61.7,61.7,101.9,101.9,8
432,2024-12,101.9,69.4,47.4,80.0,0
432,2025-01,80.0,61.8,50.2,68.4,0
432,2025-02,68.4,63.2,56.3,61.4,0
432,2025-03,61.4,54.4,52.7,59.7,0
432,2025-04,59.7,37.8,41.8,63.7,0
432,2025-05,63.7,52.1,55.1,66.7,0
432,2025-06,66.7,63.6,63.3,66.3,0
432,2025-07,66.3,46.6,44.4,64.1,0
432,2025-08,64.1,53.3,53.0,63.8,0
432,2025-09,63.8,58.8,58.3,63.2,0
432,2025-10,63.2,32.2,38.5,69.5,0
432,2025-11,69.5,69.5,84.5,84.5,3
432,2025-12,84.5,74.5,70.5,80.5,0
433,2021-01,66.9,11.6,10.6,65.9,0
433,2021-02,65.9,13.9,15.1,67.1,0
433,2021-03,67.1,12.2,12.4,67.2,0
433,2021-04,67.2,9.0,9.0,67.2,0
433,2021-05,67.2,14.3,12.1,65.0,0
433,2021-06,65.0,9.5,10.8,66.4,0
433,2021-07,66.4,11.3,11.0,66.1,0
433,2021-08,66.1,8.5,9.3,66.8,0
433,2021-09,66.8,12.3,11.1,65.6,0
433,2021-10,65.6,11.1,10.5,65.1,0
433,2021-11,65.1,16.7,49.5,97.8,0
433,2021-12,97.8,14.1,0.0,83.8,0
433,2022-01,83.8,14.3,0.0,69.4,0
433,2022-02,69.4,11.4,8.7,66.7,0
433,2022-03,66.7,12.5,12.7,66.9,0
433,2022-04,66.9,11.2,11.3,67.0,0
433,2022-05,67.0,17.5,15.3,64.7,0
433,2022-06,64.7,14.7,16.8,66.8,0
433,2022-07,66.8,13.0,12.8,66.5,0
433,2022-08,66.5,16.0,16.5,67.1,0
433,2022-09,67.1,14.9,15.1,67.3,0
433,2022-10,67.3,13.2,12.5,66.5,0
433,2022-11,66.5,17.8,50.2,99.0,0
433,2022-12,99.0,17.0,1.5,83.5,0
433,2023-01,83.5,7.4,0.0,76.1,0
433,2023-02,76.1,9.2,0.0,66.9,0
433,2023-03,66.9,13.2,13.7,67.3,0
433,2023-04,67.3,8.6,7.4,66.1,0
433,2023-05,66.1,15.0,15.4,66.5,0
433,2023-06,66.5,13.3,11.8,65.0,0
433,2023-07,65.0,14.6,15.7,66.2,0
433,2023-08,66.2,18.2,16.9,64.9,0
433,2023-09,64.9,11.6,12.3,65.5,0
433,2023-10,65.5,11.0,10.9,65.5,0
433,2023-11,65.5,16.6,41.7,90.6,0
433,2023-12,90.6,16.3,9.0,83.4,0
433,2024-01,83.4,13.6,0.0,69.8,0
433,2024-02,69.8,13.4,9.9,66.2,0
433,2024-03,66.2,12.0,11.7,65.9,0
433,2024-04,65.9,12.6,11.6,64.9,0
433,2024-05,64.9,12.0,14.7,67.6,0
433,2024-06,67.6,11.9,11.8,67.4,0
433,2024-07,67.4,13.8,12.5,66.1,0
433,2024-08,66.1,13.5,12.5,65.1,0
433,2024-09,65.1,11.6,13.9,67.4,0
433,2024-10,67.4,13.2,12.2,66.3,0
433,2024-11,66.3,15.0,42.1,93.4,0
433,2024-12,93.4,20.5,10.0,82.8,0
433,2025-01,82.8,14.3,0.0,68.6,0
433,2025-02,68.6,9.4,7.7,66.9,0
433,2025-03,66.9,14.2,14.1,66.8,0
433,2025-04,66.8,11.2,11.5,67.1,0
433,2025-05,67.1,11.7,10.7,66.1,0
433,2025-06,66.1,10.0,11.2,67.3,0
433,2025-07,67.3,13.9,12.9,66.3,0
433,2025-08,66.3,9.9,10.5,66.9,0
433,2025-09,66.9,12.0,12.2,67.2,0
433,2025-10,67.2,14.1,12.2,65.2,0
433,2025-11,65.2,17.3,51.0,99.0,0
433,2025-12,99.0,17.6,2.0,83.4,0
434,2021-01,21.6,15.7,16.4,22.2,0
434,2021-02,22.2,11.4,10.2,21.0,0
434,2021-03,21.0,12.3,12.7,21.5,0
434,2021-04,21.5,10.2,9.7,21.0,0
434,2021-05,21.0,11.9,11.5,20.5,0
434,2021-06,20.5,10.5,10.4,20.4,0
434,2021-07,20.4,14.2,13.5,19.7,0
434,2021-08,19.7,13.7,15.9,22.0,0
434,2021-09,22.0,9.8,8.1,20.3,0
434,2021-10,20.3,16.7,16.4,20.0,0
434,2021-11,20.0,18.4,29.9,31.5,0
434,2021-12,31.5,15.7,10.7,26.5,0
434,2022-01,26.5,19.2,13.6,20.9,0
434,2022-02,20.9,11.0,11.0,20.9,0
434,2022-03,20.9,13.2,12.4,20.1,0
434,2022-04,20.1,16.1,15.3,19.3,0
434,2022-05,19.3,13.1,13.5,19.7,0
434,2022-06,19.7,13.8,13.9,19.7,0
434,2022-07,19.7,13.0,14.1,20.8,0
434,2022-08,20.8,10.9,10.8,20.7,0
434,2022-09,20.7,11.7,11.1,20.1,0
434,2022-10,20.1,11.6,12.0,20.5,0
434,2022-11,20.5,20.5,29.3,29.3,2
434,2022-12,29.3,15.3,11.2,25.2,0
434,2023-01,25.2,12.5,8.4,21.0,0
434,2023-02,21.0,12.1,11.9,20.9,0
434,2023-03,20.9,10.4,10.3,20.8,0
434,2023-04,20.8,14.5,15.4,21.7,0
434,2023-05,21.7,11.2,11.0,21.6,0
434,2023-06,21.6,12.8,11.0,19.8,0
434,2023-07,19.8,11.4,11.4,19.9,0
434,2023-08,19.9,15.7,16.1,20.3,0
434,2023-09,20.3,11.9,13.4,21.8,0
434,2023-10,21.8,12.8,11.2,20.2,0
434,2023-11,20.2,20.2,28.2,28.2,3
434,2023-12,28.2,18.0,14.3,24.5,0
434,2024-01,24.5,7.8,5.1,21.7,0
434,2024-02,21.7,15.4,14.0,20.4,0
434,2024-03,20.4,14.5,15.1,21.0,0
434,2024-04,21.0,17.0,15.6,19.6,0
434,2024-05,19.6,19.6,20.8,20.8,0
434,2024-06,20.8,11.6,11.9,21.0,0
434,2024-07,21.0,11.1,10.0,20.0,0
434,2024-08,20.0,10.4,10.8,20.4,0
434,2024-09,20.4,12.5,12.5,20.3,0
434,2024-10,20.3,13.4,14.7,21.6,0
434,2024-11,21.6,21.6,27.5,27.5,1
434,2024-12,27.5,20.9,18.2,24.8,0
434,2025-01,24.8,12.1,7.8,20.5,0
434,2025-02,20.5,9.8,11.0,21.6,0
434,2025-03,21.6,8.9,8.5,21.2,0
434,2025-04,21.2,13.5,14.3,22.0,0
434,2025-05,22.0,14.3,12.9,20.6,0
434,2025-06,20.6,12.5,11.9,20.0,0
434,2025-07,20.0,15.6,15.9,20.4,0
434,2025-08,20.4,17.5,18.3,21.2,0
434,2025-09,21.2,16.1,14.6,19.6,0
434,2025-10,19.6,15.3,17.7,22.0,0
434,2025-11,22.0,19.6,25.4,27.8,0
434,2025-12,27.8,16.7,13.8,24.9,0
435,2021-01,109.0,61.6,52.8,100.1,0
435,2021-02,100.1,67.6,72.1,104.7,0
435,2021-03,104.7,82.5,80.4,102.6,0
435,2021-04,102.6,102.6,109.4,109.4,3
435,2021-05,109.4,99.7,88.4,98.1,0
435,2021-06,98.1,94.7,106.9,110.3,0
435,2021-07,110.3,72.5,68.6,106.4,0
435,2021-08,106.4,66.9,65.3,104.8,0
435,2021-09,104.8,83.7,77.8,98.9,0
435,2021-10,98.9,92.4,91.9,98.5,0
435,2021-11,98.5,98.5,142.5,142.5,3
435,2021-12,142.5,86.2,68.8,125.1,0
435,2022-01,125.1,87.3,66.9,104.7,0
435,2022-02,104.7,98.8,107.6,113.5,0
435,2022-03,113.5,56.9,49.8,106.4,0
435,2022-04,106.4,67.4,63.4,102.4,0
435,2022-05,102.4,63.6,61.0,99.8,0
435,2022-06,99.8,57.8,63.7,105.7,0
435,2022-07,105.7,78.9,79.3,106.1,0
435,2022-08,106.1,70.1,66.4,102.4,0
435,2022-09,102.4,81.5,83.4,104.2,0
435,2022-10,104.2,104.2,110.0,110.0,0
435,2022-11,110.0,110.0,163.6,163.6,7
435,2022-12,163.6,88.7,52.1,127.1,0
435,2023-01,127.1,85.1,61.8,103.7,0
435,2023-02,103.7,69.3,66.0,100.4,0
435,2023-03,100.4,76.6,80.7,104.5,0
435,2023-04,104.5,103.6,105.1,106.0,0
435,2023-05,106.0,74.7,76.1,107.5,0
435,2023-06,107.5,82.7,88.3,113.1,0
435,2023-07,113.1,70.6,63.7,106.2,0
435,2023-08,106.2,52.0,49.1,103.3,0
435,2023-09,103.3,87.5,86.7,102.5,0
435,2023-10,102.5,102.5,97.0,97.0,2
435,2023-11,97.0,97.0,161.9,161.9,3
435,2023-12,161.9,101.5,76.0,136.5,0
435,2024-01,136.5,60.2,28.4,104.7,0
435,2024-02,104.7,104.7,100.5,100.5,2
435,2024-03,100.5,76.6,73.8,97.7,0
435,2024-04,97.7,89.3,99.3,107.7,0
435,2024-05,107.7,84.3,78.3,101.6,0
435,2024-06,101.6,83.5,87.9,106.0,0
435,2024-07,106.0,73.7,74.5,106.8,0
435,2024-08,106.8,89.1,92.3,110.0,0
435,2024-09,110.0,75.6,65.5,99.8,0
435,2024-10,99.8,99.8,110.9,110.9,2
435,2024-11,110.9,110.9,140.0,140.0,4
435,2024-12,140.0,105.0,92.5,127.5,0
435,2025-01,127.5,50.8,29.5,106.1,0
435,2025-02,106.1,91.1,84.0,99.0,0
435,2025-03,99.0,80.4,90.6,109.3,0
435,2025-04,109.3,109.3,104.2,104.2,4
435,2025-05,104.2,76.2,78.0,105.9,0
435,2025-06,105.9,98.0,92.0,100.0,0
435,2025-07,100.0,77.4,84.9,107.5,0
435,2025-08,107.5,79.2,77.0,105.3,0
435,2025-09,105.3,95.8,96.0,105.5,0
435,2025-10,105.5,67.3,70.9,109.0,0
435,2025-11,109.0,109.0,160.6,160.6,3
435,2025-12,160.6,78.7,48.6,130.5,0
436,2021-01,244.4,51.9,50.9,243.4,0
436,2021-02,243.4,44.4,39.5,238.5,0
436,2021-03,238.5,47.1,54.9,246.3,0
436,2021-04,246.3,46.8,41.7,241.2,0
436,2021-05,241.2,38.4,38.2,241.0,0
436,2021-06,241.0,33.7,32.1,239.5,0
436,2021-07,239.5,50.7,58.2,246.9,0
436,2021-08,246.9,58.7,57.5,245.7,0
436,2021-09,245.7,58.3,50.2,237.6,0
436,2021-10,237.6,63.0,62.1,236.6,0
436,2021-11,236.6,80.2,168.7,325.1,0
436,2021-12,325.1,51.0,28.0,302.0,0
436,2022-01,302.0,43.8,0.0,258.3,0
436,2022-02,258.3,55.9,39.8,242.2,0
436,2022-03,242.2,57.3,53.3,238.1,0
436,2022-04,238.1,43.6,43.0,237.5,0
436,2022-05,237.5,42.1,41.7,237.1,0
436,2022-06,237.1,36.3,45.7,246.5,0
436,2022-07,246.5,40.4,37.6,243.7,0
436,2022-08,243.7,42.9,37.1,237.9,0
436,2022-09,237.9,46.4,47.0,238.5,0
436,2022-10,238.5,42.5,48.2,244.2,0
436,2022-11,244.2,78.6,183.2,348.8,0
436,2022-12,348.8,66.4,22.4,304.8,0
436,2023-01,304.8,32.6,0.0,272.2,0
436,2023-02,272.2,44.9,17.1,244.5,0
436,2023-03,244.5,45.8,47.0,245.7,0
436,2023-04,245.7,54.1,52.2,243.8,0
436,2023-05,243.8,43.0,45.3,246.0,0
436,2023-06,246.0,45.6,40.8,241.3,0
436,2023-07,241.3,47.0,43.4,237.7,0
436,2023-08,237.7,50.5,55.6,242.9,0
436,2023-09,242.9,28.8,26.4,240.4,0
436,2023-10,240.4,46.7,51.8,245.5,0
436,2023-11,245.5,75.8,160.5,330.2,0
436,2023-12,330.2,70.9,45.8,305.2,0
436,2024-01,305.2,48.1,0.0,257.1,0
436,2024-02,257.1,31.7,17.3,242.7,0
436,2024-03,242.7,57.8,55.0,240.0,0
436,2024-04,240.0,55.5,54.2,238.7,0
436,2024-05,238.7,49.2,53.0,242.4,0
436,2024-06,242.4,64.6,59.8,237.6,0
436,2024-07,237.6,34.8,35.7,238.4,0
436,2024-08,238.4,47.9,47.2,237.8,0
436,2024-09,237.8,55.9,59.6,241.4,0
436,2024-10,241.4,52.9,50.8,239.2,0
436,2024-11,239.2,88.8,174.9,325.3,0
436,2024-12,325.3,50.1,25.9,301.1,0
436,2025-01,301.1,38.0,0.0,263.1,0
436,2025-02,263.1,44.9,24.9,243.1,0
436,2025-03,243.1,49.0,49.4,243.4,0
436,2025-04,243.4,46.9,49.5,246.0,0
436,2025-05,246.0,47.0,47.2,246.2,0
436,2025-06,246.2,51.0,51.0,246.2,0
436,2025-07,246.2,36.1,35.4,245.5,0
436,2025-08,245.5,53.8,44.8,236.5,0
436,2025-09,236.5,38.2,42.2,240.4,0
436,2025-10,240.4,52.9,48.6,236.2,0
436,2025-11,236.2,65.2,182.4,353.3,0
436,2025-12,353.3,58.0,9.3,304.6,0
437,2021-01,7.5,7.5,7.7,7.7,10
437,2021-02,7.7,7.7,7.5,7.5,10
437,2021-03,7.5,7.5,7.2,7.2,6
437,2021-04,7.2,7.2,7.0,7.0,9
437,2021-05,7.0,7.0,7.4,7.4,16
437,2021-06,7.4,7.4,7.4,7.4,13
437,2021-07,7.4,7.4,7.2,7.2,10
437,2021-08,7.2,7.2,6.8,6.8,17
437,2021-09,6.8,6.8,7.4,7.4,15
437,2021-10,7.4,7.4,6.8,6.8,14
437,2021-11,6.8,6.8,9.3,9.3,20
437,2021-12,9.3,9.3,8.3,8.3,10
437,2022-01,8.3,8.3,7.0,7.0,6
437,2022-02,7.0,7.0,7.1,7.1,15
437,2022-03,7.1,7.1,7.1,7.1,6
437,2022-04,7.1,7.1,7.0,7.0,11
437,2022-05,7.0,7.0,7.7,7.7,15
437,2022-06,7.7,7.7,7.5,7.5,12
437,2022-07,7.5,7.5,6.8,6.8,12
437,2022-08,6.8,6.8,7.1,7.1,9
437,2022-09,7.1,7.1,7.4,7.4,14
437,2022-10,7.4,7.4,7.5,7.5,12
437,2022-11,7.5,7.5,9.8,9.8,19
437,2022-12,9.8,9.8,8.0,8.0,9
437,2023-01,8.0,8.0,7.4,7.4,12
437,2023-02,7.4,7.4,6.6,6.6,11
437,2023-03,6.6,6.6,7.3,7.3,9
437,2023-04,7.3,7.3,7.2,7.2,7
437,2023-05,7.2,7.2,6.9,6.9,7
437,2023-06,6.9,6.9,7.7,7.7,16
437,2023-07,7.7,7.7,6.4,6.4,7
437,2023-08,6.4,6.4,7.5,7.5,10
437,2023-09,7.5,7.5,7.7,7.7,14
437,2023-10,7.7,7.7,6.7,6.7,10
437,2023-11,6.7,6.7,9.6,9.6,20
437,2023-12,9.6,9.6,9.6,9.6,8
437,2024-01,9.6,9.6,7.1,7.1,7
437,2024-02,7.1,7.1,6.4,6.4,10
437,2024-03,6.4,6.4,7.8,7.8,10
437,2024-04,7.8,7.8,7.5,7.5,8
437,2024-05,7.5,7.5,6.6,6.6,14
437,2024-06,6.6,6.6,6.4,6.4,7
437,2024-07,6.4,6.4,7.5,7.5,16
437,2024-08,7.5,7.5,7.2,7.2,10
437,2024-09,7.2,7.2,7.0,7.0,4
437,2024-10,7.0,7.0,6.9,6.9,14
437,2024-11,6.9,6.9,10.7,10.7,19
437,2024-12,10.7,10.7,9.4,9.4,8
437,2025-01,9.4,9.4,6.7,6.7,5
437,2025-02,6.7,6.7,7.8,7.8,2
437,2025-03,7.8,7.8,7.6,7.6,6
437,2025-04,7.6,7.6,7.8,7.8,7
437,2025-05,7.8,7.8,7.6,7.6,13
437,2025-06,7.6,7.6,6.4,6.4,7
437,2025-07,6.4,6.4,7.2,7.2,13
437,2025-08,7.2,7.2,7.6,7.6,10
437,2025-09,7.6,7.6,7.6,7.6,11
437,2025-10,7.6,7.6,7.7,7.7,11
437,2025-11,7.7,7.7,10.1,10.1,17
437,2025-12,10.1,10.1,8.0,8.0,15
438,2021-01,8.1,6.5,6.5,8.2,0
438,2021-02,8.2,6.7,6.0,7.5,0
438,2021-03,7.5,7.5,7.8,7.8,2
438,2021-04,7.8,7.0,6.5,7.3,0
438,2021-05,7.3,6.2,6.7,7.8,0
438,2021-06,7.8,5.8,6.3,8.4,0
438,2021-07,8.4,7.5,6.4,7.2,0
438,2021-08,7.2,5.5,6.3,8.1,0
438,2021-09,8.1,5.4,4.7,7.3,0
438,2021-10,7.3,6.2,6.4,7.6,0
438,2021-11,7.6,7.6,12.0,12.0,2
438,2021-12,12.0,8.3,5.8,9.4,0
438,2022-01,9.4,6.3,4.3,7.4,0
438,2022-02,7.4,7.0,7.5,7.9,0
438,2022-03,7.9,7.9,7.0,7.0,5
438,2022-04,7.0,5.7,6.1,7.3,0
438,2022-05,7.3,6.6,7.1,7.8,0
438,2022-06,7.8,4.4,4.9,8.3,0
438,2022-07,8.3,6.4,6.1,7.9,0
438,2022-08,7.9,6.5,5.8,7.3,0
438,2022-09,7.3,5.7,5.6,7.2,0
438,2022-10,7.2,7.1,8.1,8.1,0
438,2022-11,8.1,8.1,11.4,11.4,1
438,2022-12,11.4,8.3,7.4,10.5,0
438,2023-01,10.5,6.1,3.7,8.1,0
438,2023-02,8.1,5.1,4.6,7.6,0
438,2023-03,7.6,3.8,4.0,7.8,0
438,2023-04,7.8,5.6,5.8,8.0,0
438,2023-05,8.0,6.3,6.6,8.3,0
438,2023-06,8.3,7.5,6.9,7.7,0
438,2023-07,7.7,6.9,6.4,7.2,0
438,2023-08,7.2,7.2,8.0,8.0,6
438,2023-09,8.0,6.2,6.2,8.0,0
438,2023-10,8.0,7.5,7.8,8.3,0
438,2023-11,8.3,8.3,10.2,10.2,1
438,2023-12,10.2,8.3,8.1,10.1,0
438,2024-01,10.1,6.2,4.4,8.3,0
438,2024-02,8.3,4.9,4.6,8.0,0
438,2024-03,8.0,7.6,7.9,8.2,0
438,2024-04,8.2,4.4,4.1,7.9,0
438,2024-05,7.9,7.9,6.9,7.0,0
438,2024-06,7.0,4.3,4.7,7.3,0
438,2024-07,7.3,6.1,6.8,7.9,0
438,2024-08,7.9,6.4,5.9,7.4,0
438,2024-09,7.4,7.4,7.4,7.4,2
438,2024-10,7.4,7.2,6.8,7.1,0
438,2024-11,7.1,7.1,11.8,11.8,3
438,2024-12,11.8,5.6,4.1,10.3,0
438,2025-01,10.3,6.9,4.4,7.9,0
438,2025-02,7.9,6.0,6.1,8.1,0
438,2025-03,8.1,7.8,7.0,7.2,0
438,2025-04,7.2,7.1,8.0,8.1,0
438,2025-05,8.1,4.5,4.7,8.4,0
438,2025-06,8.4,6.1,5.2,7.5,0
438,2025-07,7.5,7.3,7.4,7.6,0
438,2025-08,7.6,5.9,6.3,8.0,0
438,2025-09,8.0,4.7,4.4,7.7,0
438,2025-10,7.7,7.5,8.0,8.2,0
438,2025-11,8.2,8.2,10.4,10.4,4
438,2025-12,10.4,8.4,7.2,9.2,0
439,2021-01,13.2,8.5,7.6,12.2,0
439,2021-02,12.2,9.0,8.8,12.0,0
439,2021-03,12.0,9.4,10.3,12.9,0
439,2021-04,12.9,7.7,7.9,13.1,0
439,2021-05,13.1,7.9,8.3,13.5,0
439,2021-06,13.5,8.9,8.4,13.0,0
439,2021-07,13.0,5.7,5.3,12.6,0
439,2021-08,12.6,7.1,7.5,13.0,0
439,2021-09,13.0,10.1,10.0,12.9,0
439,2021-10,12.9,9.6,9.3,12.6,0
439,2021-11,12.6,11.1,17.8,19.3,0
439,2021-12,19.3,10.8,7.6,16.1,0
439,2022-01,16.1,9.1,5.3,12.3,0
439,2022-02,12.3,8.3,8.9,12.9,0
439,2022-03,12.9,6.2,6.0,12.7,0
439,2022-04,12.7,7.9,7.3,12.1,0
439,2022-05,12.1,7.7,9.1,13.5,0
439,2022-06,13.5,9.7,8.9,12.8,0
439,2022-07,12.8,10.6,11.1,13.2,0
439,2022-08,13.2,6.8,6.0,12.4,0
439,2022-09,12.4,8.5,8.4,12.3,0
439,2022-10,12.3,6.6,7.1,12.8,0
439,2022-11,12.8,12.8,17.2,17.2,2
439,2022-12,17.2,9.1,8.1,16.2,0
439,2023-01,16.2,8.8,5.5,12.9,0
439,2023-02,12.9,7.5,6.7,12.1,0
439,2023-03,12.1,5.9,6.4,12.6,0
439,2023-04,12.6,11.7,11.7,12.6,0
439,2023-05,12.6,8.8,8.5,12.4,0
439,2023-06,12.4,9.9,9.8,12.2,0
439,2023-07,12.2,7.1,7.1,12.2,0
439,2023-08,12.2,8.8,9.7,13.1,0
439,2023-09,13.1,8.1,7.6,12.6,0
439,2023-10,12.6,9.8,10.2,13.0,0
439,2023-11,13.0,13.0,16.3,16.3,0
439,2023-12,16.3,11.6,12.2,17.0,0
439,2024-01,17.0,6.0,2.2,13.1,0
439,2024-02,13.1,7.6,7.3,12.8,0
439,2024-03,12.8,10.6,10.5,12.7,0
439,2024-04,12.7,4.3,4.5,12.9,0
439,2024-05,12.9,6.7,6.3,12.5,0
439,2024-06,12.5,8.3,8.4,12.6,0
439,2024-07,12.6,7.3,7.0,12.3,0
439,2024-08,12.3,9.8,9.2,11.6,0
439,2024-09,11.6,9.5,10.0,12.2,0
439,2024-10,12.2,10.9,10.5,11.8,0
439,2024-11,11.8,11.8,19.3,19.3,5
439,2024-12,19.3,9.0,5.3,15.5,0
439,2025-01,15.5,8.7,6.3,13.1,0
439,2025-02,13.1,10.1,9.5,12.5,0
439,2025-03,12.5,8.8,8.4,12.0,0
439,2025-04,12.0,10.0,10.2,12.3,0
439,2025-05,12.3,7.6,7.3,12.0,0
439,2025-06,12.0,8.7,9.5,12.9,0
439,2025-07,12.9,10.8,10.4,12.5,0
439,2025-08,12.5,8.3,9.2,13.4,0
439,2025-09,13.4,9.8,8.2,11.7,0
439,2025-10,11.7,7.7,8.2,12.3,0
439,2025-11,12.3,12.3,18.0,18.0,9
439,2025-12,18.0,9.6,7.2,15.7,0
440,2021-01,10.0,4.7,4.9,10.3,0
440,2021-02,10.3,4.1,4.0,10.2,0
440,2021-03,10.2,4.4,4.3,10.1,0
440,2021-04,10.1,4.6,3.9,9.4,0
440,2021-05,9.4,5.7,6.1,9.9,0
440,2021-06,9.9,6.1,6.6,10.3,0
440,2021-07,10.3,4.2,4.1,10.2,0
440,2021-08,10.2,5.0,4.2,9.4,0
440,2021-09,9.4,3.6,3.6,9.4,0
440,2021-10,9.4,5.1,5.7,10.1,0
440,2021-11,10.1,7.3,12.2,14.9,0
440,2021-12,14.9,4.1,1.5,12.4,0
440,2022-01,12.4,5.1,2.9,10.1,0
440,2022-02,10.1,4.7,4.5,10.0,0
440,2022-03,10.0,5.4,5.7,10.2,0
440,2022-04,10.2,5.0,4.7,10.0,0
440,2022-05,10.0,4.3,3.8,9.5,0
440,2022-06,9.5,5.2,5.9,10.2,0
440,2022-07,10.2,4.7,4.4,9.9,0
440,2022-08,9.9,6.7,5.8,9.0,0
440,2022-09,9.0,5.1,6.1,10.0,0
440,2022-10,10.0,5.8,6.1,10.3,0
440,2022-11,10.3,6.5,10.2,14.0,0
440,2022-12,14.0,6.4,5.0,12.6,0
440,2023-01,12.6,4.0,1.4,10.1,0
440,2023-02,10.1,4.7,4.3,9.7,0
440,2023-03,9.7,4.7,4.5,9.5,0
440,2023-04,9.5,4.6,5.4,10.3,0
440,2023-05,10.3,3.5,3.1,9.8,0
440,2023-06,9.8,5.4,4.9,9.3,0
440,2023-07,9.3,2.1,2.8,10.0,0
440,2023-08,10.0,5.5,5.8,10.3,0
440,2023-09,10.3,6.2,5.8,9.9,0
440,2023-10,9.9,4.1,4.0,9.7,0
440,2023-11,9.7,7.2,12.6,15.1,0
440,2023-12,15.1,6.3,3.3,12.1,0
440,2024-01,12.1,4.1,1.9,9.9,0
440,2024-02,9.9,5.5,5.2,9.5,0
440,2024-03,9.5,5.2,5.6,10.0,0
440,2024-04,10.0,6.3,6.3,10.0,0
440,2024-05,10.0,4.2,4.2,10.0,0
440,2024-06,10.0,4.3,3.8,9.5,0
440,2024-07,9.5,4.0,4.5,10.0,0
440,2024-08,10.0,6.8,6.4,9.7,0
440,2024-09,9.7,5.1,4.9,9.5,0
440,2024-10,9.5,4.9,4.8,9.4,0
440,2024-11,9.4,6.2,10.4,13.6,0
440,2024-12,13.6,5.1,3.8,12.3,0
440,2025-01,12.3,3.8,1.3,9.8,0
440,2025-02,9.8,3.9,4.3,10.1,0
440,2025-03,10.1,6.7,6.1,9.5,0
440,2025-04,9.5,5.1,5.5,9.9,0
440,2025-05,9.9,5.5,5.6,9.9,0
440,2025-06,9.9,5.6,5.9,10.2,0
440,2025-07,10.2,7.4,6.7,9.5,0
440,2025-08,9.5,5.8,6.6,10.3,0
440,2025-09,10.3,5.0,4.7,10.0,0
440,2025-10,10.0,3.2,3.1,9.9,0
440,2025-11,9.9,6.9,11.5,14.5,0
440,2025-12,14.5,8.6,6.5,12.4,0
441,2021-01,13.2,8.6,8.9,13.6,0
441,2021-02,13.6,9.9,8.9,12.6,0
441,2021-03,12.6,11.9,12.3,13.0,0
441,2021-04,13.0,13.0,13.4,13.4,5
441,2021-05,13.4,10.5,9.3,12.3,0
441,2021-06,12.3,8.8,10.0,13.6,0
441,2021-07,13.6,13.6,11.7,11.7,1
441,2021-08,11.7,10.0,11.6,13.3,0
441,2021-09,13.3,13.3,13.7,13.7,3
441,2021-10,13.7,9.6,8.3,12.4,0
441,2021-11,12.4,12.4,19.2,19.2,2
441,2021-12,19.2,14.7,12.3,16.8,0
441,2022-01,16.8,11.7,7.8,12.9,0
441,2022-02,12.9,9.6,8.7,12.0,0
441,2022-03,12.0,12.0,11.6,11.6,1
441,2022-04,11.6,11.6,11.6,11.6,3
441,2022-05,11.6,11.6,12.9,12.9,1
441,2022-06,12.9,11.7,12.0,13.2,0
441,2022-07,13.2,9.4,8.2,11.9,0
441,2022-08,11.9,11.9,12.5,12.5,4
441,2022-09,12.5,9.4,9.8,12.9,0
441,2022-10,12.9,11.2,10.2,11.8,0
441,2022-11,11.8,11.8,19.5,19.5,9
441,2022-12,19.5,14.4,10.0,15.1,0
441,2023-01,15.1,9.1,7.6,13.5,0
441,2023-02,13.5,11.8,12.0,13.7,0
441,2023-03,13.7,9.8,8.7,12.6,0
441,2023-04,12.6,7.7,8.0,13.0,0
441,2023-05,13.0,9.6,9.0,12.3,0
441,2023-06,12.3,8.4,9.3,13.3,0
441,2023-07,13.3,10.0,9.8,13.0,0
441,2023-08,13.0,9.1,9.1,13.1,0
441,2023-09,13.1,8.3,7.9,12.6,0
441,2023-10,12.6,12.4,13.3,13.5,0
441,2023-11,13.5,13.5,17.9,17.9,5
441,2023-12,17.9,16.0,14.8,16.7,0
441,2024-01,16.7,12.0,8.1,12.8,0
441,2024-02,12.8,10.5,11.2,13.5,0
441,2024-03,13.5,10.1,9.4,12.9,0
441,2024-04,12.9,12.8,11.6,11.7,0
441,2024-05,11.7,10.5,10.6,11.8,0
441,2024-06,11.8,11.5,12.0,12.2,0
441,2024-07,12.2,9.7,9.7,12.3,0
441,2024-08,12.3,12.3,13.7,13.7,6
441,2024-09,13.7,8.8,8.5,13.5,0
441,2024-10,13.5,12.1,10.9,12.4,0
441,2024-11,12.4,12.4,19.1,19.1,0
441,2024-12,19.1,13.0,10.0,16.1,0
441,2025-01,16.1,13.3,10.4,13.2,0
441,2025-02,13.2,11.3,9.9,11.8,0
441,2025-03,11.8,11.8,11.5,11.5,2
441,2025-04,11.5,9.0,9.3,11.7,0
441,2025-05,11.7,6.5,7.2,12.3,0
441,2025-06,12.3,12.1,11.3,11.5,0
441,2025-07,11.5,8.7,9.8,12.6,0
441,2025-08,12.6,11.7,11.7,12.6,0
441,2025-09,12.6,9.5,10.1,13.2,0
441,2025-10,13.2,11.2,10.5,12.4,0
441,2025-11,12.4,12.4,19.1,19.1,3
441,2025-12,19.1,14.2,10.6,15.5,0
442,2021-01,16.7,10.3,10.6,17.0,0
442,2021-02,17.0,12.9,10.9,15.0,0
442,2021-03,15.0,13.6,13.0,14.4,0
442,2021-04,14.4,10.6,11.8,15.6,0
442,2021-05,15.6,10.4,10.7,15.9,0
442,2021-06,15.9,15.1,14.1,15.0,0
442,2021-07,15.0,7.8,8.8,16.0,0
442,2021-08,16.0,14.2,14.3,16.1,0
442,2021-09,16.1,11.6,12.5,17.0,0
442,2021-10,17.0,12.5,12.4,16.9,0
442,2021-11,16.9,16.2,22.5,23.2,0
442,2021-12,23.2,17.1,13.3,19.4,0
442,2022-01,19.4,12.2,9.7,16.9,0
442,2022-02,16.9,12.1,10.5,15.3,0
442,2022-03,15.3,13.7,13.9,15.5,0
442,2022-04,15.5,12.5,14.0,17.1,0
442,2022-05,17.1,13.2,12.4,16.2,0
442,2022-06,16.2,11.6,10.9,15.6,0
442,2022-07,15.6,13.7,14.7,16.5,0
442,2022-08,16.5,12.0,11.4,15.9,0
442,2022-09,15.9,14.9,14.4,15.4,0
442,2022-10,15.4,9.9,11.1,16.6,0
442,2022-11,16.6,16.6,22.7,22.7,2
442,2022-12,22.7,15.3,13.3,20.7,0
442,2023-01,20.7,11.2,6.9,16.4,0
442,2023-02,16.4,14.3,15.0,17.2,0
442,2023-03,17.2,10.9,10.3,16.6,0
442,2023-04,16.6,15.9,14.9,15.5,0
442,2023-05,15.5,10.4,11.2,16.3,0
442,2023-06,16.3,9.8,9.6,16.1,0
442,2023-07,16.1,12.2,11.3,15.2,0
442,2023-08,15.2,9.7,10.8,16.2,0
442,2023-09,16.2,11.9,11.6,15.9,0
442,2023-10,15.9,12.5,11.4,14.9,0
442,2023-11,14.9,14.9,24.5,24.5,8
442,2023-12,24.5,16.5,12.8,20.8,0
442,2024-01,20.8,12.6,8.4,16.7,0
442,2024-02,16.7,6.1,6.2,16.8,0
442,2024-03,16.8,12.6,11.5,15.8,0
442,2024-04,15.8,10.5,10.8,16.1,0
442,2024-05,16.1,13.5,12.7,15.3,0
442,2024-06,15.3,14.6,16.3,16.9,0
442,2024-07,16.9,14.2,12.9,15.6,0
442,2024-08,15.6,13.9,15.4,17.1,0
442,2024-09,17.1,11.3,10.4,16.3,0
442,2024-10,16.3,13.2,12.6,15.7,0
442,2024-11,15.7,15.7,23.3,23.3,0
442,2024-12,23.3,12.5,9.8,20.5,0
442,2025-01,20.5,13.4,8.9,16.1,0
442,2025-02,16.1,10.6,11.5,17.0,0
442,2025-03,17.0,14.6,14.8,17.2,0
442,2025-04,17.2,13.4,12.2,16.0,0
442,2025-05,16.0,12.7,11.8,15.1,0
442,2025-06,15.1,13.4,14.7,16.5,0
442,2025-07,16.5,9.6,9.4,16.3,0
442,2025-08,16.3,9.6,8.9,15.5,0
442,2025-09,15.5,11.9,12.4,16.0,0
442,2025-10,16.0,11.2,10.6,15.4,0
442,2025-11,15.4,15.4,22.0,22.0,4
442,2025-12,22.0,13.7,13.0,21.3,0
443,2021-01,93.1,64.7,57.5,85.9,0
443,2021-02,85.9,65.4,69.4,89.9,0
443,2021-03,89.9,61.8,67.1,95.1,0
443,2021-04,95.1,64.5,59.2,89.8,0
443,2021-05,89.8,71.9,75.9,93.8,0
443,2021-06,93.8,61.4,53.6,86.0,0
443,2021-07,86.0,45.8,49.7,90.0,0
443,2021-08,90.0,62.0,67.8,95.8,0
443,2021-09,95.8,40.4,33.0,88.4,0
443,2021-10,88.4,65.0,72.3,95.7,0
443,2021-11,95.7,76.4,116.2,135.6,0
443,2021-12,135.6,69.8,49.4,115.2,0
443,2022-01,115.2,79.2,49.2,85.2,0
443,2022-02,85.2,52.2,61.8,94.8,0
443,2022-03,94.8,74.9,74.0,93.8,0
443,2022-04,93.8,61.6,63.0,95.2,0
443,2022-05,95.2,69.5,66.2,91.9,0
443,2022-06,91.9,59.2,55.0,87.7,0
443,2022-07,87.7,60.6,64.4,91.5,0
443,2022-08,91.5,61.6,61.8,91.7,0
443,2022-09,91.7,59.8,53.1,84.9,0
443,2022-10,84.9,56.8,62.4,90.4,0
443,2022-11,90.4,90.4,140.3,140.3,1
443,2022-12,140.3,76.9,49.0,112.4,0
443,2023-01,112.4,56.2,31.5,87.7,0
443,2023-02,87.7,64.7,64.9,87.8,0
443,2023-03,87.8,68.8,72.6,91.6,0
443,2023-04,91.6,69.9,70.1,91.8,0
443,2023-05,91.8,70.0,62.2,83.9,0
443,2023-06,83.9,49.0,50.1,85.0,0
443,2023-07,85.0,50.2,57.5,92.3,0
443,2023-08,92.3,60.0,57.4,89.7,0
443,2023-09,89.7,64.4,66.3,91.7,0
443,2023-10,91.7,63.9,66.4,94.2,0
443,2023-11,94.2,94.2,141.4,141.4,4
443,2023-12,141.4,73.7,41.8,109.6,0
443,2024-01,109.6,65.9,46.1,89.7,0
443,2024-02,89.7,47.2,48.7,91.2,0
443,2024-03,91.2,62.7,58.9,87.4,0
443,2024-04,87.4,52.3,50.0,85.1,0
443,2024-05,85.1,62.7,65.3,87.7,0
443,2024-06,87.7,65.6,63.9,86.0,0
443,2024-07,86.0,79.7,83.7,90.0,0
443,2024-08,90.0,60.1,66.0,95.9,0
443,2024-09,95.9,59.0,49.2,86.1,0
443,2024-10,86.1,47.4,49.0,87.6,0
443,2024-11,87.6,87.6,136.2,136.2,4
443,2024-12,136.2,103.2,87.3,120.3,0
443,2025-01,120.3,41.9,14.2,92.6,0
443,2025-02,92.6,76.0,67.6,84.2,0
443,2025-03,84.2,81.1,78.5,81.6,0
443,2025-04,81.6,40.3,44.5,85.7,0
443,2025-05,85.7,73.6,84.2,96.4,0
443,2025-06,96.4,61.3,53.1,88.2,0
443,2025-07,88.2,52.9,50.6,85.8,0
443,2025-08,85.8,64.0,73.2,95.1,0
443,2025-09,95.1,46.9,40.3,88.5,0
443,2025-10,88.5,74.7,76.0,89.8,0
443,2025-11,89.8,89.8,118.7,118.7,5
443,2025-12,118.7,80.3,81.1,119.5,0
444,2021-01,10.4,7.6,7.6,10.4,0
444,2021-02,10.4,8.2,8.0,10.2,0
444,2021-03,10.2,7.0,6.6,9.7,0
444,2021-04,9.7,6.4,6.7,10.0,0
444,2021-05,10.0,9.2,8.9,9.7,0
444,2021-06,9.7,6.3,6.6,10.0,0
444,2021-07,10.0,6.8,6.6,9.7,0
444,2021-08,9.7,7.1,7.1,9.7,0
444,2021-09,9.7,6.0,5.7,9.4,0
444,2021-10,9.4,6.9,7.9,10.4,0
444,2021-11,10.4,10.4,13.7,13.7,1
444,2021-12,13.7,8.2,6.8,12.3,0
444,2022-01,12.3,6.9,5.1,10.5,0
444,2022-02,10.5,4.3,3.7,9.8,0
444,2022-03,9.8,8.9,9.0,9.9,0
444,2022-04,9.9,7.5,7.8,10.2,0
444,2022-05,10.2,6.6,5.9,9.5,0
444,2022-06,9.5,9.1,8.9,9.3,0
444,2022-07,9.3,4.5,5.6,10.3,0
444,2022-08,10.3,6.1,6.1,10.4,0
444,2022-09,10.4,6.4,6.5,10.4,0
444,2022-10,10.4,5.6,4.8,9.6,0
444,2022-11,9.6,8.4,12.8,14.0,0
444,2022-12,14.0,9.9,8.7,12.9,0
444,2023-01,12.9,8.4,5.5,10.0,0
444,2023-02,10.0,6.6,7.4,10.8,0
444,2023-03,10.8,7.6,7.1,10.2,0
444,2023-04,10.2,5.7,5.9,10.4,0
444,2023-05,10.4,8.1,8.3,10.7,0
444,2023-06,10.7,7.7,7.7,10.7,0
444,2023-07,10.7,7.0,5.8,9.6,0
444,2023-08,9.6,7.8,8.2,10.0,0
444,2023-09,10.0,7.6,7.6,10.0,0
444,2023-10,10.0,9.8,10.2,10.4,0
444,2023-11,10.4,9.8,12.9,13.4,0
444,2023-12,13.4,8.1,7.4,12.8,0
444,2024-01,12.8,5.1,2.6,10.3,0
444,2024-02,10.3,7.7,7.3,9.9,0
444,2024-03,9.9,8.8,9.0,10.1,0
444,2024-04,10.1,8.2,8.6,10.5,0
444,2024-05,10.5,6.2,5.6,9.9,0
444,2024-06,9.9,7.6,7.6,9.9,0
444,2024-07,9.9,4.4,5.2,10.7,0
444,2024-08,10.7,8.6,8.7,10.8,0
444,2024-09,10.8,8.7,8.2,10.4,0
444,2024-10,10.4,7.8,7.2,9.7,0
444,2024-11,9.7,9.7,13.5,13.5,4
444,2024-12,13.5,7.1,6.5,12.8,0
444,2025-01,12.8,7.7,5.1,10.3,0
444,2025-02,10.3,7.0,6.8,10.1,0
444,2025-03,10.1,7.8,7.9,10.2,0
444,2025-04,10.2,7.4,6.5,9.3,0
444,2025-05,9.3,7.4,8.4,10.3,0
444,2025-06,10.3,7.8,8.0,10.4,0
444,2025-07,10.4,6.9,6.9,10.4,0
444,2025-08,10.4,7.5,6.6,9.5,0
444,2025-09,9.5,5.1,5.5,9.9,0
444,2025-10,9.9,6.3,6.8,10.4,0
444,2025-11,10.4,10.4,13.2,13.2,1
444,2025-12,13.2,9.3,8.7,12.6,0
445,2021-01,5.4,4.4,3.8,4.7,0
445,2021-02,4.7,3.2,3.6,5.1,0
445,2021-03,5.1,3.5,3.4,4.9,0
445,2021-04,4.9,4.0,4.0,4.9,0
445,2021-05,4.9,2.7,3.0,5.1,0
445,2021-06,5.1,1.6,1.7,5.2,0
445,2021-07,5.2,4.5,4.3,5.1,0
445,2021-08,5.1,4.0,3.9,5.0,0
445,2021-09,5.0,4.4,4.5,5.0,0
445,2021-10,5.0,3.3,3.2,4.9,0
445,2021-11,4.9,4.9,7.7,7.7,8
445,2021-12,7.7,6.4,5.5,6.9,0
445,2022-01,6.9,4.2,2.6,5.3,0
445,2022-02,5.3,4.9,4.6,5.0,0
445,2022-03,5.0,3.6,3.8,5.2,0
445,2022-04,5.2,3.1,2.9,4.9,0
445,2022-05,4.9,2.2,2.6,5.3,0
445,2022-06,5.3,4.0,3.5,4.9,0
445,2022-07,4.9,3.0,3.1,5.0,0
445,2022-08,5.0,3.8,3.9,5.1,0
445,2022-09,5.1,4.0,3.6,4.7,0
445,2022-10,4.7,3.2,4.0,5.5,0
445,2022-11,5.5,5.5,7.7,7.7,4
445,2022-12,7.7,3.8,2.8,6.7,0
445,2023-01,6.7,4.2,2.9,5.4,0
445,2023-02,5.4,4.3,3.8,4.9,0
445,2023-03,4.9,4.9,4.8,4.8,6
445,2023-04,4.8,4.4,4.7,5.1,0
445,2023-05,5.1,2.8,2.7,4.9,0
445,2023-06,4.9,3.4,3.7,5.2,0
445,2023-07,5.2,4.4,4.4,5.2,0
445,2023-08,5.2,4.2,3.9,4.8,0
445,2023-09,4.8,4.0,4.5,5.3,0
445,2023-10,5.3,4.0,4.2,5.5,0
445,2023-11,5.5,5.1,6.6,7.1,0
445,2023-12,7.1,3.8,3.5,6.7,0
445,2024-01,6.7,3.0,1.5,5.2,0
445,2024-02,5.2,4.1,4.3,5.4,0
445,2024-03,5.4,4.4,4.3,5.3,0
445,2024-04,5.3,4.5,4.7,5.5,0
445,2024-05,5.5,2.9,2.5,5.1,0
445,2024-06,5.1,4.2,4.3,5.2,0
445,2024-07,5.2,4.9,4.5,4.8,0
445,2024-08,4.8,3.1,3.6,5.4,0
445,2024-09,5.4,4.5,3.9,4.9,0
445,2024-10,4.9,3.7,4.0,5.1,0
445,2024-11,5.1,5.1,7.8,7.8,7
445,2024-12,7.8,5.7,4.9,6.9,0
445,2025-01,6.9,5.0,3.3,5.2,0
445,2025-02,5.2,3.6,3.3,4.9,0
445,2025-03,4.9,3.7,4.3,5.4,0
445,2025-04,5.4,4.4,4.3,5.3,0
445,2025-05,5.3,3.1,3.2,5.4,0
445,2025-06,5.4,3.7,3.8,5.5,0
445,2025-07,5.5,5.4,4.8,4.8,0
445,2025-08,4.8,4.1,4.7,5.5,0
445,2025-09,5.5,3.6,3.6,5.5,0
445,2025-10,5.5,3.1,2.8,5.2,0
445,2025-11,5.2,3.8,6.2,7.6,0
445,2025-12,7.6,6.4,5.5,6.7,0
446,2021-01,43.4,23.1,23.5,43.8,0
446,2021-02,43.8,25.5,25.9,44.1,0
446,2021-03,44.1,27.1,23.8,40.8,0
446,2021-04,40.8,22.0,25.0,43.7,0
446,2021-05,43.7,22.4,23.2,44.5,0
446,2021-06,44.5,13.2,12.5,43.8,0
446,2021-07,43.8,20.4,20.4,43.8,0
446,2021-08,43.8,28.1,25.6,41.4,0
446,2021-09,41.4,34.1,31.0,38.3,0
446,2021-10,38.3,20.6,26.4,44.0,0
446,2021-11,44.0,42.0,62.7,64.6,0
446,2021-12,64.6,33.6,23.6,54.7,0
446,2022-01,54.7,14.9,3.4,43.2,0
446,2022-02,43.2,28.3,27.2,42.2,0
446,2022-03,42.2,26.7,26.3,41.8,0
446,2022-04,41.8,30.7,29.8,40.8,0
446,2022-05,40.8,23.8,24.7,41.7,0
446,2022-06,41.7,25.4,24.9,41.1,0
446,2022-07,41.1,20.6,20.4,40.9,0
446,2022-08,40.9,25.7,27.7,42.9,0
446,2022-09,42.9,23.9,22.9,41.9,0
446,2022-10,41.9,24.7,27.1,44.3,0
446,2022-11,44.3,32.5,46.6,58.5,0
446,2022-12,58.5,29.0,25.3,54.8,0
446,2023-01,54.8,21.1,9.0,42.7,0
446,2023-02,42.7,19.1,19.1,42.7,0
446,2023-03,42.7,26.5,28.1,44.3,0
446,2023-04,44.3,35.4,31.9,40.8,0
446,2023-05,40.8,20.5,21.5,41.8,0
446,2023-06,41.8,29.6,32.5,44.7,0
446,2023-07,44.7,25.0,21.8,41.5,0
446,2023-08,41.5,31.2,28.6,38.9,0
446,2023-09,38.9,24.3,26.4,41.0,0
446,2023-10,41.0,34.2,33.0,39.8,0
446,2023-11,39.8,39.8,56.2,56.2,3
446,2023-12,56.2,30.9,29.7,55.0,0
446,2024-01,55.0,25.4,12.9,42.5,0
446,2024-02,42.5,23.5,22.7,41.8,0
446,2024-03,41.8,24.5,24.7,41.9,0
446,2024-04,41.9,22.6,23.4,42.7,0
446,2024-05,42.7,30.1,30.9,43.6,0
446,2024-06,43.6,18.2,18.7,44.0,0
446,2024-07,44.0,20.2,18.3,42.1,0
446,2024-08,42.1,27.0,26.0,41.1,0
446,2024-09,41.1,21.6,23.8,43.2,0
446,2024-10,43.2,25.1,23.9,42.1,0
446,2024-11,42.1,40.5,60.6,62.2,0
446,2024-12,62.2,26.8,18.3,53.7,0
446,2025-01,53.7,20.9,10.1,42.9,0
446,2025-02,42.9,25.8,23.4,40.5,0
446,2025-03,40.5,12.4,14.0,42.1,0
446,2025-04,42.1,23.8,22.3,40.5,0
446,2025-05,40.5,24.9,25.5,41.2,0
446,2025-06,41.2,26.2,28.5,43.4,0
446,2025-07,43.4,27.9,27.5,43.1,0
446,2025-08,43.1,22.7,21.4,41.8,0
446,2025-09,41.8,19.9,21.9,43.8,0
446,2025-10,43.8,16.6,14.9,42.1,0
446,2025-11,42.1,32.1,53.8,63.7,0
446,2025-12,63.7,38.6,28.6,53.7,0
447,2021-01,108.8,54.9,54.9,108.8,0
447,2021-02,108.8,65.6,59.1,102.3,0
447,2021-03,102.3,72.4,70.2,100.1,0
447,2021-04,100.1,65.3,74.7,109.4,0
447,2021-05,109.4,78.0,75.0,106.4,0
447,2021-06,106.4,70.0,61.7,98.0,0
447,2021-07,98.0,93.3,101.3,106.1,0
447,2021-08,106.1,85.8,86.5,106.8,0
447,2021-09,106.8,67.4,64.4,103.8,0
447,2021-10,103.8,96.9,89.0,95.9,0
447,2021-11,95.9,95.9,154.9,154.9,5
447,2021-12,154.9,111.3,85.4,129.1,0
447,2022-01,129.1,93.2,71.2,107.2,0
447,2022-02,107.2,83.7,88.9,112.4,0
447,2022-03,112.4,65.4,62.6,109.7,0
447,2022-04,109.7,79.9,72.9,102.7,0
447,2022-05,102.7,68.2,69.1,103.6,0
447,2022-06,103.6,69.1,67.6,102.1,0
447,2022-07,102.1,75.2,81.3,108.2,0
447,2022-08,108.2,77.2,75.8,106.8,0
447,2022-09,106.8,87.7,79.7,98.8,0
447,2022-10,98.8,98.8,107.6,107.6,1
447,2022-11,107.6,107.6,150.9,150.9,1
447,2022-12,150.9,84.2,67.4,134.1,0
447,2023-01,134.1,85.8,56.3,104.6,0
447,2023-02,104.6,92.0,95.4,108.1,0
447,2023-03,108.1,100.5,98.5,106.0,0
447,2023-04,106.0,89.2,86.4,103.2,0
447,2023-05,103.2,81.7,79.2,100.7,0
447,2023-06,100.7,88.6,101.5,113.5,0
447,2023-07,113.5,77.6,71.0,106.9,0
447,2023-08,106.9,68.4,71.3,109.8,0
447,2023-09,109.8,54.4,47.0,102.4,0
447,2023-10,102.4,66.3,70.1,106.1,0
447,2023-11,106.1,100.7,154.3,159.7,0
447,2023-12,159.7,116.4,79.7,123.0,0
447,2024-01,123.0,87.5,69.6,105.1,0
447,2024-02,105.1,95.0,88.1,98.1,0
447,2024-03,98.1,79.0,83.8,102.9,0
447,2024-04,102.9,61.5,58.1,99.5,0
447,2024-05,99.5,99.5,103.5,103.5,2
447,2024-06,103.5,87.7,96.7,112.5,0
447,2024-07,112.5,70.0,67.7,110.2,0
447,2024-08,110.2,57.1,55.2,108.3,0
447,2024-09,108.3,81.1,75.2,102.4,0
447,2024-10,102.4,91.5,99.5,110.4,0
447,2024-11,110.4,110.4,142.7,142.7,4
447,2024-12,142.7,73.4,69.6,138.8,0
447,2025-01,138.8,56.2,26.1,108.7,0
447,2025-02,108.7,85.9,79.3,102.2,0
447,2025-03,102.2,86.9,85.1,100.4,0
447,2025-04,100.4,61.6,59.7,98.5,0
447,2025-05,98.5,86.3,93.6,105.8,0
447,2025-06,105.8,97.9,94.3,102.1,0
447,2025-07,102.1,55.4,61.1,107.8,0
447,2025-08,107.8,82.0,76.4,102.2,0
447,2025-09,102.2,90.8,92.8,104.2,0
447,2025-10,104.2,71.4,68.5,101.3,0
447,2025-11,101.3,82.5,132.8,151.6,0
447,2025-12,151.6,82.1,61.4,130.9,0
448,2021-01,49.1,29.2,28.9,48.8,0
448,2021-02,48.8,30.9,27.2,45.1,0
448,2021-03,45.1,26.5,28.2,46.7,0
448,2021-04,46.7,28.2,28.1,46.6,0
448,2021-05,46.6,22.8,24.5,48.3,0
448,2021-06,48.3,24.0,21.8,46.1,0
448,2021-07,46.1,18.9,19.5,46.8,0
448,2021-08,46.8,23.2,25.1,48.7,0
448,2021-09,48.7,33.5,32.8,48.0,0
448,2021-10,48.0,15.7,14.7,46.9,0
448,2021-11,46.9,41.2,65.4,71.1,0
448,2021-12,71.1,31.0,20.6,60.8,0
448,2022-01,60.8,32.0,18.0,46.7,0
448,2022-02,46.7,13.0,13.2,46.9,0
448,2022-03,46.9,24.1,22.8,45.6,0
448,2022-04,45.6,19.1,19.5,46.1,0
448,2022-05,46.1,28.4,29.4,47.1,0
448,2022-06,47.1,27.0,29.7,49.8,0
448,2022-07,49.8,33.5,28.3,44.5,0
448,2022-08,44.5,20.8,22.5,46.2,0
448,2022-09,46.2,23.2,24.3,47.2,0
448,2022-10,47.2,22.2,20.7,45.8,0
448,2022-11,45.8,39.6,59.1,65.3,0
448,2022-12,65.3,32.5,27.5,60.3,0
448,2023-01,60.3,33.6,22.8,49.4,0
448,2023-02,49.4,32.2,28.1,45.3,0
448,2023-03,45.3,26.7,29.6,48.2,0
448,2023-04,48.2,28.7,25.7,45.3,0
448,2023-05,45.3,20.3,24.1,49.0,0
448,2023-06,49.0,30.8,29.9,48.1,0
448,2023-07,48.1,24.7,23.7,47.1,0
448,2023-08,47.1,24.8,27.3,49.6,0
448,2023-09,49.6,29.8,26.1,45.9,0
448,2023-10,45.9,33.1,36.6,49.4,0
448,2023-11,49.4,36.3,53.6,66.8,0
448,2023-12,66.8,30.6,24.2,60.4,0
448,2024-01,60.4,16.2,4.6,48.8,0
448,2024-02,48.8,27.6,26.1,47.4,0
448,2024-03,47.4,31.4,32.3,48.3,0
448,2024-04,48.3,19.3,19.4,48.4,0
448,2024-05,48.4,33.1,30.5,45.8,0
448,2024-06,45.8,32.7,35.4,48.5,0
448,2024-07,48.5,31.1,28.6,46.0,0
448,2024-08,46.0,20.9,21.5,46.7,0
448,2024-09,46.7,30.0,32.7,49.4,0
448,2024-10,49.4,32.3,27.2,44.3,0
448,2024-11,44.3,36.6,55.2,62.9,0
448,2024-12,62.9,34.6,33.2,61.4,0
448,2025-01,61.4,19.6,7.2,49.1,0
448,2025-02,49.1,24.6,24.1,48.6,0
448,2025-03,48.6,22.2,20.6,47.0,0
448,2025-04,47.0,32.3,34.9,49.7,0
448,2025-05,49.7,27.6,25.7,47.8,0
448,2025-06,47.8,30.0,27.7,45.5,0
448,2025-07,45.5,29.3,29.5,45.7,0
448,2025-08,45.7,26.6,25.7,44.8,0
448,2025-09,44.8,23.1,26.5,48.1,0
448,2025-10,48.1,26.1,24.7,46.8,0
448,2025-11,46.8,34.1,59.5,72.2,0
448,2025-12,72.2,30.3,18.1,59.9,0
449,2021-01,23.4,11.4,11.2,23.1,0
449,2021-02,23.1,13.3,12.7,22.5,0
449,2021-03,22.5,14.4,13.9,22.1,0
449,2021-04,22.1,11.2,12.7,23.6,0
449,2021-05,23.6,13.1,13.4,23.9,0
449,2021-06,23.9,10.5,10.3,23.7,0
449,2021-07,23.7,13.3,13.5,23.9,0
449,2021-08,23.9,13.7,12.9,23.1,0
449,2021-09,23.1,12.8,12.7,23.0,0
449,2021-10,23.0,8.6,8.9,23.3,0
449,2021-11,23.3,18.5,26.4,31.2,0
449,2021-12,31.2,14.0,12.3,29.5,0
449,2022-01,29.5,12.3,5.4,22.6,0
449,2022-02,22.6,13.2,13.1,22.5,0
449,2022-03,22.5,13.9,14.2,22.8,0
449,2022-04,22.8,10.4,10.5,22.9,0
449,2022-05,22.9,12.1,11.7,22.4,0
449,2022-06,22.4,11.7,12.2,22.9,0
449,2022-07,22.9,13.4,13.3,22.8,0
449,2022-08,22.8,8.1,8.5,23.1,0
449,2022-09,23.1,7.2,7.8,23.8,0
449,2022-10,23.8,11.9,11.7,23.6,0
449,2022-11,23.6,18.1,27.4,32.9,0
449,2022-12,32.9,15.4,12.2,29.7,0
449,2023-01,29.7,7.8,1.5,23.5,0
449,2023-02,23.5,10.9,10.3,22.9,0
449,2023-03,22.9,14.0,14.3,23.2,0
449,2023-04,23.2,12.5,13.3,24.0,0
449,2023-05,24.0,13.1,12.2,23.0,0
449,2023-06,23.0,17.4,16.9,22.5,0
449,2023-07,22.5,12.7,14.1,23.9,0
449,2023-08,23.9,13.1,12.4,23.2,0
449,2023-09,23.2,10.1,9.9,23.0,0
449,2023-10,23.0,13.4,11.8,21.4,0
449,2023-11,21.4,15.4,25.6,31.6,0
449,2023-12,31.6,14.0,11.0,28.7,0
449,2024-01,28.7,11.7,6.1,23.1,0
449,2024-02,23.1,6.4,5.8,22.4,0
449,2024-03,22.4,12.3,13.5,23.7,0
449,2024-04,23.7,11.5,10.7,22.9,0
449,2024-05,22.9,14.8,15.5,23.6,0
449,2024-06,23.6,13.4,12.4,22.6,0
449,2024-07,22.6,12.4,13.7,23.9,0
449,2024-08,23.9,13.3,12.5,23.2,0
449,2024-09,23.2,9.0,8.9,23.1,0
449,2024-10,23.1,14.5,13.1,21.7,0
449,2024-11,21.7,17.6,28.5,32.6,0
449,2024-12,32.6,13.3,10.2,29.5,0
449,2025-01,29.5,13.0,6.9,23.3,0
449,2025-02,23.3,12.7,12.5,23.2,0
449,2025-03,23.2,12.0,11.2,22.4,0
449,2025-04,22.4,9.3,10.0,23.2,0
449,2025-05,23.2,15.0,14.8,22.9,0
449,2025-06,22.9,12.2,12.2,22.9,0
449,2025-07,22.9,14.3,13.5,22.1,0
449,2025-08,22.1,11.9,13.8,24.0,0
449,2025-09,24.0,11.1,10.9,23.8,0
449,2025-10,23.8,18.2,18.7,24.3,0
449,2025-11,24.3,18.0,24.0,30.3,0
449,2025-12,30.3,11.1,10.1,29.3,0
450,2021-01,438.3,147.3,140.3,431.3,0
450,2021-02,431.3,207.9,188.3,411.7,0
450,2021-03,411.7,199.9,226.2,438.0,0
450,2021-04,438.0,243.6,232.3,426.7,0
450,2021-05,426.7,186.4,175.3,415.7,0
450,2021-06,415.7,162.4,164.3,417.6,0
450,2021-07,417.6,168.9,177.3,426.1,0
450,2021-08,426.1,153.1,170.8,443.7,0
450,2021-09,443.7,167.1,167.6,444.3,0
450,2021-10,444.3,254.7,219.4,409.0,0
450,2021-11,409.0,276.0,450.2,583.2,0
450,2021-12,583.2,252.3,208.7,539.7,0
450,2022-01,539.7,179.6,66.8,426.9,0
450,2022-02,426.9,158.1,170.1,438.8,0
450,2022-03,438.8,228.9,202.6,412.5,0
450,2022-04,412.5,213.3,230.0,429.2,0
450,2022-05,429.2,129.6,133.7,433.3,0
450,2022-06,433.3,234.1,227.2,426.3,0
450,2022-07,426.3,193.3,205.3,438.4,0
450,2022-08,438.4,197.9,170.3,410.8,0
450,2022-09,410.8,188.5,194.6,416.9,0
450,2022-10,416.9,251.7,281.8,447.0,0
450,2022-11,447.0,254.4,422.2,614.8,0
450,2022-12,614.8,280.4,188.9,523.3,0
450,2023-01,523.3,170.8,81.9,434.5,0
450,2023-02,434.5,197.1,187.4,424.7,0
450,2023-03,424.7,234.5,218.4,408.6,0
450,2023-04,408.6,165.7,193.8,436.6,0
450,2023-05,436.6,177.2,159.3,418.8,0
450,2023-06,418.8,208.7,232.3,442.4,0
450,2023-07,442.4,137.3,136.7,441.8,0
450,2023-08,441.8,135.6,132.7,439.0,0
450,2023-09,439.0,196.1,183.9,426.8,0
450,2023-10,426.8,193.5,187.4,420.7,0
450,2023-11,420.7,270.3,487.7,638.1,0
450,2023-12,638.1,202.6,114.3,549.8,0
450,2024-01,549.8,249.1,125.0,425.7,0
450,2024-02,425.7,239.8,264.7,450.6,0
450,2024-03,450.6,180.4,167.5,437.6,0
450,2024-04,437.6,177.2,159.4,419.9,0
450,2024-05,419.9,125.9,132.5,426.5,0
450,2024-06,426.5,216.0,216.0,426.4,0
450,2024-07,426.4,223.7,221.1,423.8,0
450,2024-08,423.8,175.1,197.9,446.6,0
450,2024-09,446.6,229.9,225.7,442.3,0
450,2024-10,442.3,207.7,196.1,430.7,0
450,2024-11,430.7,287.7,464.4,607.5,0
450,2024-12,607.5,251.8,176.2,531.9,0
450,2025-01,531.9,187.7,97.3,441.5,0
450,2025-02,441.5,165.4,147.0,423.1,0
450,2025-03,423.1,161.8,182.0,443.3,0
450,2025-04,443.3,166.0,155.3,432.7,0
450,2025-05,432.7,187.9,167.9,412.7,0
450,2025-06,412.7,231.1,231.0,412.6,0
450,2025-07,412.6,170.8,179.0,420.8,0
450,2025-08,420.8,214.5,225.5,431.7,0
450,2025-09,431.7,225.5,232.3,438.5,0
450,2025-10,438.5,211.4,201.7,428.8,0
450,2025-11,428.8,281.7,429.6,576.8,0
450,2025-12,576.8,204.5,157.8,530.1,0
451,2021-01,6.1,4.5,4.4,6.0,0
451,2021-02,6.0,3.4,3.1,5.7,0
451,2021-03,5.7,3.6,3.9,6.0,0
451,2021-04,6.0,5.8,5.2,5.4,0
451,2021-05,5.4,4.0,4.7,6.1,0
451,2021-06,6.1,4.4,4.4,6.0,0
451,2021-07,6.0,3.4,3.3,5.9,0
451,2021-08,5.9,4.6,4.6,5.9,0
451,2021-09,5.9,3.5,3.9,6.2,0
451,2021-10,6.2,3.7,3.1,5.7,0
451,2021-11,5.7,4.2,7.6,9.0,0
451,2021-12,9.0,4.9,3.7,7.8,0
451,2022-01,7.8,5.0,3.2,6.0,0
451,2022-02,6.0,4.3,3.8,5.5,0
451,2022-03,5.5,4.0,4.1,5.7,0
451,2022-04,5.7,2.3,2.6,5.9,0
451,2022-05,5.9,4.2,4.4,6.1,0
451,2022-06,6.1,3.5,3.3,6.0,0
451,2022-07,6.0,4.8,4.6,5.7,0
451,2022-08,5.7,4.4,5.1,6.4,0
451,2022-09,6.4,2.9,2.7,6.1,0
451,2022-10,6.1,4.5,4.6,6.2,0
451,2022-11,6.2,5.8,7.9,8.2,0
451,2022-12,8.2,4.8,3.8,7.1,0
451,2023-01,7.1,3.5,2.2,5.8,0
451,2023-02,5.8,3.2,3.4,6.0,0
451,2023-03,6.0,3.7,3.4,5.7,0
451,2023-04,5.7,3.0,3.1,5.9,0
451,2023-05,5.9,3.2,3.1,5.7,0
451,2023-06,5.7,4.2,4.5,6.0,0
451,2023-07,6.0,3.7,4.0,6.3,0
451,2023-08,6.3,2.6,2.4,6.1,0
451,2023-09,6.1,4.0,3.7,5.8,0
451,2023-10,5.8,2.8,3.0,6.0,0
451,2023-11,6.0,5.2,6.9,7.8,0
451,2023-12,7.8,5.2,5.3,7.9,0
451,2024-01,7.9,3.6,1.8,6.2,0
451,2024-02,6.2,3.1,2.8,5.9,0
451,2024-03,5.9,4.0,3.6,5.5,0
451,2024-04,5.5,5.0,5.9,6.4,0
451,2024-05,6.4,4.5,4.5,6.3,0
451,2024-06,6.3,2.3,2.0,6.0,0
451,2024-07,6.0,2.9,2.9,6.0,0
451,2024-08,6.0,4.4,4.5,6.1,0
451,2024-09,6.1,4.1,3.8,5.8,0
451,2024-10,5.8,4.8,5.1,6.2,0
451,2024-11,6.2,4.7,7.8,9.2,0
451,2024-12,9.2,4.6,3.1,7.7,0
451,2025-01,7.7,3.8,1.9,5.8,0
451,2025-02,5.8,3.3,3.6,6.1,0
451,2025-03,6.1,3.8,4.0,6.3,0
451,2025-04,6.3,4.2,3.5,5.5,0
451,2025-05,5.5,5.1,5.4,5.8,0
451,2025-06,5.8,2.7,2.8,5.9,0
451,2025-07,5.9,4.1,4.3,6.1,0
451,2025-08,6.1,3.7,3.3,5.6,0
451,2025-09,5.6,3.3,3.8,6.1,0
451,2025-10,6.1,3.5,3.1,5.8,0
451,2025-11,5.8,5.8,8.5,8.5,0
451,2025-12,8.5,5.4,4.0,7.0,0
452,2021-01,54.2,11.4,11.9,54.7,0
452,2021-02,54.7,8.1,6.8,53.4,0
452,2021-03,53.4,16.3,14.7,51.9,0
452,2021-04,51.9,13.7,15.1,53.3,0
452,2021-05,53.3,12.1,13.5,54.7,0
452,2021-06,54.7,8.4,7.7,54.0,0
452,2021-07,54.0,12.3,12.1,53.8,0
452,2021-08,53.8,14.7,13.7,52.8,0
452,2021-09,52.8,12.2,12.2,52.7,0
452,2021-10,52.7,13.0,13.5,53.2,0
452,2021-11,53.2,18.9,44.7,79.0,0
452,2021-12,79.0,16.6,5.1,67.4,0
452,2022-01,67.4,14.8,1.5,54.2,0
452,2022-02,54.2,11.9,11.3,53.6,0
452,2022-03,53.6,9.0,9.8,54.3,0
452,2022-04,54.3,10.8,10.8,54.3,0
452,2022-05,54.3,9.3,8.5,53.4,0
452,2022-06,53.4,10.4,9.6,52.7,0
452,2022-07,52.7,13.2,12.8,52.3,0
452,2022-08,52.3,11.1,13.3,54.5,0
452,2022-09,54.5,10.2,10.2,54.5,0
452,2022-10,54.5,10.3,9.3,53.6,0
452,2022-11,53.6,13.7,39.3,79.2,0
452,2022-12,79.2,15.3,4.0,67.8,0
452,2023-01,67.8,11.3,0.0,56.5,0
452,2023-02,56.5,10.7,8.8,54.6,0
452,2023-03,54.6,11.3,10.1,53.4,0
452,2023-04,53.4,11.0,11.2,53.5,0
452,2023-05,53.5,10.2,10.1,53.4,0
452,2023-06,53.4,11.9,12.3,53.8,0
452,2023-07,53.8,12.7,11.6,52.7,0
452,2023-08,52.7,8.2,8.7,53.2,0
452,2023-09,53.2,14.4,14.8,53.6,0
452,2023-10,53.6,12.4,13.5,54.8,0
452,2023-11,54.8,18.2,43.7,80.2,0
452,2023-12,80.2,16.2,3.7,67.7,0
452,2024-01,67.7,12.0,0.0,55.7,0
452,2024-02,55.7,10.6,9.2,54.3,0
452,2024-03,54.3,9.9,8.7,53.1,0
452,2024-04,53.1,13.4,13.8,53.4,0
452,2024-05,53.4,11.1,10.8,53.1,0
452,2024-06,53.1,11.8,12.1,53.4,0
452,2024-07,53.4,13.4,12.9,52.9,0
452,2024-08,52.9,15.6,15.6,52.9,0
452,2024-09,52.9,8.9,10.7,54.7,0
452,2024-10,54.7,8.4,7.2,53.5,0
452,2024-11,53.5,16.1,37.3,74.7,0
452,2024-12,74.7,9.2,2.4,67.9,0
452,2025-01,67.9,13.2,0.0,54.6,0
452,2025-02,54.6,12.3,12.1,54.5,0
452,2025-03,54.5,12.0,12.1,54.6,0
452,2025-04,54.6,11.6,10.6,53.6,0
452,2025-05,53.6,15.5,15.1,53.2,0
452,2025-06,53.2,9.9,11.2,54.5,0
452,2025-07,54.5,13.4,11.6,52.6,0
452,2025-08,52.6,9.2,10.7,54.1,0
452,2025-09,54.1,10.4,11.0,54.7,0
452,2025-10,54.7,11.8,10.2,53.1,0
452,2025-11,53.1,16.8,39.5,75.8,0
452,2025-12,75.8,14.3,6.4,67.8,0
453,2021-01,4.5,3.4,2.9,4.0,0
453,2021-02,4.0,4.0,4.1,4.2,0
453,2021-03,4.2,3.1,3.1,4.2,0
453,2021-04,4.2,3.4,3.6,4.4,0
453,2021-05,4.4,3.0,2.7,4.1,0
453,2021-06,4.1,3.8,4.1,4.3,0
453,2021-07,4.3,3.6,4.0,4.6,0
453,2021-08,4.6,2.7,2.2,4.1,0
453,2021-09,4.1,4.1,3.9,3.9,0
453,2021-10,3.9,2.8,3.4,4.6,0
453,2021-11,4.6,4.6,6.5,6.5,5
453,2021-12,6.5,4.0,2.8,5.3,0
453,2022-01,5.3,4.2,3.4,4.4,0
453,2022-02,4.4,2.4,2.4,4.4,0
453,2022-03,4.4,3.6,3.8,4.6,0
453,2022-04,4.6,3.2,2.7,4.1,0
453,2022-05,4.1,4.1,3.9,3.9,0
453,2022-06,3.9,3.3,3.4,4.0,0
453,2022-07,4.0,3.2,3.7,4.6,0
453,2022-08,4.6,2.7,2.7,4.5,0
453,2022-09,4.5,4.3,4.0,4.2,0
453,2022-10,4.2,3.5,3.4,4.2,0
453,2022-11,4.2,4.2,5.6,5.6,5
453,2022-12,5.6,4.9,4.8,5.5,0
453,2023-01,5.5,3.6,2.6,4.5,0
453,2023-02,4.5,3.0,2.8,4.4,0
453,2023-03,4.4,4.4,4.2,4.2,1
453,2023-04,4.2,3.3,3.2,4.2,0
453,2023-05,4.2,3.2,3.2,4.2,0
453,2023-06,4.2,3.3,3.6,4.5,0
453,2023-07,4.5,4.3,4.1,4.3,0
453,2023-08,4.3,3.8,3.5,4.0,0
453,2023-09,4.0,3.2,3.8,4.5,0
453,2023-10,4.5,3.8,3.7,4.4,0
453,2023-11,4.4,4.4,6.8,6.8,2
453,2023-12,6.8,5.1,3.5,5.2,0
453,2024-01,5.2,3.2,2.2,4.2,0
453,2024-02,4.2,3.9,4.3,4.6,0
453,2024-03,4.6,1.8,1.5,4.4,0
453,2024-04,4.4,2.8,2.5,4.1,0
453,2024-05,4.1,3.9,3.8,4.0,0
453,2024-06,4.0,3.0,3.6,4.6,0
453,2024-07,4.6,3.1,2.9,4.4,0
453,2024-08,4.4,3.8,3.5,4.1,0
453,2024-09,4.1,3.0,3.5,4.7,0
453,2024-10,4.7,2.7,2.4,4.4,0
453,2024-11,4.4,4.4,6.8,6.8,3
453,2024-12,6.8,3.5,2.5,5.7,0
453,2025-01,5.7,3.9,2.7,4.6,0
453,2025-02,4.6,3.0,2.9,4.5,0
453,2025-03,4.5,2.7,2.6,4.4,0
453,2025-04,4.4,3.5,3.2,4.0,0
453,2025-05,4.0,3.0,3.6,4.6,0
453,2025-06,4.6,2.9,2.5,4.2,0
453,2025-07,4.2,2.8,3.1,4.5,0
453,2025-08,4.5,3.4,3.0,4.1,0
453,2025-09,4.1,2.9,2.8,4.0,0
453,2025-10,4.0,3.5,3.5,4.1,0
453,2025-11,4.1,3.5,5.8,6.4,0
453,2025-12,6.4,4.5,3.3,5.2,0
454,2021-01,58.4,12.0,10.4,56.8,0
454,2021-02,56.8,7.6,8.8,58.0,0
454,2021-03,58.0,6.2,5.7,57.5,0
454,2021-04,57.5,13.0,14.0,58.6,0
454,2021-05,58.6,10.1,9.8,58.2,0
454,2021-06,58.2,9.0,9.2,58.5,0
454,2021-07,58.5,11.6,10.9,57.8,0
454,2021-08,57.8,12.4,11.5,56.9,0
454,2021-09,56.9,16.9,18.6,58.6,0
454,2021-10,58.6,8.9,8.8,58.4,0
454,2021-11,58.4,18.0,45.4,85.8,0
454,2021-12,85.8,17.1,4.5,73.2,0
454,2022-01,73.2,14.7,0.0,58.5,0
454,2022-02,58.5,14.2,12.3,56.6,0
454,2022-03,56.6,11.2,13.2,58.6,0
454,2022-04,58.6,14.0,11.8,56.4,0
454,2022-05,56.4,13.8,14.8,57.4,0
454,2022-06,57.4,14.9,14.7,57.3,0
454,2022-07,57.3,13.9,13.2,56.6,0
454,2022-08,56.6,14.1,14.0,56.5,0
454,2022-09,56.5,15.1,17.1,58.6,0
454,2022-10,58.6,11.4,10.6,57.7,0
454,2022-11,57.7,21.0,47.9,84.6,0
454,2022-12,84.6,13.4,1.8,72.9,0
454,2023-01,72.9,13.6,0.0,59.3,0
454,2023-02,59.3,13.5,11.7,57.6,0
454,2023-03,57.6,10.8,10.4,57.2,0
454,2023-04,57.2,8.2,9.0,57.9,0
454,2023-05,57.9,12.4,12.4,57.9,0
454,2023-06,57.9,11.7,11.1,57.3,0
454,2023-07,57.3,14.4,14.0,57.0,0
454,2023-08,57.0,13.0,12.8,56.7,0
454,2023-09,56.7,11.7,12.6,57.7,0
454,2023-10,57.7,9.3,8.8,57.2,0
454,2023-11,57.2,15.9,37.9,79.3,0
454,2023-12,79.3,17.3,11.2,73.2,0
454,2024-01,73.2,11.8,0.0,61.4,0
454,2024-02,61.4,16.3,11.7,56.8,0
454,2024-03,56.8,15.3,17.3,58.8,0
454,2024-04,58.8,8.8,8.4,58.4,0
454,2024-05,58.4,11.6,10.8,57.6,0
454,2024-06,57.6,10.8,11.9,58.7,0
454,2024-07,58.7,11.2,11.2,58.7,0
454,2024-08,58.7,12.7,11.2,57.2,0
454,2024-09,57.2,13.1,13.6,57.8,0
454,2024-10,57.8,12.4,12.2,57.5,0
454,2024-11,57.5,17.1,39.1,79.5,0
454,2024-12,79.5,18.0,10.0,71.5,0
454,2025-01,71.5,14.7,1.4,58.3,0
454,2025-02,58.3,8.5,7.3,57.2,0
454,2025-03,57.2,6.9,7.9,58.3,0
454,2025-04,58.3,11.3,10.1,57.0,0
454,2025-05,57.0,8.9,8.8,56.9,0
454,2025-06,56.9,11.4,12.5,58.0,0
454,2025-07,58.0,9.3,8.8,57.5,0
454,2025-08,57.5,9.9,11.1,58.7,0
454,2025-09,58.7,13.9,12.0,56.7,0
454,2025-10,56.7,13.5,15.6,58.8,0
454,2025-11,58.8,19.8,47.5,86.5,0
454,2025-12,86.5,13.0,0.0,73.5,0
455,2021-01,175.3,52.3,51.6,174.6,0
455,2021-02,174.6,60.2,57.2,171.6,0
455,2021-03,171.6,52.2,52.0,171.3,0
455,2021-04,171.3,39.5,39.1,171.0,0
455,2021-05,171.0,51.8,54.1,173.3,0
455,2021-06,173.3,50.3,48.7,171.6,0
455,2021-07,171.6,46.6,45.3,170.4,0
455,2021-08,170.4,46.1,52.7,177.0,0
455,2021-09,177.0,57.7,55.0,174.3,0
455,2021-10,174.3,38.4,39.1,175.0,0
455,2021-11,175.0,67.5,133.8,241.3,0
455,2021-12,241.3,73.0,50.3,218.6,0
455,2022-01,218.6,38.7,0.0,179.9,0
455,2022-02,179.9,47.3,37.7,170.3,0
455,2022-03,170.3,43.4,43.0,169.8,0
455,2022-04,169.8,29.8,35.4,175.4,0
455,2022-05,175.4,46.8,43.1,171.7,0
455,2022-06,171.7,50.3,55.8,177.3,0
455,2022-07,177.3,59.4,56.8,174.6,0
455,2022-08,174.6,44.3,47.2,177.5,0
455,2022-09,177.5,55.8,55.1,176.8,0
455,2022-10,176.8,55.2,51.5,173.1,0
455,2022-11,173.1,78.4,153.8,248.4,0
455,2022-12,248.4,66.5,35.8,217.7,0
455,2023-01,217.7,54.1,10.4,174.0,0
455,2023-02,174.0,40.6,36.1,169.5,0
455,2023-03,169.5,48.7,57.1,178.0,0
455,2023-04,178.0,53.8,53.6,177.8,0
455,2023-05,177.8,41.7,39.4,175.4,0
455,2023-06,175.4,49.1,41.8,168.2,0
455,2023-07,168.2,57.3,61.9,172.8,0
455,2023-08,172.8,50.5,48.0,170.4,0
455,2023-09,170.4,58.1,55.2,167.5,0
455,2023-10,167.5,45.9,51.9,173.5,0
455,2023-11,173.5,58.4,129.4,244.6,0
455,2023-12,244.6,60.0,30.8,215.4,0
455,2024-01,215.4,45.4,5.2,175.2,0
455,2024-02,175.2,53.1,48.5,170.6,0
455,2024-03,170.6,44.5,49.8,175.8,0
455,2024-04,175.8,54.8,48.3,169.3,0
455,2024-05,169.3,58.2,60.7,171.8,0
455,2024-06,171.8,42.1,40.4,170.1,0
455,2024-07,170.1,40.7,43.2,172.7,0
455,2024-08,172.7,53.6,52.1,171.1,0
455,2024-09,171.1,49.3,55.6,177.3,0
455,2024-10,177.3,37.5,35.5,175.3,0
455,2024-11,175.3,62.2,125.9,239.1,0
455,2024-12,239.1,66.5,41.2,213.8,0
455,2025-01,213.8,61.3,23.1,175.6,0
455,2025-02,175.6,51.0,45.8,170.4,0
455,2025-03,170.4,49.7,54.9,175.6,0
455,2025-04,175.6,55.2,52.5,172.9,0
455,2025-05,172.9,58.7,55.4,169.7,0
455,2025-06,169.7,45.0,46.0,170.6,0
455,2025-07,170.6,35.8,42.2,177.0,0
455,2025-08,177.0,49.4,41.3,168.8,0
455,2025-09,168.8,50.1,58.3,177.1,0
455,2025-10,177.1,54.2,48.0,170.9,0
455,2025-11,170.9,70.3,130.8,231.4,0
455,2025-12,231.4,67.4,47.0,211.0,0
456,2021-01,6.9,4.6,4.2,6.4,0
456,2021-02,6.4,5.2,5.0,6.3,0
456,2021-03,6.3,4.5,5.3,7.1,0
456,2021-04,7.1,3.2,3.0,6.8,0
456,2021-05,6.8,6.2,5.3,5.9,0
456,2021-06,5.9,3.3,4.4,7.1,0
456,2021-07,7.1,5.7,5.0,6.4,0
456,2021-08,6.4,5.7,6.1,6.8,0
456,2021-09,6.8,6.8,7.2,7.2,0
456,2021-10,7.2,4.6,4.0,6.7,0
456,2021-11,6.7,6.7,9.1,9.1,1
456,2021-12,9.1,5.5,4.6,8.2,0
456,2022-01,8.2,5.1,3.4,6.5,0
456,2022-02,6.5,4.5,4.9,6.9,0
456,2022-03,6.9,5.2,4.4,6.1,0
456,2022-04,6.1,5.0,5.0,6.1,0
456,2022-05,6.1,4.5,4.7,6.2,0
456,2022-06,6.2,5.8,6.7,7.2,0
456,2022-07,7.2,4.3,3.4,6.3,0
456,2022-08,6.3,5.2,5.5,6.7,0
456,2022-09,6.7,3.9,4.2,6.9,0
456,2022-10,6.9,6.9,5.9,5.9,0
456,2022-11,5.9,5.9,10.1,10.1,6
456,2022-12,10.1,5.8,3.7,8.0,0
456,2023-01,8.0,5.4,4.4,7.0,0
456,2023-02,7.0,4.4,3.9,6.5,0
456,2023-03,6.5,5.3,5.0,6.1,0
456,2023-04,6.1,4.5,5.3,6.9,0
456,2023-05,6.9,4.7,4.1,6.3,0
456,2023-06,6.3,3.1,3.3,6.6,0
456,2023-07,6.6,3.9,3.6,6.3,0
456,2023-08,6.3,5.6,6.5,7.2,0
456,2023-09,7.2,5.4,4.6,6.3,0
456,2023-10,6.3,5.2,5.0,6.1,0
456,2023-11,6.1,6.1,9.2,9.2,5
456,2023-12,9.2,6.7,6.4,8.9,0
456,2024-01,8.9,5.3,2.9,6.5,0
456,2024-02,6.5,5.5,5.0,6.0,0
456,2024-03,6.0,5.1,5.6,6.5,0
456,2024-04,6.5,5.3,5.0,6.2,0
456,2024-05,6.2,3.8,3.9,6.3,0
456,2024-06,6.3,3.4,3.5,6.4,0
456,2024-07,6.4,5.3,5.2,6.3,0
456,2024-08,6.3,5.2,5.9,7.0,0
456,2024-09,7.0,5.3,4.5,6.3,0
456,2024-10,6.3,4.4,4.8,6.7,0
456,2024-11,6.7,6.7,10.1,10.1,1
456,2024-12,10.1,6.2,4.3,8.2,0
456,2025-01,8.2,5.1,3.8,6.9,0
456,2025-02,6.9,4.0,3.5,6.4,0
456,2025-03,6.4,4.1,4.2,6.5,0
456,2025-04,6.5,4.1,4.5,6.9,0
456,2025-05,6.9,4.9,4.2,6.2,0
456,2025-06,6.2,4.1,4.7,6.8,0
456,2025-07,6.8,5.4,5.0,6.3,0
456,2025-08,6.3,3.5,3.8,6.7,0
456,2025-09,6.7,4.7,5.0,7.0,0
456,2025-10,7.0,4.1,3.6,6.5,0
456,2025-11,6.5,6.0,9.8,10.3,0
456,2025-12,10.3,4.7,3.1,8.7,0
457,2021-01,29.7,7.8,7.8,29.6,0
457,2021-02,29.6,8.9,8.7,29.5,0
457,2021-03,29.5,6.6,5.9,28.8,0
457,2021-04,28.8,6.6,7.3,29.5,0
457,2021-05,29.5,8.6,9.1,29.9,0
457,2021-06,29.9,10.0,10.1,30.1,0
457,2021-07,30.1,6.8,5.7,29.0,0
457,2021-08,29.0,6.5,6.8,29.3,0
457,2021-09,29.3,6.7,6.9,29.6,0
457,2021-10,29.6,8.3,8.2,29.4,0
457,2021-11,29.4,9.7,20.6,40.3,0
457,2021-12,40.3,8.9,5.4,36.8,0
457,2022-01,36.8,6.1,0.0,30.8,0
457,2022-02,30.8,6.5,5.3,29.5,0
457,2022-03,29.5,6.9,6.1,28.8,0
457,2022-04,28.8,6.8,7.9,29.9,0
457,2022-05,29.9,6.8,6.2,29.4,0
457,2022-06,29.4,6.6,6.1,28.9,0
457,2022-07,28.9,8.0,7.7,28.6,0
457,2022-08,28.6,4.0,5.2,29.7,0
457,2022-09,29.7,8.1,8.4,30.0,0
457,2022-10,30.0,5.5,4.6,29.1,0
457,2022-11,29.1,10.9,26.0,44.3,0
457,2022-12,44.3,9.4,2.1,36.9,0
457,2023-01,36.9,10.2,3.0,29.7,0
457,2023-02,29.7,6.8,6.5,29.3,0
457,2023-03,29.3,9.6,8.7,28.4,0
457,2023-04,28.4,5.5,6.9,29.8,0
457,2023-05,29.8,6.6,6.3,29.5,0
457,2023-06,29.5,7.5,7.6,29.5,0
457,2023-07,29.5,5.5,5.8,29.8,0
457,2023-08,29.8,7.2,6.6,29.2,0
457,2023-09,29.2,8.2,7.7,28.7,0
457,2023-10,28.7,7.1,7.7,29.3,0
457,2023-11,29.3,11.1,21.3,39.5,0
457,2023-12,39.5,7.3,4.8,37.0,0
457,2024-01,37.0,5.0,0.0,32.0,0
457,2024-02,32.0,6.2,3.9,29.6,0
457,2024-03,29.6,6.6,6.6,29.7,0
457,2024-04,29.7,7.6,7.4,29.5,0
457,2024-05,29.5,7.5,6.7,28.6,0
457,2024-06,28.6,8.9,10.4,30.1,0
457,2024-07,30.1,8.2,8.1,30.0,0
457,2024-08,30.0,6.6,5.8,29.3,0
457,2024-09,29.3,7.6,7.7,29.4,0
457,2024-10,29.4,6.1,5.7,29.0,0
457,2024-11,29.0,9.6,21.1,40.4,0
457,2024-12,40.4,8.8,5.0,36.7,0
457,2025-01,36.7,6.2,0.0,30.4,0
457,2025-02,30.4,7.9,6.7,29.3,0
457,2025-03,29.3,6.1,5.8,29.0,0
457,2025-04,29.0,6.3,6.9,29.7,0
457,2025-05,29.7,6.0,5.8,29.5,0
457,2025-06,29.5,6.4,6.3,29.4,0
457,2025-07,29.4,7.6,7.8,29.6,0
457,2025-08,29.6,8.0,8.2,29.8,0
457,2025-09,29.8,7.0,6.4,29.3,0
457,2025-10,29.3,6.5,6.9,29.6,0
457,2025-11,29.6,9.0,22.4,43.0,0
457,2025-12,43.0,10.5,4.1,36.6,0
458,2021-01,4.4,3.2,3.1,4.2,0
458,2021-02,4.2,2.2,2.1,4.2,0
458,2021-03,4.2,2.7,3.0,4.5,0
458,2021-04,4.5,3.1,2.8,4.2,0
458,2021-05,4.2,2.7,2.9,4.4,0
458,2021-06,4.4,2.7,2.4,4.0,0
458,2021-07,4.0,3.9,4.4,4.5,0
458,2021-08,4.5,2.7,2.2,4.1,0
458,2021-09,4.1,3.2,3.4,4.3,0
458,2021-10,4.3,3.2,2.9,4.0,0
458,2021-11,4.0,4.0,6.0,6.0,7
458,2021-12,6.0,2.9,2.5,5.6,0
458,2022-01,5.6,3.1,1.9,4.4,0
458,2022-02,4.4,2.1,1.8,4.1,0
458,2022-03,4.1,2.2,2.2,4.0,0
458,2022-04,4.0,2.9,2.9,4.0,0
458,2022-05,4.0,3.0,3.1,4.1,0
458,2022-06,4.1,3.5,3.5,4.2,0
458,2022-07,4.2,3.2,2.9,3.9,0
458,2022-08,3.9,2.7,3.1,4.2,0
458,2022-09,4.2,3.3,3.6,4.5,0
458,2022-10,4.5,3.0,2.5,4.0,0
458,2022-11,4.0,4.0,6.3,6.3,3
458,2022-12,6.3,3.4,2.5,5.5,0
458,2023-01,5.5,2.3,1.2,4.4,0
458,2023-02,4.4,3.0,2.7,4.1,0
458,2023-03,4.1,2.6,3.0,4.4,0
458,2023-04,4.4,3.8,3.6,4.2,0
458,2023-05,4.2,2.2,2.0,4.0,0
458,2023-06,4.0,2.2,2.2,4.0,0
458,2023-07,4.0,3.1,3.5,4.4,0
458,2023-08,4.4,3.1,3.2,4.5,0
458,2023-09,4.5,2.4,2.2,4.3,0
458,2023-10,4.3,2.9,3.0,4.4,0
458,2023-11,4.4,3.5,5.3,6.2,0
458,2023-12,6.2,3.4,2.6,5.4,0
458,2024-01,5.4,3.2,2.0,4.2,0
458,2024-02,4.2,2.4,2.3,4.1,0
458,2024-03,4.1,4.0,4.4,4.6,0
458,2024-04,4.6,3.4,2.9,4.1,0
458,2024-05,4.1,2.6,2.9,4.5,0
458,2024-06,4.5,3.2,2.9,4.2,0
458,2024-07,4.2,3.8,4.0,4.4,0
458,2024-08,4.4,2.6,2.7,4.5,0
458,2024-09,4.5,2.8,2.6,4.3,0
458,2024-10,4.3,2.6,2.7,4.4,0
458,2024-11,4.4,3.7,5.9,6.5,0
458,2024-12,6.5,4.6,3.1,5.0,0
458,2025-01,5.0,2.6,2.0,4.4,0
458,2025-02,4.4,3.3,3.2,4.3,0
458,2025-03,4.3,3.7,3.3,3.9,0
458,2025-04,3.9,3.0,3.3,4.2,0
458,2025-05,4.2,2.3,2.3,4.1,0
458,2025-06,4.1,2.3,2.6,4.5,0
458,2025-07,4.5,3.6,3.2,4.1,0
458,2025-08,4.1,2.5,2.8,4.4,0
458,2025-09,4.4,2.0,1.8,4.3,0
458,2025-10,4.3,3.0,2.8,4.1,0
458,2025-11,4.1,4.0,6.3,6.4,0
458,2025-12,6.4,3.7,2.4,5.1,0
459,2021-01,24.5,20.9,18.3,21.9,0
459,2021-02,21.9,21.9,22.0,22.0,4
459,2021-03,22.0,21.0,24.6,25.6,0
459,2021-04,25.6,23.0,21.9,24.5,0
459,2021-05,24.5,21.9,19.0,21.6,0
459,2021-06,21.6,14.8,15.8,22.6,0
459,2021-07,22.6,16.7,17.5,23.4,0
459,2021-08,23.4,20.4,18.5,21.6,0
459,2021-09,21.6,21.6,22.5,22.5,1
459,2021-10,22.5,10.1,11.9,24.2,0
459,2021-11,24.2,24.2,30.4,30.4,5
459,2021-12,30.4,23.3,22.4,29.5,0
459,2022-01,29.5,16.4,11.3,24.3,0
459,2022-02,24.3,13.9,14.3,24.7,0
459,2022-03,24.7,23.8,23.3,24.2,0
459,2022-04,24.2,16.3,14.2,22.1,0
459,2022-05,22.1,17.9,18.6,22.8,0
459,2022-06,22.8,18.3,20.5,24.9,0
459,2022-07,24.9,20.8,21.0,25.1,0
459,2022-08,25.1,13.1,11.0,23.0,0
459,2022-09,23.0,17.5,18.1,23.6,0
459,2022-10,23.6,16.3,15.2,22.6,0
459,2022-11,22.6,22.6,30.6,30.6,3
459,2022-12,30.6,28.0,28.1,30.7,0
459,2023-01,30.7,15.7,8.5,23.4,0
459,2023-02,23.4,19.3,20.8,24.9,0
459,2023-03,24.9,22.7,19.9,22.1,0
459,2023-04,22.1,16.5,19.5,25.1,0
459,2023-05,25.1,18.0,17.8,24.8,0
459,2023-06,24.8,19.5,16.5,21.8,0
459,2023-07,21.8,19.0,19.6,22.4,0
459,2023-08,22.4,17.6,16.8,21.6,0
459,2023-09,21.6,21.3,20.6,20.9,0
459,2023-10,20.9,20.9,23.9,23.9,2
459,2023-11,23.9,23.7,30.7,30.9,0
459,2023-12,30.9,28.7,29.4,31.6,0
459,2024-01,31.6,19.7,11.4,23.2,0
459,2024-02,23.2,17.1,18.7,24.8,0
459,2024-03,24.8,21.2,21.7,25.3,0
459,2024-04,25.3,14.6,12.3,23.0,0
459,2024-05,23.0,20.3,22.1,24.8,0
459,2024-06,24.8,17.1,14.8,22.5,0
459,2024-07,22.5,13.7,15.6,24.4,0
459,2024-08,24.4,11.2,11.8,25.0,0
459,2024-09,25.0,17.4,14.8,22.4,0
459,2024-10,22.4,17.6,19.2,24.0,0
459,2024-11,24.0,24.0,33.0,33.0,6
459,2024-12,33.0,18.7,15.3,29.5,0
459,2025-01,29.5,21.0,13.8,22.3,0
459,2025-02,22.3,16.4,16.5,22.5,0
459,2025-03,22.5,22.5,21.5,21.5,1
459,2025-04,21.5,21.5,21.5,21.5,2
459,2025-05,21.5,19.0,21.1,23.6,0
459,2025-06,23.6,23.6,24.1,24.1,2
459,2025-07,24.1,17.3,15.1,21.9,0
459,2025-08,21.9,18.1,20.6,24.4,0
459,2025-09,24.4,23.7,20.4,21.2,0
459,2025-10,21.2,14.0,16.1,23.2,0
459,2025-11,23.2,23.2,30.5,30.5,6
459,2025-12,30.5,30.5,27.7,27.7,1
460,2021-01,58.3,19.2,18.5,57.6,0
460,2021-02,57.6,15.1,16.0,58.6,0
460,2021-03,58.6,17.4,15.9,57.0,0
460,2021-04,57.0,13.2,14.2,58.0,0
460,2021-05,58.0,18.8,16.6,55.8,0
460,2021-06,55.8,12.3,13.0,56.6,0
460,2021-07,56.6,12.3,12.6,56.8,0
460,2021-08,56.8,15.3,14.5,56.1,0
460,2021-09,56.1,19.5,22.3,59.0,0
460,2021-10,59.0,9.3,8.7,58.4,0
460,2021-11,58.4,24.2,50.3,84.4,0
460,2021-12,84.4,15.5,4.1,73.0,0
460,2022-01,73.0,17.5,2.6,58.2,0
460,2022-02,58.2,18.9,16.5,55.7,0
460,2022-03,55.7,15.7,15.7,55.7,0
460,2022-04,55.7,14.6,17.8,58.8,0
460,2022-05,58.8,18.7,18.8,58.8,0
460,2022-06,58.8,15.1,14.7,58.5,0
460,2022-07,58.5,11.2,10.0,57.3,0
460,2022-08,57.3,13.1,13.1,57.3,0
460,2022-09,57.3,15.1,15.5,57.7,0
460,2022-10,57.7,9.8,9.5,57.4,0
460,2022-11,57.4,23.2,44.8,79.0,0
460,2022-12,79.0,20.8,15.3,73.5,0
460,2023-01,73.5,18.0,2.4,57.9,0
460,2023-02,57.9,15.2,15.3,58.0,0
460,2023-03,58.0,13.7,14.3,58.6,0
460,2023-04,58.6,17.7,16.4,57.3,0
460,2023-05,57.3,12.8,12.7,57.2,0
460,2023-06,57.2,18.4,16.6,55.4,0
460,2023-07,55.4,12.5,14.3,57.3,0
460,2023-08,57.3,18.4,20.1,59.0,0
460,2023-09,59.0,14.3,13.0,57.8,0
460,2023-10,57.8,17.2,15.4,56.0,0
460,2023-11,56.0,24.8,54.0,85.2,0
460,2023-12,85.2,18.2,5.3,72.3,0
460,2024-01,72.3,11.9,0.0,60.4,0
460,2024-02,60.4,19.5,14.9,55.8,0
460,2024-03,55.8,12.6,13.6,56.8,0
460,2024-04,56.8,15.8,14.9,55.9,0
460,2024-05,55.9,14.3,17.2,58.7,0
460,2024-06,58.7,18.1,15.5,56.1,0
460,2024-07,56.1,19.3,21.7,58.5,0
460,2024-08,58.5,12.5,10.5,56.5,0
460,2024-09,56.5,18.0,17.6,56.1,0
460,2024-10,56.1,13.6,15.9,58.4,0
460,2024-11,58.4,22.9,43.8,79.2,0
460,2024-12,79.2,17.9,9.8,71.1,0
460,2025-01,71.1,16.4,3.5,58.2,0
460,2025-02,58.2,17.0,16.2,57.4,0
460,2025-03,57.4,11.8,11.1,56.7,0
460,2025-04,56.7,12.6,14.9,59.0,0
460,2025-05,59.0,16.1,15.0,57.8,0
460,2025-06,57.8,16.1,14.8,56.5,0
460,2025-07,56.5,13.2,13.8,57.1,0
460,2025-08,57.1,15.7,16.1,57.5,0
460,2025-09,57.5,15.3,15.3,57.4,0
460,2025-10,57.4,15.4,13.9,56.0,0
460,2025-11,56.0,21.1,44.9,79.8,0
460,2025-12,79.8,17.6,10.6,72.9,0
461,2021-01,28.2,15.4,13.6,26.5,0
461,2021-02,26.5,10.5,11.7,27.7,0
461,2021-03,27.7,11.1,10.7,27.3,0
461,2021-04,27.3,12.5,11.6,26.3,0
461,2021-05,26.3,15.5,17.8,28.7,0
461,2021-06,28.7,14.5,12.2,26.4,0
461,2021-07,26.4,17.7,17.7,26.4,0
461,2021-08,26.4,15.3,17.7,28.7,0
461,2021-09,28.7,13.4,11.7,27.0,0
461,2021-10,27.0,13.0,14.6,28.6,0
461,2021-11,28.6,23.7,34.5,39.3,0
461,2021-12,39.3,20.1,13.8,33.0,0
461,2022-01,33.0,14.3,9.7,28.4,0
461,2022-02,28.4,17.3,17.4,28.5,0
461,2022-03,28.5,18.0,16.2,26.7,0
461,2022-04,26.7,16.7,17.2,27.1,0
461,2022-05,27.1,18.8,19.9,28.1,0
461,2022-06,28.1,13.7,13.0,27.4,0
461,2022-07,27.4,15.5,14.1,26.0,0
461,2022-08,26.0,12.3,14.8,28.5,0
461,2022-09,28.5,16.6,16.7,28.5,0
461,2022-10,28.5,14.0,13.1,27.6,0
461,2022-11,27.6,20.2,34.4,41.8,0
461,2022-12,41.8,18.6,11.3,34.5,0
461,2023-01,34.5,11.7,5.2,27.9,0
461,2023-02,27.9,16.3,15.2,26.9,0
461,2023-03,26.9,7.3,7.5,27.1,0
461,2023-04,27.1,11.7,13.2,28.6,0
461,2023-05,28.6,16.3,13.6,25.9,0
461,2023-06,25.9,16.7,16.6,25.9,0
461,2023-07,25.9,16.8,17.5,26.5,0
461,2023-08,26.5,13.4,14.8,27.9,0
461,2023-09,27.9,11.5,11.4,27.8,0
461,2023-10,27.8,17.5,17.2,27.5,0
461,2023-11,27.5,26.2,34.2,35.5,0
461,2023-12,35.5,19.0,16.6,33.0,0
461,2024-01,33.0,12.9,7.3,27.5,0
461,2024-02,27.5,19.2,20.5,28.8,0
461,2024-03,28.8,14.1,13.3,28.0,0
461,2024-04,28.0,15.6,13.6,26.1,0
461,2024-05,26.1,14.0,14.4,26.4,0
461,2024-06,26.4,14.9,15.3,26.8,0
461,2024-07,26.8,13.5,14.1,27.4,0
461,2024-08,27.4,14.0,15.1,28.6,0
461,2024-09,28.6,13.0,12.3,27.9,0
461,2024-10,27.9,15.0,15.3,28.1,0
461,2024-11,28.1,23.0,35.0,40.1,0
461,2024-12,40.1,18.9,12.4,33.7,0
461,2025-01,33.7,16.1,9.8,27.4,0
461,2025-02,27.4,10.4,10.7,27.8,0
461,2025-03,27.8,17.8,18.2,28.2,0
461,2025-04,28.2,11.1,11.1,28.2,0
461,2025-05,28.2,12.6,12.3,28.0,0
461,2025-06,28.0,10.8,10.4,27.6,0
461,2025-07,27.6,13.0,12.6,27.1,0
461,2025-08,27.1,13.4,14.0,27.7,0
461,2025-09,27.7,8.4,9.2,28.5,0
461,2025-10,28.5,19.0,19.0,28.5,0
461,2025-11,28.5,23.5,32.0,37.0,0
461,2025-12,37.0,18.3,14.3,33.0,0
462,2021-01,5.2,5.2,5.0,5.0,11
462,2021-02,5.0,5.0,4.6,4.6,11
462,2021-03,4.6,4.6,4.7,4.7,3
462,2021-04,4.7,4.7,4.7,4.7,13
462,2021-05,4.7,4.7,5.2,5.2,12
462,2021-06,5.2,5.2,5.3,5.3,11
462,2021-07,5.3,5.3,5.3,5.3,10
462,2021-08,5.3,5.3,5.4,5.4,13
462,2021-09,5.4,4.9,4.2,4.7,0
462,2021-10,4.7,4.7,4.8,4.8,13
462,2021-11,4.8,4.8,7.7,7.7,18
462,2021-12,7.7,7.7,5.9,5.9,4
462,2022-01,5.9,5.9,4.8,4.8,7
462,2022-02,4.8,4.8,4.6,4.6,11
462,2022-03,4.6,4.6,5.2,5.2,16
462,2022-04,5.2,5.2,4.8,4.8,11
462,2022-05,4.8,4.8,4.5,4.5,11
462,2022-06,4.5,4.5,5.2,5.2,2
462,2022-07,5.2,5.2,5.3,5.3,3
462,2022-08,5.3,5.3,4.9,4.9,9
462,2022-09,4.9,4.9,5.3,5.3,15
462,2022-10,5.3,5.3,5.1,5.1,8
462,2022-11,5.1,5.1,7.5,7.5,14
462,2022-12,7.5,7.5,6.2,6.2,2
462,2023-01,6.2,6.2,4.5,4.5,6
462,2023-02,4.5,4.5,5.4,5.4,4
462,2023-03,5.4,5.4,4.8,4.8,10
462,2023-04,4.8,4.8,5.1,5.1,13
462,2023-05,5.1,5.1,5.3,5.3,9
462,2023-06,5.3,5.3,4.9,4.9,12
462,2023-07,4.9,4.9,4.8,4.8,7
462,2023-08,4.8,4.8,4.8,4.8,9
462,2023-09,4.8,4.8,4.7,4.7,7
462,2023-10,4.7,4.7,4.8,4.8,17
462,2023-11,4.8,4.8,6.4,6.4,19
462,2023-12,6.4,6.4,6.3,6.3,10
462,2024-01,6.3,6.3,4.9,4.9,4
462,2024-02,4.9,4.9,4.7,4.7,9
462,2024-03,4.7,4.7,5.0,5.0,13
462,2024-04,5.0,5.0,4.6,4.6,10
462,2024-05,4.6,4.6,5.3,5.3,12
462,2024-06,5.3,5.3,5.0,5.0,10
462,2024-07,5.0,5.0,5.4,5.4,15
462,2024-08,5.4,5.4,5.1,5.1,9
462,2024-09,5.1,5.1,4.5,4.5,10
462,2024-10,4.5,4.5,4.6,4.6,12
462,2024-11,4.6,4.6,7.5,7.5,18
462,2024-12,7.5,7.5,6.7,6.7,4
462,2025-01,6.7,6.7,4.5,4.5,4
462,2025-02,4.5,4.5,4.8,4.8,14
462,2025-03,4.8,4.8,5.4,5.4,7
462,2025-04,5.4,5.4,4.6,4.6,11
462,2025-05,4.6,4.6,4.5,4.5,15
462,2025-06,4.5,4.5,4.8,4.8,14
462,2025-07,4.8,4.8,5.4,5.4,14
462,2025-08,5.4,5.4,4.7,4.7,13
462,2025-09,4.7,4.7,4.6,4.6,12
462,2025-10,4.6,4.6,4.8,4.8,19
462,2025-11,4.8,4.8,7.2,7.2,17
462,2025-12,7.2,7.2,6.4,6.4,7
463,2021-01,29.9,19.9,18.4,28.5,0
463,2021-02,28.5,28.5,30.5,30.5,4
463,2021-03,30.5,24.9,24.9,30.6,0
463,2021-04,30.6,24.0,24.4,31.0,0
463,2021-05,31.0,25.2,22.5,28.2,0
463,2021-06,28.2,16.9,19.0,30.2,0
463,2021-07,30.2,21.8,19.8,28.3,0
463,2021-08,28.3,27.3,29.2,30.2,0
463,2021-09,30.2,21.4,20.9,29.7,0
463,2021-10,29.7,27.3,25.4,27.8,0
463,2021-11,27.8,27.8,38.1,38.1,4
463,2021-12,38.1,22.2,19.4,35.4,0
463,2022-01,35.4,28.3,22.5,29.5,0
463,2022-02,29.5,18.5,16.2,27.3,0
463,2022-03,27.3,26.5,27.1,27.9,0
463,2022-04,27.9,17.1,17.2,28.0,0
463,2022-05,28.0,20.6,20.3,27.7,0
463,2022-06,27.7,17.7,17.0,27.1,0
463,2022-07,27.1,25.3,27.2,29.0,0
463,2022-08,29.0,17.0,15.5,27.4,0
463,2022-09,27.4,22.1,22.5,27.8,0
463,2022-10,27.8,20.0,22.3,30.0,0
463,2022-11,30.0,30.0,42.0,42.0,2
463,2022-12,42.0,25.8,21.4,37.5,0
463,2023-01,37.5,23.9,16.8,30.5,0
463,2023-02,30.5,27.5,26.1,29.0,0
463,2023-03,29.0,24.2,22.6,27.4,0
463,2023-04,27.4,17.8,20.9,30.5,0
463,2023-05,30.5,20.9,19.7,29.3,0
463,2023-06,29.3,22.0,22.6,29.9,0
463,2023-07,29.9,28.3,25.2,26.8,0
463,2023-08,26.8,26.8,28.0,28.0,1
463,2023-09,28.0,28.0,26.7,26.7,0
463,2023-10,26.7,22.2,22.5,27.0,0
463,2023-11,27.0,22.2,35.1,39.9,0
463,2023-12,39.9,28.7,22.9,34.0,0
463,2024-01,34.0,23.7,18.9,29.2,0
463,2024-02,29.2,22.1,20.7,27.8,0
463,2024-03,27.8,22.0,24.4,30.2,0
463,2024-04,30.2,25.3,24.5,29.4,0
463,2024-05,29.4,17.3,17.3,29.4,0
463,2024-06,29.4,18.2,19.4,30.7,0
463,2024-07,30.7,24.4,22.7,28.9,0
463,2024-08,28.9,26.4,28.4,30.9,0
463,2024-09,30.9,23.4,21.8,29.3,0
463,2024-10,29.3,12.1,10.8,28.1,0
463,2024-11,28.1,28.1,38.6,38.6,1
463,2024-12,38.6,28.3,27.0,37.2,0
463,2025-01,37.2,22.9,14.1,28.4,0
463,2025-02,28.4,19.1,19.9,29.3,0
463,2025-03,29.3,28.9,25.6,25.9,0
463,2025-04,25.9,20.9,25.6,30.7,0
463,2025-05,30.7,20.5,20.0,30.1,0
463,2025-06,30.1,24.2,23.5,29.3,0
463,2025-07,29.3,25.4,25.2,29.2,0
463,2025-08,29.2,21.8,21.4,28.8,0
463,2025-09,28.8,14.6,13.9,28.2,0
463,2025-10,28.2,28.2,28.3,28.3,2
463,2025-11,28.3,28.3,37.6,37.6,6
463,2025-12,37.6,30.5,29.9,37.0,0
464,2021-01,125.2,85.6,76.6,116.2,0
464,2021-02,116.2,105.3,111.6,122.6,0
464,2021-03,122.6,87.7,92.9,127.8,0
464,2021-04,127.8,76.6,68.8,120.0,0
464,2021-05,120.0,85.7,85.4,119.6,0
464,2021-06,119.6,95.8,94.5,118.3,0
464,2021-07,118.3,85.0,81.4,114.8,0
464,2021-08,114.8,106.3,120.3,128.8,0
464,2021-09,128.8,96.6,92.0,124.2,0
464,2021-10,124.2,80.2,79.0,123.0,0
464,2021-11,123.0,123.0,154.9,154.9,1
464,2021-12,154.9,83.0,82.7,154.5,0
464,2022-01,154.5,93.2,56.6,117.9,0
464,2022-02,117.9,58.1,65.7,125.6,0
464,2022-03,125.6,94.2,89.9,121.3,0
464,2022-04,121.3,73.4,79.4,127.4,0
464,2022-05,127.4,93.0,81.0,115.3,0
464,2022-06,115.3,88.4,90.8,117.7,0
464,2022-07,117.7,117.7,130.5,130.5,2
464,2022-08,130.5,90.0,80.6,121.1,0
464,2022-09,121.1,83.2,74.7,112.6,0
464,2022-10,112.6,96.2,100.2,116.7,0
464,2022-11,116.7,113.9,163.6,166.4,0
464,2022-12,166.4,103.4,92.5,155.5,0
464,2023-01,155.5,94.4,66.7,127.7,0
464,2023-02,127.7,83.9,81.9,125.7,0
464,2023-03,125.7,78.8,81.3,128.2,0
464,2023-04,128.2,90.3,86.7,124.6,0
464,2023-05,124.6,59.7,54.1,119.0,0
464,2023-06,119.0,67.9,66.8,118.0,0
464,2023-07,118.0,101.0,100.6,117.5,0
464,2023-08,117.5,82.7,82.0,116.8,0
464,2023-09,116.8,79.9,75.3,112.2,0
464,2023-10,112.2,103.5,117.4,126.1,0
464,2023-11,126.1,126.1,182.2,182.2,0
464,2023-12,182.2,114.9,89.7,157.0,0
464,2024-01,157.0,49.7,18.1,125.5,0
464,2024-02,125.5,111.0,116.1,130.6,0
464,2024-03,130.6,74.1,70.2,126.8,0
464,2024-04,126.8,93.7,85.0,118.1,0
464,2024-05,118.1,82.6,94.1,129.5,0
464,2024-06,129.5,106.5,87.1,110.1,0
464,2024-07,110.1,81.3,100.7,129.5,0
464,2024-08,129.5,81.8,71.2,118.8,0
464,2024-09,118.8,87.8,94.3,125.3,0
464,2024-10,125.3,88.5,75.9,112.7,0
464,2024-11,112.7,112.7,167.7,167.7,0
464,2024-12,167.7,86.7,67.6,148.5,0
464,2025-01,148.5,66.6,42.1,124.0,0
464,2025-02,124.0,73.4,75.8,126.4,0
464,2025-03,126.4,81.6,79.4,124.2,0
464,2025-04,124.2,110.9,114.7,127.9,0
464,2025-05,127.9,72.5,70.0,125.5,0
464,2025-06,125.5,81.1,74.7,119.1,0
464,2025-07,119.1,90.4,97.7,126.3,0
464,2025-08,126.3,93.5,82.4,115.2,0
464,2025-09,115.2,86.9,90.3,118.6,0
464,2025-10,118.6,96.3,103.3,125.6,0
464,2025-11,125.6,125.6,181.2,181.2,2
464,2025-12,181.2,111.3,73.9,143.9,0
465,2021-01,84.7,27.9,27.9,84.7,0
465,2021-02,84.7,24.4,23.5,83.8,0
465,2021-03,83.8,26.7,28.3,85.4,0
465,2021-04,85.4,24.8,25.1,85.7,0
465,2021-05,85.7,23.2,21.0,83.5,0
465,2021-06,83.5,29.8,27.9,81.7,0
465,2021-07,81.7,14.1,16.0,83.6,0
465,2021-08,83.6,17.3,17.4,83.7,0
465,2021-09,83.7,23.3,22.7,83.1,0
465,2021-10,83.1,18.4,20.1,84.9,0
465,2021-11,84.9,31.4,63.6,117.1,0
465,2021-12,117.1,33.0,22.1,106.2,0
465,2022-01,106.2,23.6,2.0,84.5,0
465,2022-02,84.5,20.5,18.1,82.1,0
465,2022-03,82.1,18.1,19.5,83.6,0
465,2022-04,83.6,23.8,21.9,81.7,0
465,2022-05,81.7,22.4,26.6,85.9,0
465,2022-06,85.9,26.1,24.4,84.2,0
465,2022-07,84.2,20.9,19.7,83.0,0
465,2022-08,83.0,18.7,20.6,84.9,0
465,2022-09,84.9,23.2,22.2,84.0,0
465,2022-10,84.0,19.8,17.9,82.1,0
465,2022-11,82.1,32.7,76.9,126.3,0
465,2022-12,126.3,26.6,6.0,105.7,0
465,2023-01,105.7,22.3,1.2,84.6,0
465,2023-02,84.6,18.6,19.7,85.7,0
465,2023-03,85.7,15.3,13.6,84.0,0
465,2023-04,84.0,26.4,23.4,80.9,0
465,2023-05,80.9,20.6,22.6,82.9,0
465,2023-06,82.9,31.5,30.8,82.2,0
465,2023-07,82.2,19.0,21.8,85.0,0
465,2023-08,85.0,24.5,22.8,83.4,0
465,2023-09,83.4,29.6,31.0,84.7,0
465,2023-10,84.7,20.1,20.2,84.8,0
465,2023-11,84.8,34.9,63.0,112.9,0
465,2023-12,112.9,30.6,20.2,102.5,0
465,2024-01,102.5,12.8,0.0,89.7,0
465,2024-02,89.7,24.0,17.5,83.2,0
465,2024-03,83.2,20.7,19.4,81.8,0
465,2024-04,81.8,16.8,17.9,82.9,0
465,2024-05,82.9,23.9,23.3,82.4,0
465,2024-06,82.4,19.0,18.5,81.8,0
465,2024-07,81.8,23.4,23.2,81.6,0
465,2024-08,81.6,14.1,17.1,84.6,0
465,2024-09,84.6,20.8,18.5,82.4,0
465,2024-10,82.4,21.7,22.6,83.3,0
465,2024-11,83.3,29.8,61.7,115.2,0
465,2024-12,115.2,24.1,14.7,105.9,0
465,2025-01,105.9,18.5,0.0,87.4,0
465,2025-02,87.4,17.6,15.0,84.8,0
465,2025-03,84.8,24.1,22.1,82.7,0
465,2025-04,82.7,22.6,24.8,85.0,0
465,2025-05,85.0,28.6,24.3,80.8,0
465,2025-06,80.8,19.9,24.6,85.4,0
465,2025-07,85.4,21.6,21.7,85.5,0
465,2025-08,85.5,29.7,29.3,85.1,0
465,2025-09,85.1,27.5,26.6,84.2,0
465,2025-10,84.2,23.2,22.0,83.0,0
465,2025-11,83.0,36.6,75.0,121.4,0
465,2025-12,121.4,22.0,5.8,105.2,0
466,2021-01,42.8,11.6,11.8,43.0,0
466,2021-02,43.0,10.4,9.4,42.0,0
466,2021-03,42.0,7.3,7.1,41.8,0
466,2021-04,41.8,10.7,10.0,41.1,0
466,2021-05,41.1,8.3,8.7,41.5,0
466,2021-06,41.5,9.8,11.4,43.1,0
466,2021-07,43.1,5.8,5.3,42.6,0
466,2021-08,42.6,6.9,6.6,42.2,0
466,2021-09,42.2,9.7,8.8,41.3,0
466,2021-10,41.3,7.7,8.6,42.2,0
466,2021-11,42.2,14.7,32.9,60.3,0
466,2021-12,60.3,10.5,3.5,53.2,0
466,2022-01,53.2,9.6,0.0,43.7,0
466,2022-02,43.7,9.9,8.1,41.9,0
466,2022-03,41.9,7.7,7.5,41.7,0
466,2022-04,41.7,10.9,11.6,42.3,0
466,2022-05,42.3,8.1,8.0,42.2,0
466,2022-06,42.2,10.9,11.3,42.6,0
466,2022-07,42.6,11.6,10.3,41.3,0
466,2022-08,41.3,6.0,6.9,42.2,0
466,2022-09,42.2,4.8,5.3,42.7,0
466,2022-10,42.7,12.2,11.3,41.8,0
466,2022-11,41.8,17.0,36.2,61.0,0
466,2022-12,61.0,10.5,3.1,53.6,0
466,2023-01,53.6,8.1,0.0,45.5,0
466,2023-02,45.5,9.6,6.7,42.6,0
466,2023-03,42.6,10.8,10.7,42.5,0
466,2023-04,42.5,10.6,11.0,42.9,0
466,2023-05,42.9,8.7,8.0,42.2,0
466,2023-06,42.2,8.0,8.5,42.7,0
466,2023-07,42.7,12.1,12.0,42.5,0
466,2023-08,42.5,10.4,9.9,42.0,0
466,2023-09,42.0,12.0,11.3,41.3,0
466,2023-10,41.3,11.0,11.8,42.1,0
466,2023-11,42.1,16.3,31.2,57.0,0
466,2023-12,57.0,10.4,6.5,53.1,0
466,2024-01,53.1,11.6,1.3,42.9,0
466,2024-02,42.9,11.5,11.7,43.0,0
466,2024-03,43.0,12.1,12.2,43.2,0
466,2024-04,43.2,8.2,7.8,42.8,0
466,2024-05,42.8,10.1,9.6,42.3,0
466,2024-06,42.3,8.7,9.1,42.7,0
466,2024-07,42.7,7.8,8.1,43.0,0
466,2024-08,43.0,11.6,10.1,41.5,0
466,2024-09,41.5,10.8,11.7,42.4,0
466,2024-10,42.4,11.1,10.7,42.1,0
466,2024-11,42.1,13.5,32.9,61.5,0
466,2024-12,61.5,10.9,2.9,53.5,0
466,2025-01,53.5,10.4,0.0,43.1,0
466,2025-02,43.1,10.4,9.8,42.4,0
466,2025-03,42.4,9.8,9.6,42.2,0
466,2025-04,42.2,10.7,10.6,42.1,0
466,2025-05,42.1,8.8,8.6,41.9,0
466,2025-06,41.9,11.0,10.3,41.2,0
466,2025-07,41.2,7.2,8.2,42.1,0
466,2025-08,42.1,9.4,9.6,42.4,0
466,2025-09,42.4,8.4,8.9,42.9,0
466,2025-10,42.9,8.6,8.7,42.9,0
466,2025-11,42.9,11.4,29.4,60.9,0
466,2025-12,60.9,10.6,3.1,53.4,0
467,2021-01,30.5,14.9,13.8,29.3,0
467,2021-02,29.3,13.1,12.6,28.9,0
467,2021-03,28.9,15.6,17.7,31.0,0
467,2021-04,31.0,16.4,13.6,28.1,0
467,2021-05,28.1,17.0,20.2,31.3,0
467,2021-06,31.3,16.7,13.9,28.5,0
467,2021-07,28.5,18.5,18.7,28.7,0
467,2021-08,28.7,16.5,18.0,30.2,0
467,2021-09,30.2,17.5,15.5,28.1,0
467,2021-10,28.1,14.5,16.8,30.4,0
467,2021-11,30.4,22.6,35.6,43.4,0
467,2021-12,43.4,17.8,11.2,36.9,0
467,2022-01,36.9,15.6,8.7,30.0,0
467,2022-02,30.0,13.2,11.7,28.5,0
467,2022-03,28.5,19.5,19.8,28.8,0
467,2022-04,28.8,15.8,17.7,30.8,0
467,2022-05,30.8,16.5,15.2,29.5,0
467,2022-06,29.5,15.3,15.6,29.8,0
467,2022-07,29.8,13.6,12.2,28.4,0
467,2022-08,28.4,15.3,15.2,28.2,0
467,2022-09,28.2,17.6,20.0,30.6,0
467,2022-10,30.6,17.6,15.1,28.1,0
467,2022-11,28.1,26.7,44.2,45.7,0
467,2022-12,45.7,19.7,10.9,37.0,0
467,2023-01,37.0,16.2,10.0,30.7,0
467,2023-02,30.7,14.8,15.3,31.1,0
467,2023-03,31.1,9.8,8.9,30.3,0
467,2023-04,30.3,15.0,15.0,30.2,0
467,2023-05,30.2,15.2,14.3,29.3,0
467,2023-06,29.3,17.9,19.3,30.7,0
467,2023-07,30.7,14.7,14.6,30.7,0
467,2023-08,30.7,13.4,12.6,29.9,0
467,2023-09,29.9,16.7,15.5,28.7,0
467,2023-10,28.7,10.4,12.6,31.0,0
467,2023-11,31.0,23.7,37.2,44.5,0
467,2023-12,44.5,17.7,11.7,38.5,0
467,2024-01,38.5,16.1,7.5,29.9,0
467,2024-02,29.9,12.4,13.5,31.0,0
467,2024-03,31.0,16.0,15.5,30.5,0
467,2024-04,30.5,10.4,10.2,30.3,0
467,2024-05,30.3,7.3,6.4,29.4,0
467,2024-06,29.4,13.4,14.6,30.6,0
467,2024-07,30.6,14.4,13.3,29.5,0
467,2024-08,29.5,13.2,14.6,30.9,0
467,2024-09,30.9,16.0,13.7,28.6,0
467,2024-10,28.6,15.0,16.8,30.4,0
467,2024-11,30.4,20.3,30.3,40.4,0
467,2024-12,40.4,16.3,13.9,38.0,0
467,2025-01,38.0,16.1,8.8,30.6,0
467,2025-02,30.6,12.9,13.4,31.1,0
467,2025-03,31.1,13.5,11.7,29.3,0
467,2025-04,29.3,15.3,16.9,30.9,0
467,2025-05,30.9,14.4,12.2,28.7,0
467,2025-06,28.7,13.0,13.5,29.2,0
467,2025-07,29.2,12.3,13.1,30.0,0
467,2025-08,30.0,15.9,17.2,31.3,0
467,2025-09,31.3,11.8,10.8,30.3,0
467,2025-10,30.3,15.1,14.3,29.5,0
467,2025-11,29.5,17.5,31.0,43.0,0
467,2025-12,43.0,19.5,12.6,36.0,0
468,2021-01,17.9,2.5,2.5,17.9,0
468,2021-02,17.9,3.3,3.0,17.5,0
468,2021-03,17.5,4.3,4.7,17.9,0
468,2021-04,17.9,2.5,2.5,17.8,0
468,2021-05,17.8,2.9,2.6,17.5,0
468,2021-06,17.5,3.8,4.1,17.9,0
468,2021-07,17.9,2.6,2.3,17.6,0
468,2021-08,17.6,3.0,2.8,17.4,0
468,2021-09,17.4,4.1,4.4,17.7,0
468,2021-10,17.7,4.3,3.9,17.3,0
468,2021-11,17.3,4.9,13.6,26.1,0
468,2021-12,26.1,4.6,0.9,22.3,0
468,2022-01,22.3,4.9,0.5,17.9,0
468,2022-02,17.9,4.2,4.1,17.9,0
468,2022-03,17.9,3.6,3.4,17.7,0
468,2022-04,17.7,3.1,3.5,18.0,0
468,2022-05,18.0,2.8,2.6,17.8,0
468,2022-06,17.8,3.4,3.3,17.8,0
468,2022-07,17.8,3.1,3.3,18.0,0
468,2022-08,18.0,3.4,3.5,18.0,0
468,2022-09,18.0,3.6,3.5,17.9,0
468,2022-10,17.9,2.8,2.4,17.5,0
468,2022-11,17.5,5.7,14.1,25.9,0
468,2022-12,25.9,5.2,1.8,22.4,0
468,2023-01,22.4,3.9,0.0,18.5,0
468,2023-02,18.5,3.1,2.2,17.7,0
468,2023-03,17.7,3.5,3.3,17.5,0
468,2023-04,17.5,3.6,3.6,17.5,0
468,2023-05,17.5,2.9,3.0,17.6,0
468,2023-06,17.6,3.3,3.3,17.5,0
468,2023-07,17.5,2.4,2.5,17.6,0
468,2023-08,17.6,2.8,3.0,17.9,0
468,2023-09,17.9,3.9,3.8,17.8,0
468,2023-10,17.8,3.4,3.5,17.8,0
468,2023-11,17.8,4.0,11.8,25.7,0
468,2023-12,25.7,4.2,0.9,22.3,0
468,2024-01,22.3,3.6,0.0,18.8,0
468,2024-02,18.8,3.6,2.5,17.6,0
468,2024-03,17.6,2.6,2.9,17.8,0
468,2024-04,17.8,3.5,3.5,17.8,0
468,2024-05,17.8,3.5,3.2,17.6,0
468,2024-06,17.6,5.4,5.2,17.4,0
468,2024-07,17.4,2.9,3.3,17.8,0
468,2024-08,17.8,4.2,4.1,17.7,0
468,2024-09,17.7,4.3,4.1,17.5,0
468,2024-10,17.5,2.8,3.1,17.8,0
468,2024-11,17.8,3.8,12.1,26.2,0
468,2024-12,26.2,4.5,0.6,22.3,0
468,2025-01,22.3,2.7,0.0,19.6,0
468,2025-02,19.6,3.7,1.7,17.6,0
468,2025-03,17.6,4.0,4.2,17.8,0
468,2025-04,17.8,2.3,2.5,18.0,0
468,2025-05,18.0,2.3,2.1,17.7,0
468,2025-06,17.7,2.8,2.6,17.5,0
468,2025-07,17.5,3.3,3.9,18.1,0
468,2025-08,18.1,2.6,2.1,17.6,0
468,2025-09,17.6,3.9,3.9,17.6,0
468,2025-10,17.6,3.4,3.4,17.6,0
468,2025-11,17.6,5.1,14.0,26.5,0
468,2025-12,26.5,4.9,0.8,22.4,0
469,2021-01,46.3,10.9,9.9,45.3,0
469,2021-02,45.3,14.0,12.7,44.1,0
469,2021-03,44.1,10.2,12.7,46.6,0
469,2021-04,46.6,11.2,10.6,45.9,0
469,2021-05,45.9,7.9,8.6,46.6,0
469,2021-06,46.6,6.3,5.4,45.7,0
469,2021-07,45.7,9.0,8.9,45.6,0
469,2021-08,45.6,10.8,11.4,46.3,0
469,2021-09,46.3,10.8,10.8,46.3,0
469,2021-10,46.3,9.9,10.0,46.5,0
469,2021-11,46.5,15.3,34.6,65.8,0
469,2021-12,65.8,10.9,3.1,57.9,0
469,2022-01,57.9,9.5,0.0,48.4,0
469,2022-02,48.4,7.6,5.1,46.0,0
469,2022-03,46.0,13.4,12.9,45.5,0
469,2022-04,45.5,9.2,9.3,45.5,0
469,2022-05,45.5,10.0,9.9,45.5,0
469,2022-06,45.5,7.8,9.0,46.6,0
469,2022-07,46.6,11.5,11.1,46.3,0
469,2022-08,46.3,11.9,10.9,45.3,0
469,2022-09,45.3,9.4,10.9,46.7,0
469,2022-10,46.7,8.9,7.9,45.7,0
469,2022-11,45.7,14.1,30.7,62.3,0
469,2022-12,62.3,11.1,6.5,57.7,0
469,2023-01,57.7,9.3,0.0,48.3,0
469,2023-02,48.3,6.3,4.0,46.0,0
469,2023-03,46.0,11.5,11.4,46.0,0
469,2023-04,46.0,11.1,10.8,45.6,0
469,2023-05,45.6,10.9,10.9,45.6,0
469,2023-06,45.6,8.4,9.4,46.7,0
469,2023-07,46.7,8.8,8.7,46.5,0
469,2023-08,46.5,9.0,8.9,46.4,0
469,2023-09,46.4,9.4,8.8,45.8,0
469,2023-10,45.8,11.7,10.7,44.9,0
469,2023-11,44.9,14.1,37.9,68.7,0
469,2023-12,68.7,14.1,2.8,57.3,0
469,2024-01,57.3,9.2,0.0,48.1,0
469,2024-02,48.1,8.0,6.4,46.6,0
469,2024-03,46.6,7.6,6.5,45.4,0
469,2024-04,45.4,8.8,9.4,46.0,0
469,2024-05,46.0,9.1,9.0,46.0,0
469,2024-06,46.0,13.7,14.3,46.6,0
469,2024-07,46.6,11.7,11.8,46.7,0
469,2024-08,46.7,8.1,7.7,46.4,0
469,2024-09,46.4,9.4,7.9,44.9,0
469,2024-10,44.9,9.3,10.4,46.0,0
469,2024-11,46.0,11.9,32.9,67.0,0
469,2024-12,67.0,11.2,2.1,57.9,0
469,2025-01,57.9,8.0,0.0,49.8,0
469,2025-02,49.8,8.7,4.5,45.6,0
469,2025-03,45.6,8.5,8.7,45.8,0
469,2025-04,45.8,9.6,9.1,45.3,0
469,2025-05,45.3,11.0,11.6,45.9,0
469,2025-06,45.9,8.5,9.2,46.6,0
469,2025-07,46.6,9.3,8.7,46.0,0
469,2025-08,46.0,7.5,8.0,46.5,0
469,2025-09,46.5,10.2,10.5,46.8,0
469,2025-10,46.8,11.5,9.6,44.9,0
469,2025-11,44.9,13.8,32.5,63.6,0
469,2025-12,63.6,12.7,7.2,58.2,0
470,2021-01,22.6,5.0,4.7,22.3,0
470,2021-02,22.3,7.4,7.7,22.6,0
470,2021-03,22.6,6.4,6.8,22.9,0
470,2021-04,22.9,5.8,5.3,22.4,0
470,2021-05,22.4,5.1,4.8,22.0,0
470,2021-06,22.0,5.4,6.0,22.7,0
470,2021-07,22.7,4.7,4.7,22.7,0
470,2021-08,22.7,5.5,5.7,22.9,0
470,2021-09,22.9,4.9,4.3,22.3,0
470,2021-10,22.3,5.3,4.9,21.9,0
470,2021-11,21.9,8.4,16.9,30.3,0
470,2021-12,30.3,4.8,2.6,28.2,0
470,2022-01,28.2,4.3,0.0,23.9,0
470,2022-02,23.9,4.5,3.3,22.8,0
470,2022-03,22.8,4.4,3.6,22.0,0
470,2022-04,22.0,5.7,6.2,22.5,0
470,2022-05,22.5,4.9,4.7,22.3,0
470,2022-06,22.3,4.0,3.8,22.2,0
470,2022-07,22.2,5.6,5.3,21.9,0
470,2022-08,21.9,5.8,6.6,22.7,0
470,2022-09,22.7,5.0,4.8,22.5,0
470,2022-10,22.5,5.8,5.1,21.8,0
470,2022-11,21.8,7.6,16.8,31.0,0
470,2022-12,31.0,6.8,3.8,28.0,0
470,2023-01,28.0,6.5,1.2,22.7,0
470,2023-02,22.7,3.8,3.9,22.7,0
470,2023-03,22.7,5.6,5.2,22.3,0
470,2023-04,22.3,5.0,5.6,22.9,0
470,2023-05,22.9,5.7,5.2,22.4,0
470,2023-06,22.4,5.5,5.8,22.7,0
470,2023-07,22.7,6.4,6.0,22.2,0
470,2023-08,22.2,6.2,6.6,22.7,0
470,2023-09,22.7,4.8,4.6,22.4,0
470,2023-10,22.4,5.1,5.2,22.5,0
470,2023-11,22.5,8.3,19.5,33.7,0
470,2023-12,33.7,5.6,0.1,28.3,0
470,2024-01,28.3,5.5,0.0,22.8,0
470,2024-02,22.8,5.9,6.0,22.9,0
470,2024-03,22.9,5.0,4.4,22.3,0
470,2024-04,22.3,4.6,4.4,22.1,0
470,2024-05,22.1,4.6,5.4,22.8,0
470,2024-06,22.8,5.6,4.8,22.0,0
470,2024-07,22.0,5.3,5.8,22.5,0
470,2024-08,22.5,4.4,4.6,22.7,0
470,2024-09,22.7,4.3,3.7,22.1,0
470,2024-10,22.1,5.1,5.2,22.2,0
470,2024-11,22.2,5.8,14.7,31.0,0
470,2024-12,31.0,6.9,4.1,28.2,0
470,2025-01,28.2,4.0,0.0,24.3,0
470,2025-02,24.3,4.5,2.8,22.6,0
470,2025-03,22.6,5.5,5.6,22.7,0
470,2025-04,22.7,5.0,4.4,22.1,0
470,2025-05,22.1,4.3,4.2,22.1,0
470,2025-06,22.1,6.8,6.4,21.7,0
470,2025-07,21.7,5.2,5.3,21.8,0
470,2025-08,21.8,5.9,6.6,22.5,0
470,2025-09,22.5,5.2,4.7,22.0,0
470,2025-10,22.0,4.2,4.9,22.7,0
470,2025-11,22.7,6.4,14.1,30.5,0
470,2025-12,30.5,6.3,4.2,28.4,0
471,2021-01,5.1,5.1,5.2,5.2,12
471,2021-02,5.2,5.2,4.9,4.9,15
471,2021-03,4.9,4.9,5.0,5.0,9
471,2021-04,5.0,5.0,4.4,4.4,8
471,2021-05,4.4,4.4,4.5,4.5,10
471,2021-06,4.5,4.5,4.6,4.6,13
471,2021-07,4.6,4.6,4.9,4.9,9
471,2021-08,4.9,4.9,4.8,4.8,5
471,2021-09,4.8,4.8,4.8,4.8,11
471,2021-10,4.8,4.8,4.4,4.4,7
471,2021-11,4.4,4.4,6.4,6.4,18
471,2021-12,6.4,6.4,5.8,5.8,6
471,2022-01,5.8,5.8,4.8,4.8,8
471,2022-02,4.8,4.8,5.0,5.0,15
471,2022-03,5.0,5.0,4.9,4.9,11
471,2022-04,4.9,4.9,5.0,5.0,13
471,2022-05,5.0,5.0,4.9,4.9,8
471,2022-06,4.9,4.9,4.7,4.7,11
471,2022-07,4.7,4.7,5.2,5.2,14
471,2022-08,5.2,5.2,4.5,4.5,1
471,2022-09,4.5,4.5,5.0,5.0,14
471,2022-10,5.0,5.0,4.7,4.7,9
471,2022-11,4.7,4.7,7.0,7.0,18
471,2022-12,7.0,7.0,5.6,5.6,1
471,2023-01,5.6,5.6,5.1,5.1,13
471,2023-02,5.1,5.1,5.2,5.2,14
471,2023-03,5.2,5.2,5.2,5.2,8
471,2023-04,5.2,5.2,4.9,4.9,7
471,2023-05,4.9,4.9,5.1,5.1,12
471,2023-06,5.1,5.1,4.8,4.8,9
471,2023-07,4.8,4.8,4.6,4.6,5
471,2023-08,4.6,4.6,5.0,5.0,3
471,2023-09,5.0,5.0,4.6,4.6,5
471,2023-10,4.6,4.6,5.0,5.0,12
471,2023-11,5.0,5.0,7.5,7.5,17
471,2023-12,7.5,7.5,6.3,6.3,7
471,2024-01,6.3,6.3,4.8,4.8,5
471,2024-02,4.8,4.8,4.5,4.5,13
471,2024-03,4.5,4.5,4.7,4.7,13
471,2024-04,4.7,4.7,4.3,4.3,6
471,2024-05,4.3,4.3,4.6,4.6,12
471,2024-06,4.6,4.6,5.0,5.0,10
471,2024-07,5.0,5.0,5.1,5.1,13
471,2024-08,5.1,5.1,4.8,4.8,11
471,2024-09,4.8,4.8,4.4,4.4,13
471,2024-10,4.4,4.4,5.3,5.3,15
471,2024-11,5.3,5.3,7.5,7.5,15
471,2024-12,7.5,7.5,6.1,6.1,3
471,2025-01,6.1,6.1,4.5,4.5,7
471,2025-02,4.5,4.5,5.0,5.0,14
471,2025-03,5.0,5.0,4.4,4.4,13
471,2025-04,4.4,4.4,4.9,4.9,15
471,2025-05,4.9,4.9,4.5,4.5,9
471,2025-06,4.5,4.5,4.9,4.9,6
471,2025-07,4.9,4.9,4.4,4.4,2
471,2025-08,4.4,4.4,4.6,4.6,11
471,2025-09,4.6,4.6,4.4,4.4,11
471,2025-10,4.4,4.4,5.2,5.2,14
471,2025-11,5.2,5.2,7.6,7.6,15
471,2025-12,7.6,7.6,5.9,5.9,6
472,2021-01,65.6,18.4,18.7,65.9,0
472,2021-02,65.9,37.7,37.1,65.3,0
472,2021-03,65.3,26.7,27.9,66.6,0
472,2021-04,66.6,31.1,27.3,62.7,0
472,2021-05,62.7,36.4,40.2,66.5,0
472,2021-06,66.5,26.7,26.3,66.1,0
472,2021-07,66.1,33.6,33.8,66.3,0
472,2021-08,66.3,37.3,37.5,66.5,0
472,2021-09,66.5,30.7,27.1,62.9,0
472,2021-10,62.9,26.5,30.1,66.5,0
472,2021-11,66.5,53.3,75.9,89.1,0
472,2021-12,89.1,30.5,23.6,82.1,0
472,2022-01,82.1,29.9,12.5,64.8,0
472,2022-02,64.8,24.0,23.3,64.1,0
472,2022-03,64.1,27.4,28.3,65.0,0
472,2022-04,65.0,35.0,31.2,61.2,0
472,2022-05,61.2,27.6,32.4,65.9,0
472,2022-06,65.9,24.2,22.4,64.1,0
472,2022-07,64.1,28.0,25.6,61.8,0
472,2022-08,61.8,45.7,50.4,66.4,0
472,2022-09,66.4,30.1,26.9,63.2,0
472,2022-10,63.2,36.7,36.2,62.7,0
472,2022-11,62.7,60.8,84.7,86.7,0
472,2022-12,86.7,39.1,30.9,78.4,0
472,2023-01,78.4,32.4,18.3,64.3,0
472,2023-02,64.3,22.9,20.8,62.2,0
472,2023-03,62.2,38.1,43.1,67.2,0
472,2023-04,67.2,24.2,21.6,64.5,0
472,2023-05,64.5,32.8,28.9,60.6,0
472,2023-06,60.6,38.9,38.8,60.5,0
472,2023-07,60.5,20.7,23.8,63.5,0
472,2023-08,63.5,29.3,31.3,65.6,0
472,2023-09,65.6,30.1,31.6,67.1,0
472,2023-10,67.1,32.4,29.9,64.7,0
472,2023-11,64.7,39.1,62.0,87.6,0
472,2023-12,87.6,38.1,27.9,77.4,0
472,2024-01,77.4,28.4,14.5,63.5,0
472,2024-02,63.5,37.7,41.7,67.5,0
472,2024-03,67.5,28.1,22.4,61.8,0
472,2024-04,61.8,27.7,27.0,61.1,0
472,2024-05,61.1,25.0,26.3,62.4,0
472,2024-06,62.4,39.3,41.7,64.7,0
472,2024-07,64.7,34.8,37.1,67.1,0
472,2024-08,67.1,31.9,26.1,61.3,0
472,2024-09,61.3,28.8,32.4,64.9,0
472,2024-10,64.9,34.4,34.4,65.0,0
472,2024-11,65.0,50.4,77.8,92.4,0
472,2024-12,92.4,38.0,28.0,82.3,0
472,2025-01,82.3,35.2,16.0,63.2,0
472,2025-02,63.2,20.3,23.6,66.6,0
472,2025-03,66.6,34.5,32.0,64.1,0
472,2025-04,64.1,38.6,38.7,64.3,0
472,2025-05,64.3,39.7,35.6,60.2,0
472,2025-06,60.2,40.9,45.5,64.7,0
472,2025-07,64.7,29.8,32.2,67.1,0
472,2025-08,67.1,27.5,24.2,63.8,0
472,2025-09,63.8,27.9,26.2,62.1,0
472,2025-10,62.1,32.7,38.1,67.4,0
472,2025-11,67.4,38.0,58.1,87.5,0
472,2025-12,87.5,31.7,25.4,81.2,0
473,2021-01,15.4,6.1,5.7,15.0,0
473,2021-02,15.0,10.9,9.6,13.8,0
473,2021-03,13.8,9.8,9.8,13.8,0
473,2021-04,13.8,10.1,10.3,13.9,0
473,2021-05,13.9,8.6,10.3,15.6,0
473,2021-06,15.6,10.5,10.1,15.1,0
473,2021-07,15.1,9.6,9.5,15.1,0
473,2021-08,15.1,13.6,14.4,15.9,0
473,2021-09,15.9,9.1,8.3,15.1,0
473,2021-10,15.1,13.2,12.9,14.8,0
473,2021-11,14.8,14.8,21.7,21.7,9
473,2021-12,21.7,13.4,10.1,18.3,0
473,2022-01,18.3,11.0,8.1,15.4,0
473,2022-02,15.4,9.4,8.7,14.7,0
473,2022-03,14.7,11.8,11.9,14.8,0
473,2022-04,14.8,14.8,14.0,14.1,0
473,2022-05,14.1,12.5,12.0,13.7,0
473,2022-06,13.7,6.9,8.6,15.3,0
473,2022-07,15.3,10.9,11.1,15.5,0
473,2022-08,15.5,10.1,9.1,14.5,0
473,2022-09,14.5,13.5,12.9,13.9,0
473,2022-10,13.9,11.2,13.3,16.0,0
473,2022-11,16.0,14.9,18.2,19.3,0
473,2022-12,19.3,13.5,12.3,18.0,0
473,2023-01,18.0,10.9,8.6,15.7,0
473,2023-02,15.7,9.4,8.2,14.5,0
473,2023-03,14.5,11.0,11.0,14.5,0
473,2023-04,14.5,14.5,13.6,13.6,1
473,2023-05,13.6,13.6,13.4,13.4,4
473,2023-06,13.4,13.4,14.3,14.3,1
473,2023-07,14.3,9.5,9.0,13.9,0
473,2023-08,13.9,8.5,8.8,14.2,0
473,2023-09,14.2,13.9,15.2,15.5,0
473,2023-10,15.5,13.9,12.2,13.7,0
473,2023-11,13.7,13.7,21.7,21.7,4
473,2023-12,21.7,15.4,11.0,17.4,0
473,2024-01,17.4,7.1,4.8,15.1,0
473,2024-02,15.1,11.4,10.6,14.3,0
473,2024-03,14.3,11.4,13.1,16.0,0
473,2024-04,16.0,15.1,13.8,14.7,0
473,2024-05,14.7,12.8,12.0,13.9,0
473,2024-06,13.9,10.7,10.4,13.6,0
473,2024-07,13.6,11.5,13.2,15.3,0
473,2024-08,15.3,12.7,13.4,15.9,0
473,2024-09,15.9,13.4,11.4,13.9,0
473,2024-10,13.9,11.8,13.6,15.8,0
473,2024-11,15.8,15.8,23.1,23.1,5
473,2024-12,23.1,15.1,11.1,19.1,0
473,2025-01,19.1,11.6,7.5,15.1,0
473,2025-02,15.1,14.6,15.6,16.0,0
473,2025-03,16.0,10.0,9.7,15.7,0
473,2025-04,15.7,13.2,12.1,14.6,0
473,2025-05,14.6,14.6,13.5,13.5,1
473,2025-06,13.5,11.1,11.2,13.6,0
473,2025-07,13.6,12.6,13.9,14.9,0
473,2025-08,14.9,14.7,13.5,13.7,0
473,2025-09,13.7,13.7,15.7,15.7,3
473,2025-10,15.7,14.5,13.7,14.9,0
473,2025-11,14.9,14.9,19.3,19.3,2
473,2025-12,19.3,15.7,15.8,19.5,0
474,2021-01,50.5,32.1,29.6,48.1,0
474,2021-02,48.1,21.8,23.4,49.7,0
474,2021-03,49.7,25.9,24.9,48.7,0
474,2021-04,48.7,26.2,27.3,49.8,0
474,2021-05,49.8,23.9,23.7,49.6,0
474,2021-06,49.6,24.5,25.3,50.4,0
474,2021-07,50.4,26.6,25.5,49.3,0
474,2021-08,49.3,17.1,17.8,50.1,0
474,2021-09,50.1,22.8,21.5,48.8,0
474,2021-10,48.8,22.2,22.2,48.8,0
474,2021-11,48.8,35.7,52.7,65.8,0
474,2021-12,65.8,26.8,22.0,61.1,0
474,2022-01,61.1,27.6,15.5,49.0,0
474,2022-02,49.0,21.6,22.1,49.4,0
474,2022-03,49.4,21.8,23.7,51.4,0
474,2022-04,51.4,21.6,20.7,50.5,0
474,2022-05,50.5,17.4,15.8,48.9,0
474,2022-06,48.9,18.0,20.2,51.0,0
474,2022-07,51.0,16.9,14.1,48.3,0
474,2022-08,48.3,20.2,22.3,50.3,0
474,2022-09,50.3,26.1,26.3,50.6,0
474,2022-10,50.6,24.9,24.1,49.8,0
474,2022-11,49.8,27.1,48.4,71.1,0
474,2022-12,71.1,28.3,21.0,63.7,0
474,2023-01,63.7,23.8,9.5,49.4,0
474,2023-02,49.4,25.2,23.2,47.5,0
474,2023-03,47.5,26.2,27.9,49.2,0
474,2023-04,49.2,26.8,25.9,48.2,0
474,2023-05,48.2,28.6,30.6,50.2,0
474,2023-06,50.2,33.8,34.4,50.8,0
474,2023-07,50.8,22.7,20.2,48.4,0
474,2023-08,48.4,25.0,26.8,50.2,0
474,2023-09,50.2,16.4,15.3,49.1,0
474,2023-10,49.1,19.9,20.1,49.3,0
474,2023-11,49.3,32.2,49.8,66.9,0
474,2023-12,66.9,35.7,30.2,61.4,0
474,2024-01,61.4,31.4,19.3,49.3,0
474,2024-02,49.3,27.0,27.3,49.6,0
474,2024-03,49.6,23.5,21.0,47.1,0
474,2024-04,47.1,23.7,25.3,48.8,0
474,2024-05,48.8,17.4,18.2,49.6,0
474,2024-06,49.6,22.4,21.4,48.6,0
474,2024-07,48.6,18.0,17.2,47.9,0
474,2024-08,47.9,17.1,19.2,49.9,0
474,2024-09,49.9,24.8,24.8,49.9,0
474,2024-10,49.9,25.0,23.0,47.9,0
474,2024-11,47.9,35.6,61.9,74.2,0
474,2024-12,74.2,21.0,10.2,63.4,0
474,2025-01,63.4,22.8,9.9,50.5,0
474,2025-02,50.5,28.5,29.5,51.6,0
474,2025-03,51.6,22.4,21.3,50.5,0
474,2025-04,50.5,15.5,13.5,48.5,0
474,2025-05,48.5,19.6,21.4,50.4,0
474,2025-06,50.4,28.3,29.4,51.6,0
474,2025-07,51.6,20.2,17.7,49.1,0
474,2025-08,49.1,23.1,24.1,50.1,0
474,2025-09,50.1,21.6,23.1,51.6,0
474,2025-10,51.6,27.6,24.1,48.1,0
474,2025-11,48.1,31.7,53.3,69.8,0
474,2025-12,69.8,33.8,27.3,63.3,0
475,2021-01,14.8,9.4,8.2,13.7,0
475,2021-02,13.7,7.8,9.0,14.9,0
475,2021-03,14.9,10.4,9.6,14.2,0
475,2021-04,14.2,12.2,12.8,14.8,0
475,2021-05,14.8,13.3,12.6,14.1,0
475,2021-06,14.1,11.5,11.5,14.1,0
475,2021-07,14.1,8.3,9.0,14.8,0
475,2021-08,14.8,7.6,7.8,14.9,0
475,2021-09,14.9,8.8,9.0,15.2,0
475,2021-10,15.2,10.2,9.6,14.6,0
475,2021-11,14.6,14.6,21.8,21.8,4
475,2021-12,21.8,14.4,9.9,17.3,0
475,2022-01,17.3,14.9,11.0,13.4,0
475,2022-02,13.4,8.0,8.5,13.9,0
475,2022-03,13.9,8.3,8.1,13.6,0
475,2022-04,13.6,9.7,9.7,13.7,0
475,2022-05,13.7,9.6,11.3,15.4,0
475,2022-06,15.4,10.8,10.1,14.6,0
475,2022-07,14.6,11.1,10.2,13.7,0
475,2022-08,13.7,9.6,9.8,13.9,0
475,2022-09,13.9,7.5,8.1,14.5,0
475,2022-10,14.5,9.6,9.4,14.4,0
475,2022-11,14.4,11.5,16.6,19.5,0
475,2022-12,19.5,11.2,8.9,17.2,0
475,2023-01,17.2,7.5,4.5,14.3,0
475,2023-02,14.3,9.0,8.6,13.9,0
475,2023-03,13.9,10.9,12.1,15.2,0
475,2023-04,15.2,11.1,11.0,15.0,0
475,2023-05,15.0,10.1,9.8,14.7,0
475,2023-06,14.7,13.9,14.2,15.1,0
475,2023-07,15.1,10.8,10.4,14.6,0
475,2023-08,14.6,8.5,8.9,15.0,0
475,2023-09,15.0,9.6,8.5,13.8,0
475,2023-10,13.8,11.7,11.8,13.8,0
475,2023-11,13.8,13.8,19.2,19.2,0
475,2023-12,19.2,10.8,10.0,18.4,0
475,2024-01,18.4,10.4,7.0,14.9,0
475,2024-02,14.9,8.2,7.7,14.4,0
475,2024-03,14.4,5.1,5.4,14.7,0
475,2024-04,14.7,8.4,7.5,13.8,0
475,2024-05,13.8,9.9,11.2,15.2,0
475,2024-06,15.2,9.5,8.6,14.2,0
475,2024-07,14.2,11.0,10.9,14.1,0
475,2024-08,14.1,14.1,14.3,14.3,0
475,2024-09,14.3,9.7,10.8,15.3,0
475,2024-10,15.3,12.5,12.1,15.0,0
475,2024-11,15.0,11.7,16.9,20.2,0
475,2024-12,20.2,15.0,12.1,17.2,0
475,2025-01,17.2,9.1,6.0,14.2,0
475,2025-02,14.2,8.3,8.3,14.2,0
475,2025-03,14.2,6.4,6.9,14.6,0
475,2025-04,14.6,11.6,11.7,14.8,0
475,2025-05,14.8,7.6,7.4,14.5,0
475,2025-06,14.5,13.1,11.6,13.0,0
475,2025-07,13.0,9.4,10.8,14.5,0
475,2025-08,14.5,10.3,10.4,14.5,0
475,2025-09,14.5,12.4,12.0,14.1,0
475,2025-10,14.1,8.5,7.8,13.5,0
475,2025-11,13.5,13.5,21.9,21.9,1
475,2025-12,21.9,13.3,10.0,18.5,0
476,2021-01,2.1,2.1,2.0,2.0,16
476,2021-02,2.0,2.0,1.9,1.9,16
476,2021-03,1.9,1.9,2.1,2.1,13
476,2021-04,2.1,2.1,2.2,2.2,20
476,2021-05,2.2,2.2,1.8,1.8,17
476,2021-06,1.8,1.8,1.8,1.8,19
476,2021-07,1.8,1.8,2.1,2.1,19
476,2021-08,2.1,2.1,2.1,2.1,18
476,2021-09,2.1,2.1,2.0,2.0,19
476,2021-10,2.0,2.0,2.0,2.0,17
476,2021-11,2.0,2.0,3.1,3.1,17
476,2021-12,3.1,3.1,2.7,2.7,14
476,2022-01,2.7,2.7,2.1,2.1,13
476,2022-02,2.1,2.1,2.1,2.1,16
476,2022-03,2.1,2.1,1.9,1.9,15
476,2022-04,1.9,1.9,2.2,2.2,11
476,2022-05,2.2,2.2,1.8,1.8,17
476,2022-06,1.8,1.8,1.9,1.9,21
476,2022-07,1.9,1.9,2.1,2.1,19
476,2022-08,2.1,2.1,1.9,1.9,16
476,2022-09,1.9,1.9,2.0,2.0,17
476,2022-10,2.0,2.0,1.8,1.8,16
476,2022-11,1.8,1.8,3.1,3.1,20
476,2022-12,3.1,3.1,2.7,2.7,15
476,2023-01,2.7,2.7,2.2,2.2,14
476,2023-02,2.2,2.2,2.0,2.0,18
476,2023-03,2.0,2.0,2.2,2.2,17
476,2023-04,2.2,2.2,1.8,1.8,9
476,2023-05,1.8,1.8,1.8,1.8,17
476,2023-06,1.8,1.8,2.0,2.0,17
476,2023-07,2.0,2.0,2.2,2.2,16
476,2023-08,2.2,2.2,1.8,1.8,16
476,2023-09,1.8,1.8,1.9,1.9,19
476,2023-10,1.9,1.9,2.1,2.1,18
476,2023-11,2.1,2.1,2.8,2.8,18
476,2023-12,2.8,2.8,2.7,2.7,18
476,2024-01,2.7,2.7,2.0,2.0,12
476,2024-02,2.0,2.0,2.2,2.2,15
476,2024-03,2.2,2.2,2.0,2.0,15
476,2024-04,2.0,2.0,2.2,2.2,17
476,2024-05,2.2,2.2,1.9,1.9,12
476,2024-06,1.9,1.9,1.9,1.9,20
476,2024-07,1.9,1.9,1.9,1.9,20
476,2024-08,1.9,1.9,2.1,2.1,18
476,2024-09,2.1,2.1,1.9,1.9,18
476,2024-10,1.9,1.9,2.2,2.2,12
476,2024-11,2.2,2.2,3.2,3.2,22
476,2024-12,3.2,3.2,2.7,2.7,13
476,2025-01,2.7,2.7,2.1,2.1,11
476,2025-02,2.1,2.1,1.9,1.9,20
476,2025-03,1.9,1.9,1.9,1.9,18
476,2025-04,1.9,1.9,2.2,2.2,21
476,2025-05,2.2,2.2,2.0,2.0,15
476,2025-06,2.0,2.0,2.1,2.1,17
476,2025-07,2.1,2.1,2.1,2.1,16
476,2025-08,2.1,2.1,2.1,2.1,17
476,2025-09,2.1,2.1,1.9,1.9,15
476,2025-10,1.9,1.9,1.9,1.9,20
476,2025-11,1.9,1.9,2.7,2.7,22
476,2025-12,2.7,2.7,2.7,2.7,12
477,2021-01,52.6,30.7,31.3,53.2,0
477,2021-02,53.2,40.6,35.4,47.9,0
477,2021-03,47.9,46.3,52.3,53.9,0
477,2021-04,53.9,32.0,31.7,53.7,0
477,2021-05,53.7,43.3,40.4,50.8,0
477,2021-06,50.8,36.1,33.3,47.9,0
477,2021-07,47.9,38.4,38.4,48.0,0
477,2021-08,48.0,43.4,48.3,52.8,0
477,2021-09,52.8,21.5,22.2,53.6,0
477,2021-10,53.6,31.0,29.3,51.9,0
477,2021-11,51.9,49.2,74.8,77.5,0
477,2021-12,77.5,43.2,31.5,65.8,0
477,2022-01,65.8,32.8,17.6,50.5,0
477,2022-02,50.5,26.7,26.5,50.3,0
477,2022-03,50.3,39.3,38.8,49.9,0
477,2022-04,49.9,33.0,33.4,50.3,0
477,2022-05,50.3,27.3,27.0,50.0,0
477,2022-06,50.0,19.3,19.4,50.1,0
477,2022-07,50.1,33.2,33.3,50.3,0
477,2022-08,50.3,31.3,29.0,48.0,0
477,2022-09,48.0,37.9,44.3,54.4,0
477,2022-10,54.4,28.7,26.9,52.6,0
477,2022-11,52.6,40.2,61.3,73.7,0
477,2022-12,73.7,36.8,28.9,65.8,0
477,2023-01,65.8,38.2,24.4,52.1,0
477,2023-02,52.1,37.2,33.1,48.1,0
477,2023-03,48.1,26.7,31.2,52.5,0
477,2023-04,52.5,20.8,19.2,51.0,0
477,2023-05,51.0,28.4,29.5,52.1,0
477,2023-06,52.1,32.3,31.6,51.4,0
477,2023-07,51.4,39.1,37.5,49.7,0
477,2023-08,49.7,29.8,29.4,49.3,0
477,2023-09,49.3,33.5,34.7,50.5,0
477,2023-10,50.5,41.6,39.0,47.9,0
477,2023-11,47.9,47.9,76.7,76.7,2
477,2023-12,76.7,50.0,34.2,60.9,0
477,2024-01,60.9,33.0,21.5,49.4,0
477,2024-02,49.4,42.0,47.3,54.7,0
477,2024-03,54.7,47.7,47.0,54.0,0
477,2024-04,54.0,45.2,45.1,53.9,0
477,2024-05,53.9,33.2,32.6,53.3,0
477,2024-06,53.3,29.3,24.4,48.5,0
477,2024-07,48.5,23.9,27.5,52.1,0
477,2024-08,52.1,33.5,31.3,49.9,0
477,2024-09,49.9,47.9,46.1,48.1,0
477,2024-10,48.1,31.2,31.2,48.1,0
477,2024-11,48.1,48.1,67.1,67.1,6
477,2024-12,67.1,39.9,39.1,66.2,0
477,2025-01,66.2,32.7,18.9,52.5,0
477,2025-02,52.5,33.9,34.1,52.6,0
477,2025-03,52.6,41.7,37.5,48.4,0
477,2025-04,48.4,29.1,28.8,48.1,0
477,2025-05,48.1,29.8,35.5,53.8,0
477,2025-06,53.8,33.4,27.7,48.1,0
477,2025-07,48.1,22.4,24.5,50.2,0
477,2025-08,50.2,31.3,31.9,50.8,0
477,2025-09,50.8,38.3,36.5,49.0,0
477,2025-10,49.0,30.1,28.8,47.7,0
477,2025-11,47.7,47.5,69.0,69.2,0
477,2025-12,69.2,35.8,31.0,64.4,0
478,2021-01,98.9,16.3,15.9,98.6,0
478,2021-02,98.6,28.1,26.3,96.8,0
478,2021-03,96.8,21.7,24.4,99.4,0
478,2021-04,99.4,18.5,16.2,97.1,0
478,2021-05,97.1,28.4,28.2,97.0,0
478,2021-06,97.0,21.5,21.7,97.2,0
478,2021-07,97.2,21.4,19.7,95.5,0
478,2021-08,95.5,21.4,24.5,98.6,0
478,2021-09,98.6,22.6,23.3,99.2,0
478,2021-10,99.2,27.1,23.0,95.2,0
478,2021-11,95.2,30.5,71.5,136.2,0
478,2021-12,136.2,31.9,19.0,123.2,0
478,2022-01,123.2,25.8,1.5,98.8,0
478,2022-02,98.8,18.4,16.0,96.5,0
478,2022-03,96.5,25.7,28.2,99.0,0
478,2022-04,99.0,22.7,20.2,96.6,0
478,2022-05,96.6,23.6,24.1,97.1,0
478,2022-06,97.1,19.3,19.9,97.7,0
478,2022-07,97.7,21.2,22.9,99.4,0
478,2022-08,99.4,21.7,21.4,99.1,0
478,2022-09,99.1,24.4,23.8,98.5,0
478,2022-10,98.5,20.4,20.3,98.5,0
478,2022-11,98.5,27.1,64.6,136.0,0
478,2022-12,136.0,27.2,13.2,121.9,0
478,2023-01,121.9,23.0,0.0,99.0,0
478,2023-02,99.0,22.5,19.6,96.1,0
478,2023-03,96.1,24.1,24.9,96.8,0
478,2023-04,96.8,20.8,23.0,99.0,0
478,2023-05,99.0,15.5,14.8,98.4,0
478,2023-06,98.4,23.3,22.3,97.4,0
478,2023-07,97.4,23.4,22.4,96.3,0
478,2023-08,96.3,24.7,24.8,96.4,0
478,2023-09,96.4,29.2,30.6,97.7,0
478,2023-10,97.7,24.9,25.4,98.3,0
478,2023-11,98.3,36.4,74.4,136.3,0
478,2023-12,136.3,22.5,10.2,124.0,0
478,2024-01,124.0,20.4,0.0,103.6,0
478,2024-02,103.6,23.3,18.9,99.2,0
478,2024-03,99.2,26.3,25.4,98.2,0
478,2024-04,98.2,21.1,22.5,99.7,0
478,2024-05,99.7,24.0,22.3,98.0,0
478,2024-06,98.0,20.1,19.6,97.5,0
478,2024-07,97.5,27.1,27.7,98.2,0
478,2024-08,98.2,22.2,20.1,96.1,0
478,2024-09,96.1,21.8,23.7,98.0,0
478,2024-10,98.0,23.3,21.2,96.0,0
478,2024-11,96.0,29.7,66.1,132.3,0
478,2024-12,132.3,24.7,15.7,123.3,0
478,2025-01,123.3,26.2,1.7,98.8,0
478,2025-02,98.8,18.3,16.0,96.5,0
478,2025-03,96.5,21.5,23.4,98.4,0
478,2025-04,98.4,27.3,26.6,97.7,0
478,2025-05,97.7,18.3,19.3,98.7,0
478,2025-06,98.7,24.2,25.6,100.0,0
478,2025-07,100.0,31.0,25.4,94.5,0
478,2025-08,94.5,22.6,23.6,95.5,0
478,2025-09,95.5,19.6,20.1,96.1,0
478,2025-10,96.1,25.0,24.3,95.4,0
478,2025-11,95.4,21.6,61.0,134.8,0
478,2025-12,134.8,26.7,15.0,123.2,0
479,2021-01,31.1,6.5,6.6,31.2,0
479,2021-02,31.2,4.3,3.8,30.7,0
479,2021-03,30.7,5.1,5.6,31.1,0
479,2021-04,31.1,6.8,5.9,30.3,0
479,2021-05,30.3,5.7,6.5,31.1,0
479,2021-06,31.1,5.9,5.5,30.7,0
479,2021-07,30.7,5.1,5.7,31.4,0
479,2021-08,31.4,5.2,5.1,31.2,0
479,2021-09,31.2,4.3,4.3,31.2,0
479,2021-10,31.2,5.6,5.0,30.6,0
479,2021-11,30.6,9.2,23.9,45.3,0
479,2021-12,45.3,6.6,0.2,38.9,0
479,2022-01,38.9,4.8,0.0,34.1,0
479,2022-02,34.1,6.1,2.7,30.8,0
479,2022-03,30.8,4.4,5.0,31.4,0
479,2022-04,31.4,6.6,6.2,30.9,0
479,2022-05,30.9,6.2,6.2,30.9,0
479,2022-06,30.9,7.3,7.3,30.9,0
479,2022-07,30.9,3.7,4.1,31.3,0
479,2022-08,31.3,6.1,5.1,30.3,0
479,2022-09,30.3,7.6,7.2,30.0,0
479,2022-10,30.0,7.1,7.6,30.6,0
479,2022-11,30.6,6.3,20.5,44.7,0
479,2022-12,44.7,6.9,1.1,38.9,0
479,2023-01,38.9,9.3,1.3,30.9,0
479,2023-02,30.9,6.0,5.8,30.7,0
479,2023-03,30.7,6.0,6.5,31.2,0
479,2023-04,31.2,6.7,6.4,30.8,0
479,2023-05,30.8,5.7,5.5,30.5,0
479,2023-06,30.5,5.3,5.5,30.7,0
479,2023-07,30.7,4.4,4.1,30.4,0
479,2023-08,30.4,6.0,6.9,31.4,0
479,2023-09,31.4,6.2,5.2,30.4,0
479,2023-10,30.4,6.0,6.4,30.8,0
479,2023-11,30.8,8.6,22.6,44.8,0
479,2023-12,44.8,8.8,2.9,38.9,0
479,2024-01,38.9,6.1,0.0,32.8,0
479,2024-02,32.8,6.4,5.0,31.3,0
479,2024-03,31.3,4.1,3.8,31.0,0
479,2024-04,31.0,6.6,6.5,30.9,0
479,2024-05,30.9,4.6,5.0,31.3,0
479,2024-06,31.3,7.0,6.6,31.0,0
479,2024-07,31.0,6.9,6.5,30.6,0
479,2024-08,30.6,6.7,7.0,30.9,0
479,2024-09,30.9,4.6,4.4,30.6,0
479,2024-10,30.6,7.1,6.9,30.4,0
479,2024-11,30.4,7.9,23.1,45.6,0
479,2024-12,45.6,6.2,0.0,39.4,0
479,2025-01,39.4,7.2,0.0,32.2,0
479,2025-02,32.2,6.9,5.0,30.3,0
479,2025-03,30.3,5.6,6.3,30.9,0
479,2025-04,30.9,7.1,6.4,30.2,0
479,2025-05,30.2,6.6,7.3,30.9,0
479,2025-06,30.9,5.1,4.8,30.6,0
479,2025-07,30.6,6.7,6.3,30.2,0
479,2025-08,30.2,5.9,6.9,31.2,0
479,2025-09,31.2,5.5,4.6,30.4,0
479,2025-10,30.4,5.6,6.7,31.5,0
479,2025-11,31.5,9.0,22.4,44.9,0
479,2025-12,44.9,8.5,2.7,39.0,0
480,2021-01,154.0,33.7,33.2,153.5,0
480,2021-02,153.5,28.5,27.5,152.5,0
480,2021-03,152.5,34.9,32.3,149.9,0
480,2021-04,149.9,29.9,32.3,152.2,0
480,2021-05,152.2,28.3,28.0,151.9,0
480,2021-06,151.9,33.5,35.3,153.7,0
480,2021-07,153.7,26.9,24.3,151.1,0
480,2021-08,151.1,27.7,32.0,155.5,0
480,2021-09,155.5,35.6,35.6,155.5,0
480,2021-10,155.5,32.8,26.6,149.3,0
480,2021-11,149.3,38.4,97.5,208.5,0
480,2021-12,208.5,35.6,17.6,190.5,0
480,2022-01,190.5,37.4,0.8,153.9,0
480,2022-02,153.9,15.9,14.0,152.0,0
480,2022-03,152.0,34.0,32.0,150.0,0
480,2022-04,150.0,24.8,28.6,153.8,0
480,2022-05,153.8,33.1,32.3,152.9,0
480,2022-06,152.9,33.2,31.1,150.8,0
480,2022-07,150.8,29.3,31.8,153.3,0
480,2022-08,153.3,24.4,25.0,153.9,0
480,2022-09,153.9,31.9,31.2,153.3,0
480,2022-10,153.3,31.6,33.5,155.2,0
480,2022-11,155.2,36.3,104.5,223.4,0
480,2022-12,223.4,35.0,4.0,192.4,0
480,2023-01,192.4,29.3,0.0,163.1,0
480,2023-02,163.1,22.5,12.4,153.0,0
480,2023-03,153.0,31.5,29.2,150.6,0
480,2023-04,150.6,27.2,31.9,155.3,0
480,2023-05,155.3,38.2,35.0,152.1,0
480,2023-06,152.1,32.2,33.4,153.4,0
480,2023-07,153.4,25.3,24.2,152.2,0
480,2023-08,152.2,24.3,25.4,153.3,0
480,2023-09,153.3,34.7,31.7,150.2,0
480,2023-10,150.2,30.3,33.1,153.0,0
480,2023-11,153.0,43.0,112.7,222.7,0
480,2023-12,222.7,30.2,0.0,192.5,0
480,2024-01,192.5,27.4,0.0,165.2,0
480,2024-02,165.2,29.6,15.9,151.4,0
480,2024-03,151.4,32.2,30.8,150.1,0
480,2024-04,150.1,40.5,42.4,152.0,0
480,2024-05,152.0,21.9,24.8,154.9,0
480,2024-06,154.9,29.9,28.8,153.8,0
480,2024-07,153.8,25.0,23.7,152.6,0
480,2024-08,152.6,29.9,26.7,149.4,0
480,2024-09,149.4,22.6,26.4,153.3,0
480,2024-10,153.3,23.5,21.5,151.3,0
480,2024-11,151.3,34.5,97.5,214.3,0
480,2024-12,214.3,37.4,16.3,193.2,0
480,2025-01,193.2,28.5,0.0,164.7,0
480,2025-02,164.7,34.6,23.9,154.0,0
480,2025-03,154.0,25.0,23.1,152.1,0
480,2025-04,152.1,31.1,32.6,153.6,0
480,2025-05,153.6,34.5,32.5,151.7,0
480,2025-06,151.7,28.2,26.2,149.7,0
480,2025-07,149.7,31.8,37.9,155.7,0
480,2025-08,155.7,27.8,24.8,152.8,0
480,2025-09,152.8,26.6,26.4,152.6,0
480,2025-10,152.6,28.3,30.5,154.8,0
480,2025-11,154.8,42.4,102.8,215.2,0
480,2025-12,215.2,34.3,11.7,192.6,0
481,2021-01,6.0,1.5,1.5,6.1,0
481,2021-02,6.1,2.4,2.1,5.8,0
481,2021-03,5.8,2.2,2.4,6.0,0
481,2021-04,6.0,2.1,2.1,6.0,0
481,2021-05,6.0,2.0,2.0,6.0,0
481,2021-06,6.0,2.6,2.5,5.8,0
481,2021-07,5.8,2.0,2.3,6.1,0
481,2021-08,6.1,1.2,1.0,5.9,0
481,2021-09,5.9,2.3,2.3,5.9,0
481,2021-10,5.9,2.3,2.3,5.9,0
481,2021-11,5.9,3.1,5.9,8.7,0
481,2021-12,8.7,2.8,1.4,7.4,0
481,2022-01,7.4,2.3,0.8,5.9,0
481,2022-02,5.9,2.2,2.1,5.8,0
481,2022-03,5.8,2.0,1.9,5.7,0
481,2022-04,5.7,2.6,2.6,5.6,0
481,2022-05,5.6,2.1,2.1,5.7,0
481,2022-06,5.7,1.8,2.2,6.1,0
481,2022-07,6.1,1.9,1.7,5.9,0
481,2022-08,5.9,1.8,2.1,6.1,0
481,2022-09,6.1,2.5,2.1,5.8,0
481,2022-10,5.8,1.5,1.6,5.8,0
481,2022-11,5.8,2.8,5.2,8.2,0
481,2022-12,8.2,2.2,1.5,7.5,0
481,2023-01,7.5,1.7,0.1,6.0,0
481,2023-02,6.0,1.5,1.6,6.1,0
481,2023-03,6.1,2.1,1.7,5.7,0
481,2023-04,5.7,2.3,2.3,5.8,0
481,2023-05,5.8,1.4,1.5,5.9,0
481,2023-06,5.9,2.3,2.6,6.1,0
481,2023-07,6.1,2.4,2.1,5.9,0
481,2023-08,5.9,1.5,1.6,6.0,0
481,2023-09,6.0,2.0,2.1,6.1,0
481,2023-10,6.1,2.0,1.9,6.1,0
481,2023-11,6.1,2.5,4.8,8.4,0
481,2023-12,8.4,2.8,1.8,7.4,0
481,2024-01,7.4,1.7,0.3,6.0,0
481,2024-02,6.0,2.0,2.0,6.0,0
481,2024-03,6.0,2.5,2.4,6.0,0
481,2024-04,6.0,2.0,1.7,5.7,0
481,2024-05,5.7,1.8,1.8,5.7,0
481,2024-06,5.7,2.2,2.2,5.7,0
481,2024-07,5.7,1.8,2.0,5.9,0
481,2024-08,5.9,1.4,1.3,5.9,0
481,2024-09,5.9,1.7,1.7,5.8,0
481,2024-10,5.8,1.6,1.8,6.0,0
481,2024-11,6.0,2.6,4.6,8.0,0
481,2024-12,8.0,1.8,1.3,7.5,0
481,2025-01,7.5,1.9,0.4,6.0,0
481,2025-02,6.0,1.7,1.6,5.8,0
481,2025-03,5.8,2.0,1.9,5.7,0
481,2025-04,5.7,1.5,1.6,5.8,0
481,2025-05,5.8,1.8,2.1,6.1,0
481,2025-06,6.1,2.3,1.9,5.7,0
481,2025-07,5.7,1.7,1.7,5.8,0
481,2025-08,5.8,1.3,1.4,5.9,0
481,2025-09,5.9,1.9,1.8,5.8,0
481,2025-10,5.8,1.7,1.7,5.8,0
481,2025-11,5.8,2.9,5.8,8.7,0
481,2025-12,8.7,2.3,1.1,7.5,0
482,2021-01,330.7,170.4,176.4,336.7,0
482,2021-02,336.7,178.2,178.2,336.7,0
482,2021-03,336.7,133.2,124.5,328.0,0
482,2021-04,328.0,183.5,158.5,302.9,0
482,2021-05,302.9,166.8,199.6,335.8,0
482,2021-06,335.8,172.7,175.1,338.1,0
482,2021-07,338.1,139.6,129.2,327.8,0
482,2021-08,327.8,176.1,174.8,326.4,0
482,2021-09,326.4,204.1,216.0,338.3,0
482,2021-10,338.3,181.3,167.0,323.9,0
482,2021-11,323.9,260.9,368.8,431.8,0
482,2021-12,431.8,223.5,190.3,398.7,0
482,2022-01,398.7,164.7,94.7,328.7,0
482,2022-02,328.7,182.1,184.7,331.3,0
482,2022-03,331.3,153.4,149.9,327.8,0
482,2022-04,327.8,143.1,151.7,336.4,0
482,2022-05,336.4,178.8,161.7,319.3,0
482,2022-06,319.3,135.4,125.2,309.2,0
482,2022-07,309.2,180.2,182.4,311.3,0
482,2022-08,311.3,175.5,169.3,305.1,0
482,2022-09,305.1,184.4,182.0,302.8,0
482,2022-10,302.8,151.4,187.3,338.7,0
482,2022-11,338.7,213.5,365.5,490.8,0
482,2022-12,490.8,237.0,162.3,416.1,0
482,2023-01,416.1,184.3,87.5,319.3,0
482,2023-02,319.3,148.4,159.8,330.7,0
482,2023-03,330.7,133.0,124.7,322.4,0
482,2023-04,322.4,150.8,140.4,311.9,0
482,2023-05,311.9,155.6,179.1,335.4,0
482,2023-06,335.4,147.4,123.3,311.3,0
482,2023-07,311.3,151.6,156.5,316.1,0
482,2023-08,316.1,218.1,240.4,338.4,0
482,2023-09,338.4,139.6,129.1,327.9,0
482,2023-10,327.9,137.4,124.3,314.7,0
482,2023-11,314.7,250.3,379.7,444.1,0
482,2023-12,444.1,221.0,194.1,417.1,0
482,2024-01,417.1,158.3,68.0,326.9,0
482,2024-02,326.9,136.8,122.3,312.3,0
482,2024-03,312.3,153.9,152.8,311.2,0
482,2024-04,311.2,176.1,176.3,311.4,0
482,2024-05,311.4,150.1,145.4,306.6,0
482,2024-06,306.6,146.5,167.8,328.0,0
482,2024-07,328.0,148.0,129.3,309.2,0
482,2024-08,309.2,176.5,189.4,322.1,0
482,2024-09,322.1,161.8,146.1,306.4,0
482,2024-10,306.4,143.7,157.4,320.1,0
482,2024-11,320.1,251.1,354.0,422.9,0
482,2024-12,422.9,201.0,196.2,418.1,0
482,2025-01,418.1,184.0,99.5,333.7,0
482,2025-02,333.7,155.4,130.2,308.4,0
482,2025-03,308.4,193.6,188.1,302.9,0
482,2025-04,302.9,134.6,151.9,320.3,0
482,2025-05,320.3,150.5,144.0,313.8,0
482,2025-06,313.8,132.2,130.8,312.4,0
482,2025-07,312.4,142.8,165.9,335.5,0
482,2025-08,335.5,160.8,155.8,330.6,0
482,2025-09,330.6,174.3,162.8,319.1,0
482,2025-10,319.1,137.1,135.5,317.5,0
482,2025-11,317.5,278.7,392.3,431.1,0
482,2025-12,431.1,183.2,160.8,408.7,0
483,2021-01,17.8,17.8,17.0,17.0,6
483,2021-02,17.0,17.0,15.7,15.7,11
483,2021-03,15.7,15.7,16.3,16.3,14
483,2021-04,16.3,16.3,18.1,18.1,10
483,2021-05,18.1,18.1,15.3,15.3,9
483,2021-06,15.3,15.3,17.0,17.0,12
483,2021-07,17.0,17.0,15.3,15.3,15
483,2021-08,15.3,15.3,15.4,15.4,13
483,2021-09,15.4,10.1,13.1,18.4,0
483,2021-10,18.4,18.4,15.7,15.7,7
483,2021-11,15.7,15.7,23.5,23.5,18
483,2021-12,23.5,23.5,21.3,21.3,7
483,2022-01,21.3,21.3,17.7,17.7,7
483,2022-02,17.7,17.7,18.0,18.0,8
483,2022-03,18.0,18.0,16.0,16.0,7
483,2022-04,16.0,16.0,15.5,15.5,5
483,2022-05,15.5,15.5,17.1,17.1,14
483,2022-06,17.1,17.1,16.5,16.5,13
483,2022-07,16.5,16.5,16.0,16.0,9
483,2022-08,16.0,16.0,17.2,17.2,11
483,2022-09,17.2,17.2,18.3,18.3,12
483,2022-10,18.3,18.3,15.6,15.6,4
483,2022-11,15.6,15.6,26.4,26.4,20
483,2022-12,26.4,26.4,19.1,19.1,8
483,2023-01,19.1,19.1,17.1,17.1,10
483,2023-02,17.1,17.1,18.6,18.6,9
483,2023-03,18.6,18.6,17.9,17.9,7
483,2023-04,17.9,17.9,18.3,18.3,14
483,2023-05,18.3,18.3,15.5,15.5,4
483,2023-06,15.5,15.5,15.8,15.8,15
483,2023-07,15.8,15.8,15.3,15.3,16
483,2023-08,15.3,15.3,17.9,17.9,15
483,2023-09,17.9,17.9,18.0,18.0,12
483,2023-10,18.0,18.0,17.5,17.5,11
483,2023-11,17.5,17.5,23.2,23.2,15
483,2023-12,23.2,23.2,23.2,23.2,9
483,2024-01,23.2,23.2,17.3,17.3,3
483,2024-02,17.3,17.3,16.0,16.0,13
483,2024-03,16.0,16.0,17.5,17.5,15
483,2024-04,17.5,17.5,16.6,16.6,13
483,2024-05,16.6,16.6,18.6,18.6,10
483,2024-06,18.6,18.6,15.8,15.8,8
483,2024-07,15.8,15.8,16.3,16.3,9
483,2024-08,16.3,16.3,16.0,16.0,15
483,2024-09,16.0,16.0,18.3,18.3,5
483,2024-10,18.3,18.3,18.0,18.0,10
483,2024-11,18.0,18.0,26.7,26.7,14
483,2024-12,26.7,26.7,19.8,19.8,10
483,2025-01,19.8,19.8,16.7,16.7,9
483,2025-02,16.7,16.7,15.3,15.3,14
483,2025-03,15.3,15.3,16.1,16.1,6
483,2025-04,16.1,16.1,17.6,17.6,13
483,2025-05,17.6,17.6,16.7,16.7,8
483,2025-06,16.7,16.7,17.1,17.1,13
483,2025-07,17.1,17.1,18.3,18.3,14
483,2025-08,18.3,18.3,16.1,16.1,11
483,2025-09,16.1,16.1,18.1,18.1,9
483,2025-10,18.1,18.1,17.0,17.0,9
483,2025-11,17.0,17.0,23.1,23.1,15
483,2025-12,23.1,23.1,19.3,19.3,14
484,2021-01,8.4,4.3,3.7,7.9,0
484,2021-02,7.9,4.9,5.6,8.6,0
484,2021-03,8.6,5.2,4.8,8.3,0
484,2021-04,8.3,5.2,5.1,8.1,0
484,2021-05,8.1,4.2,3.9,7.9,0
484,2021-06,7.9,5.8,6.2,8.4,0
484,2021-07,8.4,4.1,4.3,8.6,0
484,2021-08,8.6,4.6,4.7,8.6,0
484,2021-09,8.6,6.4,6.0,8.2,0
484,2021-10,8.2,5.3,5.2,8.1,0
484,2021-11,8.1,7.4,10.2,10.9,0
484,2021-12,10.9,7.3,6.0,9.6,0
484,2022-01,9.6,4.1,2.9,8.4,0
484,2022-02,8.4,6.6,6.3,8.1,0
484,2022-03,8.1,5.4,5.4,8.0,0
484,2022-04,8.0,6.5,6.2,7.7,0
484,2022-05,7.7,5.8,6.8,8.7,0
484,2022-06,8.7,6.1,6.0,8.5,0
484,2022-07,8.5,5.1,4.4,7.8,0
484,2022-08,7.8,4.9,5.3,8.2,0
484,2022-09,8.2,5.9,5.9,8.1,0
484,2022-10,8.1,4.5,4.7,8.4,0
484,2022-11,8.4,7.6,11.0,11.7,0
484,2022-12,11.7,6.8,5.9,10.8,0
484,2023-01,10.8,4.7,2.1,8.2,0
484,2023-02,8.2,7.1,7.5,8.5,0
484,2023-03,8.5,4.3,3.9,8.1,0
484,2023-04,8.1,5.4,5.0,7.7,0
484,2023-05,7.7,5.9,6.2,8.0,0
484,2023-06,8.0,5.3,5.8,8.4,0
484,2023-07,8.4,6.9,6.1,7.7,0
484,2023-08,7.7,4.6,5.1,8.2,0
484,2023-09,8.2,5.6,5.8,8.3,0
484,2023-10,8.3,5.3,5.1,8.2,0
484,2023-11,8.2,7.7,10.9,11.4,0
484,2023-12,11.4,5.9,5.0,10.5,0
484,2024-01,10.5,5.3,2.9,8.1,0
484,2024-02,8.1,6.1,6.1,8.1,0
484,2024-03,8.1,6.4,6.9,8.7,0
484,2024-04,8.7,6.2,5.6,8.1,0
484,2024-05,8.1,4.8,4.6,7.9,0
484,2024-06,7.9,5.7,6.0,8.2,0
484,2024-07,8.2,5.8,5.3,7.7,0
484,2024-08,7.7,6.1,6.8,8.4,0
484,2024-09,8.4,4.6,4.5,8.4,0
484,2024-10,8.4,5.0,4.6,8.0,0
484,2024-11,8.0,5.8,9.6,11.8,0
484,2024-12,11.8,5.5,4.3,10.5,0
484,2025-01,10.5,5.1,2.6,8.0,0
484,2025-02,8.0,5.0,5.4,8.4,0
484,2025-03,8.4,5.0,4.5,7.8,0
484,2025-04,7.8,7.1,7.3,8.0,0
484,2025-05,8.0,5.4,6.0,8.7,0
484,2025-06,8.7,5.4,4.7,8.0,0
484,2025-07,8.0,5.2,5.1,7.9,0
484,2025-08,7.9,4.1,4.1,7.9,0
484,2025-09,7.9,6.0,5.7,7.5,0
484,2025-10,7.5,3.9,4.7,8.3,0
484,2025-11,8.3,7.5,10.7,11.5,0
484,2025-12,11.5,7.0,6.1,10.5,0
485,2021-01,8.5,6.3,6.1,8.3,0
485,2021-02,8.3,5.8,6.2,8.6,0
485,2021-03,8.6,8.0,6.8,7.5,0
485,2021-04,7.5,3.8,4.4,8.0,0
485,2021-05,8.0,8.0,7.6,7.6,2
485,2021-06,7.6,7.0,6.9,7.5,0
485,2021-07,7.5,6.8,7.1,7.8,0
485,2021-08,7.8,5.7,6.6,8.7,0
485,2021-09,8.7,6.7,5.7,7.7,0
485,2021-10,7.7,4.3,5.2,8.7,0
485,2021-11,8.7,8.7,12.3,12.3,4
485,2021-12,12.3,6.0,4.3,10.6,0
485,2022-01,10.6,9.5,7.1,8.2,0
485,2022-02,8.2,6.3,6.2,8.2,0
485,2022-03,8.2,6.3,6.1,8.0,0
485,2022-04,8.0,6.4,6.9,8.4,0
485,2022-05,8.4,6.9,6.1,7.6,0
485,2022-06,7.6,7.6,7.6,7.6,0
485,2022-07,7.6,7.6,7.6,7.6,3
485,2022-08,7.6,7.6,8.6,8.6,4
485,2022-09,8.6,7.0,5.9,7.6,0
485,2022-10,7.6,7.6,8.6,8.6,3
485,2022-11,8.6,8.6,11.4,11.4,2
485,2022-12,11.4,7.6,6.7,10.5,0
485,2023-01,10.5,6.7,4.8,8.6,0
485,2023-02,8.6,6.0,5.4,8.0,0
485,2023-03,8.0,7.2,7.3,8.1,0
485,2023-04,8.1,6.3,6.5,8.3,0
485,2023-05,8.3,8.2,7.4,7.4,0
485,2023-06,7.4,6.9,8.0,8.6,0
485,2023-07,8.6,7.5,7.4,8.5,0
485,2023-08,8.5,7.5,6.9,7.9,0
485,2023-09,7.9,7.9,8.8,8.8,2
485,2023-10,8.8,7.9,6.6,7.5,0
485,2023-11,7.5,7.5,11.5,11.5,3
485,2023-12,11.5,7.0,6.2,10.6,0
485,2024-01,10.6,6.1,3.5,8.1,0
485,2024-02,8.1,7.1,6.7,7.7,0
485,2024-03,7.7,6.7,7.2,8.2,0
485,2024-04,8.2,5.3,5.8,8.7,0
485,2024-05,8.7,5.8,5.1,8.0,0
485,2024-06,8.0,6.7,6.3,7.6,0
485,2024-07,7.6,7.6,8.4,8.4,7
485,2024-08,8.4,7.1,6.8,8.0,0
485,2024-09,8.0,7.9,7.8,7.9,0
485,2024-10,7.9,5.4,6.2,8.7,0
485,2024-11,8.7,8.7,11.7,11.7,6
485,2024-12,11.7,8.8,7.7,10.6,0
485,2025-01,10.6,6.6,4.6,8.6,0
485,2025-02,8.6,6.5,6.0,8.1,0
485,2025-03,8.1,5.2,5.3,8.1,0
485,2025-04,8.1,7.5,7.4,8.0,0
485,2025-05,8.0,4.7,4.8,8.1,0
485,2025-06,8.1,8.1,7.8,7.8,0
485,2025-07,7.8,4.3,5.2,8.7,0
485,2025-08,8.7,5.8,5.5,8.4,0
485,2025-09,8.4,7.4,7.1,8.2,0
485,2025-10,8.2,4.4,4.2,7.9,0
485,2025-11,7.9,7.9,10.6,10.6,6
485,2025-12,10.6,7.1,6.9,10.5,0
486,2021-01,2.1,2.1,2.0,2.0,10
486,2021-02,2.0,2.0,1.9,1.9,13
486,2021-03,1.9,1.9,2.1,2.1,13
486,2021-04,2.1,2.1,1.9,1.9,16
486,2021-05,1.9,1.9,2.1,2.1,11
486,2021-06,2.1,2.1,1.8,1.8,15
486,2021-07,1.8,1.8,2.2,2.2,17
486,2021-08,2.2,2.2,2.2,2.2,14
486,2021-09,2.2,2.2,2.0,2.0,18
486,2021-10,2.0,2.0,1.9,1.9,13
486,2021-11,1.9,1.9,2.8,2.8,20
486,2021-12,2.8,2.8,2.5,2.5,1
486,2022-01,2.5,2.5,1.8,1.8,11
486,2022-02,1.8,1.8,2.0,2.0,11
486,2022-03,2.0,2.0,1.9,1.9,11
486,2022-04,1.9,1.9,2.1,2.1,17
486,2022-05,2.1,2.1,1.9,1.9,6
486,2022-06,1.9,1.9,2.1,2.1,11
486,2022-07,2.1,2.1,2.1,2.1,15
486,2022-08,2.1,2.1,2.1,2.1,16
486,2022-09,2.1,2.1,2.0,2.0,7
486,2022-10,2.0,2.0,2.2,2.2,13
486,2022-11,2.2,2.2,2.7,2.7,20
486,2022-12,2.7,2.7,2.4,2.4,10
486,2023-01,2.4,2.4,1.8,1.8,15
486,2023-02,1.8,1.8,2.0,2.0,17
486,2023-03,2.0,2.0,2.0,2.0,14
486,2023-04,2.0,2.0,2.2,2.2,17
486,2023-05,2.2,2.2,2.1,2.1,12
486,2023-06,2.1,2.1,1.9,1.9,12
486,2023-07,1.9,1.9,2.0,2.0,13
486,2023-08,2.0,2.0,2.0,2.0,14
486,2023-09,2.0,2.0,2.1,2.1,13
486,2023-10,2.1,2.1,1.8,1.8,11
486,2023-11,1.8,1.8,2.7,2.7,19
486,2023-12,2.7,2.7,2.5,2.5,11
486,2024-01,2.5,2.5,1.9,1.9,8
486,2024-02,1.9,1.9,2.2,2.2,18
486,2024-03,2.2,2.2,2.0,2.0,15
486,2024-04,2.0,2.0,2.1,2.1,18
486,2024-05,2.1,2.1,1.8,1.8,16
486,2024-06,1.8,1.8,2.0,2.0,14
486,2024-07,2.0,2.0,1.8,1.8,8
486,2024-08,1.8,1.8,2.0,2.0,17
486,2024-09,2.0,2.0,2.0,2.0,2
486,2024-10,2.0,2.0,2.1,2.1,15
486,2024-11,2.1,2.1,2.8,2.8,18
486,2024-12,2.8,2.8,2.8,2.8,12
486,2025-01,2.8,2.8,2.0,2.0,4
486,2025-02,2.0,2.0,1.8,1.8,17
486,2025-03,1.8,1.8,1.9,1.9,16
486,2025-04,1.9,1.9,2.0,2.0,16
486,2025-05,2.0,2.0,2.2,2.2,14
486,2025-06,2.2,2.2,1.9,1.9,10
486,2025-07,1.9,1.9,2.1,2.1,12
486,2025-08,2.1,2.1,2.0,2.0,16
486,2025-09,2.0,2.0,2.2,2.2,15
486,2025-10,2.2,2.2,2.2,2.2,15
486,2025-11,2.2,2.2,2.9,2.9,17
486,2025-12,2.9,2.9,2.6,2.6,5
487,2021-01,75.9,57.8,53.2,71.2,0
487,2021-02,71.2,71.2,66.2,66.2,3
487,2021-03,66.2,62.9,73.1,76.4,0
487,2021-04,76.4,75.1,66.9,68.1,0
487,2021-05,68.1,59.9,70.7,79.0,0
487,2021-06,79.0,51.1,42.3,70.1,0
487,2021-07,70.1,61.8,58.7,67.1,0
487,2021-08,67.1,57.0,65.5,75.6,0
487,2021-09,75.6,52.4,47.1,70.4,0
487,2021-10,70.4,69.0,74.3,75.6,0
487,2021-11,75.6,75.6,107.2,107.2,8
487,2021-12,107.2,91.6,71.0,86.7,0
487,2022-01,86.7,59.1,43.8,71.4,0
487,2022-02,71.4,38.6,41.8,74.5,0
487,2022-03,74.5,54.5,55.9,75.9,0
487,2022-04,75.9,73.9,63.9,66.0,0
487,2022-05,66.0,66.0,71.8,71.8,1
487,2022-06,71.8,71.8,67.6,67.6,4
487,2022-07,67.6,66.5,67.1,68.2,0
487,2022-08,68.2,65.9,71.8,74.1,0
487,2022-09,74.1,70.3,75.7,79.5,0
487,2022-10,79.5,51.1,44.3,72.7,0
487,2022-11,72.7,72.7,97.7,97.7,6
487,2022-12,97.7,83.2,81.3,95.8,0
487,2023-01,95.8,78.1,50.3,68.0,0
487,2023-02,68.0,56.7,56.3,67.6,0
487,2023-03,67.6,67.6,67.0,67.0,5
487,2023-04,67.0,60.4,70.6,77.3,0
487,2023-05,77.3,59.0,49.9,68.2,0
487,2023-06,68.2,68.2,74.8,74.8,2
487,2023-07,74.8,53.5,51.7,72.9,0
487,2023-08,72.9,65.2,59.3,67.0,0
487,2023-09,67.0,55.7,66.0,77.4,0
487,2023-10,77.4,65.3,56.3,68.4,0
487,2023-11,68.4,68.4,112.7,112.7,7
487,2023-12,112.7,77.7,60.0,95.0,0
487,2024-01,95.0,70.6,52.6,76.9,0
487,2024-02,76.9,64.6,59.6,71.9,0
487,2024-03,71.9,50.6,47.7,69.0,0
487,2024-04,69.0,68.3,72.3,73.0,0
487,2024-05,73.0,73.0,66.8,66.8,1
487,2024-06,66.8,35.6,41.4,72.7,0
487,2024-07,72.7,57.0,52.2,67.8,0
487,2024-08,67.8,66.9,64.7,65.6,0
487,2024-09,65.6,47.6,52.9,71.0,0
487,2024-10,71.0,55.9,55.4,70.5,0
487,2024-11,70.5,70.5,111.1,111.1,5
487,2024-12,111.1,79.9,66.4,97.6,0
487,2025-01,97.6,72.4,46.4,71.6,0
487,2025-02,71.6,71.6,76.9,76.9,4
487,2025-03,76.9,42.2,43.2,77.9,0
487,2025-04,77.9,56.5,54.7,76.0,0
487,2025-05,76.0,52.8,45.8,69.0,0
487,2025-06,69.0,59.9,68.7,77.8,0
487,2025-07,77.8,73.1,66.4,71.1,0
487,2025-08,71.1,53.8,54.8,72.0,0
487,2025-09,72.0,63.2,69.3,78.1,0
487,2025-10,78.1,78.1,71.3,71.3,1
487,2025-11,71.3,71.3,103.7,103.7,3
487,2025-12,103.7,72.6,64.7,95.8,0
488,2021-01,140.2,119.5,124.4,145.2,0
488,2021-02,145.2,79.0,74.6,140.8,0
488,2021-03,140.8,71.5,71.0,140.2,0
488,2021-04,140.2,106.2,95.1,129.1,0
488,2021-05,129.1,80.2,89.1,137.9,0
488,2021-06,137.9,94.0,92.4,136.3,0
488,2021-07,136.3,99.5,92.6,129.4,0
488,2021-08,129.4,69.7,73.9,133.6,0
488,2021-09,133.6,83.7,82.5,132.4,0
488,2021-10,132.4,89.7,93.7,136.4,0
488,2021-11,136.4,106.7,165.3,195.0,0
488,2021-12,195.0,107.5,91.3,178.8,0
488,2022-01,178.8,51.5,11.5,138.7,0
488,2022-02,138.7,76.3,70.8,133.2,0
488,2022-03,133.2,64.7,65.3,133.9,0
488,2022-04,133.9,72.2,82.3,144.0,0
488,2022-05,144.0,66.4,53.4,131.0,0
488,2022-06,131.0,88.1,83.2,126.1,0
488,2022-07,126.1,96.9,116.3,145.6,0
488,2022-08,145.6,45.6,39.5,139.4,0
488,2022-09,139.4,104.5,92.9,127.8,0
488,2022-10,127.8,75.6,75.8,127.9,0
488,2022-11,127.9,97.9,159.2,189.3,0
488,2022-12,189.3,80.5,64.5,173.3,0
488,2023-01,173.3,98.5,68.4,143.3,0
488,2023-02,143.3,58.7,57.0,141.5,0
488,2023-03,141.5,85.9,82.1,137.7,0
488,2023-04,137.7,83.1,80.5,135.1,0
488,2023-05,135.1,82.7,85.8,138.2,0
488,2023-06,138.2,77.7,83.3,143.9,0
488,2023-07,143.9,88.2,73.0,128.7,0
488,2023-08,128.7,72.9,86.6,142.4,0
488,2023-09,142.4,61.3,61.3,142.4,0
488,2023-10,142.4,69.7,63.6,136.2,0
488,2023-11,136.2,114.8,166.2,187.7,0
488,2023-12,187.7,99.9,77.7,165.5,0
488,2024-01,165.5,116.6,82.1,131.0,0
488,2024-02,131.0,108.2,106.8,129.6,0
488,2024-03,129.6,83.9,91.4,137.0,0
488,2024-04,137.0,85.9,82.6,133.8,0
488,2024-05,133.8,84.4,87.8,137.2,0
488,2024-06,137.2,78.6,83.2,141.7,0
488,2024-07,141.7,84.4,82.4,139.8,0
488,2024-08,139.8,106.1,98.9,132.6,0
488,2024-09,132.6,97.3,105.1,140.4,0
488,2024-10,140.4,94.3,97.7,143.8,0
488,2024-11,143.8,116.8,157.7,184.7,0
488,2024-12,184.7,102.6,79.6,161.7,0
488,2025-01,161.7,91.5,61.0,131.2,0
488,2025-02,131.2,81.7,87.8,137.2,0
488,2025-03,137.2,88.8,93.4,141.8,0
488,2025-04,141.8,80.8,69.4,130.4,0
488,2025-05,130.4,64.3,71.8,137.9,0
488,2025-06,137.9,88.5,91.1,140.5,0
488,2025-07,140.5,85.2,85.9,141.2,0
488,2025-08,141.2,66.1,60.6,135.8,0
488,2025-09,135.8,69.6,64.3,130.5,0
488,2025-10,130.5,58.0,63.4,135.9,0
488,2025-11,135.9,123.2,193.1,205.8,0
488,2025-12,205.8,124.5,82.2,163.5,0
489,2021-01,9.0,4.2,4.4,9.1,0
489,2021-02,9.1,2.8,2.5,8.8,0
489,2021-03,8.8,4.6,4.1,8.3,0
489,2021-04,8.3,4.5,5.3,9.0,0
489,2021-05,9.0,4.9,4.6,8.7,0
489,2021-06,8.7,3.1,2.9,8.5,0
489,2021-07,8.5,4.3,4.3,8.4,0
489,2021-08,8.4,5.3,6.1,9.2,0
489,2021-09,9.2,5.6,4.8,8.5,0
489,2021-10,8.5,3.4,3.8,8.9,0
489,2021-11,8.9,7.1,11.6,13.4,0
489,2021-12,13.4,6.6,4.5,11.2,0
489,2022-01,11.2,4.1,1.9,9.0,0
489,2022-02,9.0,5.4,5.1,8.7,0
489,2022-03,8.7,5.5,5.7,8.9,0
489,2022-04,8.9,4.7,4.9,9.1,0
489,2022-05,9.1,5.2,4.9,8.9,0
489,2022-06,8.9,3.8,4.1,9.1,0
489,2022-07,9.1,4.4,4.1,8.8,0
489,2022-08,8.8,6.2,6.5,9.1,0
489,2022-09,9.1,5.0,5.0,9.2,0
489,2022-10,9.2,5.0,4.8,9.0,0
489,2022-11,9.0,8.5,12.4,12.9,0
489,2022-12,12.9,6.8,5.0,11.2,0
489,2023-01,11.2,5.8,3.2,8.6,0
489,2023-02,8.6,4.2,4.5,8.9,0
489,2023-03,8.9,4.7,4.6,8.8,0
489,2023-04,8.8,5.0,4.5,8.3,0
489,2023-05,8.3,4.5,4.9,8.6,0
489,2023-06,8.6,4.3,4.4,8.7,0
489,2023-07,8.7,4.8,5.0,8.9,0
489,2023-08,8.9,3.9,4.0,9.1,0
489,2023-09,9.1,5.4,5.0,8.6,0
489,2023-10,8.6,3.8,4.2,9.0,0
489,2023-11,9.0,8.3,11.3,12.0,0
489,2023-12,12.0,7.8,7.3,11.4,0
489,2024-01,11.4,7.2,4.9,9.1,0
489,2024-02,9.1,5.4,5.1,8.7,0
489,2024-03,8.7,3.9,3.7,8.5,0
489,2024-04,8.5,3.8,3.7,8.4,0
489,2024-05,8.4,5.7,5.8,8.5,0
489,2024-06,8.5,7.2,7.3,8.5,0
489,2024-07,8.5,5.6,5.7,8.7,0
489,2024-08,8.7,4.0,4.0,8.7,0
489,2024-09,8.7,4.1,3.8,8.4,0
489,2024-10,8.4,4.8,4.7,8.4,0
489,2024-11,8.4,8.3,11.2,11.2,0
489,2024-12,11.2,5.3,4.9,10.8,0
489,2025-01,10.8,5.2,3.3,9.0,0
489,2025-02,9.0,5.5,5.7,9.1,0
489,2025-03,9.1,7.8,7.2,8.5,0
489,2025-04,8.5,3.7,3.6,8.4,0
489,2025-05,8.4,2.7,3.2,8.9,0
489,2025-06,8.9,5.1,4.7,8.5,0
489,2025-07,8.5,5.2,5.1,8.4,0
489,2025-08,8.4,5.2,5.0,8.2,0
489,2025-09,8.2,3.8,4.1,8.6,0
489,2025-10,8.6,5.2,5.6,9.1,0
489,2025-11,9.1,7.9,10.3,11.4,0
489,2025-12,11.4,7.4,6.7,10.8,0
490,2021-01,9.8,9.8,9.7,9.7,16
490,2021-02,9.7,9.7,8.9,8.9,14
490,2021-03,8.9,8.9,9.3,9.3,16
490,2021-04,9.3,9.3,8.5,8.5,19
490,2021-05,8.5,8.5,8.8,8.8,19
490,2021-06,8.8,8.8,8.5,8.5,15
490,2021-07,8.5,8.5,8.6,8.6,22
490,2021-08,8.6,8.6,9.7,9.7,18
490,2021-09,9.7,9.7,9.1,9.1,15
490,2021-10,9.1,9.1,9.5,9.5,20
490,2021-11,9.5,9.5,13.1,13.1,18
490,2021-12,13.1,13.1,12.7,12.7,12
490,2022-01,12.7,12.7,8.4,8.4,14
490,2022-02,8.4,8.4,9.2,9.2,18
490,2022-03,9.2,9.2,10.1,10.1,16
490,2022-04,10.1,10.1,8.9,8.9,19
490,2022-05,8.9,8.9,9.9,9.9,14
490,2022-06,9.9,9.9,10.2,10.2,19
490,2022-07,10.2,10.2,8.6,8.6,17
490,2022-08,8.6,8.6,9.1,9.1,21
490,2022-09,9.1,9.1,8.4,8.4,12
490,2022-10,8.4,8.4,8.4,8.4,16
490,2022-11,8.4,8.4,13.5,13.5,21
490,2022-12,13.5,13.5,12.8,12.8,11
490,2023-01,12.8,12.8,10.2,10.2,11
490,2023-02,10.2,10.2,8.9,8.9,13
490,2023-03,8.9,8.9,9.0,9.0,20
490,2023-04,9.0,9.0,9.5,9.5,18
490,2023-05,9.5,9.5,9.0,9.0,18
490,2023-06,9.0,9.0,9.6,9.6,17
490,2023-07,9.6,9.6,8.5,8.5,19
490,2023-08,8.5,8.5,9.4,9.4,16
490,2023-09,9.4,9.4,9.4,9.4,19
490,2023-10,9.4,9.4,9.1,9.1,15
490,2023-11,9.1,9.1,13.5,13.5,23
490,2023-12,13.5,13.5,12.5,12.5,15
490,2024-01,12.5,12.5,9.8,9.8,10
490,2024-02,9.8,9.8,9.4,9.4,17
490,2024-03,9.4,9.4,9.3,9.3,18
490,2024-04,9.3,9.3,9.2,9.2,16
490,2024-05,9.2,9.2,9.1,9.1,20
490,2024-06,9.1,9.1,9.5,9.5,18
490,2024-07,9.5,9.5,9.8,9.8,14
490,2024-08,9.8,9.8,9.1,9.1,14
490,2024-09,9.1,9.1,9.8,9.8,16
490,2024-10,9.8,9.8,10.0,10.0,10
490,2024-11,10.0,10.0,13.1,13.1,21
490,2024-12,13.1,13.1,10.7,10.7,18
490,2025-01,10.7,10.7,8.6,8.6,14
490,2025-02,8.6,8.6,9.3,9.3,18
490,2025-03,9.3,9.3,9.5,9.5,20
490,2025-04,9.5,9.5,9.1,9.1,17
490,2025-05,9.1,9.1,9.2,9.2,18
490,2025-06,9.2,9.2,8.4,8.4,21
490,2025-07,8.4,8.4,9.1,9.1,21
490,2025-08,9.1,9.1,9.3,9.3,19
490,2025-09,9.3,9.3,9.4,9.4,16
490,2025-10,9.4,9.4,10.0,10.0,15
490,2025-11,10.0,10.0,13.0,13.0,22
490,2025-12,13.0,13.0,12.3,12.3,16
491,2021-01,12.2,7.0,7.1,12.3,0
491,2021-02,12.3,6.1,5.6,11.7,0
491,2021-03,11.7,7.4,6.9,11.2,0
491,2021-04,11.2,5.2,6.3,12.3,0
491,2021-05,12.3,6.2,5.5,11.5,0
491,2021-06,11.5,7.6,8.1,12.0,0
491,2021-07,12.0,7.2,6.8,11.6,0
491,2021-08,11.6,6.9,7.0,11.8,0
491,2021-09,11.8,7.6,8.1,12.3,0
491,2021-10,12.3,6.7,6.4,12.0,0
491,2021-11,12.0,8.5,12.6,16.1,0
491,2021-12,16.1,7.7,5.9,14.3,0
491,2022-01,14.3,5.9,3.9,12.3,0
491,2022-02,12.3,7.9,8.1,12.5,0
491,2022-03,12.5,5.7,4.6,11.4,0
491,2022-04,11.4,6.5,7.4,12.3,0
491,2022-05,12.3,6.2,6.0,12.1,0
491,2022-06,12.1,7.5,7.6,12.3,0
491,2022-07,12.3,7.7,7.8,12.4,0
491,2022-08,12.4,7.4,6.7,11.7,0
491,2022-09,11.7,9.2,9.0,11.5,0
491,2022-10,11.5,6.5,6.4,11.4,0
491,2022-11,11.4,8.5,13.5,16.4,0
491,2022-12,16.4,6.5,5.1,15.0,0
491,2023-01,15.0,5.2,2.3,12.1,0
491,2023-02,12.1,6.9,6.4,11.6,0
491,2023-03,11.6,7.0,7.5,12.1,0
491,2023-04,12.1,6.3,6.2,12.0,0
491,2023-05,12.0,4.8,4.4,11.6,0
491,2023-06,11.6,5.7,6.3,12.2,0
491,2023-07,12.2,9.4,8.6,11.3,0
491,2023-08,11.3,4.8,5.1,11.7,0
491,2023-09,11.7,7.1,8.0,12.6,0
491,2023-10,12.6,7.5,6.9,11.9,0
491,2023-11,11.9,10.3,13.8,15.4,0
491,2023-12,15.4,8.5,8.5,15.4,0
491,2024-01,15.4,8.6,4.7,11.5,0
491,2024-02,11.5,6.7,6.9,11.7,0
491,2024-03,11.7,7.5,7.2,11.4,0
491,2024-04,11.4,4.8,5.3,11.9,0
491,2024-05,11.9,7.2,7.4,12.0,0
491,2024-06,12.0,5.7,5.8,12.1,0
491,2024-07,12.1,6.2,6.0,11.9,0
491,2024-08,11.9,6.1,6.2,12.0,0
491,2024-09,12.0,5.9,5.3,11.5,0
491,2024-10,11.5,6.8,7.4,12.1,0
491,2024-11,12.1,9.9,14.7,17.0,0
491,2024-12,17.0,9.7,8.2,15.4,0
491,2025-01,15.4,7.1,3.9,12.2,0
491,2025-02,12.2,7.4,7.4,12.3,0
491,2025-03,12.3,7.3,6.6,11.6,0
491,2025-04,11.6,6.8,6.7,11.5,0
491,2025-05,11.5,7.1,7.0,11.3,0
491,2025-06,11.3,6.0,6.2,11.6,0
491,2025-07,11.6,9.2,10.2,12.6,0
491,2025-08,12.6,6.4,6.1,12.3,0
491,2025-09,12.3,5.5,5.1,11.9,0
491,2025-10,11.9,6.5,7.1,12.5,0
491,2025-11,12.5,8.1,13.9,18.3,0
491,2025-12,18.3,7.8,5.0,15.4,0
492,2021-01,26.9,12.9,11.0,25.0,0
492,2021-02,25.0,6.8,8.7,27.0,0
492,2021-03,27.0,15.0,15.5,27.5,0
492,2021-04,27.5,15.3,15.2,27.4,0
492,2021-05,27.4,16.7,15.6,26.4,0
492,2021-06,26.4,12.7,12.3,26.0,0
492,2021-07,26.0,10.2,10.9,26.6,0
492,2021-08,26.6,13.9,13.7,26.4,0
492,2021-09,26.4,13.1,12.6,26.0,0
492,2021-10,26.0,12.8,14.4,27.6,0
492,2021-11,27.6,18.8,30.2,39.0,0
492,2021-12,39.0,18.6,11.8,32.2,0
492,2022-01,32.2,16.3,11.0,26.9,0
492,2022-02,26.9,12.8,11.5,25.6,0
492,2022-03,25.6,15.3,14.4,24.7,0
492,2022-04,24.7,14.8,14.8,24.8,0
492,2022-05,24.8,15.3,15.5,25.0,0
492,2022-06,25.0,9.7,10.1,25.4,0
492,2022-07,25.4,17.9,20.2,27.7,0
492,2022-08,27.7,14.5,12.5,25.7,0
492,2022-09,25.7,8.9,9.3,26.1,0
492,2022-10,26.1,12.3,11.1,25.0,0
492,2022-11,25.0,19.2,34.0,39.7,0
492,2022-12,39.7,14.3,7.8,33.3,0
492,2023-01,33.3,14.4,7.7,26.5,0
492,2023-02,26.5,10.8,10.2,26.0,0
492,2023-03,26.0,12.9,12.9,26.0,0
492,2023-04,26.0,9.7,9.9,26.2,0
492,2023-05,26.2,13.4,13.4,26.2,0
492,2023-06,26.2,8.8,9.5,26.9,0
492,2023-07,26.9,16.6,15.4,25.7,0
492,2023-08,25.7,14.2,15.4,26.8,0
492,2023-09,26.8,14.5,14.9,27.2,0
492,2023-10,27.2,12.7,10.9,25.4,0
492,2023-11,25.4,22.2,32.4,35.6,0
492,2023-12,35.6,16.2,12.7,32.2,0
492,2024-01,32.2,14.7,9.1,26.6,0
492,2024-02,26.6,15.9,14.7,25.4,0
492,2024-03,25.4,9.4,11.5,27.5,0
492,2024-04,27.5,10.8,9.3,26.0,0
492,2024-05,26.0,15.2,14.2,25.0,0
492,2024-06,25.0,12.0,13.2,26.3,0
492,2024-07,26.3,14.3,14.3,26.3,0
492,2024-08,26.3,13.9,13.3,25.8,0
492,2024-09,25.8,18.1,17.9,25.6,0
492,2024-10,25.6,12.5,13.9,27.0,0
492,2024-11,27.0,24.0,31.5,34.4,0
492,2024-12,34.4,18.1,17.2,33.5,0
492,2025-01,33.5,13.3,6.4,26.6,0
492,2025-02,26.6,15.2,16.3,27.7,0
492,2025-03,27.7,14.5,12.1,25.3,0
492,2025-04,25.3,12.9,12.6,25.0,0
492,2025-05,25.0,12.6,12.9,25.3,0
492,2025-06,25.3,14.2,15.7,26.8,0
492,2025-07,26.8,13.5,14.2,27.5,0
492,2025-08,27.5,11.4,10.7,26.7,0
492,2025-09,26.7,21.5,19.0,24.2,0
492,2025-10,24.2,11.9,12.7,25.0,0
492,2025-11,25.0,19.4,31.6,37.2,0
492,2025-12,37.2,15.5,10.3,31.9,0
493,2021-01,32.2,14.4,14.5,32.3,0
493,2021-02,32.3,13.8,13.0,31.5,0
493,2021-03,31.5,12.3,11.6,30.8,0
493,2021-04,30.8,19.4,21.4,32.8,0
493,2021-05,32.8,13.2,11.4,30.9,0
493,2021-06,30.9,12.5,14.1,32.6,0
493,2021-07,32.6,15.9,13.7,30.4,0
493,2021-08,30.4,14.6,16.6,32.5,0
493,2021-09,32.5,15.0,15.4,32.9,0
493,2021-10,32.9,17.2,16.7,32.4,0
493,2021-11,32.4,23.7,36.0,44.8,0
493,2021-12,44.8,20.1,15.8,40.4,0
493,2022-01,40.4,20.0,10.2,30.6,0
493,2022-02,30.6,16.5,16.1,30.2,0
493,2022-03,30.2,14.5,15.7,31.4,0
493,2022-04,31.4,13.1,11.9,30.2,0
493,2022-05,30.2,17.8,17.1,29.4,0
493,2022-06,29.4,12.3,14.7,31.8,0
493,2022-07,31.8,19.5,18.5,30.8,0
493,2022-08,30.8,15.1,16.1,31.9,0
493,2022-09,31.9,14.9,14.8,31.8,0
493,2022-10,31.8,16.7,14.8,29.9,0
493,2022-11,29.9,22.2,36.5,44.1,0
493,2022-12,44.1,21.4,16.9,39.6,0
493,2023-01,39.6,17.6,10.0,32.0,0
493,2023-02,32.0,13.2,12.7,31.5,0
493,2023-03,31.5,18.4,18.6,31.7,0
493,2023-04,31.7,13.1,13.7,32.2,0
493,2023-05,32.2,16.3,13.8,29.8,0
493,2023-06,29.8,11.9,14.0,32.0,0
493,2023-07,32.0,17.1,15.1,30.0,0
493,2023-08,30.0,12.2,13.5,31.3,0
493,2023-09,31.3,17.9,16.1,29.5,0
493,2023-10,29.5,17.7,20.2,32.0,0
493,2023-11,32.0,23.2,33.4,42.3,0
493,2023-12,42.3,21.3,20.0,41.0,0
493,2024-01,41.0,14.0,5.2,32.2,0
493,2024-02,32.2,16.0,16.4,32.6,0
493,2024-03,32.6,19.7,18.7,31.6,0
493,2024-04,31.6,19.3,17.7,30.1,0
493,2024-05,30.1,13.5,15.9,32.4,0
493,2024-06,32.4,16.7,16.7,32.4,0
493,2024-07,32.4,17.4,15.3,30.2,0
493,2024-08,30.2,13.9,14.7,31.0,0
493,2024-09,31.0,12.9,14.2,32.2,0
493,2024-10,32.2,12.4,12.1,31.9,0
493,2024-11,31.9,23.3,32.4,41.1,0
493,2024-12,41.1,19.2,16.8,38.7,0
493,2025-01,38.7,13.2,6.9,32.3,0
493,2025-02,32.3,13.8,14.1,32.7,0
493,2025-03,32.7,14.6,14.8,32.9,0
493,2025-04,32.9,15.1,14.8,32.6,0
493,2025-05,32.6,21.1,19.9,31.5,0
493,2025-06,31.5,15.3,16.7,32.9,0
493,2025-07,32.9,18.3,16.3,30.8,0
493,2025-08,30.8,12.8,12.9,30.8,0
493,2025-09,30.8,15.4,17.3,32.7,0
493,2025-10,32.7,19.0,19.3,33.0,0
493,2025-11,33.0,24.9,33.0,41.1,0
493,2025-12,41.1,22.0,21.7,40.8,0
494,2021-01,3.7,3.0,2.7,3.4,0
494,2021-02,3.4,2.6,2.8,3.7,0
494,2021-03,3.7,2.9,2.7,3.5,0
494,2021-04,3.5,3.3,3.2,3.4,0
494,2021-05,3.4,2.2,2.5,3.6,0
494,2021-06,3.6,2.8,2.6,3.4,0
494,2021-07,3.4,2.5,2.8,3.6,0
494,2021-08,3.6,3.1,2.8,3.3,0
494,2021-09,3.3,3.3,3.7,3.7,0
494,2021-10,3.7,3.1,2.7,3.3,0
494,2021-11,3.3,3.3,5.1,5.1,8
494,2021-12,5.1,3.3,2.7,4.5,0
494,2022-01,4.5,2.6,1.6,3.6,0
494,2022-02,3.6,1.3,1.4,3.6,0
494,2022-03,3.6,3.3,3.1,3.4,0
494,2022-04,3.4,2.4,2.5,3.6,0
494,2022-05,3.6,2.8,2.9,3.7,0
494,2022-06,3.7,2.7,2.4,3.5,0
494,2022-07,3.5,2.8,2.9,3.6,0
494,2022-08,3.6,2.7,2.8,3.7,0
494,2022-09,3.7,2.1,1.9,3.6,0
494,2022-10,3.6,2.3,2.2,3.5,0
494,2022-11,3.5,3.5,5.0,5.0,4
494,2022-12,5.0,3.4,2.7,4.3,0
494,2023-01,4.3,3.4,2.4,3.3,0
494,2023-02,3.3,2.9,3.2,3.6,0
494,2023-03,3.6,2.9,3.0,3.7,0
494,2023-04,3.7,3.3,3.2,3.6,0
494,2023-05,3.6,2.6,2.7,3.7,0
494,2023-06,3.7,3.0,2.9,3.6,0
494,2023-07,3.6,2.8,2.8,3.6,0
494,2023-08,3.6,3.0,2.7,3.3,0
494,2023-09,3.3,3.3,3.3,3.3,0
494,2023-10,3.3,3.1,3.4,3.7,0
494,2023-11,3.7,3.4,5.0,5.2,0
494,2023-12,5.2,2.6,1.9,4.5,0
494,2024-01,4.5,2.9,2.0,3.6,0
494,2024-02,3.6,3.2,3.1,3.5,0
494,2024-03,3.5,2.8,2.8,3.6,0
494,2024-04,3.6,3.1,3.3,3.7,0
494,2024-05,3.7,2.3,2.2,3.7,0
494,2024-06,3.7,2.7,2.5,3.5,0
494,2024-07,3.5,1.6,1.5,3.4,0
494,2024-08,3.4,3.4,3.4,3.4,0
494,2024-09,3.4,3.4,3.2,3.2,1
494,2024-10,3.2,2.4,2.5,3.3,0
494,2024-11,3.3,3.3,4.9,4.9,1
494,2024-12,4.9,3.0,2.3,4.3,0
494,2025-01,4.3,2.2,1.3,3.4,0
494,2025-02,3.4,2.8,3.1,3.8,0
494,2025-03,3.8,2.5,2.3,3.6,0
494,2025-04,3.6,2.4,2.5,3.7,0
494,2025-05,3.7,2.7,2.4,3.3,0
494,2025-06,3.3,3.3,3.5,3.5,3
494,2025-07,3.5,3.0,3.0,3.5,0
494,2025-08,3.5,2.9,2.9,3.6,0
494,2025-09,3.6,3.3,3.5,3.8,0
494,2025-10,3.8,3.7,3.2,3.3,0
494,2025-11,3.3,3.3,5.4,5.4,0
494,2025-12,5.4,3.5,2.6,4.6,0
495,2021-01,7.0,7.0,6.6,6.6,17
495,2021-02,6.6,6.6,6.3,6.3,18
495,2021-03,6.3,6.3,6.8,6.8,6
495,2021-04,6.8,6.8,6.5,6.5,19
495,2021-05,6.5,6.5,6.6,6.6,12
495,2021-06,6.6,6.6,7.1,7.1,16
495,2021-07,7.1,7.1,6.3,6.3,9
495,2021-08,6.3,6.3,7.2,7.2,6
495,2021-09,7.2,7.2,6.1,6.1,14
495,2021-10,6.1,6.1,6.1,6.1,16
495,2021-11,6.1,6.1,9.8,9.8,20
495,2021-12,9.8,9.8,7.8,7.8,13
495,2022-01,7.8,7.8,6.1,6.1,16
495,2022-02,6.1,6.1,6.4,6.4,9
495,2022-03,6.4,6.4,6.0,6.0,18
495,2022-04,6.0,6.0,7.1,7.1,13
495,2022-05,7.1,7.1,6.9,6.9,17
495,2022-06,6.9,6.9,7.1,7.1,15
495,2022-07,7.1,7.1,7.2,7.2,18
495,2022-08,7.2,7.2,7.1,7.1,14
495,2022-09,7.1,7.1,7.3,7.3,18
495,2022-10,7.3,7.3,6.1,6.1,16
495,2022-11,6.1,6.1,9.7,9.7,20
495,2022-12,9.7,9.7,9.0,9.0,6
495,2023-01,9.0,9.0,6.7,6.7,9
495,2023-02,6.7,6.7,7.2,7.2,16
495,2023-03,7.2,7.2,6.5,6.5,10
495,2023-04,6.5,6.5,6.9,6.9,17
495,2023-05,6.9,6.9,7.0,7.0,17
495,2023-06,7.0,7.0,6.9,6.9,13
495,2023-07,6.9,6.9,6.7,6.7,13
495,2023-08,6.7,6.7,7.4,7.4,15
495,2023-09,7.4,7.4,7.1,7.1,13
495,2023-10,7.1,7.1,7.0,7.0,14
495,2023-11,7.0,7.0,10.4,10.4,17
495,2023-12,10.4,10.4,9.2,9.2,11
495,2024-01,9.2,8.1,5.4,6.5,0
495,2024-02,6.5,6.5,7.3,7.3,15
495,2024-03,7.3,7.3,7.3,7.3,14
495,2024-04,7.3,7.3,6.4,6.4,14
495,2024-05,6.4,6.4,7.0,7.0,20
495,2024-06,7.0,7.0,6.5,6.5,11
495,2024-07,6.5,6.5,7.1,7.1,14
495,2024-08,7.1,7.1,6.3,6.3,14
495,2024-09,6.3,6.3,6.8,6.8,18
495,2024-10,6.8,6.8,6.8,6.8,17
495,2024-11,6.8,6.8,9.3,9.3,21
495,2024-12,9.3,9.3,8.4,8.4,14
495,2025-01,8.4,8.4,6.3,6.3,13
495,2025-02,6.3,6.3,6.3,6.3,13
495,2025-03,6.3,6.3,6.5,6.5,19
495,2025-04,6.5,6.5,7.0,7.0,16
495,2025-05,7.0,7.0,6.9,6.9,13
495,2025-06,6.9,6.9,6.5,6.5,13
495,2025-07,6.5,6.5,6.0,6.0,19
495,2025-08,6.0,6.0,6.2,6.2,16
495,2025-09,6.2,6.2,6.0,6.0,14
495,2025-10,6.0,6.0,7.1,7.1,12
495,2025-11,7.1,7.1,8.8,8.8,21
495,2025-12,8.8,8.8,8.8,8.8,15
496,2021-01,14.7,7.2,7.1,14.6,0
496,2021-02,14.6,7.7,7.8,14.8,0
496,2021-03,14.8,6.0,5.2,14.0,0
496,2021-04,14.0,5.4,6.3,14.9,0
496,2021-05,14.9,6.3,6.3,14.9,0
496,2021-06,14.9,5.7,5.0,14.3,0
496,2021-07,14.3,6.4,6.0,13.8,0
496,2021-08,13.8,6.2,6.2,13.9,0
496,2021-09,13.9,8.5,9.2,14.5,0
496,2021-10,14.5,5.0,5.3,14.9,0
496,2021-11,14.9,11.1,16.2,19.9,0
496,2021-12,19.9,11.9,9.5,17.5,0
496,2022-01,17.5,8.6,5.8,14.7,0
496,2022-02,14.7,9.6,9.5,14.6,0
496,2022-03,14.6,6.5,5.9,14.0,0
496,2022-04,14.0,5.7,5.5,13.8,0
496,2022-05,13.8,8.2,9.1,14.7,0
496,2022-06,14.7,7.8,8.0,14.9,0
496,2022-07,14.9,7.6,6.9,14.2,0
496,2022-08,14.2,6.0,6.2,14.4,0
496,2022-09,14.4,6.6,6.5,14.3,0
496,2022-10,14.3,7.4,6.8,13.7,0
496,2022-11,13.7,9.6,17.0,21.1,0
496,2022-12,21.1,8.7,5.1,17.5,0
496,2023-01,17.5,6.6,3.8,14.7,0
496,2023-02,14.7,6.5,6.6,14.8,0
496,2023-03,14.8,5.0,4.2,14.0,0
496,2023-04,14.0,6.5,6.6,14.1,0
496,2023-05,14.1,8.1,8.2,14.2,0
496,2023-06,14.2,6.7,7.3,14.8,0
496,2023-07,14.8,7.7,7.4,14.5,0
496,2023-08,14.5,7.4,7.2,14.3,0
496,2023-09,14.3,5.3,5.9,14.8,0
496,2023-10,14.8,7.9,7.6,14.5,0
496,2023-11,14.5,9.0,16.5,22.1,0
496,2023-12,22.1,8.7,5.2,18.6,0
496,2024-01,18.6,7.9,3.7,14.4,0
496,2024-02,14.4,7.1,6.8,14.2,0
496,2024-03,14.2,6.9,6.6,13.9,0
496,2024-04,13.9,6.3,6.2,13.8,0
496,2024-05,13.8,5.0,5.7,14.5,0
496,2024-06,14.5,5.5,5.7,14.6,0
496,2024-07,14.6,7.9,7.8,14.6,0
496,2024-08,14.6,6.2,5.6,14.0,0
496,2024-09,14.0,4.2,4.3,14.0,0
496,2024-10,14.0,4.9,5.5,14.6,0
496,2024-11,14.6,8.3,14.7,21.1,0
496,2024-12,21.1,6.7,3.8,18.1,0
496,2025-01,18.1,5.6,2.0,14.5,0
496,2025-02,14.5,5.6,5.5,14.4,0
496,2025-03,14.4,6.7,7.2,14.8,0
496,2025-04,14.8,6.7,5.9,14.1,0
496,2025-05,14.1,7.2,7.8,14.7,0
496,2025-06,14.7,7.6,6.6,13.6,0
496,2025-07,13.6,7.6,7.8,13.9,0
496,2025-08,13.9,6.6,7.3,14.6,0
496,2025-09,14.6,7.5,7.0,14.2,0
496,2025-10,14.2,7.5,8.0,14.7,0
496,2025-11,14.7,10.1,16.2,20.8,0
496,2025-12,20.8,7.3,4.6,18.2,0
497,2021-01,16.0,2.9,2.8,15.9,0
497,2021-02,15.9,4.4,4.6,16.2,0
497,2021-03,16.2,5.0,5.1,16.2,0
497,2021-04,16.2,4.9,4.6,15.9,0
497,2021-05,15.9,2.2,2.2,15.9,0
497,2021-06,15.9,4.5,4.4,15.8,0
497,2021-07,15.8,4.1,4.2,16.0,0
497,2021-08,16.0,4.8,4.6,15.8,0
497,2021-09,15.8,4.1,4.2,15.8,0
497,2021-10,15.8,4.6,4.9,16.1,0
497,2021-11,16.1,6.2,13.9,23.8,0
497,2021-12,23.8,4.7,0.9,20.0,0
497,2022-01,20.0,3.0,0.0,17.0,0
497,2022-02,17.0,4.8,4.0,16.2,0
497,2022-03,16.2,3.7,3.3,15.7,0
497,2022-04,15.7,3.9,4.0,15.8,0
497,2022-05,15.8,5.8,6.2,16.2,0
497,2022-06,16.2,5.2,4.4,15.4,0
497,2022-07,15.4,4.5,5.3,16.1,0
497,2022-08,16.1,6.5,6.2,15.8,0
497,2022-09,15.8,4.7,4.9,16.0,0
497,2022-10,16.0,3.3,2.8,15.6,0
497,2022-11,15.6,6.1,14.3,23.8,0
497,2022-12,23.8,6.0,2.2,20.0,0
497,2023-01,20.0,3.1,0.0,16.9,0
497,2023-02,16.9,4.3,3.4,16.0,0
497,2023-03,16.0,5.0,5.0,16.0,0
497,2023-04,16.0,3.5,3.1,15.7,0
497,2023-05,15.7,3.5,4.0,16.2,0
497,2023-06,16.2,3.3,3.2,16.0,0
497,2023-07,16.0,3.6,3.6,16.0,0
497,2023-08,16.0,5.1,4.9,15.8,0
497,2023-09,15.8,3.0,3.3,16.0,0
497,2023-10,16.0,3.7,3.4,15.7,0
497,2023-11,15.7,6.4,13.8,23.1,0
497,2023-12,23.1,3.9,0.8,20.0,0
497,2024-01,20.0,4.5,0.5,16.0,0
497,2024-02,16.0,5.0,5.1,16.1,0
497,2024-03,16.1,3.4,3.0,15.7,0
497,2024-04,15.7,5.0,4.8,15.5,0
497,2024-05,15.5,4.0,4.1,15.6,0
497,2024-06,15.6,5.0,5.2,15.8,0
497,2024-07,15.8,4.1,4.5,16.2,0
497,2024-08,16.2,4.3,3.6,15.5,0
497,2024-09,15.5,3.4,3.8,15.9,0
497,2024-10,15.9,6.0,5.7,15.6,0
497,2024-11,15.6,5.5,13.0,23.1,0
497,2024-12,23.1,5.4,2.4,20.1,0
497,2025-01,20.1,4.0,0.0,16.0,0
497,2025-02,16.0,4.5,4.0,15.6,0
497,2025-03,15.6,4.1,4.4,15.8,0
497,2025-04,15.8,4.2,4.3,15.9,0
497,2025-05,15.9,3.7,3.2,15.5,0
497,2025-06,15.5,4.7,5.0,15.8,0
497,2025-07,15.8,4.7,5.2,16.3,0
497,2025-08,16.3,6.0,5.2,15.4,0
497,2025-09,15.4,3.1,3.5,15.8,0
497,2025-10,15.8,4.8,4.7,15.8,0
497,2025-11,15.8,5.6,11.1,21.4,0
497,2025-12,21.4,4.3,2.6,19.7,0
498,2021-01,341.2,164.7,140.4,316.9,0
498,2021-02,316.9,184.2,188.5,321.1,0
498,2021-03,321.1,233.4,256.0,343.7,0
498,2021-04,343.7,189.6,186.0,340.1,0
498,2021-05,340.1,192.2,172.2,320.1,0
498,2021-06,320.1,148.0,147.8,320.0,0
498,2021-07,320.0,150.6,172.9,342.2,0
498,2021-08,342.2,194.8,199.1,346.5,0
498,2021-09,346.5,179.6,155.3,322.2,0
498,2021-10,322.2,180.2,177.0,319.0,0
498,2021-11,319.0,253.1,405.6,471.4,0
498,2021-12,471.4,290.1,249.0,430.4,0
498,2022-01,430.4,218.2,125.2,337.4,0
498,2022-02,337.4,186.5,184.0,334.9,0
498,2022-03,334.9,187.8,194.4,341.4,0
498,2022-04,341.4,188.8,183.9,336.5,0
498,2022-05,336.5,184.9,187.3,338.8,0
498,2022-06,338.8,249.8,245.2,334.3,0
498,2022-07,334.3,181.0,164.3,317.6,0
498,2022-08,317.6,136.3,140.7,322.0,0
498,2022-09,322.0,180.1,185.7,327.6,0
498,2022-10,327.6,191.8,181.7,317.5,0
498,2022-11,317.5,259.5,434.3,492.3,0
498,2022-12,492.3,233.7,152.6,411.2,0
498,2023-01,411.2,227.7,160.3,343.8,0
498,2023-02,343.8,198.9,203.8,348.6,0
498,2023-03,348.6,75.5,64.5,337.6,0
498,2023-04,337.6,187.4,178.5,328.7,0
498,2023-05,328.7,65.1,76.1,339.7,0
498,2023-06,339.7,153.4,139.4,325.7,0
498,2023-07,325.7,196.1,192.4,322.0,0
498,2023-08,322.0,195.6,224.6,351.1,0
498,2023-09,351.1,223.3,197.3,325.1,0
498,2023-10,325.1,151.1,142.7,316.7,0
498,2023-11,316.7,244.3,380.7,453.1,0
498,2023-12,453.1,212.0,162.3,403.4,0
498,2024-01,403.4,152.1,89.4,340.6,0
498,2024-02,340.6,144.9,151.3,347.0,0
498,2024-03,347.0,164.2,155.7,338.5,0
498,2024-04,338.5,182.9,166.0,321.5,0
498,2024-05,321.5,135.7,132.4,318.2,0
498,2024-06,318.2,222.3,221.4,317.3,0
498,2024-07,317.3,174.5,189.8,332.6,0
498,2024-08,332.6,149.4,158.0,341.1,0
498,2024-09,341.1,217.7,193.9,317.4,0
498,2024-10,317.4,198.1,208.4,327.7,0
498,2024-11,327.7,257.1,404.9,475.6,0
498,2024-12,475.6,228.4,187.2,434.4,0
498,2025-01,434.4,194.0,94.1,334.5,0
498,2025-02,334.5,159.3,163.7,338.9,0
498,2025-03,338.9,196.8,183.4,325.6,0
498,2025-04,325.6,213.7,237.8,349.6,0
498,2025-05,349.6,222.6,204.7,331.7,0
498,2025-06,331.7,123.0,126.5,335.2,0
498,2025-07,335.2,115.4,120.8,340.5,0
498,2025-08,340.5,162.9,165.1,342.8,0
498,2025-09,342.8,178.5,165.3,329.6,0
498,2025-10,329.6,128.6,143.0,344.1,0
498,2025-11,344.1,271.6,383.6,456.1,0
498,2025-12,456.1,212.1,167.8,411.8,0
499,2021-01,4.1,4.1,4.3,4.3,19
499,2021-02,4.3,4.3,4.0,4.0,20
499,2021-03,4.0,4.0,3.6,3.6,20
499,2021-04,3.6,3.6,3.8,3.8,21
499,2021-05,3.8,3.8,3.6,3.6,19
499,2021-06,3.6,3.6,3.6,3.6,20
499,2021-07,3.6,3.6,3.6,3.6,19
499,2021-08,3.6,3.6,3.6,3.6,18
499,2021-09,3.6,3.6,3.5,3.5,22
499,2021-10,3.5,3.5,3.5,3.5,21
499,2021-11,3.5,3.5,5.6,5.6,24
499,2021-12,5.6,5.6,5.2,5.2,18
499,2022-01,5.2,5.2,3.8,3.8,15
499,2022-02,3.8,3.8,4.2,4.2,19
499,2022-03,4.2,4.2,3.9,3.9,19
499,2022-04,3.9,3.9,4.0,4.0,20
499,2022-05,4.0,4.0,4.1,4.1,17
499,2022-06,4.1,4.1,4.2,4.2,17
499,2022-07,4.2,4.2,4.1,4.1,19
499,2022-08,4.1,4.1,4.2,4.2,19
499,2022-09,4.2,4.2,3.6,3.6,17
499,2022-10,3.6,3.6,3.5,3.5,21
499,2022-11,3.5,3.5,6.1,6.1,24
499,2022-12,6.1,6.1,4.6,4.6,17
499,2023-01,4.6,4.6,4.0,4.0,16
499,2023-02,4.0,4.0,4.1,4.1,18
499,2023-03,4.1,4.1,3.5,3.5,14
499,2023-04,3.5,3.5,4.0,4.0,21
499,2023-05,4.0,4.0,3.7,3.7,19
499,2023-06,3.7,3.7,4.0,4.0,19
499,2023-07,4.0,4.0,3.9,3.9,19
499,2023-08,3.9,3.9,4.1,4.1,18
499,2023-09,4.1,4.1,3.6,3.6,18
499,2023-10,3.6,3.6,4.1,4.1,22
499,2023-11,4.1,4.1,5.4,5.4,22
499,2023-12,5.4,5.4,5.0,5.0,19
499,2024-01,5.0,5.0,3.7,3.7,17
499,2024-02,3.7,3.7,3.9,3.9,20
499,2024-03,3.9,3.9,3.9,3.9,18
499,2024-04,3.9,3.9,3.9,3.9,18
499,2024-05,3.9,3.9,4.2,4.2,18
499,2024-06,4.2,4.2,4.0,4.0,20
499,2024-07,4.0,4.0,3.6,3.6,19
499,2024-08,3.6,3.6,3.5,3.5,21
499,2024-09,3.5,3.5,3.7,3.7,22
499,2024-10,3.7,3.7,3.9,3.9,20
499,2024-11,3.9,3.9,5.4,5.4,23
499,2024-12,5.4,5.4,5.2,5.2,18
499,2025-01,5.2,5.2,4.3,4.3,13
499,2025-02,4.3,4.3,4.1,4.1,19
499,2025-03,4.1,4.1,4.0,4.0,19
499,2025-04,4.0,4.0,4.1,4.1,20
499,2025-05,4.1,4.1,3.7,3.7,20
499,2025-06,3.7,3.7,4.3,4.3,18
499,2025-07,4.3,4.3,4.1,4.1,20
499,2025-08,4.1,4.1,4.2,4.2,17
499,2025-09,4.2,4.2,3.7,3.7,18
499,2025-10,3.7,3.7,3.6,3.6,20
499,2025-11,3.6,3.6,5.4,5.4,22
499,2025-12,5.4,5.4,4.4,4.4,17
500,2021-01,2.8,1.6,1.7,2.9,0
500,2021-02,2.9,1.8,1.6,2.7,0
500,2021-03,2.7,2.1,2.1,2.7,0
500,2021-04,2.7,2.1,2.0,2.6,0
500,2021-05,2.6,2.2,2.4,2.8,0
500,2021-06,2.8,1.5,1.4,2.7,0
500,2021-07,2.7,1.6,1.5,2.6,0
500,2021-08,2.6,2.4,2.6,2.8,0
500,2021-09,2.8,2.2,2.3,2.9,0
500,2021-10,2.9,2.7,2.6,2.8,0
500,2021-11,2.8,2.8,4.2,4.2,4
500,2021-12,4.2,2.0,1.3,3.5,0
500,2022-01,3.5,2.2,1.4,2.8,0
500,2022-02,2.8,2.1,2.2,2.9,0
500,2022-03,2.9,1.6,1.5,2.8,0
500,2022-04,2.8,1.5,1.5,2.7,0
500,2022-05,2.7,2.5,2.7,2.8,0
500,2022-06,2.8,1.7,1.5,2.7,0
500,2022-07,2.7,1.6,1.7,2.8,0
500,2022-08,2.8,1.6,1.6,2.8,0
500,2022-09,2.8,1.9,1.8,2.6,0
500,2022-10,2.6,2.4,2.6,2.8,0
500,2022-11,2.8,2.8,3.7,3.7,6
500,2022-12,3.7,2.8,2.3,3.1,0
500,2023-01,3.1,2.4,1.9,2.7,0
500,2023-02,2.7,1.6,1.7,2.8,0
500,2023-03,2.8,2.4,2.3,2.7,0
500,2023-04,2.7,2.3,2.3,2.7,0
500,2023-05,2.7,1.9,2.1,2.9,0
500,2023-06,2.9,1.7,1.5,2.6,0
500,2023-07,2.6,1.8,2.1,2.9,0
500,2023-08,2.9,1.9,1.8,2.7,0
500,2023-09,2.7,1.5,1.7,2.9,0
500,2023-10,2.9,2.3,1.9,2.5,0
500,2023-11,2.5,2.5,3.8,3.8,5
500,2023-12,3.8,2.8,2.6,3.6,0
500,2024-01,3.6,1.8,0.9,2.7,0
500,2024-02,2.7,2.1,2.2,2.7,0
500,2024-03,2.7,2.3,2.2,2.5,0
500,2024-04,2.5,2.2,2.3,2.6,0
500,2024-05,2.6,2.1,2.1,2.6,0
500,2024-06,2.6,1.9,1.9,2.6,0
500,2024-07,2.6,2.2,2.2,2.6,0
500,2024-08,2.6,2.2,2.3,2.7,0
500,2024-09,2.7,2.2,2.0,2.5,0
500,2024-10,2.5,1.7,2.1,2.8,0
500,2024-11,2.8,2.8,4.0,4.0,2
500,2024-12,4.0,2.7,2.2,3.4,0
500,2025-01,3.4,1.6,0.9,2.7,0
500,2025-02,2.7,1.5,1.6,2.9,0
500,2025-03,2.9,1.9,1.7,2.6,0
500,2025-04,2.6,1.3,1.3,2.6,0
500,2025-05,2.6,1.8,2.1,2.9,0
500,2025-06,2.9,2.0,1.7,2.6,0
500,2025-07,2.6,2.0,2.2,2.8,0
500,2025-08,2.8,1.9,1.8,2.7,0
500,2025-09,2.7,1.8,1.7,2.6,0
500,2025-10,2.6,1.7,1.6,2.6,0
500,2025-11,2.6,2.6,4.1,4.1,7
500,2025-12,4.1,2.4,1.9,3.6,0
